"Average",,,,,,,,,,,"P0",,,,,,,,,,"P1",,,,,,,,,,"P2",,,,,,,,,
"Index [1]","X [mm]","Y [mm]","Z [mm]","U [mm]","V [mm]","W [mm]","displacement","Sigma_X [mm]","Sigma_Y [mm]","Sigma_Z [mm]","X [mm]","Y [mm]","Z [mm]","U [mm]","V [mm]","W [mm]","displacement","Sigma_X [mm]","Sigma_Y [mm]","Sigma_Z [mm]","X [mm]","Y [mm]","Z [mm]","U [mm]","V [mm]","W [mm]","displacement","Sigma_X [mm]","Sigma_Y [mm]","Sigma_Z [mm]","X [mm]","Y [mm]","Z [mm]","U [mm]","V [mm]","W [mm]","displacement","Sigma_X [mm]","Sigma_Y [mm]","Sigma_Z [mm]"
0,66.0112,7.31025,-694.963,0,0,0,0,0.00173934,0.000136212,0.00713693,57.7388,10.3303,-695.125,0,0,0,0,0.00193521,0.000185954,0.00824384,57.9435,8.07444,-696.71,0,0,0,0,0.00142755,0.000119606,0.00613036,58.4098,5.4752,-698.512,0,0,0,0,0.00139225,9.74914e-05,0.00602053
1,66.0805,7.30999,-694.944,0.000182777,0.000195269,0.000229273,0.00208191,0.000373427,0.00025484,0.00156758,57.7388,10.3303,-695.125,-0.00100887,4.61392e-05,0.00529845,0.00539399,0.000448732,0.000261803,0.00194117,57.9435,8.07444,-696.71,0.00032236,0.000470654,-0.00125565,0.00139816,0.000350602,0.000219597,0.00151268,58.4098,5.4752,-698.512,0.000499924,0.000601269,-0.00255904,0.00267613,0.000286287,0.000186751,0.00122172
2,66.0805,7.30999,-694.944,0.000314096,0.000487044,0.000309971,0.00190234,0.000370339,0.000252343,0.00155397,57.7388,10.3303,-695.125,-0.000302952,0.000387563,0.00241995,0.00247248,0.000447863,0.000253011,0.00193571,57.9435,8.07444,-696.71,0.000671475,0.000858251,-0.00184294,0.00214932,0.000348348,0.000214433,0.00150227,58.4098,5.4752,-698.512,0.000668202,0.000845022,-0.00179274,0.00209482,0.000285319,0.000185851,0.00121752
3,66.0805,7.30999,-694.944,0.000652445,0.000499203,-0.000972349,0.00201805,0.000370178,0.000253284,0.00155411,57.7388,10.3303,-695.125,1.26052e-05,5.37932e-05,0.0017427,0.00174501,0.000450453,0.000262627,0.00194858,57.9435,8.07444,-696.71,0.000322862,0.000392559,-0.00129711,0.00139414,0.000349812,0.000220744,0.00150959,58.4098,5.4752,-698.512,0.000872848,0.00100958,-0.00393237,0.00415318,0.00028835,0.000190165,0.00123107
4,66.1568,7.31323,-694.92,0.00107046,0.000330318,-0.00164262,0.00249767,0.00037095,0.000253816,0.00155637,57.7388,10.3303,-695.125,0.00128662,0.00099092,-0.00476401,0.00503335,0.000440328,0.000255299,0.00190449,57.9435,8.07444,-696.71,0.0015817,0.000818792,-0.00641429,0.00665698,0.000339339,0.000215321,0.00146462,58.4098,5.4752,-698.512,0.00128607,0.000743676,-0.00377232,0.00405659,0.000281694,0.000184891,0.00120242
5,66.1568,7.31323,-694.92,0.00127887,6.32246e-05,-0.00146138,0.00248906,0.00037027,0.000252598,0.00155362,57.7388,10.3303,-695.125,0.00105432,0.000319598,-0.000333446,0.00117494,0.00044198,0.000259625,0.00191233,57.9435,8.07444,-696.71,0.00137462,0.00031472,-0.00268504,0.00303478,0.000340904,0.000216025,0.0014713,58.4098,5.4752,-698.512,0.00129367,0.0002492,-0.00320459,0.00346524,0.000284294,0.000185492,0.00121323
6,66.1568,7.31323,-694.92,0.0012987,-0.000415342,-0.000655245,0.00242477,0.000370786,0.000253364,0.00155577,57.7388,10.3303,-695.125,0.000983564,-5.38163e-05,0.00102927,0.00143685,0.000448733,0.000260735,0.00194095,57.9435,8.07444,-696.71,0.0013031,-6.98793e-05,-0.00171144,0.00216399,0.000346518,0.0002159,0.00149485,58.4098,5.4752,-698.512,0.00153531,3.93269e-05,-0.00320623,0.00355716,0.000286072,0.000184474,0.00122025
7,66.0805,7.30999,-694.944,0.001538,-0.000469806,-0.000255455,0.00260154,0.000370222,0.000252698,0.00155402,57.7388,10.3303,-695.125,0.000198078,-0.000238569,0.00442412,0.00443638,0.000447639,0.000262008,0.00193661,57.9435,8.07444,-696.71,0.000921156,-0.000297964,0.000497804,0.00126901,0.000347275,0.000218321,0.00149847,58.4098,5.4752,-698.512,0.00142912,-0.000248614,-0.0011507,0.00186014,0.000285995,0.000186877,0.00122055
8,66.0805,7.30999,-694.944,0.00162458,-0.000508675,0.000671203,0.0027742,0.00037035,0.000253502,0.00155516,57.7388,10.3303,-695.125,0.00129264,0.000135312,0.00169428,0.00213777,0.000450616,0.000259288,0.00194856,57.9435,8.07444,-696.71,0.00154258,-0.000163041,0.000565042,0.00168968,0.000348328,0.000217296,0.00150271,58.4098,5.4752,-698.512,0.0017795,-0.000243818,-0.000211172,0.00180978,0.000286375,0.00018714,0.00122218
9,66.0805,7.30999,-694.944,0.00156817,-0.000341669,0.00180369,0.00327791,0.000370256,0.000253051,0.00155412,57.7388,10.3303,-695.125,0.000837286,0.000195983,0.00212488,0.00229261,0.000447765,0.000259216,0.00193656,57.9435,8.07444,-696.71,0.0014835,-5.93156e-05,-0.00047936,0.00160286,0.000346497,0.000218019,0.00149515,58.4098,5.4752,-698.512,0.00173303,-0.000106404,0.000154911,0.00181512,0.000285826,0.000184899,0.00121935
10,66.1183,7.31048,-694.933,0.00197328,0.000157061,0.00175761,0.00352991,0.000370047,0.000252522,0.00155288,57.7388,10.3303,-695.125,0.00167402,0.000527422,0.00169827,0.0024433,0.000450622,0.000256783,0.00194806,57.9435,8.07444,-696.71,0.00180068,0.000269614,0.00115488,0.00216827,0.000346005,0.000215705,0.00149266,58.4098,5.4752,-698.512,0.0021316,0.00055684,-0.000576819,0.00227829,0.000281882,0.0001862,0.00120352
11,66.18,7.30987,-694.916,0.00223396,0.000432826,0.000807386,0.0034915,0.000371214,0.000253535,0.00155714,57.7388,10.3303,-695.125,0.00141512,0.000804433,0.00267091,0.00313752,0.000446693,0.000261771,0.00193258,57.9435,8.07444,-696.71,0.00242822,0.000789826,-0.00244529,0.00354662,0.000350257,0.00021962,0.00151123,58.4098,5.4752,-698.512,0.0027927,0.000976559,-0.00329486,0.00443087,0.000286407,0.000188093,0.00122255
12,66.1189,7.31274,-694.931,0.00263442,0.00052863,0.000281484,0.00362368,0.000371853,0.00025493,0.00156055,57.7388,10.3303,-695.125,0.00198609,0.000539187,0.00189492,0.00280741,0.000446753,0.000261158,0.0019327,57.9435,8.07444,-696.71,0.00224763,0.0006327,0.000956849,0.00257467,0.000343073,0.000218088,0.0014808,58.4098,5.4752,-698.512,0.00243102,0.00087757,-0.000318523,0.00262945,0.000281423,0.000186857,0.00120181
13,66.18,7.30987,-694.916,0.00282014,0.00028837,0.000245736,0.00380079,0.000370437,0.00025299,0.00155375,57.7388,10.3303,-695.125,0.00173772,0.000768196,0.00084289,0.00211246,0.000445377,0.000257092,0.00192607,57.9435,8.07444,-696.71,0.00270396,0.000370118,-0.00182012,0.00328531,0.000343044,0.000216267,0.00148034,58.4098,5.4752,-698.512,0.00324227,0.000545016,-0.00181277,0.00376422,0.000284855,0.000187345,0.00121599
14,66.142,7.30937,-694.927,0.00319355,2.18055e-05,-0.000493394,0.00401374,0.000371407,0.000252861,0.00155847,57.7388,10.3303,-695.125,0.00227198,0.000628776,0.00207223,0.003142,0.000449019,0.000256948,0.00194135,57.9435,8.07444,-696.71,0.00269386,0.000323356,-0.000574794,0.0028304,0.000346851,0.000217268,0.00149649,58.4098,5.4752,-698.512,0.00328854,0.000406484,-0.00300952,0.00447705,0.000285991,0.000186798,0.00122051
15,66.1568,7.31323,-694.92,0.00341324,-0.000316326,-0.000286176,0.00421669,0.000370796,0.000253854,0.00155573,57.7388,10.3303,-695.125,0.00210743,0.000198869,0.00269502,0.00343166,0.000442706,0.000263824,0.00191625,57.9435,8.07444,-696.71,0.00307467,-2.63047e-05,8.17602e-05,0.00311947,0.000342175,0.000220854,0.00147753,58.4098,5.4752,-698.512,0.00363961,-7.37288e-05,-0.00185751,0.00409811,0.000285184,0.00018722,0.00121731
16,66.1734,7.30792,-694.919,0.00338924,-0.00072248,0.000951568,0.00449765,0.000371622,0.000254568,0.00155893,57.7388,10.3303,-695.125,0.00251884,7.02737e-07,0.00167702,0.00303364,0.000448885,0.000256865,0.00194077,57.9435,8.07444,-696.71,0.0032591,-0.000315039,-0.00130522,0.00358454,0.000345145,0.000215567,0.00148901,58.4098,5.4752,-698.512,0.00414534,-0.00019015,-0.00403536,0.0057946,0.000285861,0.000187168,0.00122007
17,66.1568,7.31323,-694.92,0.00354534,-0.000706281,0.00182257,0.00463777,0.000372451,0.000254621,0.00156268,57.7388,10.3303,-695.125,0.00340277,0.000223362,0.0011147,0.0036026,0.000449477,0.000264765,0.0019449,57.9435,8.07444,-696.71,0.00372842,-0.00027562,-0.000996386,0.00388818,0.000349548,0.000220558,0.00150842,58.4098,5.4752,-698.512,0.00390125,-0.000470441,-0.000587749,0.00399372,0.000285779,0.00018695,0.00121967
18,66.1568,7.31323,-694.92,0.00356319,-0.000627111,0.00257872,0.00486322,0.000370664,0.000254811,0.00155533,57.7388,10.3303,-695.125,0.00287541,4.93431e-05,0.00472844,0.00554173,0.000446199,0.000260621,0.00193024,57.9435,8.07444,-696.71,0.00343299,-0.000325212,0.0012169,0.00373483,0.000345182,0.00022069,0.00149012,58.4098,5.4752,-698.512,0.00386279,-0.000358688,-0.0011738,0.00406862,0.000286152,0.000188529,0.00122161
19,66.18,7.30987,-694.916,0.00372379,-0.000284503,0.00277252,0.00529294,0.000371832,0.000254504,0.00155985,57.7388,10.3303,-695.125,0.00255518,4.67877e-05,0.0051221,0.00572984,0.000450225,0.000256698,0.00194636,57.9435,8.07444,-696.71,0.00303728,-8.61434e-05,0.00181608,0.00356898,0.000342869,0.000214804,0.00147932,58.4098,5.4752,-698.512,0.00368755,2.51901e-05,0.000531657,0.0037618,0.000283235,0.000185069,0.00120876
20,66.142,7.30937,-694.927,0.00401394,1.52823e-05,0.00207538,0.00501059,0.00037091,0.000253936,0.00155639,57.7388,10.3303,-695.125,0.00320028,0.000576364,0.00259425,0.00416492,0.000444064,0.000257054,0.00192052,57.9435,8.07444,-696.71,0.00354805,0.000358441,0.000278473,0.00364602,0.000344525,0.000218375,0.00148693,58.4098,5.4752,-698.512,0.00428332,0.000635396,-0.00172393,0.00467198,0.00028587,0.000187353,0.00122015
21,66.1734,7.30792,-694.919,0.00415397,1.14849e-05,0.00191944,0.00521244,0.000371554,0.000254575,0.00155902,57.7388,10.3303,-695.125,0.00412478,0.000627329,0.000942916,0.00428353,0.000446768,0.000264278,0.00193341,57.9435,8.07444,-696.71,0.00463898,0.000674241,-0.00144241,0.00491662,0.000344449,0.000222055,0.00148731,58.4098,5.4752,-698.512,0.00477275,0.000745034,-0.00209188,0.00528054,0.000283207,0.000185453,0.00120874
22,66.18,7.30987,-694.916,0.00435595,-0.000113291,0.00115597,0.00515149,0.000373311,0.00025577,0.00156611,57.7388,10.3303,-695.125,0.00314398,-0.000275386,0.00373329,0.00488941,0.000447821,0.000262209,0.0019374,57.9435,8.07444,-696.71,0.0034398,-0.00022812,0.00131435,0.00374818,0.000352242,0.000220953,0.00151978,58.4098,5.4752,-698.512,0.00470957,0.000382906,-0.00268876,0.00543978,0.000288534,0.000188327,0.00123132
23,66.1966,7.30455,-694.915,0.00427521,-0.000425895,0.00146403,0.00504112,0.000373032,0.000255512,0.00156462,57.7388,10.3303,-695.125,0.00362304,-0.000190895,0.0017754,0.00404124,0.000448101,0.00026325,0.00193879,57.9435,8.07444,-696.71,0.00426546,-0.000270501,-0.000367272,0.00431051,0.000346474,0.000219849,0.00149538,58.4098,5.4752,-698.512,0.0045976,-3.22676e-05,-0.00192955,0.00499155,0.000288807,0.000188632,0.00123252
24,66.2143,7.309,-694.907,0.00434107,-0.000696308,0.00098925,0.00514799,0.000371436,0.000253456,0.0015577,57.7388,10.3303,-695.125,0.00346541,-0.000430428,0.00316365,0.00471567,0.00045237,0.000259158,0.00195589,57.9435,8.07444,-696.71,0.00421165,-0.000522378,0.000757809,0.00433148,0.000345382,0.000216492,0.00149017,58.4098,5.4752,-698.512,0.00428615,-0.000458557,-0.000446123,0.00435005,0.000283812,0.00018703,0.00121163
25,66.18,7.30987,-694.916,0.00409303,-0.00100555,0.00208374,0.00540916,0.000370854,0.000254414,0.00155617,57.7388,10.3303,-695.125,0.00310557,-0.00072567,0.00268552,0.00417691,0.000447506,0.000257276,0.00193504,57.9435,8.07444,-696.71,0.00353953,-0.000633999,0.000838736,0.00375064,0.000349758,0.000218402,0.00150888,58.4098,5.4752,-698.512,0.00440945,-0.000520146,-0.00112056,0.00457989,0.000289273,0.000188728,0.00123445
26,66.18,7.30987,-694.916,0.00395602,-0.000936198,0.00289902,0.00550433,0.000371341,0.000254652,0.00155777,57.7388,10.3303,-695.125,0.00260361,-0.000741817,0.00638861,0.00693961,0.000445694,0.000261873,0.00192838,57.9435,8.07444,-696.71,0.00345353,-0.000496979,0.00314132,0.00473257,0.00034383,0.000220775,0.00148447,58.4098,5.4752,-698.512,0.00425634,-0.000425991,0.000202473,0.00429259,0.000285586,0.000189604,0.00121957
27,66.1183,7.31048,-694.933,0.00386327,-0.000639947,0.00288825,0.00537718,0.000371437,0.000254153,0.00155875,57.7388,10.3303,-695.125,0.00260536,-0.000538851,0.0081916,0.00861389,0.000448282,0.000258966,0.00193865,57.9435,8.07444,-696.71,0.00341768,-0.000530411,0.00394866,0.00529896,0.000344463,0.00021599,0.00148621,58.4098,5.4752,-698.512,0.00461263,-0.000297116,-0.000793832,0.00469778,0.000285806,0.000188833,0.00122027
28,66.18,7.30987,-694.916,0.00367951,-0.000340346,0.00338192,0.0054286,0.000370947,0.000254094,0.00155611,57.7388,10.3303,-695.125,0.00325316,-0.000141454,0.00573519,0.00660388,0.000436889,0.000258753,0.00189071,57.9435,8.07444,-696.71,0.00374426,7.56423e-05,0.00315347,0.00492904,0.000340057,0.000219358,0.00146835,58.4098,5.4752,-698.512,0.00409553,8.46258e-05,0.00201961,0.00458904,0.000283391,0.000186701,0.00120982
29,66.1568,7.31323,-694.92,0.00352874,5.49574e-05,0.00269479,0.00493059,0.000372193,0.000253638,0.00156181,57.7388,10.3303,-695.125,0.00346477,0.00044537,0.00200775,0.00405732,0.000450789,0.000255906,0.00194858,57.9435,8.07444,-696.71,0.00348728,0.000606536,0.0007737,0.00367878,0.000344615,0.000213222,0.00148636,58.4098,5.4752,-698.512,0.00391467,0.000692515,-0.00149157,0.00425538,0.000284641,0.000185594,0.00121466
30,66.18,7.30987,-694.916,0.0035242,0.000315511,0.00198268,0.00462886,0.000371772,0.00025459,0.00155969,57.7388,10.3303,-695.125,0.00258611,0.000599718,0.00534173,0.00597031,0.000446445,0.000257793,0.00193069,57.9435,8.07444,-696.71,0.00314043,0.000773789,0.00164822,0.00365951,0.000345761,0.000216742,0.00149181,58.4098,5.4752,-698.512,0.00332278,0.000701895,0.000924152,0.00353728,0.000285823,0.00018885,0.00122035
31,66.1568,7.31323,-694.92,0.00341636,0.0002902,0.000920481,0.00413804,0.000371154,0.000254127,0.0015573,57.7388,10.3303,-695.125,0.00306481,0.000440351,0.00136254,0.00340772,0.000445161,0.000258379,0.00192542,57.9435,8.07444,-696.71,0.00366883,0.000713738,-0.0011743,0.00392595,0.000345177,0.000216987,0.00148941,58.4098,5.4752,-698.512,0.00338768,0.000664073,0.000365319,0.00349395,0.000283515,0.000186991,0.00121041
32,66.1568,7.31323,-694.92,0.00320782,-2.12361e-05,0.000876789,0.00417831,0.000370349,0.000253493,0.0015541,57.7388,10.3303,-695.125,0.00284782,0.000317927,0.000978739,0.00302993,0.000445366,0.000259463,0.00192651,57.9435,8.07444,-696.71,0.00345846,0.000332082,-0.000668187,0.00356165,0.000348261,0.000218869,0.0015027,58.4098,5.4752,-698.512,0.00399038,0.000535884,-0.00258433,0.00479003,0.000287445,0.000188177,0.00122682
33,66.18,7.30987,-694.916,0.00289595,-0.000370814,0.0014229,0.00429988,0.000371855,0.00025382,0.00156002,57.7388,10.3303,-695.125,0.00229088,0.000340272,0.0035006,0.00422228,0.000450094,0.000258974,0.00194629,57.9435,8.07444,-696.71,0.00288165,-4.60581e-06,0.00126331,0.0032454,0.000348127,0.000218748,0.00150212,58.4098,5.4752,-698.512,0.00361535,-1.63109e-05,-0.00189145,0.00410207,0.000284768,0.000185877,0.00121526
34,66.1568,7.31323,-694.92,0.00245925,-0.000742658,0.00284851,0.00453745,0.000370564,0.000254129,0.0015553,57.7388,10.3303,-695.125,0.00210366,-0.000151803,0.00389008,0.00442843,0.000451091,0.000261793,0.00195107,57.9435,8.07444,-696.71,0.00282878,-0.000259178,0.00113055,0.00310519,0.000343751,0.000219584,0.00148392,58.4098,5.4752,-698.512,0.00312427,-0.000237559,-1.70263e-05,0.00315305,0.000279956,0.000187525,0.00119597
35,66.18,7.30987,-694.916,0.00218957,-0.000744584,0.00372449,0.00478544,0.000370629,0.000253175,0.00155497,57.7388,10.3303,-695.125,0.00204483,-5.91934e-06,0.00654655,0.00686239,0.000451178,0.000262852,0.00195164,57.9435,8.07444,-696.71,0.00232821,-0.000332134,0.00323449,0.00405113,0.000348708,0.000217423,0.0015043,58.4098,5.4752,-698.512,0.00294421,-0.00039684,-6.04182e-05,0.00297452,0.000284113,0.000182966,0.00121182
36,66.1568,7.31323,-694.92,0.00198705,-0.000613813,0.00385895,0.00477468,0.00037146,0.000253974,0.00155875,57.7388,10.3303,-695.125,0.00165031,0.000181239,0.00607297,0.00630166,0.000450707,0.000265552,0.00195024,57.9435,8.07444,-696.71,0.00242492,-0.000268547,0.00237542,0.00344009,0.000344939,0.00022091,0.00148915,58.4098,5.4752,-698.512,0.00277267,-0.000295458,0.00102309,0.00299303,0.000284743,0.000188754,0.0012159
37,66.1568,7.31323,-694.92,0.0016987,-0.000356812,0.00435951,0.0050153,0.000370279,0.000252542,0.00155372,57.7388,10.3303,-695.125,0.000833867,0.000474887,0.00768192,0.00774199,0.000449924,0.000263139,0.00194644,57.9435,8.07444,-696.71,0.00167615,-0.00011695,0.00373461,0.00411945,0.000348405,0.000220457,0.00150361,58.4098,5.4752,-698.512,0.00206144,-9.04096e-05,0.00220935,0.00304206,0.0002865,0.000188928,0.00122315
38,66.18,7.30987,-694.916,0.00196167,0.000211005,0.00241148,0.00381882,0.000370522,0.00025317,0.00155416,57.7388,10.3303,-695.125,0.000899033,0.00067372,0.00570838,0.00581903,0.000447513,0.000259992,0.00193565,57.9435,8.07444,-696.71,0.00238858,0.000590464,-7.14146e-06,0.0025515,0.000340819,0.000217266,0.00147119,58.4098,5.4752,-698.512,0.00266928,0.000597654,-0.000729971,0.00284978,0.000283143,0.000187905,0.00120913
39,66.1568,7.31323,-694.92,0.00157911,0.000311539,0.00279695,0.00393346,0.000371163,0.000253639,0.00155734,57.7388,10.3303,-695.125,0.00166306,0.000967387,0.00157398,0.00249622,0.000444967,0.00025746,0.00192443,57.9435,8.07444,-696.71,0.00205171,0.000516068,0.000867032,0.00233327,0.000344695,0.000216923,0.00148738,58.4098,5.4752,-698.512,0.00240339,0.000733791,-0.00135682,0.00285698,0.0002841,0.000186679,0.00121273
40,66.1568,7.31323,-694.92,0.00148926,0.000248633,0.00231426,0.00352734,0.000369649,0.000253322,0.00155117,57.7388,10.3303,-695.125,0.00100332,0.000444848,0.00426218,0.00440249,0.000444656,0.00025913,0.00192346,57.9435,8.07444,-696.71,0.00163464,0.000281416,-0.000145181,0.00171578,0.000345167,0.000217756,0.00148952,58.4098,5.4752,-698.512,0.00184348,0.000579041,-0.00012716,0.00194864,0.000283293,0.000185923,0.00120923
41,66.191,7.31237,-694.911,0.00130159,-1.08557e-05,0.00238853,0.00361383,0.000369902,0.000252976,0.00155155,57.7388,10.3303,-695.125,0.00129249,0.000627482,0.00162961,0.00220825,0.000445308,0.000257721,0.00192591,57.9435,8.07444,-696.71,0.00134553,0.000236568,0.000192861,0.0015169,0.000344554,0.00021703,0.00148681,58.4098,5.4752,-698.512,0.00200573,0.000397634,-0.00167686,0.00265189,0.000282758,0.000187978,0.00120758
42,66.1568,7.31323,-694.92,0.0011887,-0.000261648,0.00195727,0.00328288,0.000370622,0.000253304,0.00155469,57.7388,10.3303,-695.125,0.000547751,0.000272941,0.00261069,0.00269522,0.000445598,0.000260724,0.00192777,57.9435,8.07444,-696.71,0.00193985,0.000263416,-0.00321109,0.00376701,0.000344407,0.000215514,0.00148592,58.4098,5.4752,-698.512,0.00195921,7.34606e-05,-0.00256048,0.00323683,0.000284903,0.000185914,0.00121583
43,66.1568,7.31323,-694.92,0.000819059,-0.000603896,0.00336547,0.00407124,0.000370864,0.000253569,0.00155632,57.7388,10.3303,-695.125,4.50886e-05,8.34311e-05,0.00447903,0.00448225,0.000449415,0.000258148,0.00194328,57.9435,8.07444,-696.71,0.000626474,-0.000399985,0.0020252,0.00217072,0.000345376,0.00021789,0.00149043,58.4098,5.4752,-698.512,0.00096833,-0.000462969,0.000637592,0.00127202,0.000285411,0.000187406,0.0012183
44,66.18,7.30987,-694.916,0.00077556,-0.000521965,0.0033548,0.00381134,0.000370473,0.000252593,0.00155446,57.7388,10.3303,-695.125,0.000328029,5.88235e-06,0.0038276,0.00384309,0.000446137,0.00025338,0.00192852,57.9435,8.07444,-696.71,0.000560536,-0.000260893,0.00185229,0.00197066,0.000343669,0.000213547,0.00148246,58.4098,5.4752,-698.512,0.000933493,-0.000265143,0.000312075,0.00107353,0.000283558,0.000186006,0.00121034
45,66.0805,7.30999,-694.944,0.000317595,-0.000463446,0.00455537,0.00493208,0.000370226,0.000252925,0.00155417,57.7388,10.3303,-695.125,-0.000111107,0.00038352,0.00564591,0.00566077,0.000441045,0.000255279,0.00190748,57.9435,8.07444,-696.71,0.000607372,0.000115803,0.00199713,0.00215586,0.000342689,0.000213879,0.00147839,58.4098,5.4752,-698.512,0.00138988,0.000146003,-0.0015014,0.00207616,0.000283218,0.000182279,0.00120799
46,66.0885,7.31341,-694.939,0.000316008,1.42992e-05,0.00404149,0.004642,0.000370945,0.000253632,0.00155729,57.7388,10.3303,-695.125,0.000115966,0.000397283,0.00490102,0.00491957,0.000449736,0.000263051,0.00194565,57.9435,8.07444,-696.71,0.000402138,0.000375406,0.00249835,0.00256396,0.000349597,0.000218981,0.00150835,58.4098,5.4752,-698.512,0.000651719,0.000274351,0.00112971,0.0013543,0.000288529,0.000186552,0.00123086
47,66.1183,7.31048,-694.933,0.000334122,0.000358491,0.00290948,0.00342701,0.000370599,0.000253131,0.00155519,57.7388,10.3303,-695.125,-0.000719229,0.000301219,0.00643283,0.00648007,0.000443686,0.000260152,0.00191961,57.9435,8.07444,-696.71,0.000160778,0.000312411,0.00219886,0.00223887,0.000344998,0.000216948,0.00148865,58.4098,5.4752,-698.512,0.000689451,0.000529628,0.000193327,0.00099195,0.000286811,0.000186269,0.00122374
48,66.1568,7.31323,-694.92,0.000462539,0.000671644,0.00174466,0.0030525,0.000372012,0.000253746,0.00156103,57.7388,10.3303,-695.125,1.31717e-05,0.000372198,0.0038095,0.00382887,0.000449713,0.00026371,0.00194569,57.9435,8.07444,-696.71,0.000369066,0.000691115,0.000704708,0.00117529,0.000350504,0.00021822,0.001512,58.4098,5.4752,-698.512,0.000761982,0.00118682,-0.00155935,0.00211,0.000287145,0.000183397,0.00122438
49,66.1568,7.31323,-694.92,0.000328067,0.000593593,0.00126198,0.00249518,0.000371019,0.000254357,0.00155663,57.7388,10.3303,-695.125,0.000121943,0.000489174,0.00243607,0.0024902,0.000440593,0.000258579,0.00190628,57.9435,8.07444,-696.71,0.000373058,0.000799654,0.000777776,0.00120003,0.00034559,0.000215947,0.00149095,58.4098,5.4752,-698.512,0.000608648,0.000996907,-0.000152895,0.00119958,0.000286724,0.000184446,0.00122292
50,66.18,7.30987,-694.916,0.000273464,0.000486536,0.000941391,0.00243856,0.00036962,0.000252146,0.0015506,57.7388,10.3303,-695.125,-0.000335627,9.66303e-05,0.00298016,0.0030014,0.0004462,0.000261556,0.00193048,57.9435,8.07444,-696.71,7.88569e-05,0.000531625,0.0010624,0.00124003,0.000345553,0.000215669,0.00149075,58.4098,5.4752,-698.512,0.000319015,0.000878079,-0.000905882,0.0013283,0.000285521,0.000183541,0.00121776
51,66.1568,7.31323,-694.92,0.000174516,0.000158063,0.00116823,0.00230094,0.000369357,0.000252217,0.00154988,57.7388,10.3303,-695.125,0.000368984,0.000170953,0.00229834,0.00233914,0.000442116,0.000256402,0.00191222,57.9435,8.07444,-696.71,0.000469018,0.000238635,0.000282141,0.000651249,0.000346861,0.000217891,0.00149666,58.4098,5.4752,-698.512,0.000270856,0.000302103,8.083e-05,0.000479244,0.000287918,0.000189298,0.00122907
52,66.0805,7.30999,-694.944,3.84652e-05,-0.000139605,0.00208609,0.0027329,0.000369323,0.000253273,0.00155021,57.7388,10.3303,-695.125,-0.00106271,-0.0002492,0.00553263,0.00563976,0.000439748,0.000253902,0.00190175,57.9435,8.07444,-696.71,-0.000228399,0.000100187,0.00136245,0.00141838,0.000338929,0.000212924,0.00146244,58.4098,5.4752,-698.512,0.000635435,0.000430981,-0.000769762,0.00111964,0.00028049,0.000182446,0.00119685
53,66.1568,7.31323,-694.92,-3.62134e-05,-0.000132255,0.00259062,0.00284433,0.000369991,0.000252356,0.00155223,57.7388,10.3303,-695.125,-0.000163901,0.000349575,0.00317597,0.00320185,0.000445774,0.000257247,0.00192778,57.9435,8.07444,-696.71,0.000153815,9.11424e-06,0.00105699,0.00108271,0.000346183,0.000217862,0.00149381,58.4098,5.4752,-698.512,-1.1144e-05,7.13898e-05,0.000682286,0.000700556,0.000285447,0.000186983,0.00121834
54,66.0503,7.31066,-694.952,-0.000323183,-5.66046e-05,0.00334843,0.00375054,0.000369411,0.000252587,0.00155119,57.7388,10.3303,-695.125,-0.00111554,0.00011201,0.00537518,0.00549124,0.000444719,0.000258642,0.00192364,57.9435,8.07444,-696.71,-0.000911067,-7.70323e-05,0.00379032,0.00389952,0.000346619,0.000218176,0.00149569,58.4098,5.4752,-698.512,-7.6459e-05,0.000325077,0.000726691,0.000822984,0.000284808,0.000186735,0.00121566
55,66.088,7.31115,-694.941,-8.17749e-05,0.000385697,0.00306976,0.00335467,0.000370477,0.000252767,0.00155521,57.7388,10.3303,-695.125,-0.0006875,0.000637176,0.003876,0.00398804,0.000446415,0.00025676,0.00193038,57.9435,8.07444,-696.71,8.91074e-05,0.00049752,0.000902443,0.00110383,0.000342128,0.000216825,0.00147661,58.4098,5.4752,-698.512,0.000362061,0.000653858,0.000300805,0.000978417,0.0002806,0.000184138,0.00119774
56,66.1264,7.3139,-694.928,-5.10328e-06,0.000860445,0.0021465,0.00299398,0.000370747,0.000252768,0.00155577,57.7388,10.3303,-695.125,-0.000535356,0.00153726,0.00349101,0.00385373,0.000443838,0.000264417,0.00192115,57.9435,8.07444,-696.71,-3.62095e-05,0.00110408,0.000929774,0.0015,0.000346054,0.00022001,0.00149367,58.4098,5.4752,-698.512,0.00036995,0.00121517,1.36541e-05,0.00130954,0.000286024,0.000186226,0.00122051
57,66.1264,7.3139,-694.928,0.000129166,0.00126149,0.000986866,0.00272804,0.000370647,0.000252488,0.00155573,57.7388,10.3303,-695.125,-0.000716288,0.00138217,0.00438982,0.00466132,0.00045135,0.000261546,0.00195212,57.9435,8.07444,-696.71,-0.000543458,0.00117305,0.00190743,0.00236072,0.000350153,0.000220879,0.00151104,58.4098,5.4752,-698.512,0.000243927,0.00162849,-0.00162414,0.00232146,0.000285343,0.000186441,0.00121778
58,66.0885,7.31341,-694.939,0.000218384,0.00136716,0.000502839,0.00277414,0.000371987,0.000254012,0.00156129,57.7388,10.3303,-695.125,-0.000313693,0.00179456,0.0026136,0.00318783,0.000447269,0.000258601,0.00193435,57.9435,8.07444,-696.71,0.000153814,0.00135886,-0.000218779,0.00154365,0.000343783,0.000217129,0.00148361,58.4098,5.4752,-698.512,0.000817323,0.00176364,-0.00346174,0.00397142,0.000284523,0.000188011,0.00121483
59,66.0885,7.31341,-694.939,7.15686e-05,0.00123281,0.000791387,0.00273803,0.000370669,0.000253929,0.00155591,57.7388,10.3303,-695.125,-0.000432267,0.00180192,-0.000137438,0.00188664,0.000451175,0.000261918,0.00195148,57.9435,8.07444,-696.71,-0.000375626,0.00131595,-0.000117195,0.00143232,0.000349225,0.000218934,0.00150678,58.4098,5.4752,-698.512,0.000480094,0.00146603,-0.00208245,0.00259606,0.000286399,0.000186469,0.00122211
60,66.0885,7.31341,-694.939,2.73164e-05,0.000999987,0.000790331,0.00251445,0.000370517,0.000253223,0.0015552,57.7388,10.3303,-695.125,-0.000208993,0.00186864,0.00105383,0.00217367,0.000445399,0.000263056,0.00192743,57.9435,8.07444,-696.71,-8.59932e-05,0.00134558,-0.00103106,0.00176363,0.000345805,0.000219698,0.00149258,58.4098,5.4752,-698.512,0.00033915,0.00138745,-0.00285816,0.00319905,0.000282902,0.000185847,0.00120762
61,66.0503,7.31066,-694.952,-6.36012e-05,0.00087783,0.00100696,0.00256415,0.000371592,0.000253806,0.00155964,57.7388,10.3303,-695.125,-0.000419799,0.00150265,0.00279651,0.00320628,0.000437949,0.000256855,0.00189481,57.9435,8.07444,-696.71,-5.68394e-06,0.00113167,-0.00031639,0.001311,0.000344712,0.000214377,0.00148697,58.4098,5.4752,-698.512,0.000261361,0.00104955,-0.0012372,0.00164956,0.000286594,0.000182894,0.00122199
62,66.0503,7.31066,-694.952,-0.0003364,0.000759794,0.0022176,0.00316572,0.000369622,0.000252934,0.00155221,57.7388,10.3303,-695.125,-0.000901269,0.00141833,0.00485248,0.00513647,0.000446091,0.000261755,0.00193006,57.9435,8.07444,-696.71,-0.000187819,0.00106029,0.00161134,0.00201172,0.000346796,0.00021921,0.00149663,58.4098,5.4752,-698.512,0.000150293,0.00091337,-0.000905081,0.00130721,0.000285878,0.00018816,0.00122041
63,66.0503,7.31066,-694.952,-0.000508854,0.00092547,0.00280655,0.00358652,0.000370773,0.000253473,0.00155713,57.7388,10.3303,-695.125,-0.00106141,0.00195387,0.00525829,0.0057104,0.000444487,0.000257734,0.00192248,57.9435,8.07444,-696.71,-0.000455174,0.00147733,0.000864534,0.00193943,0.000344776,0.000216405,0.00148765,58.4098,5.4752,-698.512,0.000161055,0.00133299,-0.00206361,0.00247371,0.000287063,0.000188193,0.00122528
64,66.0503,7.31066,-694.952,-0.000588104,0.00133144,0.00247963,0.00336244,0.0003719,0.000254351,0.00156107,57.7388,10.3303,-695.125,-0.00103212,0.00208622,0.00298551,0.0037933,0.000442337,0.000257145,0.00191332,57.9435,8.07444,-696.71,-0.000582089,0.00175618,0.000286719,0.00196649,0.000344064,0.000215872,0.00148454,58.4098,5.4752,-698.512,0.000132672,0.00192308,-0.00226104,0.00297363,0.000288051,0.000188293,0.00122935
65,66.0503,7.31066,-694.952,-0.000566841,0.00172963,0.00166683,0.00343892,0.000370814,0.000252178,0.00155659,57.7388,10.3303,-695.125,-0.000572321,0.00246991,0.000900921,0.00269686,0.000445934,0.000259999,0.00192905,57.9435,8.07444,-696.71,-0.000361071,0.00210081,-0.000646617,0.00226087,0.000345616,0.000218997,0.00149165,58.4098,5.4752,-698.512,0.000366028,0.00230548,-0.00310581,0.00388667,0.000283226,0.000185179,0.00120877
66,66.0503,7.31066,-694.952,-0.0004048,0.00215739,0.000764377,0.00318254,0.000372389,0.000254275,0.00156324,57.7388,10.3303,-695.125,-0.000707785,0.00237244,0.00187187,0.00310501,0.000443425,0.000260256,0.00191854,57.9435,8.07444,-696.71,-0.00017224,0.00234151,-0.00176073,0.0029882,0.000344347,0.00021846,0.00148623,58.4098,5.4752,-698.512,0.000149496,0.00265735,-0.00333832,0.0042721,0.000286674,0.00018717,0.00122342
67,66.0503,7.31066,-694.952,-0.000470244,0.00210052,-0.000281761,0.00355134,0.000370655,0.000253571,0.0015565,57.7388,10.3303,-695.125,-0.00110228,0.00243242,0.000829068,0.00284233,0.000443045,0.000262128,0.00191735,57.9435,8.07444,-696.71,7.08007e-05,0.00259669,-0.004937,0.00558902,0.000348078,0.000221432,0.00150243,58.4098,5.4752,-698.512,9.97637e-05,0.00270394,-0.00519283,0.00586218,0.000289418,0.00018845,0.00123501
68,66.0503,7.31066,-694.952,-0.000615275,0.00195431,-6.18729e-05,0.00327562,0.000371083,0.000253257,0.00155794,57.7388,10.3303,-695.125,-0.00163459,0.0024391,0.000925167,0.00308141,0.000448354,0.000259721,0.00193916,57.9435,8.07444,-696.71,-0.000810609,0.00231515,-0.00269089,0.00366007,0.000347876,0.000216346,0.00150064,58.4098,5.4752,-698.512,-0.000107959,0.00231822,-0.0042766,0.00486699,0.000287495,0.000185357,0.00122632
69,66.0503,7.31066,-694.952,-0.000730027,0.00158712,1.67935e-05,0.0029834,0.000371706,0.000254349,0.00156051,57.7388,10.3303,-695.125,-0.00101891,0.00184085,0.00166608,0.00268639,0.000449219,0.000263916,0.00194367,57.9435,8.07444,-696.71,-0.000600147,0.00169182,-0.00138073,0.00231681,0.000346689,0.000220755,0.00149648,58.4098,5.4752,-698.512,-0.000171925,0.0018226,-0.00391641,0.00432447,0.000289625,0.000188298,0.00123581
70,66.0503,7.31066,-694.952,-0.00121374,0.00107816,0.00157244,0.00320546,0.000370687,0.000253296,0.00155601,57.7388,10.3303,-695.125,-0.0016298,0.00155781,0.00212025,0.00310443,0.000450136,0.000259874,0.00194668,57.9435,8.07444,-696.71,-0.00145369,0.00133127,0.000538706,0.00210975,0.000350705,0.000218842,0.00151299,58.4098,5.4752,-698.512,-0.000845941,0.00134071,-0.00154499,0.0022306,0.000289922,0.000188865,0.00123718
71,66.0503,7.31066,-694.952,-0.00125228,0.000903928,0.00192392,0.00316926,0.000370645,0.000253373,0.00155595,57.7388,10.3303,-695.125,-0.00202244,0.00110823,0.00447047,0.00503062,0.000444025,0.00025871,0.00192075,57.9435,8.07444,-696.71,-0.00145182,0.00117414,0.000828845,0.00213083,0.000346099,0.000215147,0.00149296,58.4098,5.4752,-698.512,-0.000726044,0.00135776,-0.00167356,0.00230087,0.000285955,0.000183419,0.00121951
72,66.0503,7.31066,-694.952,-0.00143558,0.000913825,0.00228197,0.00351386,0.000369818,0.000252975,0.00155291,57.7388,10.3303,-695.125,-0.00198732,0.001023,0.0060426,0.00644379,0.000442865,0.000259389,0.00191601,57.9435,8.07444,-696.71,-0.00141766,0.00127311,0.00164476,0.00256737,0.000343761,0.000215831,0.00148326,58.4098,5.4752,-698.512,-0.00121698,0.00138505,-0.000443975,0.00191355,0.000284218,0.000184848,0.00121276
73,66.0503,7.31066,-694.952,-0.00139643,0.00112449,0.00185943,0.00342961,0.000371376,0.000253376,0.00155882,57.7388,10.3303,-695.125,-0.00182986,0.00119718,0.00391493,0.00448495,0.000448674,0.000259116,0.00194038,57.9435,8.07444,-696.71,-0.00149884,0.00118885,0.000630702,0.00209434,0.000347952,0.000218205,0.00150131,58.4098,5.4752,-698.512,-0.00112517,0.00151452,-0.00141346,0.00236163,0.000287281,0.000187325,0.00122595
74,66.0503,7.31066,-694.952,-0.00135198,0.00140036,0.00119371,0.00327197,0.00037088,0.000253555,0.00155687,57.7388,10.3303,-695.125,-0.00163683,0.00145797,0.00215518,0.00308073,0.000438267,0.000259702,0.00189676,57.9435,8.07444,-696.71,-0.00110644,0.00157102,-0.00185715,0.00268981,0.000341786,0.000216328,0.00147508,58.4098,5.4752,-698.512,-0.00116098,0.00178867,-0.00318527,0.00384478,0.000285036,0.000185609,0.00121631
75,66.0503,7.31066,-694.952,-0.00129314,0.00181816,-0.000272296,0.0032867,0.000371725,0.00025445,0.00156103,57.7388,10.3303,-695.125,-0.00221715,0.00179456,0.00163072,0.0033005,0.000441885,0.000262225,0.00191251,57.9435,8.07444,-696.71,-0.0013309,0.00197064,-0.00274438,0.00366281,0.000345245,0.000219957,0.00149028,58.4098,5.4752,-698.512,-0.000719728,0.00221389,-0.00465686,0.00521166,0.000285666,0.000187428,0.00121936
76,66.0503,7.31066,-694.952,-0.00127085,0.00177641,-0.000710786,0.00316273,0.000371628,0.000253503,0.00156015,57.7388,10.3303,-695.125,-0.00219928,0.00125977,0.00292505,0.00387239,0.000445269,0.000257724,0.00192578,57.9435,8.07444,-696.71,-0.00139531,0.00189685,-0.00170574,0.00299325,0.0003455,0.000214281,0.00149028,58.4098,5.4752,-698.512,-0.000684601,0.00226022,-0.00482726,0.00537893,0.000289437,0.000186614,0.00123461
77,66.0503,7.31066,-694.952,-0.00133375,0.00165513,-0.00113171,0.00329894,0.000370341,0.000254564,0.00155496,57.7388,10.3303,-695.125,-0.00140484,0.00161089,-0.000910937,0.00233027,0.000445825,0.000257851,0.00192815,57.9435,8.07444,-696.71,-0.00146818,0.00173085,-0.00239342,0.00331936,0.000343772,0.000216744,0.0014835,58.4098,5.4752,-698.512,-0.00104769,0.00185833,-0.00471593,0.00517753,0.000286093,0.000188899,0.0012215
78,66.0503,7.31066,-694.952,-0.00165131,0.00112878,2.75602e-07,0.00308587,0.00037063,0.000252899,0.00155593,57.7388,10.3303,-695.125,-0.00221942,0.00135696,0.000435269,0.0026434,0.000452185,0.000262408,0.00195584,57.9435,8.07444,-696.71,-0.00150866,0.00163418,-0.00306994,0.00380555,0.000346146,0.000220496,0.00149417,58.4098,5.4752,-698.512,-0.00102596,0.00175489,-0.00444636,0.00489055,0.000285392,0.000187452,0.00121825
79,66.0503,7.31066,-694.952,-0.00181077,0.000896679,0.000267701,0.00303778,0.000369463,0.000252742,0.00155123,57.7388,10.3303,-695.125,-0.003111,0.000834429,0.00526107,0.00616949,0.000443331,0.000257923,0.00191767,57.9435,8.07444,-696.71,-0.00223224,0.00102282,0.000519169,0.00260943,0.00034259,0.000215048,0.00147821,58.4098,5.4752,-698.512,-0.00148257,0.00114479,-0.00288822,0.00346688,0.000284629,0.000185628,0.00121465
80,66.0503,7.31066,-694.952,-0.00208538,0.000668415,0.000809927,0.00315845,0.000370678,0.000253729,0.00155636,57.7388,10.3303,-695.125,-0.00264839,0.00112057,0.00223307,0.00364456,0.000446109,0.000260437,0.00192988,57.9435,8.07444,-696.71,-0.00227428,0.00105607,-0.00101982,0.00273216,0.00034373,0.00021791,0.00148355,58.4098,5.4752,-698.512,-0.00214587,0.00105745,-0.00105263,0.00262865,0.000284846,0.000186164,0.00121568
81,66.0503,7.31066,-694.952,-0.00212777,0.000829311,0.00108471,0.00321336,0.000370561,0.000252953,0.00155554,57.7388,10.3303,-695.125,-0.00255177,0.00126794,0.00134068,0.00315103,0.000447825,0.000258055,0.00193661,57.9435,8.07444,-696.71,-0.00219103,0.00107323,1.75607e-05,0.00246242,0.000347781,0.000218303,0.00150062,58.4098,5.4752,-698.512,-0.00186784,0.00122887,-0.00149735,0.00270851,0.000286709,0.000184965,0.00122301
82,66.0503,7.31066,-694.952,-0.00206738,0.0011591,0.000590783,0.00331121,0.000371639,0.000253684,0.00156024,57.7388,10.3303,-695.125,-0.00241167,0.00185351,0.000598127,0.00310528,0.000447278,0.000260087,0.00193473,57.9435,8.07444,-696.71,-0.00195984,0.0016426,-0.00216356,0.00335146,0.000347098,0.00021776,0.00149765,58.4098,5.4752,-698.512,-0.00225076,0.00133335,-0.00150195,0.00302712,0.000286763,0.000185899,0.00122347
83,66.0503,7.31066,-694.952,-0.00222026,0.00160755,0.00021145,0.00370306,0.000370866,0.000254587,0.00155727,57.7388,10.3303,-695.125,-0.00255154,0.00222483,-0.000468343,0.00343256,0.000447382,0.000260741,0.00193531,57.9435,8.07444,-696.71,-0.00205623,0.00197173,-0.00259368,0.00386777,0.000343303,0.0002164,0.00148148,58.4098,5.4752,-698.512,-0.0016075,0.00211449,-0.00418794,0.00496584,0.000282235,0.000184745,0.00120461
84,66.0503,7.31066,-694.952,-0.00210554,0.00191563,-0.0008322,0.00410054,0.000371168,0.000253361,0.00155857,57.7388,10.3303,-695.125,-0.00263931,0.00209977,0.00262808,0.00428663,0.000448793,0.000258559,0.00194078,57.9435,8.07444,-696.71,-0.00220544,0.00196976,-0.00107209,0.00326047,0.000347154,0.000217095,0.00149777,58.4098,5.4752,-698.512,-0.00218513,0.00244683,-0.00448192,0.00556094,0.00028519,0.000186953,0.0012173
85,66.0503,7.31066,-694.952,-0.00207249,0.00191513,-0.0013267,0.00382013,0.00037165,0.00025409,0.00156057,57.7388,10.3303,-695.125,-0.00331806,0.00172536,0.00350786,0.00512979,0.000439749,0.000260485,0.00190316,57.9435,8.07444,-696.71,-0.00252314,0.00178914,-0.00184111,0.00367364,0.000343136,0.000217314,0.00148092,58.4098,5.4752,-698.512,-0.00170452,0.00245952,-0.00498056,0.00581488,0.000285622,0.000186488,0.00121895
86,66.0503,7.31066,-694.952,-0.0020735,0.00179254,-0.00178762,0.00415956,0.000370592,0.000253132,0.0015555,57.7388,10.3303,-695.125,-0.00220419,0.00216005,-0.00198772,0.00367868,0.000445039,0.000255231,0.00192431,57.9435,8.07444,-696.71,-0.00187175,0.00177292,-0.00372147,0.00453506,0.00034447,0.000215208,0.00148615,58.4098,5.4752,-698.512,-0.00187598,0.00205702,-0.00475008,0.00550832,0.000285746,0.000185025,0.00121908
87,66.0503,7.31066,-694.952,-0.0020828,0.00148594,-0.00122798,0.00373952,0.000371784,0.000253967,0.00156074,57.7388,10.3303,-695.125,-0.00239681,0.00220355,-0.000550952,0.00331758,0.000450435,0.000260133,0.00194801,57.9435,8.07444,-696.71,-0.00287922,0.00152057,-0.000983859,0.00345347,0.000345754,0.000217236,0.00149192,58.4098,5.4752,-698.512,-0.00240102,0.00180394,-0.00419495,0.0051631,0.000283287,0.000185523,0.00120913
88,66.0503,7.31066,-694.952,-0.00215047,0.00115122,-0.00049598,0.00363163,0.000370104,0.000252225,0.0015534,57.7388,10.3303,-695.125,-0.00243646,0.00165332,0.000606571,0.00301364,0.000440465,0.000258003,0.00190565,57.9435,8.07444,-696.71,-0.00193282,0.00137167,-0.00246253,0.00346764,0.00034317,0.000215855,0.0014808,58.4098,5.4752,-698.512,-0.0019804,0.00122966,-0.00377574,0.00444255,0.000287194,0.000188277,0.00122585
89,66.0503,7.31066,-694.952,-0.00229093,0.000819185,0.00105061,0.00355448,0.000370157,0.000253244,0.00155419,57.7388,10.3303,-695.125,-0.00320371,0.00154796,0.00295062,0.00462721,0.000446442,0.000255737,0.00193031,57.9435,8.07444,-696.71,-0.00268088,0.00108871,-0.000184721,0.00297494,0.00034494,0.000216233,0.00148832,58.4098,5.4752,-698.512,-0.00231613,0.00116813,-0.00205084,0.00333033,0.000283839,0.000186819,0.00121173
90,66.0503,7.31066,-694.952,-0.00230279,0.00072202,0.00202579,0.0037567,0.000370122,0.000253356,0.00155419,57.7388,10.3303,-695.125,-0.00334737,0.00150831,0.00404459,0.00546409,0.000440931,0.000257926,0.00190759,57.9435,8.07444,-696.71,-0.00277664,0.00097925,0.00145916,0.00335317,0.000342866,0.000216028,0.00147956,58.4098,5.4752,-698.512,-0.00197758,0.000998921,-0.00180199,0.00286464,0.000285267,0.00018696,0.00121761
91,66.0503,7.31066,-694.952,-0.00197166,0.000994781,0.00100056,0.00337897,0.000369602,0.000252909,0.00155167,57.7388,10.3303,-695.125,-0.00192301,0.00177454,0.00103383,0.00281614,0.000444821,0.000257811,0.00192391,57.9435,8.07444,-696.71,-0.00199972,0.00153001,-0.000758709,0.00271396,0.000344535,0.000218296,0.00148699,58.4098,5.4752,-698.512,-0.0021136,0.00161176,-0.00168597,0.00317739,0.000284339,0.000188196,0.00121413
92,66.0503,7.31066,-694.952,-0.00172748,0.00129995,0.00097833,0.00339031,0.000370762,0.000253425,0.00155655,57.7388,10.3303,-695.125,-0.00181945,0.00170871,0.00104879,0.00272803,0.00045449,0.000259399,0.00196491,57.9435,8.07444,-696.71,-0.00187237,0.001468,-0.000161895,0.00242255,0.000348912,0.0002137,0.00150452,58.4098,5.4752,-698.512,-0.0016174,0.00179469,-0.00227538,0.00334533,0.000283495,0.000182022,0.00120907
93,66.0805,7.30999,-694.944,-0.0013307,0.00160527,-0.000337062,0.00307873,0.000371347,0.000254396,0.00155894,57.7388,10.3303,-695.125,-0.00140009,0.00192904,-0.00121316,0.00269043,0.000444691,0.000258089,0.00192343,57.9435,8.07444,-696.71,-0.00173472,0.00187251,-0.000722056,0.00265423,0.000346396,0.000217917,0.00149474,58.4098,5.4752,-698.512,-0.00154622,0.00208984,-0.00174107,0.00313528,0.000287288,0.00018743,0.00122601
94,66.0805,7.30999,-694.944,-0.000855943,0.00170293,-0.00138179,0.00305597,0.000371471,0.000253855,0.00155923,57.7388,10.3303,-695.125,-0.000971062,0.00190471,-0.00132253,0.00251808,0.000449385,0.000258869,0.00194332,57.9435,8.07444,-696.71,-0.00110741,0.00177403,-0.00292985,0.0036067,0.000349201,0.000217682,0.00150646,58.4098,5.4752,-698.512,-0.000994183,0.00210345,-0.00338042,0.00410967,0.000285516,0.000185888,0.00121835
95,66.0503,7.31066,-694.952,-0.000807883,0.00150694,-0.000682514,0.00282308,0.000369771,0.000252579,0.00155244,57.7388,10.3303,-695.125,-0.00149758,0.00133631,0.00137584,0.00247489,0.000440614,0.000260587,0.00190681,57.9435,8.07444,-696.71,-0.000640884,0.00175662,-0.00371525,0.00416232,0.000341793,0.00021841,0.0014755,58.4098,5.4752,-698.512,-0.000726516,0.00205972,-0.00381869,0.00440331,0.000283489,0.000186506,0.00121021
96,66.0503,7.31066,-694.952,-0.000620859,0.0011518,-0.000529457,0.00287019,0.000371028,0.000253456,0.00155758,57.7388,10.3303,-695.125,-0.00145536,0.00137926,0.00131723,0.00242966,0.000443278,0.000260505,0.00191799,57.9435,8.07444,-696.71,-0.000792963,0.00150755,-0.00209144,0.00270537,0.000346522,0.000218899,0.00149544,58.4098,5.4752,-698.512,-0.000496343,0.00161904,-0.00336662,0.00376904,0.000286847,0.000186408,0.00122394
97,66.0805,7.30999,-694.944,-0.000592134,0.000685256,0.00120362,0.00238829,0.000370232,0.000253112,0.00155385,57.7388,10.3303,-695.125,-0.000788819,0.000784599,0.00175208,0.00208402,0.000444981,0.00025884,0.00192479,57.9435,8.07444,-696.71,-0.000341765,0.000977056,-0.00119469,0.00160182,0.000344056,0.000217777,0.00148487,58.4098,5.4752,-698.512,-0.000253297,0.00129769,-0.00199022,0.00239927,0.000284569,0.000186344,0.00121458
98,66.0805,7.30999,-694.944,-0.000377076,0.000444755,0.00202845,0.00280769,0.000369775,0.000252537,0.00155215,57.7388,10.3303,-695.125,-0.00143123,0.000693787,0.00454471,0.00481605,0.00044843,0.000256189,0.00193875,57.9435,8.07444,-696.71,-0.00112769,0.000708059,0.00273606,0.00304593,0.000343913,0.000215937,0.00148394,58.4098,5.4752,-698.512,-0.000507355,0.000755619,0.000761219,0.00121129,0.00028259,0.00018432,0.00120594
99,66.0503,7.31066,-694.952,-9.86422e-05,0.000434666,0.00202575,0.0026874,0.00037129,0.000253412,0.00155893,57.7388,10.3303,-695.125,-0.000410387,0.00039343,0.00287709,0.00293287,0.00044604,0.000256975,0.00192885,57.9435,8.07444,-696.71,-0.000124084,0.00061636,0.000251919,0.000789746,0.000345798,0.000218956,0.00149242,58.4098,5.4752,-698.512,0.000143492,0.00081021,-0.00114006,0.00142971,0.000285966,0.000188159,0.00122077
100,66.0503,7.31066,-694.952,0.000448127,0.000696658,0.00151749,0.00233031,0.000369365,0.000253403,0.0015505,57.7388,10.3303,-695.125,-0.000502933,0.000627644,0.00294179,0.00305075,0.000439498,0.000252968,0.00190051,57.9435,8.07444,-696.71,1.43338e-05,0.000709115,0.000596638,0.0010522,0.000346194,0.000216485,0.0014936,58.4098,5.4752,-698.512,0.000738652,0.00102084,-0.00108328,0.00167231,0.000285269,0.000187799,0.00121782
101,66.1183,7.31048,-694.933,0.000770956,0.000999884,0.00113446,0.00250114,0.000370544,0.000252731,0.00155511,57.7388,10.3303,-695.125,0.000950402,0.00110742,-0.000271412,0.00152585,0.00044718,0.000257121,0.00193367,57.9435,8.07444,-696.71,0.00102488,0.00130587,-0.00165667,0.0023471,0.000345517,0.000216774,0.00149082,58.4098,5.4752,-698.512,0.000837334,0.00148459,-0.00208116,0.00269424,0.000287528,0.000188364,0.00122723
102,66.0503,7.31066,-694.952,0.00130199,0.00125553,0.000438311,0.00286338,0.000370691,0.000253702,0.00155622,57.7388,10.3303,-695.125,-7.15119e-05,0.000918683,0.00370335,0.0038209,0.000444937,0.000257262,0.00192426,57.9435,8.07444,-696.71,0.000939632,0.00138705,-0.00101831,0.00198229,0.000345611,0.000215488,0.00149097,58.4098,5.4752,-698.512,0.00118007,0.00170679,-0.00120983,0.002428,0.000285015,0.000184226,0.00121585
103,66.0503,7.31066,-694.952,0.00178972,0.00142877,-0.000302368,0.00316798,0.00037031,0.000253078,0.00155475,57.7388,10.3303,-695.125,0.00129505,0.00154843,-0.000553401,0.00210824,0.000441718,0.000256705,0.00191061,57.9435,8.07444,-696.71,0.00174355,0.00172458,-0.00406005,0.00474368,0.000342142,0.000216111,0.00147652,58.4098,5.4752,-698.512,0.00139615,0.00182633,-0.00238166,0.00332183,0.00028321,0.000185938,0.0012089
104,66.0805,7.30999,-694.944,0.00197325,0.00127923,2.10911e-05,0.00329982,0.000371269,0.000254779,0.00155822,57.7388,10.3303,-695.125,0.00162123,0.00150088,-0.00114606,0.00251525,0.000447625,0.000258825,0.00193589,57.9435,8.07444,-696.71,0.00146557,0.00136214,-0.00131147,0.00241167,0.000347379,0.000220784,0.00149938,58.4098,5.4752,-698.512,0.00206036,0.00154273,-0.00235511,0.00350291,0.000286431,0.000188653,0.0012228
105,66.0503,7.31066,-694.952,0.00234446,0.00101875,0.000539752,0.00333958,0.000369125,0.000252811,0.00154959,57.7388,10.3303,-695.125,0.00169058,0.00106629,0.00181303,0.00270574,0.000440042,0.000259759,0.0019042,57.9435,8.07444,-696.71,0.00186677,0.00119582,-0.000347497,0.00228108,0.000339311,0.000217637,0.00146492,58.4098,5.4752,-698.512,0.00207812,0.00140571,-0.00138378,0.00288406,0.000282568,0.000186984,0.00120654
106,66.0805,7.30999,-694.944,0.00244436,0.000531074,0.00238607,0.00401192,0.000370824,0.000252885,0.00155642,57.7388,10.3303,-695.125,0.000801431,0.000686194,0.00720397,0.00728126,0.000448359,0.00025693,0.00193857,57.9435,8.07444,-696.71,0.0018855,0.00064009,0.00215346,0.00301864,0.000343605,0.000213692,0.0014822,58.4098,5.4752,-698.512,0.00248478,0.000855385,-0.000577281,0.00270187,0.000283943,0.000184123,0.00121142
107,66.0503,7.31066,-694.952,0.00267181,0.000241223,0.00332474,0.00492392,0.00037182,0.000253621,0.00156104,57.7388,10.3303,-695.125,0.00194523,0.00149933,0.00292459,0.00382272,0.000451416,0.000263932,0.00195288,57.9435,8.07444,-696.71,0.0025013,0.000984364,0.000263866,0.00273821,0.00034934,0.000218567,0.00150717,58.4098,5.4752,-698.512,0.00295517,0.000876296,-0.000435193,0.00316044,0.000285939,0.000184333,0.00121966
108,66.0503,7.31066,-694.952,0.00301972,0.000192538,0.0037808,0.00526216,0.000371219,0.000253489,0.00155854,57.7388,10.3303,-695.125,0.00216404,0.000865021,0.00636699,0.00678119,0.000448192,0.000257162,0.00193791,57.9435,8.07444,-696.71,0.00305175,0.000639078,0.00137615,0.00350603,0.000346776,0.00021651,0.00149604,58.4098,5.4752,-698.512,0.00334136,0.000682057,-0.0001737,0.00343163,0.000284496,0.000189408,0.00121506
109,66.0805,7.30999,-694.944,0.00319127,0.000143385,0.00497398,0.00622535,0.000371005,0.000253527,0.00155726,57.7388,10.3303,-695.125,0.00272889,0.00113324,0.00381606,0.00483814,0.000448749,0.000258791,0.00194059,57.9435,8.07444,-696.71,0.00302081,0.000677551,0.00250399,0.00399908,0.000344624,0.00021644,0.00148699,58.4098,5.4752,-698.512,0.00324108,0.000531776,0.0014254,0.00359606,0.000284257,0.000186964,0.00121344
110,66.0805,7.30999,-694.944,0.00375845,0.000590323,0.0036002,0.00586331,0.000371761,0.000253745,0.00156053,57.7388,10.3303,-695.125,0.00299519,0.00104006,0.00631493,0.00707352,0.000449034,0.000260545,0.00194214,57.9435,8.07444,-696.71,0.00361413,0.000784708,0.00320616,0.00494475,0.000345806,0.000220027,0.0014926,58.4098,5.4752,-698.512,0.00404074,0.00102884,0.000248365,0.0042029,0.000286514,0.000188242,0.00122302
111,66.1036,7.30663,-694.94,0.0041818,0.000803177,0.00327332,0.00599117,0.000371524,0.000253325,0.00155885,57.7388,10.3303,-695.125,0.00276385,0.00126426,0.00734027,0.00794609,0.000449243,0.00025466,0.0019418,57.9435,8.07444,-696.71,0.00365334,0.00105935,0.00292925,0.00485173,0.000347102,0.000216093,0.00149731,58.4098,5.4752,-698.512,0.00450603,0.00122868,-0.00024976,0.00468758,0.000284564,0.000187339,0.00121479
112,66.0805,7.30999,-694.944,0.00448378,0.000900034,0.00323642,0.00618531,0.000373531,0.000255319,0.00156777,57.7388,10.3303,-695.125,0.00373782,0.00144043,0.00333956,0.00521777,0.000450073,0.000260377,0.00194648,57.9435,8.07444,-696.71,0.00431567,0.00123575,0.00175389,0.00484292,0.000351361,0.000219384,0.00151579,58.4098,5.4752,-698.512,0.0046956,0.00150436,0.000946816,0.00503454,0.000288756,0.000188926,0.00123238
113,66.18,7.30987,-694.916,0.00472959,0.000775934,0.00344284,0.00622393,0.000372587,0.000255063,0.00156319,57.7388,10.3303,-695.125,0.0037148,0.000996764,0.00490517,0.0062346,0.000446553,0.00026055,0.00193171,57.9435,8.07444,-696.71,0.00359463,0.000769139,0.00539155,0.00653097,0.000347969,0.000217314,0.00150117,58.4098,5.4752,-698.512,0.00437945,0.00100871,0.00264269,0.0052272,0.000287448,0.000188078,0.0012268
114,66.1568,7.31323,-694.92,0.00494618,0.000451895,0.00393655,0.0066118,0.000372638,0.000255905,0.00156381,57.7388,10.3303,-695.125,0.00441941,0.000646627,0.00379564,0.00586605,0.000447889,0.000260028,0.00193721,57.9435,8.07444,-696.71,0.00470587,0.000740535,0.0017133,0.00508243,0.000349225,0.000217054,0.0015064,58.4098,5.4752,-698.512,0.00527824,0.00109816,0.001077,0.00550833,0.00028614,0.000186335,0.00122098
115,66.18,7.30987,-694.916,0.0049145,3.61912e-05,0.00544307,0.00758643,0.00037246,0.000255591,0.00156272,57.7388,10.3303,-695.125,0.0041231,0.000739404,0.00639991,0.0076512,0.000444879,0.000257709,0.00192407,57.9435,8.07444,-696.71,0.00466143,0.000417205,0.00431796,0.00637404,0.000342335,0.000219295,0.00147791,58.4098,5.4752,-698.512,0.00490442,0.000251919,0.00410873,0.00641002,0.00028484,0.000190627,0.00121678
116,66.18,7.30987,-694.916,0.00515969,-0.00028116,0.00590407,0.00817158,0.000372967,0.000254607,0.0015644,57.7388,10.3303,-695.125,0.00440982,0.000343584,0.00685425,0.00815874,0.000446001,0.000258134,0.00192888,57.9435,8.07444,-696.71,0.00491842,2.87066e-05,0.00509999,0.00710686,0.000344465,0.000215104,0.00148606,58.4098,5.4752,-698.512,0.00572263,0.000255351,0.00140597,0.0059047,0.000285219,0.000187377,0.00121748
117,66.18,7.30987,-694.916,0.00518846,-0.00044762,0.00673215,0.00875404,0.000373134,0.000255795,0.00156545,57.7388,10.3303,-695.125,0.00453963,0.000374053,0.0061518,0.00765851,0.000445817,0.000259648,0.00192841,57.9435,8.07444,-696.71,0.00459347,-1.21905e-05,0.00673024,0.00815348,0.000349193,0.000221566,0.00150709,58.4098,5.4752,-698.512,0.00483153,-0.000276699,0.00628739,0.00794747,0.000290203,0.000191687,0.00123902
118,66.18,7.30987,-694.916,0.00563871,-0.000296708,0.00570259,0.00822576,0.000372814,0.000256058,0.00156395,57.7388,10.3303,-695.125,0.00450822,-0.000234618,0.00804547,0.00922712,0.000435033,0.000256906,0.00188251,57.9435,8.07444,-696.71,0.00541395,3.02301e-07,0.00395521,0.00671608,0.000342365,0.000217485,0.00147767,58.4098,5.4752,-698.512,0.00543406,0.000195793,0.00397458,0.00675109,0.000285522,0.000188829,0.0012191
119,66.18,7.30987,-694.916,0.00584617,3.24419e-05,0.00535793,0.00816136,0.000372715,0.000255461,0.00156306,57.7388,10.3303,-695.125,0.00449905,-1.48117e-05,0.00724071,0.0085297,0.000447212,0.00025912,0.00193416,57.9435,8.07444,-696.71,0.00555497,0.000408348,0.00205247,0.00596645,0.000347413,0.000220679,0.00149947,58.4098,5.4752,-698.512,0.00599803,0.000474103,0.00210404,0.00639165,0.000283461,0.000188403,0.00121054
120,66.1966,7.30455,-694.915,0.00624231,0.000288244,0.00415756,0.00775349,0.000371977,0.000255245,0.00156008,57.7388,10.3303,-695.125,0.00459332,-2.54004e-06,0.00795037,0.00918377,0.000446038,0.000257152,0.00192882,57.9435,8.07444,-696.71,0.00605004,0.000745929,0.0011496,0.00627046,0.000348824,0.000219266,0.00150511,58.4098,5.4752,-698.512,0.00650802,0.000981983,0.000202235,0.00661648,0.000290325,0.000190123,0.00123911
121,66.1966,7.30455,-694.915,0.00640361,0.000365881,0.00417389,0.00793724,0.000373624,0.00025622,0.00156694,57.7388,10.3303,-695.125,0.00565103,0.00021222,0.00446826,0.00720875,0.000441267,0.000261121,0.0019096,57.9435,8.07444,-696.71,0.00563915,0.000361961,0.00388501,0.00685831,0.000342893,0.000220044,0.00148037,58.4098,5.4752,-698.512,0.00604494,0.000630014,0.00308175,0.00682258,0.000286134,0.00018857,0.00122153
122,66.2098,7.30922,-694.908,0.00648771,0.000253576,0.00409281,0.00796485,0.000373632,0.000255456,0.00156703,57.7388,10.3303,-695.125,0.00526382,-0.000101082,0.0070896,0.008835,0.000451208,0.000257879,0.00195071,57.9435,8.07444,-696.71,0.00621462,0.000611633,0.00187295,0.00653726,0.000347723,0.000218631,0.00150039,58.4098,5.4752,-698.512,0.00647791,0.000831824,0.000927636,0.006617,0.000288759,0.000193568,0.0012336
123,66.2441,7.30836,-694.899,0.00642939,-0.000136577,0.00512117,0.00848238,0.000374517,0.000257383,0.00157072,57.7388,10.3303,-695.125,0.00508222,-0.000684422,0.00848906,0.00991863,0.000446205,0.000263344,0.00193081,57.9435,8.07444,-696.71,0.00616657,-3.20071e-05,0.00335996,0.00704677,0.000347334,0.000221593,0.00149929,58.4098,5.4752,-698.512,0.00649891,0.000179375,0.00261834,0.00702672,0.000291775,0.000192162,0.00124558
124,66.2265,7.30389,-694.907,0.00648213,-0.000578041,0.00606396,0.00907998,0.000374634,0.000257358,0.00157098,57.7388,10.3303,-695.125,0.00541185,-0.000393908,0.00570713,0.00787576,0.000445393,0.000262784,0.00192728,57.9435,8.07444,-696.71,0.00589551,-0.000222735,0.00483026,0.00763349,0.000346554,0.00022223,0.00149614,58.4098,5.4752,-698.512,0.00659638,4.18392e-05,0.00288172,0.00720935,0.000288558,0.000189792,0.00123178
125,66.2077,7.30705,-694.91,0.00652877,-0.000953719,0.00668311,0.00957157,0.000374237,0.000257273,0.00156956,57.7388,10.3303,-695.125,0.00487988,-0.000916176,0.0113173,0.0123619,0.000443748,0.000263625,0.00192054,57.9435,8.07444,-696.71,0.00589357,-0.000831491,0.00674209,0.00901446,0.000346449,0.000222176,0.00149569,58.4098,5.4752,-698.512,0.00661231,-0.000620149,0.0042577,0.00789468,0.000288024,0.000190606,0.0012298
126,66.2477,7.29909,-694.905,0.00663912,-0.00109516,0.00726281,0.0101344,0.00037406,0.000256069,0.00156841,57.7388,10.3303,-695.125,0.00521785,-0.00090353,0.00982953,0.011166,0.000449733,0.000263872,0.00194575,57.9435,8.07444,-696.71,0.00610054,-0.000823301,0.00662316,0.00905232,0.000350153,0.000222784,0.00151135,58.4098,5.4752,-698.512,0.00690796,-0.000978218,0.00497229,0.00856988,0.000290678,0.000191269,0.00124085
127,66.1966,7.30455,-694.915,0.00694063,-0.000932105,0.00672132,0.00995334,0.00037434,0.000255927,0.00157011,57.7388,10.3303,-695.125,0.0067301,-0.000193248,0.00521574,0.00852751,0.000450846,0.000259897,0.00194959,57.9435,8.07444,-696.71,0.00675051,-0.000429833,0.00438708,0.00806929,0.00034833,0.000221103,0.00150337,58.4098,5.4752,-698.512,0.00685998,-0.000688982,0.00541767,0.00877124,0.000291137,0.00019241,0.00124302
128,66.2337,7.30657,-694.903,0.00721562,-0.000648796,0.00591719,0.00959159,0.000375454,0.000257806,0.00157445,57.7388,10.3303,-695.125,0.00655926,-0.00030646,0.0050366,0.00827999,0.000453812,0.000261351,0.00196237,57.9435,8.07444,-696.71,0.00700419,-0.000359312,0.00321791,0.00773936,0.000349985,0.000220768,0.00151026,58.4098,5.4752,-698.512,0.00749827,-0.000355734,0.00236787,0.00789787,0.000291367,0.000191125,0.00124363
129,66.2682,7.3057,-694.894,0.00747927,-0.000424172,0.00620907,0.0100416,0.000375667,0.000258234,0.00157538,57.7388,10.3303,-695.125,0.00650307,5.28933e-05,0.00705031,0.00959741,0.000444747,0.000261559,0.0019243,57.9435,8.07444,-696.71,0.00762431,0.000183957,0.00267807,0.00811251,0.000349255,0.000221781,0.00150738,58.4098,5.4752,-698.512,0.00774636,0.000217405,0.00243507,0.00814446,0.000289583,0.000191585,0.00123644
130,66.2777,7.29844,-694.897,0.00776562,-1.15465e-05,0.00509747,0.00955538,0.000374609,0.00025784,0.00157017,57.7388,10.3303,-695.125,0.0066261,0.000487454,0.00567238,0.00873782,0.000451866,0.0002659,0.00195514,57.9435,8.07444,-696.71,0.00761073,0.000636569,0.00258036,0.00807339,0.000349412,0.000222578,0.0015082,58.4098,5.4752,-698.512,0.00779809,0.000498694,0.00273285,0.00829238,0.000286947,0.000189302,0.00122505
131,66.3616,7.30365,-694.869,0.00785715,-9.68262e-05,0.00558198,0.0100411,0.000375354,0.000258918,0.00157296,57.7388,10.3303,-695.125,0.00676243,-0.000144161,0.00686937,0.00964144,0.000451526,0.000265613,0.00195364,57.9435,8.07444,-696.71,0.00755526,-4.59857e-06,0.00282528,0.0080935,0.000353999,0.000227764,0.00152843,58.4098,5.4752,-698.512,0.00819443,0.000443715,0.00107164,0.00827969,0.000293685,0.000197988,0.00125493
132,66.3373,7.30631,-694.874,0.00795146,-0.000355308,0.00618599,0.0104028,0.000374891,0.000258798,0.00157157,57.7388,10.3303,-695.125,0.00744636,0.000206536,0.00589646,0.00950721,0.000449235,0.000260797,0.001943,57.9435,8.07444,-696.71,0.00806995,7.66158e-05,0.00300803,0.00862681,0.000347925,0.000219832,0.00150143,58.4098,5.4752,-698.512,0.00785875,0.000129213,0.00285974,0.00837843,0.000292084,0.000193459,0.00124718
133,66.2609,7.30302,-694.898,0.00800751,-0.000680089,0.00736347,0.0112993,0.000377109,0.000259756,0.00158101,57.7388,10.3303,-695.125,0.00737765,0.000311496,0.00604084,0.00955962,0.000453628,0.000264531,0.00196225,57.9435,8.07444,-696.71,0.00785453,-0.000258439,0.00373999,0.0087199,0.000354853,0.000223834,0.00153125,58.4098,5.4752,-698.512,0.0081092,-0.000495911,0.00361556,0.00889886,0.000293191,0.000193443,0.0012517
134,66.3073,7.30696,-694.882,0.00814464,-0.000928234,0.00815812,0.0117464,0.000376391,0.000259878,0.00157807,57.7388,10.3303,-695.125,0.00705019,-0.000286343,0.00921502,0.0116073,0.000450265,0.000264554,0.00194811,57.9435,8.07444,-696.71,0.00796623,-0.000466886,0.00611615,0.0100819,0.000353556,0.000226104,0.00152625,58.4098,5.4752,-698.512,0.00853664,-0.000646512,0.00503639,0.00994399,0.000295353,0.000199295,0.0012621
135,66.285,7.30036,-694.893,0.00803344,-0.00122476,0.00982732,0.0130334,0.000375491,0.000258682,0.001574,57.7388,10.3303,-695.125,0.00642612,-0.00070999,0.0113573,0.0130754,0.00044594,0.000264301,0.00192988,57.9435,8.07444,-696.71,0.00758045,-0.000955015,0.006896,0.0103302,0.000344466,0.000220827,0.0014871,58.4098,5.4752,-698.512,0.00833079,-0.000775962,0.00503228,0.00978476,0.000288137,0.000189535,0.00122998
136,66.2682,7.3057,-694.894,0.00838246,-0.00101366,0.00909115,0.0125933,0.000377652,0.000260428,0.00158329,57.7388,10.3303,-695.125,0.00697631,-0.000215568,0.00981374,0.0120456,0.000455418,0.000265003,0.00196987,57.9435,8.07444,-696.71,0.00777949,-0.000792102,0.00821267,0.0113481,0.000351192,0.00022464,0.00151605,58.4098,5.4752,-698.512,0.00828542,-0.00103188,0.00646772,0.0105646,0.000292734,0.000194538,0.00125012
137,66.231,7.30367,-694.906,0.00869211,-0.000770968,0.00887603,0.012633,0.000377093,0.00025913,0.00158165,57.7388,10.3303,-695.125,0.00815124,-0.000102953,0.00861445,0.011863,0.000450848,0.000263945,0.00195042,57.9435,8.07444,-696.71,0.00850656,-0.000352506,0.00668008,0.010833,0.00035247,0.000222015,0.00152091,58.4098,5.4752,-698.512,0.00888456,-0.000361414,0.00584835,0.0106467,0.000293859,0.000195303,0.00125492
138,66.3173,7.30193,-694.883,0.00904925,-0.000404229,0.00843944,0.0126071,0.000377029,0.000261309,0.00158045,57.7388,10.3303,-695.125,0.00813835,0.000142242,0.00808284,0.0114733,0.000444231,0.000261157,0.00192203,57.9435,8.07444,-696.71,0.00871327,-4.82582e-05,0.00596938,0.0105688,0.000345943,0.000220186,0.00149317,58.4098,5.4752,-698.512,0.00870096,-6.78859e-05,0.0067953,0.0110579,0.000289264,0.00019226,0.0012353
139,66.2978,7.30281,-694.888,0.00917786,-0.000358175,0.00852064,0.0127443,0.000378351,0.000261506,0.0015861,57.7388,10.3303,-695.125,0.00782414,-4.02043e-05,0.00743561,0.0108014,0.000453927,0.000264439,0.00196347,57.9435,8.07444,-696.71,0.00846684,-0.000241801,0.00681407,0.0108776,0.000353516,0.000224488,0.00152575,58.4098,5.4752,-698.512,0.00921882,0.000326501,0.00560559,0.0107979,0.000293877,0.000192927,0.00125437
140,66.3446,7.309,-694.87,0.00935021,-0.000343311,0.00856202,0.0129022,0.000377005,0.000259997,0.0015803,57.7388,10.3303,-695.125,0.00811074,-0.000220861,0.00954608,0.0125365,0.000445662,0.000261459,0.0019281,57.9435,8.07444,-696.71,0.00853321,-0.000210929,0.00752785,0.0114066,0.000347094,0.000222686,0.00149847,58.4098,5.4752,-698.512,0.00929706,0.00023634,0.00516287,0.0106425,0.000291923,0.000196099,0.00124721
141,66.3314,7.3043,-694.877,0.00949413,-0.000726804,0.00938798,0.0135912,0.000377066,0.00026086,0.00158055,57.7388,10.3303,-695.125,0.00839785,-0.000297278,0.00902597,0.0123324,0.000448076,0.000263967,0.00193877,57.9435,8.07444,-696.71,0.00886676,-0.000454373,0.00736726,0.0115444,0.000349426,0.000226063,0.0015089,58.4098,5.4752,-698.512,0.00938359,-0.000310465,0.00745616,0.0119958,0.000292801,0.000197179,0.00125108
142,66.3246,7.30385,-694.879,0.00929173,-0.00128336,0.0115202,0.0149539,0.000378916,0.000261664,0.00158838,57.7388,10.3303,-695.125,0.00766414,-0.00113032,0.0150071,0.0168898,0.000447763,0.000266026,0.00193789,57.9435,8.07444,-696.71,0.00867808,-0.00129955,0.0113382,0.0143437,0.000350363,0.000228332,0.00151326,58.4098,5.4752,-698.512,0.00901438,-0.00124024,0.0109782,0.014262,0.000294585,0.000198789,0.00125881
143,66.2777,7.29844,-694.897,0.00942152,-0.00169376,0.0121173,0.0155639,0.000379139,0.00026248,0.00158957,57.7388,10.3303,-695.125,0.00848639,-0.00095027,0.0122826,0.014963,0.000447469,0.000261472,0.00193568,57.9435,8.07444,-696.71,0.00878229,-0.00109663,0.010289,0.0135752,0.00034838,0.00022286,0.00150389,58.4098,5.4752,-698.512,0.00906724,-0.00117289,0.0108876,0.0142187,0.000290433,0.000195348,0.00124089
144,66.3373,7.30631,-694.874,0.00950276,-0.00194322,0.0131175,0.0163927,0.000379263,0.000262257,0.00158977,57.7388,10.3303,-695.125,0.00802138,-0.00156441,0.0152121,0.0172693,0.000453723,0.000261472,0.00196198,57.9435,8.07444,-696.71,0.00882971,-0.0014743,0.0111947,0.0143438,0.000352541,0.000224679,0.0015217,58.4098,5.4752,-698.512,0.0097247,-0.00147515,0.00932435,0.0135542,0.000293638,0.000196765,0.00125439
145,66.3616,7.30365,-694.869,0.00951086,-0.0020343,0.0135039,0.0167437,0.000380075,0.000263784,0.00159296,57.7388,10.3303,-695.125,0.00778718,-0.00192106,0.0171395,0.018924,0.000459781,0.00026597,0.00198838,57.9435,8.07444,-696.71,0.00898229,-0.0015785,0.0109876,0.0142911,0.000361169,0.00022839,0.0015586,58.4098,5.4752,-698.512,0.00944532,-0.00163838,0.00994325,0.0138144,0.000295194,0.000198102,0.00126112
146,66.3415,7.29926,-694.878,0.00970652,-0.00183724,0.0129131,0.0164166,0.000379965,0.000262428,0.00159224,57.7388,10.3303,-695.125,0.00806651,-0.00215969,0.0192865,0.0210175,0.000452802,0.000265727,0.00195898,57.9435,8.07444,-696.71,0.00888686,-0.00151845,0.0134693,0.0162184,0.000351109,0.000223856,0.00151553,58.4098,5.4752,-698.512,0.00948318,-0.00144023,0.0109101,0.0145306,0.000291242,0.000192931,0.00124357
147,66.3785,7.29904,-694.868,0.00998268,-0.00149521,0.0123297,0.0160704,0.000379316,0.000262527,0.00158956,57.7388,10.3303,-695.125,0.00821635,-0.00181222,0.0164363,0.018466,0.000448491,0.000263565,0.00194041,57.9435,8.07444,-696.71,0.00943995,-0.00107088,0.0120689,0.0153728,0.000351462,0.000226308,0.00151746,58.4098,5.4752,-698.512,0.0103569,-0.000724401,0.00864921,0.0135138,0.000296779,0.00020053,0.00126825
148,66.3785,7.29904,-694.868,0.0100825,-0.00127993,0.011674,0.015637,0.000380581,0.000263266,0.00159473,57.7388,10.3303,-695.125,0.00809008,-0.00166329,0.0164464,0.018404,0.00045265,0.000264265,0.00195804,57.9435,8.07444,-696.71,0.00908657,-0.00123866,0.0129409,0.0158701,0.000356373,0.000227183,0.00153824,58.4098,5.4752,-698.512,0.010021,-0.000991971,0.0101584,0.0143072,0.000299049,0.000201718,0.00127786
149,66.3785,7.29904,-694.868,0.00991478,-0.00125665,0.011741,0.0155467,0.000380186,0.000263251,0.00159305,57.7388,10.3303,-695.125,0.00881033,-0.00159939,0.0130346,0.0158147,0.000451826,0.000268193,0.00195542,57.9435,8.07444,-696.71,0.00958249,-0.00121993,0.0102667,0.0141077,0.000354376,0.000228578,0.00153013,58.4098,5.4752,-698.512,0.0101471,-0.000720658,0.00835708,0.0131753,0.000296107,0.000198453,0.00126495
150,66.4178,7.30026,-694.856,0.00977607,-0.00154375,0.0125164,0.0160649,0.000380612,0.000264093,0.00159451,57.7388,10.3303,-695.125,0.00838174,-0.0015559,0.0155474,0.0177329,0.00045135,0.000261684,0.00195204,57.9435,8.07444,-696.71,0.00948118,-0.00102794,0.0106782,0.0143235,0.000354608,0.00022364,0.00153018,58.4098,5.4752,-698.512,0.0103498,-0.000887413,0.00879951,0.0136148,0.000295721,0.000197125,0.00126301
151,66.4178,7.30026,-694.856,0.00957733,-0.00180154,0.0126488,0.0160662,0.000379541,0.000262905,0.00159003,57.7388,10.3303,-695.125,0.00814934,-0.00198226,0.0159387,0.0180128,0.000451977,0.000269489,0.00195633,57.9435,8.07444,-696.71,0.00850324,-0.00175302,0.0134524,0.0160201,0.000354222,0.000226978,0.00152919,58.4098,5.4752,-698.512,0.00933432,-0.00156038,0.0104089,0.0140688,0.000294365,0.000197964,0.00125769
152,66.3785,7.29904,-694.868,0.0095693,-0.00205374,0.0126953,0.0161309,0.000379651,0.000263569,0.00159092,57.7388,10.3303,-695.125,0.00762388,-0.0021445,0.0161393,0.0179781,0.000451648,0.000264372,0.00195386,57.9435,8.07444,-696.71,0.00851799,-0.00184838,0.0116764,0.0145827,0.000353347,0.000225817,0.00152529,58.4098,5.4752,-698.512,0.00932918,-0.00166796,0.0095698,0.0134734,0.000296015,0.000199684,0.0012649
153,66.3785,7.29904,-694.868,0.00925754,-0.0022458,0.0132391,0.0164151,0.000378829,0.000262524,0.00158792,57.7388,10.3303,-695.125,0.00739626,-0.00204726,0.0168001,0.0184707,0.000451357,0.000268887,0.00195359,57.9435,8.07444,-696.71,0.00822418,-0.00190285,0.0131771,0.0156557,0.000353795,0.000228534,0.00152768,58.4098,5.4752,-698.512,0.00911091,-0.0019653,0.0103988,0.0139679,0.000294248,0.000198618,0.00125739
154,66.3785,7.29904,-694.868,0.00915822,-0.00210651,0.0122181,0.0155632,0.000377949,0.000261433,0.00158376,57.7388,10.3303,-695.125,0.00798146,-0.0015614,0.013744,0.0159715,0.000454542,0.000264418,0.00196605,57.9435,8.07444,-696.71,0.00923742,-0.00146947,0.00814064,0.0124168,0.000354958,0.000226495,0.00153219,58.4098,5.4752,-698.512,0.00955043,-0.00167123,0.00787214,0.0124952,0.000294427,0.000197323,0.00125777
155,66.3785,7.29904,-694.868,0.00912274,-0.00178746,0.011071,0.0146125,0.000380215,0.000263517,0.00159333,57.7388,10.3303,-695.125,0.00718,-0.00171427,0.0153818,0.0170615,0.000448283,0.000264818,0.00193981,57.9435,8.07444,-696.71,0.00816248,-0.00143368,0.0116237,0.0142885,0.000348805,0.00022718,0.00150652,58.4098,5.4752,-698.512,0.00929467,-0.00132722,0.0080376,0.0123603,0.000292568,0.000196432,0.00124993
156,66.3616,7.30365,-694.869,0.00897942,-0.00144,0.0103271,0.0139322,0.000378814,0.000260963,0.00158744,57.7388,10.3303,-695.125,0.00680925,-0.00172923,0.0153859,0.0169158,0.000457743,0.000264131,0.00197944,57.9435,8.07444,-696.71,0.00775599,-0.00160643,0.0115388,0.014015,0.000354725,0.000225086,0.00153095,58.4098,5.4752,-698.512,0.00896778,-0.000979854,0.00748881,0.0117284,0.000293796,0.000196498,0.00125497
157,66.4008,7.30487,-694.857,0.00876985,-0.00111445,0.00931168,0.0130096,0.00037838,0.000261325,0.00158565,57.7388,10.3303,-695.125,0.00722188,-0.00102786,0.0116648,0.0137605,0.000449645,0.000265725,0.00194575,57.9435,8.07444,-696.71,0.0075079,-0.00134823,0.0110113,0.0134077,0.000352998,0.000223224,0.00152334,58.4098,5.4752,-698.512,0.00865849,-0.000870525,0.00713002,0.0112603,0.000295035,0.000195244,0.00125972
158,66.3785,7.29904,-694.868,0.00855852,-0.00101386,0.00886678,0.012571,0.000376672,0.000260631,0.00157854,57.7388,10.3303,-695.125,0.00725017,-0.00124204,0.0116036,0.0137426,0.000453236,0.000264072,0.00196049,57.9435,8.07444,-696.71,0.0076259,-0.00133551,0.00930073,0.0121116,0.000349063,0.000223929,0.00150699,58.4098,5.4752,-698.512,0.00849533,-0.000667836,0.00647395,0.0107127,0.000287576,0.000193407,0.0012287
159,66.3785,7.29904,-694.868,0.00806591,-0.00120568,0.00922281,0.0124568,0.000376302,0.000260268,0.00157714,57.7388,10.3303,-695.125,0.00693038,-0.00118015,0.00972913,0.0120034,0.000442264,0.000263029,0.00191416,57.9435,8.07444,-696.71,0.00713268,-0.000958289,0.00802007,0.0107821,0.000344472,0.000220613,0.00148708,58.4098,5.4752,-698.512,0.00780026,-0.000608453,0.00623272,0.0100071,0.000292801,0.000194844,0.00125047
160,66.4178,7.30026,-694.856,0.00755432,-0.00155543,0.00994527,0.012714,0.000376103,0.000259486,0.00157589,57.7388,10.3303,-695.125,0.00604254,-0.00108405,0.0111046,0.0126901,0.000451321,0.00026069,0.00195175,57.9435,8.07444,-696.71,0.00645245,-0.0012029,0.0101212,0.0120707,0.000352364,0.000223534,0.00152077,58.4098,5.4752,-698.512,0.00725679,-0.00114767,0.00808063,0.0109232,0.000291567,0.00019542,0.00124557
161,66.3785,7.29904,-694.868,0.0071416,-0.00197334,0.0106152,0.0130811,0.000376156,0.000259482,0.00157637,57.7388,10.3303,-695.125,0.00547109,-0.00166539,0.0148854,0.0159464,0.000446533,0.000263539,0.00193221,57.9435,8.07444,-696.71,0.00648516,-0.00160882,0.010937,0.0128285,0.000350447,0.000222577,0.00151252,58.4098,5.4752,-698.512,0.00716161,-0.00148491,0.00890772,0.0115263,0.000292329,0.000192904,0.00124803
162,66.4008,7.30487,-694.857,0.00688227,-0.00221126,0.0102966,0.0126997,0.000375405,0.00025902,0.00157309,57.7388,10.3303,-695.125,0.00548636,-0.0017214,0.0132009,0.0143989,0.000447738,0.000262746,0.00193711,57.9435,8.07444,-696.71,0.00578797,-0.00190911,0.0116961,0.0131939,0.000349163,0.00022361,0.00150735,58.4098,5.4752,-698.512,0.00631329,-0.00192392,0.00891893,0.0110974,0.000290465,0.000193188,0.00124047
163,66.3542,7.30172,-694.873,0.00664449,-0.00215691,0.00956393,0.0119966,0.000376435,0.000258901,0.00157751,57.7388,10.3303,-695.125,0.00557888,-0.00135789,0.0112823,0.012663,0.000454191,0.000263299,0.00196436,57.9435,8.07444,-696.71,0.0060618,-0.00149941,0.00832652,0.01042,0.000355204,0.000224524,0.00153287,58.4098,5.4752,-698.512,0.00666465,-0.00164652,0.00526898,0.00865759,0.000292692,0.000195217,0.00125013
164,66.3785,7.29904,-694.868,0.00643302,-0.00188785,0.00825267,0.0107684,0.000375644,0.000259009,0.00157406,57.7388,10.3303,-695.125,0.00530779,-0.00120934,0.00887745,0.0104154,0.000446416,0.000263939,0.00193182,57.9435,8.07444,-696.71,0.00553409,-0.00161356,0.00746635,0.00943433,0.000344559,0.000220713,0.00148749,58.4098,5.4752,-698.512,0.00602431,-0.00164308,0.00684432,0.00926618,0.000286546,0.000191332,0.00122394
165,66.3785,7.29904,-694.868,0.00599353,-0.00172121,0.00828901,0.0105705,0.000373939,0.000257827,0.00156712,57.7388,10.3303,-695.125,0.00516982,-0.00136136,0.00887158,0.0103612,0.00044728,0.00026104,0.00193484,57.9435,8.07444,-696.71,0.00547496,-0.00126861,0.00661078,0.00868751,0.000346631,0.000219732,0.001496,58.4098,5.4752,-698.512,0.00573662,-0.00104218,0.00577681,0.00821505,0.000287911,0.000190033,0.00122919
166,66.4178,7.30026,-694.856,0.00586803,-0.00130203,0.00658981,0.00911741,0.000373213,0.000257466,0.00156387,57.7388,10.3303,-695.125,0.00434691,-0.00132661,0.0096827,0.0106968,0.00045493,0.000258603,0.00196651,57.9435,8.07444,-696.71,0.00505646,-0.00117364,0.00580956,0.00781948,0.000348974,0.000219802,0.00150586,58.4098,5.4752,-698.512,0.00578645,-0.000881278,0.0028581,0.00651459,0.000285924,0.000192005,0.00122158
167,66.3785,7.29904,-694.868,0.00526368,-0.00120185,0.00651968,0.00865244,0.000373397,0.000257541,0.00156466,57.7388,10.3303,-695.125,0.00461379,-0.000889928,0.0055662,0.00728702,0.000447964,0.000262069,0.00193794,57.9435,8.07444,-696.71,0.00476513,-0.000915726,0.00361214,0.00605118,0.000350481,0.000220888,0.00151237,58.4098,5.4752,-698.512,0.00454034,-0.000912641,0.00606241,0.00763909,0.000290882,0.000188851,0.00124106
168,66.3616,7.30365,-694.869,0.00491348,-0.00131632,0.00613267,0.00816319,0.000373861,0.000257589,0.00156681,57.7388,10.3303,-695.125,0.00346029,-0.00134062,0.00969578,0.0103827,0.00045042,0.000263597,0.00194859,57.9435,8.07444,-696.71,0.00454476,-0.00110277,0.00424908,0.00633134,0.000348517,0.000220831,0.00150413,58.4098,5.4752,-698.512,0.00452298,-0.000878296,0.00428013,0.00629875,0.000286158,0.000188929,0.00122173
169,66.3785,7.29904,-694.868,0.00449074,-0.00161853,0.00678153,0.00844308,0.000372245,0.000255947,0.00155968,57.7388,10.3303,-695.125,0.00394918,-0.00116666,0.00645102,0.00765661,0.000446879,0.000262497,0.00193349,57.9435,8.07444,-696.71,0.00375529,-0.00115662,0.00500773,0.0063711,0.000346301,0.00022186,0.00149504,58.4098,5.4752,-698.512,0.00386995,-0.00144676,0.00547452,0.00686354,0.000287016,0.000191746,0.00122599
170,66.3616,7.30365,-694.869,0.0039414,-0.00195604,0.00678751,0.00833207,0.000371466,0.000254816,0.00155689,57.7388,10.3303,-695.125,0.00261842,-0.00188357,0.00824114,0.00885035,0.000446162,0.000260888,0.00193014,57.9435,8.07444,-696.71,0.00317697,-0.00163339,0.00606356,0.00704698,0.000343216,0.000219284,0.0014816,58.4098,5.4752,-698.512,0.00395243,-0.00149964,0.00431273,0.00604782,0.000287092,0.000189742,0.00122577
171,66.3173,7.30193,-694.883,0.0036092,-0.00208999,0.00646585,0.00782663,0.000371914,0.0002556,0.00155873,57.7388,10.3303,-695.125,0.0022241,-0.00159578,0.00856704,0.0089944,0.000451928,0.000262687,0.00195475,57.9435,8.07444,-696.71,0.00300353,-0.00152794,0.0052879,0.00628195,0.000350415,0.000221689,0.00151226,58.4098,5.4752,-698.512,0.00357929,-0.00158996,0.00340662,0.00520004,0.000286217,0.000188697,0.00122192
172,66.285,7.30036,-694.893,0.00325781,-0.0020414,0.00592824,0.00727251,0.000372356,0.000255786,0.00156112,57.7388,10.3303,-695.125,0.0017501,-0.00192954,0.00990496,0.0102419,0.00044816,0.000261227,0.00193861,57.9435,8.07444,-696.71,0.00235193,-0.0019495,0.00612633,0.00685759,0.000350687,0.000218673,0.00151284,58.4098,5.4752,-698.512,0.00287517,-0.00179157,0.0045688,0.0056893,0.00028787,0.000186586,0.00122815
173,66.3004,7.30651,-694.884,0.00314862,-0.00172401,0.00445853,0.00588786,0.00037173,0.000254965,0.00155826,57.7388,10.3303,-695.125,0.00222842,-0.00140939,0.0055263,0.00612425,0.000449428,0.000258226,0.00194332,57.9435,8.07444,-696.71,0.00265942,-0.00132196,0.00271846,0.0040395,0.000351868,0.000219843,0.00151802,58.4098,5.4752,-698.512,0.00289321,-0.00133799,0.00178684,0.00369923,0.000289032,0.000188457,0.00123339
174,66.3415,7.29926,-694.878,0.00284709,-0.00124659,0.00354908,0.0050111,0.000372603,0.000255294,0.00156135,57.7388,10.3303,-695.125,0.00188676,-0.00127282,0.00567638,0.00611638,0.000454436,0.000264655,0.00196572,57.9435,8.07444,-696.71,0.00179218,-0.00120461,0.0045942,0.00508571,0.000349999,0.000221385,0.00151047,58.4098,5.4752,-698.512,0.00259356,-0.000727729,0.00103514,0.0029204,0.000284913,0.000185672,0.0012158
175,66.3785,7.29904,-694.868,0.00247437,-0.000896897,0.00339514,0.00471222,0.000369885,0.000254121,0.00154975,57.7388,10.3303,-695.125,0.00090429,-0.00111609,0.00710971,0.00725381,0.000446613,0.000254809,0.00193079,57.9435,8.07444,-696.71,0.0015995,-0.00100113,0.00443366,0.00482217,0.000343094,0.000215589,0.00148041,58.4098,5.4752,-698.512,0.00166105,-0.00081967,0.00308093,0.00360673,0.000284097,0.000187047,0.00121281
176,66.3446,7.309,-694.87,0.0023462,-0.000698089,0.00270146,0.00437309,0.000370904,0.00025471,0.00155444,57.7388,10.3303,-695.125,0.000819277,-0.00105073,0.00641699,0.00655495,0.000441758,0.000259423,0.00191135,57.9435,8.07444,-696.71,0.00158473,-0.000769151,0.00248565,0.00307491,0.000342493,0.000212862,0.00147737,58.4098,5.4752,-698.512,0.00211254,-0.000260975,-8.00737e-05,0.00216082,0.000283543,0.00018159,0.00120914
177,66.3616,7.30365,-694.869,0.00185161,-0.000807171,0.002952,0.00384729,0.000370382,0.000254079,0.00155205,57.7388,10.3303,-695.125,0.000599127,-0.000684582,0.0045835,0.00467324,0.000444885,0.000259607,0.00192453,57.9435,8.07444,-696.71,0.00120577,-0.000508075,0.00259776,0.00291974,0.000346685,0.000217295,0.0014958,58.4098,5.4752,-698.512,0.00141053,-0.00024772,0.00122317,0.00189499,0.000284759,0.000186376,0.00121535
178,66.3204,7.31166,-694.875,0.00146197,-0.00108232,0.00408504,0.00472112,0.000370949,0.000254266,0.00155503,57.7388,10.3303,-695.125,0.000831905,-0.000862372,0.00595109,0.00607306,0.000448607,0.000258714,0.00193999,57.9435,8.07444,-696.71,0.00101338,-0.000633305,0.00281256,0.0030739,0.000347944,0.000218199,0.00150126,58.4098,5.4752,-698.512,0.00108845,-0.000565881,0.00165144,0.00209176,0.000287017,0.000188772,0.00122523
179,66.2704,7.30716,-694.892,0.00106591,-0.00136484,0.00448819,0.00502102,0.000371081,0.000254679,0.00155641,57.7388,10.3303,-695.125,-0.000239079,-0.00113387,0.00666065,0.00676103,0.000445982,0.00025951,0.00192912,57.9435,8.07444,-696.71,-0.000227132,-0.00135134,0.00450366,0.00470804,0.000344062,0.000217172,0.00148478,58.4098,5.4752,-698.512,0.000259656,-0.00115927,0.00439563,0.00455458,0.000282938,0.000188376,0.00120842
180,66.236,7.30803,-694.901,0.000759452,-0.00155362,0.0050993,0.0055444,0.00037146,0.000254116,0.00155782,57.7388,10.3303,-695.125,-0.000904359,-0.00127364,0.00884323,0.00898066,0.000447797,0.000262168,0.00193731,57.9435,8.07444,-696.71,-0.000402561,-0.00138913,0.00568842,0.00587094,0.000345926,0.000217312,0.00149262,58.4098,5.4752,-698.512,0.000368993,-0.00133943,0.00312021,0.00341873,0.000287282,0.000188427,0.00122623
181,66.2143,7.309,-694.907,0.000509474,-0.00156604,0.00485029,0.0052435,0.000370428,0.000253146,0.00155382,57.7388,10.3303,-695.125,-0.000669944,-0.00119061,0.00594176,0.00609729,0.00044597,0.000255621,0.00192827,57.9435,8.07444,-696.71,-0.000258369,-0.00150422,0.0045393,0.00479105,0.000340993,0.00021659,0.0014718,58.4098,5.4752,-698.512,9.32621e-05,-0.00139827,0.0032524,0.0035433,0.00028088,0.000185869,0.00119933
182,66.2536,7.31249,-694.893,0.000363381,-0.0013725,0.00434991,0.00474107,0.000371623,0.000254324,0.00155821,57.7388,10.3303,-695.125,-0.000432414,-0.000832511,0.00426871,0.00437068,0.000449577,0.000260379,0.00194443,57.9435,8.07444,-696.71,-0.000146196,-0.00079438,0.00196858,0.0021298,0.000349993,0.00021985,0.00151018,58.4098,5.4752,-698.512,0.000213115,-0.000751793,0.00108703,0.00134017,0.000285581,0.000187748,0.00121909
183,66.2143,7.309,-694.907,0.000423083,-0.000642647,0.00259215,0.00330768,0.000370129,0.000253744,0.00155209,57.7388,10.3303,-695.125,-0.000826966,-0.00048078,0.00605225,0.00612821,0.000449345,0.0002589,0.00194314,57.9435,8.07444,-696.71,0.000123611,-0.000333184,0.000263199,0.000732905,0.000346712,0.000216986,0.00149587,58.4098,5.4752,-698.512,0.000177003,-0.00020193,0.000116354,0.000485636,0.000284183,0.000186292,0.00121298
184,66.2838,7.31034,-694.887,0.000213588,-0.000348339,0.00254559,0.00302674,0.000370552,0.000252227,0.00155319,57.7388,10.3303,-695.125,-0.000757274,-1.78686e-06,0.00422481,0.00429228,0.000456009,0.000256179,0.00197062,57.9435,8.07444,-696.71,-0.000507329,-5.57123e-05,0.00151213,0.00159815,0.000349312,0.000217573,0.0015069,58.4098,5.4752,-698.512,-0.000507797,0.000120577,0.00129734,0.00140147,0.000285362,0.000185813,0.00121769
185,66.2143,7.309,-694.907,-0.000191441,2.96082e-05,0.00254011,0.00299831,0.000371303,0.000253647,0.00155731,57.7388,10.3303,-695.125,-0.00165723,0.000299092,0.0060684,0.00629786,0.000448018,0.000257608,0.00193731,57.9435,8.07444,-696.71,-0.00105567,0.000342886,0.00174152,0.00209449,0.000344105,0.000214976,0.00148456,58.4098,5.4752,-698.512,-0.000707574,0.000415996,-0.00048762,0.00100404,0.000283803,0.000184407,0.00121094
186,66.18,7.30987,-694.916,-0.000580721,1.87183e-05,0.00363401,0.00379539,0.000369734,0.000251538,0.00155173,57.7388,10.3303,-695.125,-0.0016792,0.000271711,0.00578057,0.00602587,0.000448295,0.000257168,0.00193838,57.9435,8.07444,-696.71,-0.00125925,2.27936e-05,0.00308012,0.00332787,0.000347987,0.000216601,0.00150116,58.4098,5.4752,-698.512,-0.00130255,0.000157159,0.00367067,0.00389818,0.000286388,0.000185008,0.00122169
187,66.2143,7.309,-694.907,-0.00100279,-5.7174e-05,0.00418959,0.00443511,0.000371101,0.000253842,0.00155669,57.7388,10.3303,-695.125,-0.00311464,4.1283e-05,0.00902512,0.00954758,0.00044738,0.000257219,0.00193454,57.9435,8.07444,-696.71,-0.00184403,0.000159009,0.00364821,0.00409925,0.000345047,0.000216384,0.00148878,58.4098,5.4752,-698.512,-0.00109436,0.00066099,0.000536929,0.00141513,0.000286073,0.000186814,0.00122087
188,66.18,7.30987,-694.916,-0.00118132,-0.000229488,0.00457102,0.00480396,0.00037025,0.000253151,0.00155299,57.7388,10.3303,-695.125,-0.00150877,0.000505567,0.00360595,0.00394187,0.000449276,0.000256673,0.00194241,57.9435,8.07444,-696.71,-0.0017444,0.000115055,0.00324259,0.00368485,0.000343131,0.00021396,0.00148028,58.4098,5.4752,-698.512,-0.00154587,9.98521e-05,0.00315518,0.00351651,0.000279603,0.000182535,0.00119324
189,66.1568,7.31323,-694.92,-0.00154681,-0.000463838,0.00507111,0.00538226,0.000370958,0.000254268,0.00155642,57.7388,10.3303,-695.125,-0.00246761,4.12371e-05,0.00757217,0.00796479,0.000448203,0.00025998,0.00193858,57.9435,8.07444,-696.71,-0.00233257,-0.000274969,0.00559096,0.00606507,0.000345443,0.000218208,0.00149079,58.4098,5.4752,-698.512,-0.00223517,-0.000218606,0.00465867,0.00517295,0.000285513,0.000189005,0.00121915
190,66.2208,7.31173,-694.903,-0.00179546,-0.000317089,0.00489833,0.00533896,0.000369782,0.000253162,0.00155112,57.7388,10.3303,-695.125,-0.00296024,0.000275294,0.00855092,0.00905343,0.000443823,0.000258438,0.00191984,57.9435,8.07444,-696.71,-0.00249209,0.000120404,0.00476186,0.00537883,0.000343958,0.000219168,0.00148473,58.4098,5.4752,-698.512,-0.00224238,-3.94266e-05,0.00361382,0.00425448,0.00028346,0.000187654,0.00121038
191,66.18,7.30987,-694.916,-0.00173746,3.73772e-05,0.00357398,0.00411998,0.000370063,0.000252493,0.00155258,57.7388,10.3303,-695.125,-0.00248327,0.000600603,0.00345641,0.00429929,0.000441425,0.000254003,0.00190884,57.9435,8.07444,-696.71,-0.00221588,0.000526162,0.00242472,0.00334309,0.000344471,0.000213363,0.0014858,58.4098,5.4752,-698.512,-0.00185421,0.000536744,0.000272578,0.00198089,0.000288083,0.000185927,0.00122888
192,66.18,7.30987,-694.916,-0.00180666,0.000523325,0.00247599,0.0034571,0.000371665,0.000252712,0.00155857,57.7388,10.3303,-695.125,-0.00258672,0.000945015,0.00412051,0.00495633,0.000446974,0.000257756,0.00193295,57.9435,8.07444,-696.71,-0.00248731,0.000642008,0.00313217,0.00405625,0.00034799,0.000216752,0.0015012,58.4098,5.4752,-698.512,-0.00237019,0.000832747,0.00171146,0.00305271,0.000286548,0.000186122,0.00122264
193,66.18,7.30987,-694.916,-0.00192402,0.000985367,0.00214168,0.00363118,0.000370781,0.000253379,0.00155545,57.7388,10.3303,-695.125,-0.00248222,0.00151884,0.000838577,0.00306741,0.000449251,0.000263563,0.00194375,57.9435,8.07444,-696.71,-0.00268113,0.00126747,0.00221724,0.00371064,0.000347805,0.000220178,0.00150107,58.4098,5.4752,-698.512,-0.00263443,0.00140625,0.00235269,0.00381356,0.000285965,0.000185137,0.00122
194,66.191,7.31237,-694.911,-0.00236194,0.00111583,0.00252526,0.00406443,0.000371426,0.000254314,0.00155838,57.7388,10.3303,-695.125,-0.00349987,0.000702637,0.006013,0.00699414,0.000450479,0.000261446,0.00194846,57.9435,8.07444,-696.71,-0.00281971,0.00142181,-0.000248373,0.0032239,0.000348485,0.000218963,0.0015037,58.4098,5.4752,-698.512,-0.00281664,0.00185889,-0.000278122,0.00340357,0.000285358,0.000186685,0.00121791
195,66.1568,7.31323,-694.92,-0.00283572,0.0010865,0.0038185,0.00511128,0.000371512,0.000253676,0.00155915,57.7388,10.3303,-695.125,-0.00350829,0.00138096,0.00638649,0.00741965,0.000446313,0.000261795,0.00193103,57.9435,8.07444,-696.71,-0.0031719,0.00125515,0.00296742,0.00453165,0.000350594,0.000220885,0.00151291,58.4098,5.4752,-698.512,-0.00332291,0.00119629,0.00318874,0.00476488,0.000288665,0.000187355,0.00123164
196,66.18,7.30987,-694.916,-0.00330865,0.00082517,0.00480031,0.00601568,0.000371926,0.000253982,0.00155982,57.7388,10.3303,-695.125,-0.0039463,0.000828922,0.00559546,0.00689816,0.000448747,0.000260545,0.001941,57.9435,8.07444,-696.71,-0.00352093,0.0011782,0.00211966,0.00428398,0.000346061,0.000217525,0.00149326,58.4098,5.4752,-698.512,-0.00349595,0.00135956,0.00152242,0.00405828,0.000287077,0.000187527,0.00122518
197,66.1568,7.31323,-694.92,-0.00331014,0.000601972,0.00468785,0.00589179,0.000372539,0.00025481,0.00156278,57.7388,10.3303,-695.125,-0.00403445,0.000351578,0.00610562,0.00732706,0.000448823,0.000260486,0.0019413,57.9435,8.07444,-696.71,-0.00376486,0.000616325,0.00365816,0.00528932,0.000349642,0.000220559,0.00150887,58.4098,5.4752,-698.512,-0.00379122,0.000753705,0.00382165,0.00544132,0.000289256,0.000189654,0.00123466
198,66.1568,7.31323,-694.92,-0.00365041,0.000363941,0.00534351,0.00661293,0.000370528,0.000253464,0.00155526,57.7388,10.3303,-695.125,-0.00458196,0.000592285,0.00689953,0.00830463,0.000448969,0.000263745,0.00194261,57.9435,8.07444,-696.71,-0.00421815,0.000669793,0.00456937,0.0062615,0.000346063,0.000217753,0.00149332,58.4098,5.4752,-698.512,-0.00364861,0.000877532,0.00163548,0.00409488,0.000283008,0.000184777,0.00120779
199,66.1568,7.31323,-694.92,-0.00365635,0.000334463,0.00492539,0.00628748,0.000371008,0.000253469,0.00155685,57.7388,10.3303,-695.125,-0.00493308,0.000230925,0.00894487,0.0102177,0.000446161,0.000262018,0.00193044,57.9435,8.07444,-696.71,-0.00446688,0.000613759,0.00580424,0.00735648,0.000343709,0.000218734,0.00148362,58.4098,5.4752,-698.512,-0.00384947,0.000953032,0.00255203,0.00472585,0.000283325,0.000184716,0.00120908
200,66.1568,7.31323,-694.92,-0.00358218,0.000649209,0.00350603,0.0052447,0.000371938,0.000253681,0.00156017,57.7388,10.3303,-695.125,-0.00453262,0.000830553,0.00593849,0.00751791,0.00044752,0.000260124,0.00193575,57.9435,8.07444,-696.71,-0.00432006,0.00100878,0.00382094,0.0058595,0.000349083,0.000216893,0.00150582,58.4098,5.4752,-698.512,-0.00432922,0.00086953,0.00291522,0.00529333,0.000286502,0.000183546,0.0012218
201,66.1568,7.31323,-694.92,-0.00357417,0.00100529,0.00242006,0.00482677,0.000371064,0.000253152,0.00155699,57.7388,10.3303,-695.125,-0.00469446,0.000961507,0.00424447,0.0064044,0.00044379,0.000254952,0.00191901,57.9435,8.07444,-696.71,-0.00405796,0.00124985,0.000988236,0.00437328,0.000347916,0.000214777,0.00150054,58.4098,5.4752,-698.512,-0.00384409,0.00135515,0.000307972,0.00409155,0.000290129,0.000187861,0.00123778
202,66.1568,7.31323,-694.92,-0.00359422,0.00150121,0.00166719,0.00468818,0.000372271,0.000253616,0.00156169,57.7388,10.3303,-695.125,-0.00444526,0.00145298,0.00426221,0.00632815,0.000449026,0.000255592,0.00194116,57.9435,8.07444,-696.71,-0.0038919,0.00170829,0.000425697,0.00432364,0.000352431,0.000219036,0.00152028,58.4098,5.4752,-698.512,-0.00366011,0.00206451,-0.0018666,0.00461073,0.000288892,0.000189675,0.00123318
203,66.1568,7.31323,-694.92,-0.00375571,0.00183753,0.00177241,0.00492758,0.000372795,0.000254641,0.0015646,57.7388,10.3303,-695.125,-0.00470427,0.0017976,0.00413321,0.00651635,0.000450245,0.000262214,0.00194766,57.9435,8.07444,-696.71,-0.00417127,0.00192416,0.000345389,0.00462477,0.000347466,0.000219217,0.00149949,58.4098,5.4752,-698.512,-0.00429917,0.00212823,-0.000274749,0.00481197,0.000288133,0.000188679,0.00122981
204,66.18,7.30987,-694.916,-0.00409357,0.00184693,0.00278827,0.0056063,0.00037273,0.000254339,0.00156353,57.7388,10.3303,-695.125,-0.0049165,0.00153686,0.00486357,0.00708552,0.000441707,0.000258851,0.00191106,57.9435,8.07444,-696.71,-0.00469747,0.00180547,0.00203075,0.0054313,0.000346493,0.000217293,0.00149502,58.4098,5.4752,-698.512,-0.004577,0.0022416,0.000246134,0.00510383,0.00028683,0.000186861,0.001224
205,66.1189,7.31274,-694.931,-0.00436726,0.00172393,0.00330313,0.0061652,0.0003735,0.000254659,0.00156691,57.7388,10.3303,-695.125,-0.00574963,0.00164815,0.0053667,0.00803624,0.000450973,0.000261985,0.00195068,57.9435,8.07444,-696.71,-0.00516235,0.00162934,0.0036565,0.0065392,0.000349932,0.000218797,0.00150976,58.4098,5.4752,-698.512,-0.00462508,0.0017978,0.00149525,0.00519995,0.000288431,0.000188348,0.00123095
206,66.0805,7.30999,-694.944,-0.00445341,0.00156932,0.00367276,0.00632106,0.000371718,0.000253671,0.00156023,57.7388,10.3303,-695.125,-0.00526418,0.00190872,0.00416012,0.00697581,0.000445576,0.000257557,0.00192706,57.9435,8.07444,-696.71,-0.00549123,0.00183815,0.00325817,0.00665693,0.000345121,0.000215715,0.00148898,58.4098,5.4752,-698.512,-0.00501006,0.0020128,0.000719651,0.00545729,0.000286391,0.000187255,0.0012223
207,66.1189,7.31274,-694.931,-0.00447441,0.00133566,0.00353844,0.00606268,0.000372178,0.000254629,0.00156197,57.7388,10.3303,-695.125,-0.00560973,0.00157437,0.00505275,0.00771288,0.000444874,0.000260222,0.00192466,57.9435,8.07444,-696.71,-0.00517961,0.00152496,0.0024969,0.00596055,0.000346142,0.000219864,0.00149405,58.4098,5.4752,-698.512,-0.00483639,0.00163668,0.00137881,0.00529191,0.000286633,0.000188081,0.00122351
208,66.0503,7.31066,-694.952,-0.00442851,0.00133494,0.00319232,0.0060066,0.000371492,0.000253019,0.00155965,57.7388,10.3303,-695.125,-0.00473426,0.00168721,0.00257457,0.00565089,0.000448758,0.000257113,0.00194035,57.9435,8.07444,-696.71,-0.00495739,0.00158566,0.00155966,0.00545996,0.000348624,0.000216201,0.00150379,58.4098,5.4752,-698.512,-0.00476407,0.00185794,-0.000574868,0.0051577,0.000286411,0.000187683,0.0012225
209,66.0503,7.31066,-694.952,-0.00425528,0.00170927,0.00222849,0.00562421,0.000372384,0.000255035,0.0015634,57.7388,10.3303,-695.125,-0.00587039,0.0017725,0.00762685,0.00978736,0.000445031,0.000262511,0.00192581,57.9435,8.07444,-696.71,-0.00534634,0.00165529,0.00361709,0.00668236,0.000344471,0.000218895,0.00148686,58.4098,5.4752,-698.512,-0.00465037,0.00191827,0.00012153,0.00504893,0.000286245,0.000189123,0.00122219
210,66.0503,7.31066,-694.952,-0.00426232,0.00206959,0.00147642,0.00549731,0.000373187,0.000254677,0.00156678,57.7388,10.3303,-695.125,-0.00511951,0.00220089,0.00133885,0.00573133,0.000444466,0.00025438,0.00192174,57.9435,8.07444,-696.71,-0.00467381,0.00229222,-0.00057593,0.00525204,0.000348284,0.000216612,0.00150244,58.4098,5.4752,-698.512,-0.00452087,0.00234607,-0.00157524,0.00533313,0.000288763,0.000186959,0.00123195
211,66.0503,7.31066,-694.952,-0.0041918,0.00244362,0.00107535,0.00540226,0.000371988,0.000253918,0.00156184,57.7388,10.3303,-695.125,-0.0054075,0.00261103,0.00277742,0.00661709,0.000448545,0.000262705,0.00194062,57.9435,8.07444,-696.71,-0.00478479,0.00262449,-0.000742681,0.00554195,0.000343984,0.000218729,0.00148479,58.4098,5.4752,-698.512,-0.00450655,0.00295282,-0.00177915,0.00568157,0.000284669,0.00018802,0.00121545
212,66.0503,7.31066,-694.952,-0.00408644,0.00280814,0.000801838,0.00557239,0.000374183,0.000255853,0.00157087,57.7388,10.3303,-695.125,-0.0049126,0.00281823,0.00196519,0.00599609,0.000445088,0.000263969,0.00192636,57.9435,8.07444,-696.71,-0.00458997,0.00307618,-0.00157399,0.00576796,0.00034908,0.000220325,0.00150646,58.4098,5.4752,-698.512,-0.00439988,0.0030927,-0.00135425,0.00556026,0.000292065,0.000189641,0.00124618
213,66.0503,7.31066,-694.952,-0.00425601,0.00279658,0.00213746,0.00591378,0.000374013,0.000256183,0.00157011,57.7388,10.3303,-695.125,-0.00523457,0.00259298,0.00499429,0.0076912,0.000446663,0.000261861,0.00193253,57.9435,8.07444,-696.71,-0.00520378,0.00285081,0.00118587,0.00609074,0.000348604,0.000220597,0.00150452,58.4098,5.4752,-698.512,-0.00506845,0.00302591,0.00103598,0.00600669,0.000289927,0.00019142,0.00123788
214,66.0805,7.30999,-694.944,-0.00425294,0.00264612,0.00238739,0.00596361,0.00037402,0.00025523,0.00156955,57.7388,10.3303,-695.125,-0.00473403,0.0033699,0.000583228,0.00586313,0.000446697,0.000261187,0.00193253,57.9435,8.07444,-696.71,-0.00472813,0.00292805,0.000866779,0.00564293,0.000344225,0.00021977,0.00148598,58.4098,5.4752,-698.512,-0.00418734,0.00319484,-0.000909771,0.00535064,0.00028959,0.000187925,0.00123559
215,66.0503,7.31066,-694.952,-0.00422518,0.00232937,0.00302089,0.00607202,0.000373392,0.000253733,0.00156752,57.7388,10.3303,-695.125,-0.00538136,0.00250575,0.00407222,0.00720154,0.000445531,0.000260803,0.00192755,57.9435,8.07444,-696.71,-0.00559327,0.00243587,0.00412744,0.00736922,0.000349233,0.000218206,0.0015067,58.4098,5.4752,-698.512,-0.00500264,0.0024566,0.00272969,0.00620973,0.000290675,0.000188345,0.00124014
216,66.0503,7.31066,-694.952,-0.00405157,0.00192179,0.0036909,0.00608153,0.000372797,0.000254848,0.00156489,57.7388,10.3303,-695.125,-0.00487459,0.0022377,0.00793355,0.0095767,0.000443887,0.000259235,0.00192029,57.9435,8.07444,-696.71,-0.00509113,0.00202771,0.00518738,0.00755624,0.000347904,0.000216608,0.00150083,58.4098,5.4752,-698.512,-0.00476879,0.00216827,0.00274829,0.00591945,0.000289784,0.000186604,0.00123604
217,66.0503,7.31066,-694.952,-0.00392031,0.00176703,0.00353581,0.00592992,0.000373518,0.000254696,0.00156835,57.7388,10.3303,-695.125,-0.00509861,0.00228576,0.00583768,0.00808138,0.000448488,0.000257486,0.00193928,57.9435,8.07444,-696.71,-0.00423469,0.00200807,0.00293259,0.00554801,0.000349138,0.000218114,0.00150629,58.4098,5.4752,-698.512,-0.00441795,0.00194692,0.00202793,0.00524161,0.000288626,0.000188636,0.00123182
218,66.0503,7.31066,-694.952,-0.0035497,0.00194059,0.002566,0.00533382,0.00037226,0.000254602,0.00156287,57.7388,10.3303,-695.125,-0.00493618,0.00225901,0.00611357,0.00817609,0.000443038,0.000258874,0.00191665,57.9435,8.07444,-696.71,-0.00445793,0.00192264,0.00357148,0.00603918,0.000344749,0.000217894,0.00148782,58.4098,5.4752,-698.512,-0.00397969,0.00213629,0.00183627,0.00488481,0.000284416,0.000187869,0.00121437
219,66.0503,7.31066,-694.952,-0.0032687,0.00214765,0.00238321,0.005017,0.000372155,0.000254166,0.00156225,57.7388,10.3303,-695.125,-0.0042575,0.00241155,0.00417009,0.0064335,0.000444414,0.000256746,0.001922,57.9435,8.07444,-696.71,-0.00431476,0.00209624,0.0034377,0.00590672,0.000347099,0.000219893,0.00149807,58.4098,5.4752,-698.512,-0.00355653,0.0026244,0.000890605,0.00452349,0.000288087,0.000189407,0.00122981
220,66.0503,7.31066,-694.952,-0.00284904,0.00265251,0.00128206,0.0047486,0.000372357,0.000254217,0.00156314,57.7388,10.3303,-695.125,-0.00399812,0.00286125,0.000743876,0.00498198,0.00044184,0.000256186,0.00191106,57.9435,8.07444,-696.71,-0.00373665,0.0026878,0.001855,0.00497821,0.000344072,0.000217856,0.00148497,58.4098,5.4752,-698.512,-0.00315111,0.00319773,-0.000561623,0.00453863,0.000286919,0.000189175,0.00122496
221,66.0503,7.31066,-694.952,-0.00269618,0.00279871,0.00142632,0.00468616,0.00037172,0.000253791,0.00156064,57.7388,10.3303,-695.125,-0.00383102,0.002455,0.00604073,0.00756503,0.000445682,0.000261915,0.0019284,57.9435,8.07444,-696.71,-0.00335818,0.0027591,0.00185987,0.00478199,0.000346471,0.000221112,0.00149565,58.4098,5.4752,-698.512,-0.00290089,0.00326859,-0.000161746,0.00438134,0.000288191,0.000188042,0.00122988
222,66.0503,7.31066,-694.952,-0.00244279,0.00287179,0.00192867,0.00471329,0.00037209,0.000254024,0.00156203,57.7388,10.3303,-695.125,-0.00318595,0.00306618,0.00380686,0.00583974,0.000444528,0.000258538,0.00192284,57.9435,8.07444,-696.71,-0.00308115,0.00301159,0.00263764,0.00506811,0.000347463,0.000222156,0.00150002,58.4098,5.4752,-698.512,-0.0027361,0.00322988,0.00128525,0.00444702,0.000287729,0.00019116,0.0012288
223,66.0503,7.31066,-694.952,-0.00260038,0.00264388,0.00343635,0.00546069,0.000372318,0.000254279,0.00156322,57.7388,10.3303,-695.125,-0.00324866,0.00272515,0.00401618,0.00584273,0.000452208,0.000260717,0.00195559,57.9435,8.07444,-696.71,-0.00319022,0.00277947,0.00261892,0.00500077,0.00034603,0.000217406,0.0014931,58.4098,5.4752,-698.512,-0.00276039,0.00304896,0.00129984,0.00432505,0.000285889,0.000186375,0.00122001
224,66.0503,7.31066,-694.952,-0.00224779,0.00228218,0.00373358,0.00519788,0.00037291,0.00025452,0.00156557,57.7388,10.3303,-695.125,-0.0031284,0.00230238,0.00542403,0.00667166,0.00044838,0.000258934,0.00193911,57.9435,8.07444,-696.71,-0.00269101,0.00218998,0.00390517,0.00523478,0.000345774,0.000220193,0.00149256,58.4098,5.4752,-698.512,-0.00234463,0.00260395,0.00276618,0.00447486,0.000287269,0.000190787,0.00122681
225,66.0503,7.31066,-694.952,-0.00191235,0.00192389,0.0039722,0.00502997,0.000370969,0.000253195,0.00155753,57.7388,10.3303,-695.125,-0.00295493,0.00197546,0.00904659,0.00972018,0.000450244,0.000258711,0.0019469,57.9435,8.07444,-696.71,-0.00270382,0.00196824,0.00438235,0.00552413,0.000347672,0.000217696,0.00150006,58.4098,5.4752,-698.512,-0.00213349,0.00225354,0.00171087,0.00355061,0.000286531,0.000188334,0.00122314
226,66.0503,7.31066,-694.952,-0.00135938,0.00185457,0.0027626,0.00396758,0.000370983,0.000254013,0.0015576,57.7388,10.3303,-695.125,-0.00182379,0.00218158,0.00443786,0.00527209,0.000446161,0.000257165,0.00192941,57.9435,8.07444,-696.71,-0.00155638,0.00209215,0.00217596,0.00341468,0.000345598,0.000215604,0.00149094,58.4098,5.4752,-698.512,-0.00157636,0.00214897,0.00130334,0.00297576,0.000283042,0.000184614,0.00120788
227,66.0503,7.31066,-694.952,-0.000834421,0.00191415,0.00184106,0.00332002,0.000370495,0.000253315,0.00155573,57.7388,10.3303,-695.125,-0.00149356,0.00188631,0.00406857,0.00472798,0.000446668,0.000259379,0.001932,57.9435,8.07444,-696.71,-0.00133754,0.00204285,0.000737091,0.00256414,0.00034608,0.000218342,0.00149348,58.4098,5.4752,-698.512,-0.00128731,0.00224115,0.000820053,0.00273925,0.000284225,0.000187224,0.0012134
228,66.088,7.31115,-694.941,-0.000565741,0.00198593,0.00139627,0.00332502,0.000371439,0.000253841,0.00155904,57.7388,10.3303,-695.125,-0.000648441,0.00221544,0.000167168,0.00232415,0.000440619,0.000258912,0.00190647,57.9435,8.07444,-696.71,-0.000862443,0.00234136,-0.0015189,0.00292306,0.000342959,0.000215632,0.00147986,58.4098,5.4752,-698.512,-0.000727586,0.00260074,-0.00137916,0.00303826,0.000282956,0.000184953,0.00120761
229,66.0805,7.30999,-694.944,-0.000104868,0.00239906,0.000787988,0.00351964,0.000371153,0.000254095,0.00155817,57.7388,10.3303,-695.125,-0.000536669,0.00208176,-0.000282028,0.00224357,0.000436385,0.000256837,0.00188824,57.9435,8.07444,-696.71,-0.000562904,0.00246412,-0.00089498,0.00272295,0.000346171,0.000217333,0.00149366,58.4098,5.4752,-698.512,0.000139498,0.00293808,-0.00227417,0.00372784,0.000288713,0.000188018,0.001232
230,66.1568,7.31323,-694.92,4.33796e-05,0.00269079,0.00134792,0.00404586,0.000371635,0.000254818,0.0015594,57.7388,10.3303,-695.125,-0.000573048,0.00259202,0.00217915,0.00343883,0.000447078,0.000267165,0.00193536,57.9435,8.07444,-696.71,-0.000360554,0.00302398,-0.000480717,0.00308685,0.000349448,0.000223692,0.00150863,58.4098,5.4752,-698.512,-0.000275905,0.00319563,-0.000501646,0.00325905,0.000287327,0.000189444,0.00122669
231,66.1183,7.31048,-694.933,0.00026143,0.0026313,0.00225866,0.00419914,0.000371505,0.00025441,0.00155926,57.7388,10.3303,-695.125,-0.000445096,0.00220501,0.00349332,0.0041566,0.000439578,0.000255135,0.00190129,57.9435,8.07444,-696.71,-7.17375e-06,0.00284881,-0.000104861,0.00290337,0.000340904,0.00021378,0.00147089,58.4098,5.4752,-698.512,0.000560736,0.00342866,-0.00178094,0.00391826,0.000285509,0.000186668,0.00121851
232,66.0805,7.30999,-694.944,0.000505859,0.00242552,0.00317352,0.0046426,0.000371265,0.000253858,0.00155842,57.7388,10.3303,-695.125,2.98154e-05,0.00234391,0.00318363,0.00396026,0.000445184,0.000256311,0.00192511,57.9435,8.07444,-696.71,0.000343026,0.00265626,0.00116456,0.00295347,0.000346149,0.000217805,0.00149365,58.4098,5.4752,-698.512,0.000502181,0.002925,0.00024251,0.00298095,0.000287271,0.000187692,0.001226
233,66.1183,7.31048,-694.933,0.000760757,0.00200781,0.00387225,0.00484263,0.000371571,0.000253765,0.00155973,57.7388,10.3303,-695.125,-0.000683265,0.00195213,0.00643509,0.00676179,0.000448085,0.000255183,0.00193707,57.9435,8.07444,-696.71,0.00041127,0.00220274,0.0020069,0.00307243,0.00034817,0.000219527,0.00150246,58.4098,5.4752,-698.512,0.00095551,0.00227248,0.000421792,0.00252621,0.000286708,0.000187803,0.00122371
234,66.0805,7.30999,-694.944,0.000934779,0.00154544,0.00449953,0.00510785,0.000371765,0.000253883,0.00156064,57.7388,10.3303,-695.125,-0.000313086,0.00147058,0.007279,0.0074333,0.000450783,0.000265604,0.00195058,57.9435,8.07444,-696.71,0.000308761,0.00160039,0.00347948,0.00385614,0.000348589,0.000219745,0.00150425,58.4098,5.4752,-698.512,0.000745059,0.00182483,0.00204451,0.00285325,0.000287031,0.00018583,0.00122453
235,66.1183,7.31048,-694.933,0.00144049,0.0013055,0.00451564,0.0053889,0.000371076,0.000253375,0.00155732,57.7388,10.3303,-695.125,0.000145471,0.00172156,0.0061106,0.00635325,0.000453703,0.000258559,0.0019614,57.9435,8.07444,-696.71,0.00123074,0.00177106,0.00229531,0.00319403,0.000345934,0.00021431,0.0014921,58.4098,5.4752,-698.512,0.00184954,0.00191341,-0.000190598,0.00267514,0.000282861,0.000185602,0.00120738
236,66.0805,7.30999,-694.944,0.0019508,0.00139049,0.00331064,0.00490097,0.000371049,0.000253771,0.00155758,57.7388,10.3303,-695.125,0.00045306,0.001719,0.0054598,0.0057423,0.000443523,0.0002577,0.0019184,57.9435,8.07444,-696.71,0.00139646,0.00167436,0.00168123,0.00279572,0.000341141,0.000215681,0.00147223,58.4098,5.4752,-698.512,0.00205918,0.0018227,0.000969233,0.00293343,0.000284335,0.000187547,0.00121392
237,66.0805,7.30999,-694.944,0.00218134,0.00145261,0.00362343,0.00514321,0.000371455,0.000253556,0.00155895,57.7388,10.3303,-695.125,0.00098347,0.00166627,0.0065363,0.00682614,0.000444301,0.000261793,0.00192252,57.9435,8.07444,-696.71,0.00147721,0.00175336,0.00237474,0.00343279,0.000344041,0.000219716,0.00148516,58.4098,5.4752,-698.512,0.00252923,0.0022185,-0.00222923,0.00405391,0.000284148,0.000189502,0.00121367
238,66.1568,7.31323,-694.92,0.00261431,0.0018545,0.00326324,0.00517196,0.000370967,0.00025366,0.00155686,57.7388,10.3303,-695.125,0.00161175,0.0024674,0.00334263,0.00447453,0.00044942,0.000261325,0.00194395,57.9435,8.07444,-696.71,0.00233075,0.0021634,0.000844296,0.00333917,0.000345938,0.000221467,0.00149347,58.4098,5.4752,-698.512,0.00282084,0.00225128,0.000355052,0.00365117,0.000285791,0.000191551,0.00122094
239,66.18,7.30987,-694.916,0.0028088,0.00209902,0.00372382,0.00574547,0.000373505,0.000255366,0.00156707,57.7388,10.3303,-695.125,0.00196383,0.00232302,0.00654865,0.00722077,0.000451938,0.000258874,0.00195402,57.9435,8.07444,-696.71,0.00242219,0.00232573,0.0036431,0.00499662,0.000347966,0.000216678,0.00150106,58.4098,5.4752,-698.512,0.00272986,0.00245871,0.00137188,0.0039271,0.00028699,0.000187701,0.00122483
240,66.1568,7.31323,-694.92,0.00285072,0.00202666,0.00523168,0.00685216,0.000372664,0.000255692,0.00156372,57.7388,10.3303,-695.125,0.00103432,0.00194243,0.00915307,0.00941555,0.000444138,0.000261868,0.00192185,57.9435,8.07444,-696.71,0.0017693,0.00200273,0.00622976,0.00678998,0.000346895,0.000216906,0.0014966,58.4098,5.4752,-698.512,0.00237606,0.00238121,0.00465408,0.00574902,0.000288172,0.000187872,0.00122972
241,66.1568,7.31323,-694.92,0.00300378,0.00181885,0.00613178,0.00733278,0.000372852,0.000255177,0.00156452,57.7388,10.3303,-695.125,0.00151264,0.0021347,0.00829987,0.00870569,0.000444626,0.000263621,0.00192427,57.9435,8.07444,-696.71,0.00215224,0.00176041,0.00621613,0.00682278,0.000349073,0.000222882,0.00150686,58.4098,5.4752,-698.512,0.00283165,0.00224068,0.00401048,0.00539954,0.000288592,0.000189185,0.00123178
242,66.18,7.30987,-694.916,0.00315272,0.00148233,0.00694318,0.00823425,0.000372853,0.000255122,0.00156384,57.7388,10.3303,-695.125,0.00151262,0.00183855,0.0116589,0.0118996,0.000451025,0.000254373,0.00194924,57.9435,8.07444,-696.71,0.00254383,0.00154081,0.00665385,0.00730746,0.000347053,0.000215655,0.00149703,58.4098,5.4752,-698.512,0.00322315,0.00177219,0.00418844,0.00557824,0.000288136,0.000187584,0.00122949
243,66.18,7.30987,-694.916,0.00335617,0.00102335,0.00710351,0.00821477,0.000371627,0.000253881,0.00155918,57.7388,10.3303,-695.125,0.0019887,0.00127906,0.0119291,0.0121614,0.000452465,0.000264,0.00195728,57.9435,8.07444,-696.71,0.00282868,0.0011796,0.00766004,0.00826211,0.00034599,0.000221532,0.00149368,58.4098,5.4752,-698.512,0.00358864,0.00158562,0.00424378,0.00578594,0.000283795,0.000188459,0.00121194
244,66.18,7.30987,-694.916,0.00366879,0.000685814,0.00679564,0.00817498,0.000371962,0.000254638,0.00156029,57.7388,10.3303,-695.125,0.00237144,0.00129277,0.0102404,0.0105919,0.000451117,0.00025892,0.00195055,57.9435,8.07444,-696.71,0.00265664,0.000939712,0.00887552,0.00931757,0.000345471,0.000216533,0.00149055,58.4098,5.4752,-698.512,0.00351169,0.00111082,0.00605037,0.00708469,0.000283319,0.000186337,0.00120942
245,66.1568,7.31323,-694.92,0.00406082,0.000633207,0.00596353,0.00788448,0.000372178,0.000253665,0.00156123,57.7388,10.3303,-695.125,0.00190676,0.000903377,0.0125122,0.0126894,0.000446957,0.000256984,0.00193266,57.9435,8.07444,-696.71,0.00284678,0.000905112,0.00801463,0.00856559,0.000345158,0.000214897,0.00148892,58.4098,5.4752,-698.512,0.00413416,0.00114331,0.00334779,0.00545178,0.000282418,0.00018338,0.00120497
246,66.18,7.30987,-694.916,0.00447933,0.000850126,0.00473148,0.00720426,0.000370667,0.000253733,0.00155536,57.7388,10.3303,-695.125,0.00321664,0.00116719,0.00670617,0.00753805,0.000440622,0.000256763,0.00190598,57.9435,8.07444,-696.71,0.00358237,0.00100283,0.00526064,0.00644747,0.000342194,0.000217103,0.0014769,58.4098,5.4752,-698.512,0.00401668,0.000927323,0.00507392,0.00653821,0.000284756,0.000188727,0.00121593
247,66.1568,7.31323,-694.92,0.00460896,0.000998698,0.00507817,0.00768022,0.000373361,0.000256189,0.00156664,57.7388,10.3303,-695.125,0.00355536,0.00100626,0.00852737,0.00929518,0.000451636,0.000262432,0.00195346,57.9435,8.07444,-696.71,0.00439275,0.00118894,0.00453787,0.00643605,0.000348321,0.000221499,0.00150342,58.4098,5.4752,-698.512,0.0046913,0.00153577,0.00223762,0.00542006,0.000289265,0.000190867,0.00123497
248,66.18,7.30987,-694.916,0.00463534,0.00117198,0.0052571,0.00765215,0.00037324,0.000255887,0.00156584,57.7388,10.3303,-695.125,0.00325367,0.000950105,0.0099147,0.0104791,0.000451308,0.000266824,0.001953,57.9435,8.07444,-696.71,0.00424309,0.00121829,0.00651421,0.00789282,0.000347032,0.000219296,0.0014976,58.4098,5.4752,-698.512,0.00492431,0.00178978,0.0020819,0.00564288,0.000283546,0.000185439,0.00121012
249,66.1568,7.31323,-694.92,0.00455592,0.00110831,0.00643157,0.00830567,0.000373654,0.000255487,0.00156734,57.7388,10.3303,-695.125,0.00234617,0.000691304,0.0138167,0.0140324,0.000447933,0.000262287,0.00193786,57.9435,8.07444,-696.71,0.0035066,0.00118366,0.00799294,0.00882781,0.000349556,0.000219712,0.00150827,58.4098,5.4752,-698.512,0.00463168,0.00159753,0.00460185,0.0067254,0.00028793,0.000188244,0.00122881
250,66.191,7.31237,-694.911,0.00466966,0.000926233,0.00665324,0.0084671,0.000373646,0.000256298,0.00156784,57.7388,10.3303,-695.125,0.00315591,0.000150777,0.0126203,0.0130104,0.000448794,0.000261568,0.00194132,57.9435,8.07444,-696.71,0.00367871,0.000775758,0.00839798,0.00920945,0.000348906,0.000219952,0.00150559,58.4098,5.4752,-698.512,0.00450147,0.0015216,0.00438798,0.00647939,0.000289412,0.000191277,0.00123568
251,66.18,7.30987,-694.916,0.00467444,0.000465335,0.00756169,0.00915209,0.000372947,0.000256067,0.00156515,57.7388,10.3303,-695.125,0.00238005,0.000223807,0.0130022,0.0132213,0.000451272,0.000259153,0.00195125,57.9435,8.07444,-696.71,0.00423674,0.000795732,0.00635994,0.00769585,0.000343602,0.00021756,0.0014829,58.4098,5.4752,-698.512,0.00485488,0.000880615,0.00531751,0.00725444,0.000285841,0.000189881,0.00122068
252,66.2077,7.30705,-694.91,0.00490576,6.37278e-05,0.00776038,0.00951749,0.000372973,0.00025541,0.00156453,57.7388,10.3303,-695.125,0.00396461,-0.000171102,0.0131444,0.013731,0.000449464,0.000262715,0.00194437,57.9435,8.07444,-696.71,0.00446223,0.000266165,0.00784048,0.00903656,0.000350839,0.00022126,0.00151395,58.4098,5.4752,-698.512,0.00496512,0.000439333,0.00519341,0.00719858,0.000286953,0.000189072,0.00122502
253,66.231,7.30367,-694.906,0.00511885,-0.000298261,0.00761619,0.00940106,0.00037168,0.000255958,0.00155895,57.7388,10.3303,-695.125,0.00435197,-7.29868e-05,0.0103465,0.011226,0.000446669,0.000259385,0.00193193,57.9435,8.07444,-696.71,0.00490145,-3.5582e-05,0.00648914,0.00813258,0.000340387,0.000216251,0.00146915,58.4098,5.4752,-698.512,0.00487246,3.58041e-07,0.00698843,0.00852051,0.000282902,0.000189838,0.00120863
254,66.1568,7.31323,-694.92,0.00561245,-0.000200657,0.00569496,0.00860277,0.000373728,0.000255151,0.00156815,57.7388,10.3303,-695.125,0.00372283,-8.79242e-05,0.00994203,0.0106175,0.000449825,0.000263358,0.00194604,57.9435,8.07444,-696.71,0.00463982,0.000220525,0.00595131,0.00757712,0.000355594,0.000222816,0.00153419,58.4098,5.4752,-698.512,0.00584046,0.000223525,0.00231473,0.00629434,0.000293338,0.000189886,0.0012514
255,66.2143,7.309,-694.907,0.00566431,-0.000137822,0.00561773,0.00840627,0.000373139,0.000255531,0.00156496,57.7388,10.3303,-695.125,0.0035842,-0.000256241,0.0120634,0.0125874,0.000450666,0.000262598,0.00194941,57.9435,8.07444,-696.71,0.00426891,1.92448e-05,0.00908315,0.0100437,0.000348274,0.000220978,0.00150313,58.4098,5.4752,-698.512,0.00521616,0.000209512,0.00484476,0.00713394,0.000288028,0.000190918,0.00122991
256,66.2809,7.30816,-694.889,0.00584447,0.000192041,0.00523812,0.00836244,0.000374082,0.000256454,0.00156831,57.7388,10.3303,-695.125,0.00380463,0.000355512,0.0110947,0.0117353,0.000448459,0.000263513,0.00194032,57.9435,8.07444,-696.71,0.0049893,0.000485536,0.00603758,0.00786647,0.000351099,0.000222475,0.00151526,58.4098,5.4752,-698.512,0.00574531,0.000566988,0.00250997,0.00630888,0.000290662,0.000188907,0.00124018
257,66.1966,7.30455,-694.915,0.00589447,0.000587783,0.00495624,0.00834422,0.000373029,0.000256439,0.00156471,57.7388,10.3303,-695.125,0.00498973,0.000536099,0.00639583,0.00813087,0.000452325,0.000260695,0.00195599,57.9435,8.07444,-696.71,0.00533257,0.000917149,0.00307553,0.00623287,0.00035313,0.000220976,0.00152352,58.4098,5.4752,-698.512,0.00586078,0.00125007,0.00153026,0.00618596,0.000293351,0.000193026,0.00125227
258,66.2609,7.30302,-694.898,0.00576918,0.00067582,0.00592939,0.00871083,0.00037391,0.000256486,0.00156798,57.7388,10.3303,-695.125,0.00404264,0.000508621,0.0115396,0.0122385,0.000444641,0.000260818,0.00192371,57.9435,8.07444,-696.71,0.00489258,0.000742285,0.00552738,0.00743346,0.000346131,0.000221142,0.00149417,58.4098,5.4752,-698.512,0.00552571,0.000852144,0.00504108,0.00753059,0.000288067,0.000188803,0.00122951
259,66.2143,7.309,-694.907,0.00582089,0.000521511,0.00637384,0.00911096,0.000374624,0.000256916,0.0015716,57.7388,10.3303,-695.125,0.00373856,0.000239664,0.0119049,0.012481,0.00044794,0.000261745,0.00193777,57.9435,8.07444,-696.71,0.00464283,0.000547356,0.00751816,0.00887943,0.000351931,0.000222408,0.00151874,58.4098,5.4752,-698.512,0.00586053,0.00106394,0.00327114,0.00679792,0.000291514,0.000190976,0.0012442
260,66.231,7.30367,-694.906,0.00575106,0.00017578,0.00698862,0.00940568,0.000372131,0.00025572,0.00156029,57.7388,10.3303,-695.125,0.00365542,0.000322939,0.0120278,0.0125754,0.000443551,0.000255526,0.00191802,57.9435,8.07444,-696.71,0.00469754,0.000290389,0.00794901,0.00925483,0.000344699,0.000219212,0.00148779,58.4098,5.4752,-698.512,0.00578217,0.000541993,0.00499784,0.00766222,0.000289045,0.000191313,0.00123417
261,66.3204,7.31166,-694.875,0.00581052,-9.16494e-05,0.00658163,0.00931646,0.000374884,0.000256888,0.00157113,57.7388,10.3303,-695.125,0.00366008,-0.000204852,0.0125921,0.0131163,0.000447403,0.000261527,0.00193548,57.9435,8.07444,-696.71,0.00480698,-7.02523e-06,0.00706894,0.00858026,0.000346536,0.000218637,0.00149539,58.4098,5.4752,-698.512,0.00581924,0.00029881,0.00365501,0.00688462,0.000290231,0.000190614,0.00123885
262,66.231,7.30367,-694.906,0.00590058,-0.000364754,0.00647452,0.00928353,0.000374591,0.000256659,0.0015708,57.7388,10.3303,-695.125,0.00428475,-3.76343e-05,0.0113979,0.012177,0.000449309,0.000259164,0.00194299,57.9435,8.07444,-696.71,0.00518391,-1.21758e-05,0.00595885,0.00792708,0.000348709,0.000218846,0.00150455,58.4098,5.4752,-698.512,0.00606374,8.82268e-06,0.0024925,0.00656254,0.000288758,0.000187081,0.0012319
263,66.2978,7.30281,-694.888,0.00610609,-0.000475735,0.00543844,0.00885536,0.000374042,0.000256842,0.00156774,57.7388,10.3303,-695.125,0.00439785,0.000266561,0.00999643,0.0109342,0.000448318,0.000259531,0.0019389,57.9435,8.07444,-696.71,0.00544503,-0.000147903,0.00654631,0.00854755,0.000348824,0.000220222,0.00150529,58.4098,5.4752,-698.512,0.00645155,-3.13712e-05,0.00258852,0.00695962,0.000288641,0.000190983,0.00123243
264,66.2509,7.3088,-694.897,0.00649267,-8.38045e-05,0.00385878,0.00850101,0.000373342,0.000257271,0.00156578,57.7388,10.3303,-695.125,0.00488197,0.000308746,0.00735091,0.00883162,0.00044696,0.000266082,0.00193457,57.9435,8.07444,-696.71,0.00582269,0.000381679,0.00335277,0.0067437,0.000346807,0.000223493,0.00149746,58.4098,5.4752,-698.512,0.00656063,0.000469248,0.00132814,0.00671337,0.000286791,0.000191048,0.00122487
265,66.231,7.30367,-694.906,0.00640281,0.0001324,0.00353381,0.00808707,0.000374477,0.000256801,0.00157034,57.7388,10.3303,-695.125,0.00491819,0.000634445,0.00633022,0.00804465,0.000448891,0.000260794,0.00194157,57.9435,8.07444,-696.71,0.00551141,0.000105439,0.00449925,0.00712874,0.00034593,0.00021952,0.00149301,58.4098,5.4752,-698.512,0.0061671,0.000266294,0.00128984,0.00632341,0.000287337,0.000188821,0.00122653
266,66.2845,7.29888,-694.895,0.00629329,0.000359875,0.00419105,0.00817904,0.000374392,0.000256211,0.00156966,57.7388,10.3303,-695.125,0.00502862,0.000541929,0.00737033,0.00893923,0.000451827,0.000258114,0.00195336,57.9435,8.07444,-696.71,0.00520983,0.000509053,0.00443273,0.00687003,0.000351844,0.000218571,0.00151767,58.4098,5.4752,-698.512,0.0062614,0.000765049,0.0014157,0.00647089,0.000289049,0.000189154,0.00123363
267,66.2677,7.30347,-694.896,0.00615844,0.000574114,0.00438809,0.00820584,0.000374332,0.000257664,0.00156997,57.7388,10.3303,-695.125,0.00436815,0.000805738,0.00816892,0.00930001,0.00044544,0.00026212,0.00192734,57.9435,8.07444,-696.71,0.00557478,0.00106238,0.00420997,0.00708495,0.000347221,0.00022296,0.00149907,58.4098,5.4752,-698.512,0.0061115,0.00114595,0.00137581,0.00637627,0.000291117,0.000192926,0.00124309
268,66.2609,7.30302,-694.898,0.00593912,0.000394555,0.00574403,0.00896156,0.000373616,0.000256687,0.00156633,57.7388,10.3303,-695.125,0.00424862,0.000487451,0.00994342,0.010825,0.000453405,0.000265713,0.00196158,57.9435,8.07444,-696.71,0.00535658,0.00065503,0.00553835,0.00775075,0.000349396,0.000221626,0.00150796,58.4098,5.4752,-698.512,0.00623132,0.000988879,0.00277834,0.00690242,0.000288511,0.000189327,0.00123147
269,66.1966,7.30455,-694.915,0.00594971,5.67848e-05,0.00562635,0.00881082,0.000372542,0.000256244,0.00156284,57.7388,10.3303,-695.125,0.00448858,-8.39192e-05,0.00965226,0.0106482,0.000444855,0.000258403,0.00192411,57.9435,8.07444,-696.71,0.00534525,8.16147e-05,0.00648849,0.00841458,0.00034397,0.000217427,0.00148439,58.4098,5.4752,-698.512,0.00580984,0.000361057,0.00448865,0.00736048,0.000287593,0.000190177,0.00122793
270,66.231,7.30367,-694.906,0.0059349,-0.000294862,0.00547446,0.00888148,0.000373807,0.000257074,0.00156782,57.7388,10.3303,-695.125,0.00360029,-2.50217e-05,0.0121886,0.0127104,0.000448106,0.000258671,0.00193783,57.9435,8.07444,-696.71,0.00533281,8.59395e-05,0.0057595,0.00788603,0.000349825,0.000217871,0.00150907,58.4098,5.4752,-698.512,0.00612208,0.000238284,0.0031246,0.0068867,0.000287843,0.000190341,0.001229
271,66.231,7.30367,-694.906,0.00617211,-0.000527664,0.00444338,0.00835711,0.000372758,0.00025616,0.00156329,57.7388,10.3303,-695.125,0.00475837,-0.000170964,0.00837593,0.00963622,0.000451477,0.000261701,0.00195263,57.9435,8.07444,-696.71,0.00563264,-0.000100677,0.00458156,0.00728109,0.000346504,0.000219883,0.0014955,58.4098,5.4752,-698.512,0.00612002,-6.07901e-05,0.00280274,0.00675355,0.000286394,0.000190781,0.00122318
272,66.1966,7.30455,-694.915,0.00623327,-0.000546784,0.00353717,0.00816717,0.000373368,0.000255439,0.00156612,57.7388,10.3303,-695.125,0.00414758,-0.000110886,0.0106371,0.0114184,0.000452399,0.000257843,0.00195571,57.9435,8.07444,-696.71,0.00563267,-0.000143077,0.00441025,0.00721618,0.000347879,0.000219418,0.00150118,58.4098,5.4752,-698.512,0.00678383,-7.69646e-05,-0.000472942,0.00680261,0.000289284,0.000190868,0.00123504
273,66.2477,7.29909,-694.905,0.00645524,-0.000325724,0.00213825,0.00774217,0.000372433,0.000255652,0.00156151,57.7388,10.3303,-695.125,0.00419428,-7.23301e-05,0.00811051,0.00913239,0.000448704,0.000261869,0.00194102,57.9435,8.07444,-696.71,0.00494584,-0.000462336,0.00618385,0.00793873,0.000349577,0.000221325,0.00150866,58.4098,5.4752,-698.512,0.00614767,-0.000340683,0.0024104,0.00662615,0.000290073,0.000189304,0.00123787
274,66.1966,7.30455,-694.915,0.00631452,-6.88584e-05,0.00206488,0.00738012,0.000372946,0.000255616,0.0015645,57.7388,10.3303,-695.125,0.0037247,4.39235e-05,0.0102721,0.0109283,0.000450696,0.000264107,0.00194985,57.9435,8.07444,-696.71,0.00502067,0.000364706,0.00315577,0.00599467,0.000350219,0.00022263,0.00151161,58.4098,5.4752,-698.512,0.00603391,0.000411662,0.000724331,0.00610975,0.000287509,0.0001912,0.00122786
275,66.2777,7.29844,-694.897,0.00624413,0.000261234,0.00168074,0.00724213,0.000372996,0.000255992,0.00156361,57.7388,10.3303,-695.125,0.00401715,0.000109758,0.00760515,0.00860477,0.000450602,0.000263746,0.00194939,57.9435,8.07444,-696.71,0.00527525,0.000461275,0.00258995,0.00594101,0.000348982,0.000220176,0.00150596,58.4098,5.4752,-698.512,0.00620922,0.000638269,0.00024785,0.00625535,0.000289161,0.00018984,0.00123427
276,66.2919,7.3008,-694.891,0.00580564,0.000579056,0.00245989,0.00717302,0.000372955,0.000255774,0.00156337,57.7388,10.3303,-695.125,0.00341961,0.000108785,0.00930563,0.00991685,0.000446121,0.000259516,0.00192967,57.9435,8.07444,-696.71,0.00493619,0.00073786,0.0031114,0.00594523,0.000349261,0.000216945,0.00150652,58.4098,5.4752,-698.512,0.0058674,0.00122376,0.000504539,0.00603765,0.000285796,0.000187254,0.00121981
277,66.2133,7.29997,-694.914,0.00568567,0.000584082,0.00264999,0.00702765,0.000372438,0.000256026,0.0015619,57.7388,10.3303,-695.125,0.00402524,0.000263472,0.00643844,0.00760143,0.00044243,0.000261502,0.00191457,57.9435,8.07444,-696.71,0.00501046,0.00067566,0.00230035,0.00556388,0.000343044,0.000220644,0.00148113,58.4098,5.4752,-698.512,0.00577408,0.00113969,0.000829946,0.00598278,0.000284485,0.000189879,0.00121513
278,66.231,7.30367,-694.906,0.00534529,0.000321092,0.00320808,0.00707707,0.00037321,0.000256567,0.00156539,57.7388,10.3303,-695.125,0.00340787,7.08867e-05,0.00879268,0.00943129,0.000444101,0.000260466,0.00192138,57.9435,8.07444,-696.71,0.00461169,0.000647045,0.00299987,0.00558172,0.000345984,0.000219793,0.0014933,58.4098,5.4752,-698.512,0.00543159,0.0010997,0.000238509,0.00555774,0.000289095,0.00019127,0.00123437
279,66.2609,7.30302,-694.898,0.00524128,-6.7973e-05,0.00280348,0.0067396,0.00037359,0.000256275,0.00156624,57.7388,10.3303,-695.125,0.00326483,-8.19288e-05,0.00850164,0.00910989,0.000446069,0.000261571,0.00192988,57.9435,8.07444,-696.71,0.00419987,0.000231052,0.00401962,0.00585284,0.000348511,0.000219349,0.00150382,58.4098,5.4752,-698.512,0.00528226,0.000540745,0.000674853,0.00535969,0.000289362,0.000189443,0.00123499
280,66.231,7.30367,-694.906,0.00515817,-0.000153678,0.00149128,0.00617245,0.000372742,0.000254965,0.00156291,57.7388,10.3303,-695.125,0.00366753,-8.04252e-05,0.00648681,0.00745331,0.000445797,0.000261127,0.00192865,57.9435,8.07444,-696.71,0.00461483,0.000119467,0.00156604,0.00498339,0.000345245,0.000219202,0.0014901,58.4098,5.4752,-698.512,0.00527689,0.000417228,-0.00140948,0.00548425,0.000287671,0.000187965,0.00122768
281,66.2609,7.30302,-694.898,0.00499518,-0.000289296,0.000407269,0.00607181,0.000372747,0.000255308,0.00156263,57.7388,10.3303,-695.125,0.0032086,-9.92672e-05,0.00571876,0.00656074,0.000454454,0.000262101,0.00196525,57.9435,8.07444,-696.71,0.00412499,-8.19663e-05,0.0017709,0.0045183,0.000351346,0.000222185,0.00151628,58.4098,5.4752,-698.512,0.00491255,-7.85663e-05,-0.000255037,0.00492983,0.000287588,0.000189166,0.00122766
282,66.2265,7.30389,-694.907,0.00482874,-0.000144121,-0.000681816,0.00550829,0.000371571,0.000254177,0.00155794,57.7388,10.3303,-695.125,0.00393453,0.000472359,0.00156311,0.00426275,0.00044494,0.000258097,0.00192442,57.9435,8.07444,-696.71,0.00427142,0.000527768,-0.00128894,0.00451583,0.000342792,0.000216202,0.00147924,58.4098,5.4752,-698.512,0.00498332,0.000735772,-0.00419126,0.00655667,0.000284093,0.000187325,0.00121286
283,66.1966,7.30455,-694.915,0.00451961,0.000181526,-0.000926618,0.00538364,0.000370801,0.000252991,0.00155573,57.7388,10.3303,-695.125,0.00337869,0.000522025,0.00193809,0.0039376,0.000446832,0.000256019,0.00193195,57.9435,8.07444,-696.71,0.00410386,0.000651044,-0.00222739,0.00472575,0.000346221,0.000217243,0.00149384,58.4098,5.4752,-698.512,0.00410195,0.000456333,-0.00196712,0.004577,0.000287901,0.000189289,0.00122898
284,66.2677,7.30347,-694.896,0.00439042,0.000739843,-0.00211024,0.00555205,0.000369813,0.000254324,0.0015509,57.7388,10.3303,-695.125,0.00210894,0.000670606,0.00260303,0.00342659,0.000444941,0.000258483,0.00192452,57.9435,8.07444,-696.71,0.0033325,0.000844513,-0.00112108,0.00368292,0.000343261,0.000218164,0.00148159,58.4098,5.4752,-698.512,0.00420755,0.00120228,-0.00352838,0.0056267,0.000286973,0.000190735,0.00122556
285,66.2143,7.309,-694.907,0.00353013,0.000796452,-0.000433492,0.00445439,0.000370731,0.000254129,0.00155478,57.7388,10.3303,-695.125,0.00241688,0.000819276,0.00138852,0.0029072,0.000448612,0.000254985,0.00193924,57.9435,8.07444,-696.71,0.0028768,0.000770617,-0.000212592,0.00300483,0.000347175,0.000214306,0.00149731,58.4098,5.4752,-698.512,0.00329666,0.00119084,-0.00146716,0.00381885,0.000283026,0.000185483,0.00120802
286,66.18,7.30987,-694.916,0.00307809,0.000746832,0.000105249,0.0039789,0.000370233,0.000254054,0.00155294,57.7388,10.3303,-695.125,0.00159566,0.000907817,0.00218173,0.00287157,0.000444172,0.000258781,0.00192136,57.9435,8.07444,-696.71,0.0024348,0.0011008,-0.00149446,0.00308014,0.000343892,0.000218148,0.00148424,58.4098,5.4752,-698.512,0.00337302,0.00159329,-0.00409531,0.00554037,0.000284847,0.000185548,0.0012155
287,66.2143,7.309,-694.907,0.00261111,0.000544574,0.000238582,0.0037122,0.00037062,0.000254098,0.00155429,57.7388,10.3303,-695.125,0.00120001,0.000379919,0.00253307,0.0028501,0.000443271,0.000256103,0.00191701,57.9435,8.07444,-696.71,0.00184676,0.000688651,-0.00114438,0.00232338,0.000342731,0.000216898,0.00147912,58.4098,5.4752,-698.512,0.00224158,0.000961036,-0.0014118,0.00283672,0.000283292,0.000186224,0.0012093
288,66.1966,7.30455,-694.915,0.00237923,0.000253788,-0.000535305,0.00340707,0.000370514,0.000253911,0.00155443,57.7388,10.3303,-695.125,0.00111636,0.000722307,0.000995876,0.00168822,0.000447179,0.000262322,0.00193475,57.9435,8.07444,-696.71,0.00207483,0.000653564,-0.00274678,0.00350815,0.000345764,0.000217498,0.00149198,58.4098,5.4752,-698.512,0.00232447,0.000853477,-0.0033387,0.00416057,0.000284275,0.000185842,0.00121323
289,66.18,7.30987,-694.916,0.00208791,-5.19217e-05,-0.00144439,0.00335997,0.00037029,0.000252633,0.00155328,57.7388,10.3303,-695.125,0.000496278,0.000260585,0.00260169,0.0026647,0.000442152,0.000256211,0.00191233,57.9435,8.07444,-696.71,0.00120886,-4.25218e-05,9.22032e-05,0.0014206,0.000345842,0.000217177,0.00149225,58.4098,5.4752,-698.512,0.00180013,0.000201814,-0.00324447,0.00372042,0.000284287,0.000187766,0.00121379
290,66.18,7.30987,-694.916,0.00174769,-9.13886e-05,-0.00274476,0.00397065,0.000369934,0.000252846,0.00155177,57.7388,10.3303,-695.125,-0.000172018,-9.40885e-05,0.00281445,0.00282229,0.000439717,0.000254724,0.00190179,57.9435,8.07444,-696.71,0.00102315,2.11789e-05,-0.00305247,0.00322119,0.000339334,0.000216917,0.0014649,58.4098,5.4752,-698.512,0.00181019,0.000348806,-0.0054791,0.00578183,0.000284109,0.000186936,0.00121285
291,66.231,7.30367,-694.906,0.00137812,-3.07416e-05,-0.00354424,0.00400835,0.000370262,0.000253211,0.00155273,57.7388,10.3303,-695.125,0.00011994,4.32013e-05,-0.00150203,0.00150849,0.000448262,0.000265371,0.00193996,57.9435,8.07444,-696.71,0.000897556,7.59804e-05,-0.00306349,0.00319382,0.000349982,0.000220637,0.00151027,58.4098,5.4752,-698.512,0.00149114,0.000307852,-0.00470477,0.00494532,0.000288138,0.000186131,0.00122915
292,66.1966,7.30455,-694.915,0.00148645,0.000301687,-0.0059995,0.00661666,0.000370655,0.000253223,0.00155489,57.7388,10.3303,-695.125,-2.5808e-05,-0.00297591,0.0012311,0.00332973,0.000453348,0.000265512,0.00196136,57.9435,8.07444,-696.71,0.00120649,0.000557741,-0.00573831,0.00589151,0.000346308,0.000215427,0.0014939,58.4098,5.4752,-698.512,0.000931566,0.000749419,-0.00646969,0.00657948,0.000283552,0.000185179,0.00121011
293,66.1966,7.30455,-694.915,0.00165509,-0.000281725,-0.00870658,0.010914,0.000376627,0.000255765,0.0015797,57.7388,10.3303,-695.125,1.58287e-05,-0.0115649,0.0059699,0.0133041,0.000495089,0.000340205,0.00215339,57.9435,8.07444,-696.71,0.00193411,0.000173382,-0.0121512,0.0123102,0.000348754,0.00021716,0.00150449,58.4098,5.4752,-698.512,0.000408152,0.000937196,-0.00599052,0.00607748,0.000284722,0.000185511,0.00121499
294,66.2609,7.30302,-694.898,0.00277451,-0.00242494,-0.0156465,0.0201846,0.000393259,0.000266053,0.00164944,57.7388,10.3303,-695.125,0.00089773,-0.0290133,0.0110799,0.0316381,0.000639153,0.000519689,0.00280146,57.9435,8.07444,-696.71,0.00353152,-0.00288427,-0.0184395,0.0190013,0.000366931,0.000230468,0.00158329,58.4098,5.4752,-698.512,0.000735186,0.000138121,-0.00932457,0.00935776,0.000285735,0.000187817,0.00121975
295,66.255,7.30101,-694.901,0.00440947,-0.0068448,-0.0261657,0.0348353,0.000424762,0.000284551,0.0017833,57.7388,10.3303,-695.125,0.00448117,-0.0522805,0.00589368,0.0537274,0.000855619,0.000756772,0.00376856,57.9435,8.07444,-696.71,0.00669189,-0.00912876,-0.0329458,0.0348396,0.000400807,0.000249836,0.00172914,58.4098,5.4752,-698.512,0.00114595,-0.00310262,-0.0140496,0.0144405,0.000294507,0.000194472,0.00125743
296,66.2908,7.30235,-694.89,0.00646346,-0.0130632,-0.0390809,0.0527025,0.000464553,0.000307257,0.00195122,57.7388,10.3303,-695.125,0.0127917,-0.0743406,-0.022252,0.0796443,0.00110088,0.00100737,0.00485954,57.9435,8.07444,-696.71,0.0105102,-0.017435,-0.0486689,0.05276,0.000458939,0.00029006,0.00198069,58.4098,5.4752,-698.512,0.0024141,-0.00810527,-0.0200201,0.0217447,0.00031299,0.000206201,0.00133623
297,66.2264,7.30388,-694.907,0.00869572,-0.0201775,-0.05298,0.071141,0.000510483,0.000334394,0.0021461,57.7388,10.3303,-695.125,0.0316426,-0.0856024,-0.102589,0.137659,0.00131938,0.00122239,0.0058291,57.9435,8.07444,-696.71,0.0132133,-0.0275378,-0.0610397,0.0682793,0.000533193,0.000332551,0.00230034,58.4098,5.4752,-698.512,0.00344706,-0.0141485,-0.0271243,0.0308009,0.000351579,0.000232024,0.00150109
298,66.2624,7.25939,-694.929,0.00895889,-0.0250029,-0.0590363,0.07761,0.000537903,0.000355867,0.00226246,57.7388,10.3303,-695.125,0.0524649,-0.0880857,-0.192582,0.218306,0.00146434,0.00136538,0.00647258,57.9435,8.07444,-696.71,0.0161593,-0.0369633,-0.0740866,0.0844103,0.000589315,0.000370852,0.00254306,58.4098,5.4752,-698.512,0.00418518,-0.02095,-0.0330395,0.0393647,0.000391728,0.000255095,0.00167163
299,66.1313,7.29929,-694.937,0.0092948,-0.029521,-0.0662379,0.0875052,0.000596027,0.000386759,0.00250816,57.7388,10.3303,-695.125,0.0678798,-0.0855621,-0.257676,0.279968,0.00154572,0.00144142,0.00683247,57.9435,8.07444,-696.71,0.0176477,-0.0437789,-0.0810088,0.0938346,0.000619388,0.000393419,0.00267352,58.4098,5.4752,-698.512,0.00473744,-0.0266371,-0.036776,0.0456753,0.000418439,0.000274811,0.00178622
300,66.1897,7.29197,-694.926,0.00908498,-0.0314395,-0.0669698,0.0885599,0.000606054,0.000393818,0.0025498,57.7388,10.3303,-695.125,0.0718557,-0.0843945,-0.279173,0.300457,0.00156509,0.00145665,0.00691724,57.9435,8.07444,-696.71,0.0169578,-0.0455173,-0.0806811,0.0942661,0.000625703,0.000399064,0.00270111,58.4098,5.4752,-698.512,0.00444629,-0.0291488,-0.0378031,0.0479591,0.000425413,0.000285551,0.00181762
301,66.2022,7.28154,-694.931,0.00849025,-0.0301239,-0.0647236,0.0865181,0.000589658,0.000387382,0.00248044,57.7388,10.3303,-695.125,0.0630721,-0.0871939,-0.239985,0.2631,0.00152503,0.00142241,0.00674109,57.9435,8.07444,-696.71,0.0160426,-0.0427882,-0.0779083,0.0904432,0.00062415,0.000398745,0.00269452,58.4098,5.4752,-698.512,0.0029683,-0.0283682,-0.032979,0.0436181,0.000431251,0.000287704,0.0018421
302,66.2306,7.28699,-694.917,0.00724835,-0.0284752,-0.0578351,0.080545,0.000551737,0.00036497,0.00231955,57.7388,10.3303,-695.125,0.0432964,-0.0937877,-0.156081,0.187397,0.00142295,0.00131547,0.00628586,57.9435,8.07444,-696.71,0.0121465,-0.036446,-0.0626362,0.0735807,0.000589854,0.000376657,0.00254643,58.4098,5.4752,-698.512,0.00160212,-0.0244661,-0.0273134,0.0367258,0.000407305,0.000270158,0.00173939
303,66.2732,7.29788,-694.898,0.00565429,-0.0225639,-0.0516396,0.0709055,0.000517459,0.000341977,0.00217293,57.7388,10.3303,-695.125,0.0222043,-0.0884305,-0.0699881,0.115594,0.00125832,0.00114905,0.0055539,57.9435,8.07444,-696.71,0.00913306,-0.0269609,-0.055419,0.062367,0.000537663,0.000340332,0.00232056,58.4098,5.4752,-698.512,-0.000727203,-0.0184338,-0.0211498,0.0280822,0.000367979,0.000243846,0.00157139
304,66.2908,7.30235,-694.89,0.00257913,-0.0153708,-0.0366514,0.0518983,0.000465128,0.00031024,0.0019519,57.7388,10.3303,-695.125,0.00767739,-0.0703341,-0.0161234,0.0736515,0.00101238,0.000899601,0.00446041,57.9435,8.07444,-696.71,0.00468992,-0.0174353,-0.0375717,0.0417382,0.000465911,0.000288533,0.00200968,58.4098,5.4752,-698.512,-0.0019423,-0.0119634,-0.0141186,0.0186233,0.000327437,0.000217322,0.00139835
305,66.2432,7.29854,-694.906,-0.000821581,-0.00755892,-0.0209615,0.0308272,0.00041215,0.00027757,0.00172881,57.7388,10.3303,-695.125,-0.000159554,-0.0403732,0.00456176,0.0415165,0.000725709,0.000591937,0.00318142,57.9435,8.07444,-696.71,0.000201334,-0.00740217,-0.021096,0.0224098,0.000393876,0.000246215,0.00169938,58.4098,5.4752,-698.512,-0.00329721,-0.00535345,-0.00850968,0.0105895,0.000296193,0.000195612,0.00126466
306,66.2206,7.30189,-694.91,-0.00430621,0.000143605,-0.00540083,0.0118655,0.000377776,0.000257615,0.00158439,57.7388,10.3303,-695.125,-0.00219908,-0.00532064,-0.00193315,0.00646893,0.000480859,0.000303394,0.00208516,57.9435,8.07444,-696.71,-0.0046403,0.00218851,-0.00182096,0.00562743,0.000355241,0.000221335,0.00153251,58.4098,5.4752,-698.512,-0.00536971,0.00102416,-0.00177378,0.00581629,0.000289257,0.000187752,0.00123419
307,66.2133,7.29997,-694.914,-0.00772793,0.00759814,0.00759546,0.018255,0.000392049,0.000266436,0.00164527,57.7388,10.3303,-695.125,-0.0046966,0.0277913,-0.00807584,0.0294945,0.000542538,0.000394195,0.00236525,57.9435,8.07444,-696.71,-0.0100635,0.0112471,0.0168482,0.0226244,0.000374798,0.00024067,0.00161824,58.4098,5.4752,-698.512,-0.00815247,0.00614388,0.00798047,0.0129717,0.000305108,0.000200507,0.00130246
308,66.2237,7.29041,-694.919,-0.0112998,0.0139506,0.0197738,0.0353712,0.000429426,0.000290531,0.00180289,57.7388,10.3303,-695.125,-0.0096697,0.0557923,-0.00258733,0.0571971,0.000758126,0.000647646,0.00333231,57.9435,8.07444,-696.71,-0.0151201,0.0198872,0.0337468,0.0419983,0.000419392,0.000269757,0.00181087,58.4098,5.4752,-698.512,-0.0105995,0.0114505,0.0124338,0.0199648,0.000328612,0.000218067,0.00140336
309,66.3586,7.23005,-694.925,-0.0142312,0.0175827,0.0281051,0.0455114,0.000450395,0.000300849,0.00188813,57.7388,10.3303,-695.125,-0.0176902,0.0721531,0.0194057,0.0773448,0.000900659,0.000800633,0.00396843,57.9435,8.07444,-696.71,-0.0196886,0.0262433,0.0464017,0.0568434,0.000454651,0.000298303,0.00196427,58.4098,5.4752,-698.512,-0.0129844,0.0154795,0.0178338,0.0269577,0.000355479,0.000237949,0.00151864
310,66.464,7.23026,-694.895,-0.0156175,0.0197186,0.0289861,0.0488488,0.000469885,0.000311911,0.00196889,57.7388,10.3303,-695.125,-0.020755,0.0590367,0.0424717,0.0758166,0.000897912,0.000823359,0.00396431,57.9435,8.07444,-696.71,-0.0198043,0.0281602,0.0438993,0.055801,0.000461427,0.000302904,0.00199355,58.4098,5.4752,-698.512,-0.0153285,0.0173807,0.0212588,0.0314561,0.00037335,0.000246891,0.0015942
311,66.3162,7.20833,-694.951,-0.0127663,0.0147811,0.011424,0.0307749,0.000448565,0.000303148,0.00188301,57.7388,10.3303,-695.125,-0.0180646,0.0405875,0.0224523,0.0500632,0.000888798,0.000832622,0.00392988,57.9435,8.07444,-696.71,-0.0153427,0.0188778,0.0215591,0.0325686,0.000428837,0.000283159,0.00185309,58.4098,5.4752,-698.512,-0.0125721,0.0151352,0.00868846,0.0215124,0.000353099,0.000240034,0.00150947
312,66.1598,7.2085,-694.996,-0.0115337,0.00812649,0.00508334,0.0232165,0.000428186,0.000284981,0.00179874,57.7388,10.3303,-695.125,-0.0186985,0.034203,0.030206,0.0496188,0.000880865,0.000831553,0.00389687,57.9435,8.07444,-696.71,-0.0148289,0.0103978,0.0211612,0.0279559,0.000395534,0.00025628,0.00170824,58.4098,5.4752,-698.512,-0.0104252,0.00787058,-0.00340847,0.0135477,0.000311189,0.000210195,0.00132995
313,66.0943,7.25305,-694.982,-0.0126314,0.00482678,0.00778039,0.0235518,0.000439742,0.000289182,0.00184769,57.7388,10.3303,-695.125,-0.021325,0.0326424,0.033971,0.0519127,0.000894541,0.000840145,0.00395596,57.9435,8.07444,-696.71,-0.0160664,0.00743706,0.022917,0.0290369,0.000394463,0.000253347,0.00170321,58.4098,5.4752,-698.512,-0.0112607,0.00376127,-4.49414e-05,0.0119044,0.000300913,0.00020264,0.00128587
314,66.0943,7.25305,-694.982,-0.0136761,0.00494228,0.0100277,0.0257807,0.000443547,0.000290756,0.00186379,57.7388,10.3303,-695.125,-0.0231658,0.0331173,0.0518464,0.0657503,0.000906558,0.000847626,0.00400779,57.9435,8.07444,-696.71,-0.0173724,0.0093758,0.0258917,0.0326314,0.000405147,0.000258916,0.00174911,58.4098,5.4752,-698.512,-0.012989,0.00367195,0.0041708,0.014141,0.000304954,0.000203858,0.00130274
315,66.1466,7.22805,-694.986,-0.0147376,0.00689682,0.0137361,0.0293976,0.000439722,0.000288958,0.00184697,57.7388,10.3303,-695.125,-0.0245981,0.0410873,0.0429248,0.0645168,0.000911499,0.000852138,0.00402965,57.9435,8.07444,-696.71,-0.0192433,0.0129798,0.0318842,0.0394822,0.000416236,0.000267662,0.00179727,58.4098,5.4752,-698.512,-0.0145264,0.00514735,0.00937284,0.0180591,0.000318083,0.000212039,0.00135867
316,66.1558,7.20946,-694.996,-0.0154812,0.0099997,0.0140071,0.0319018,0.000441153,0.000294415,0.00185394,57.7388,10.3303,-695.125,-0.0272016,0.0459434,0.0472102,0.0714713,0.000929363,0.000866571,0.0041079,57.9435,8.07444,-696.71,-0.0207845,0.0165505,0.0325652,0.0420801,0.000432002,0.000278764,0.00186554,58.4098,5.4752,-698.512,-0.0155748,0.00849822,0.00902385,0.0199244,0.000327935,0.000216916,0.00140032
317,66.1179,7.22386,-694.995,-0.0165501,0.0138045,0.0149718,0.0369319,0.000452459,0.000305033,0.00190194,57.7388,10.3303,-695.125,-0.0272995,0.0492247,0.0459297,0.0728838,0.000935084,0.000870334,0.00413269,57.9435,8.07444,-696.71,-0.021205,0.0196798,0.0329867,0.0439353,0.000441908,0.000291183,0.00190949,58.4098,5.4752,-698.512,-0.0161309,0.0124597,0.00842953,0.0220675,0.000346213,0.000234099,0.00147972
318,66.1012,7.2773,-694.964,-0.0190398,0.0168525,0.020692,0.0485999,0.000473114,0.000314371,0.00198824,57.7388,10.3303,-695.125,-0.0275981,0.0513404,0.0419671,0.0721086,0.000937817,0.000870681,0.00414408,57.9435,8.07444,-696.71,-0.0216016,0.0212162,0.0302705,0.0429158,0.00044514,0.000291801,0.00192316,58.4098,5.4752,-698.512,-0.0162178,0.0154294,0.00507626,0.0229648,0.000357814,0.000244419,0.00152998
319,66.0846,7.28191,-694.965,-0.0187603,0.0179613,0.0174619,0.0467569,0.000470566,0.000317796,0.00197868,57.7388,10.3303,-695.125,-0.0217336,0.0586122,0.0177049,0.06568,0.000920572,0.00084799,0.00406572,57.9435,8.07444,-696.71,-0.0213748,0.0217353,0.0290839,0.0422745,0.000447552,0.000295673,0.00193402,58.4098,5.4752,-698.512,-0.0152369,0.0176014,0.000446635,0.0233113,0.000364903,0.000252538,0.00156118
320,66.0716,7.29161,-694.961,-0.017426,0.0182828,0.0158802,0.0439392,0.000462295,0.000314232,0.00194333,57.7388,10.3303,-695.125,-0.0185529,0.0620005,-0.000401723,0.0654154,0.000861229,0.000761366,0.00379349,57.9435,8.07444,-696.71,-0.0205624,0.0215336,0.028476,0.0413406,0.000449396,0.000290723,0.0019408,58.4098,5.4752,-698.512,-0.0143118,0.0173045,0.00151931,0.0225282,0.000363855,0.000249158,0.00155597
321,66.0503,7.31066,-694.952,-0.0160381,0.0181466,0.0156508,0.0378171,0.000446671,0.000305767,0.00187596,57.7388,10.3303,-695.125,-0.0172817,0.0540262,0.00423856,0.0573221,0.000704517,0.000564378,0.00308575,57.9435,8.07444,-696.71,-0.0188648,0.0215977,0.0260203,0.038788,0.000437684,0.00028262,0.0018901,58.4098,5.4752,-698.512,-0.0141815,0.0160917,0.00508011,0.0220486,0.000359327,0.00024183,0.00153546
322,66.0503,7.31066,-694.952,-0.0141236,0.0159833,0.00677415,0.0258874,0.000426356,0.00029304,0.00178904,57.7388,10.3303,-695.125,-0.0152912,0.0309333,0.00509109,0.0349676,0.00052904,0.000359343,0.00230017,57.9435,8.07444,-696.71,-0.015213,0.0181265,0.0079773,0.0250229,0.000404695,0.000267955,0.00174892,58.4098,5.4752,-698.512,-0.0147547,0.0152253,0.00346171,0.0214872,0.000353382,0.000237631,0.00151001
323,66.0503,7.31066,-694.952,-0.0123985,0.0107633,-0.00442968,0.0193086,0.000409059,0.000282293,0.00171714,57.7388,10.3303,-695.125,-0.0141468,0.00339449,0.00859039,0.0169577,0.000470923,0.000298084,0.00204237,57.9435,8.07444,-696.71,-0.0123441,0.0102955,-0.00541704,0.0169649,0.000375403,0.000246998,0.00162203,58.4098,5.4752,-698.512,-0.0132185,0.0116468,-0.00483655,0.0182745,0.000332903,0.000225235,0.00142288
324,66.0503,7.31066,-694.952,-0.0102131,0.00359784,-0.0179767,0.0287841,0.000410457,0.000282381,0.00172449,57.7388,10.3303,-695.125,-0.0121911,-0.023704,0.0101744,0.029057,0.000599769,0.000480453,0.00262692,57.9435,8.07444,-696.71,-0.00771194,0.00166118,-0.025829,0.0270585,0.000368463,0.000239885,0.00159159,58.4098,5.4752,-698.512,-0.0111964,0.00660743,-0.0167533,0.0212174,0.000311711,0.000216284,0.00133377
325,66.0503,7.31066,-694.952,-0.00803739,-0.00434525,-0.0298524,0.0409767,0.000428995,0.00029231,0.00180361,57.7388,10.3303,-695.125,-0.00972864,-0.0489831,0.00931852,0.0516522,0.000787782,0.000679034,0.0034645,57.9435,8.07444,-696.71,-0.00489959,-0.00827685,-0.0374682,0.0387286,0.000406196,0.000257787,0.00175333,58.4098,5.4752,-698.512,-0.00933395,1.99742e-05,-0.0231735,0.0249987,0.000306743,0.000207601,0.00131109
326,66.0503,7.31066,-694.952,-0.00583865,-0.0108927,-0.0386926,0.0523482,0.000452436,0.000305757,0.001902,57.7388,10.3303,-695.125,-0.00498728,-0.0669379,-0.00147984,0.068194,0.000937122,0.000835635,0.00412989,57.9435,8.07444,-696.71,-0.00174321,-0.0161305,-0.0451713,0.0480344,0.000440642,0.000284116,0.00190286,58.4098,5.4752,-698.512,-0.00814265,-0.00685432,-0.0241987,0.0264545,0.000320958,0.000214837,0.00137121
327,66.0503,7.31066,-694.952,-0.00401261,-0.0155745,-0.0431738,0.0587917,0.000473791,0.000318501,0.00199187,57.7388,10.3303,-695.125,-0.00013726,-0.076428,-0.0140834,0.0786051,0.00103913,0.000941042,0.004584,57.9435,8.07444,-696.71,0.000154145,-0.020956,-0.0501016,0.0543438,0.000470218,0.000299627,0.00202989,58.4098,5.4752,-698.512,-0.0065746,-0.0115333,-0.0278118,0.0308324,0.000342853,0.000225044,0.00146358
328,66.0732,7.30731,-694.948,-0.00308653,-0.0180838,-0.0438838,0.0607687,0.000485758,0.000326262,0.00204245,57.7388,10.3303,-695.125,0.002419,-0.08062,-0.0204501,0.0841461,0.00109365,0.000996378,0.00482644,57.9435,8.07444,-696.71,0.000836632,-0.0231877,-0.0515112,0.0565324,0.00048617,0.000314534,0.00209968,58.4098,5.4752,-698.512,-0.00699779,-0.0143431,-0.0257743,0.0303252,0.000351722,0.000235345,0.00150262
329,66.1036,7.30663,-694.94,-0.00320315,-0.0189541,-0.0427945,0.0600527,0.000488732,0.000328102,0.00205551,57.7388,10.3303,-695.125,0.00229022,-0.0815513,-0.0238665,0.0860759,0.00109342,0.000989533,0.0048233,57.9435,8.07444,-696.71,0.000126865,-0.0237087,-0.0499338,0.0553517,0.000496484,0.000318043,0.0021436,58.4098,5.4752,-698.512,-0.00772455,-0.0151868,-0.022222,0.0280096,0.000359426,0.000239157,0.00153517
330,66.1036,7.30663,-694.94,-0.00438794,-0.0183409,-0.0401533,0.0571307,0.000480457,0.000324228,0.00202008,57.7388,10.3303,-695.125,-0.000253398,-0.0782692,-0.0164875,0.0810215,0.00104562,0.000939365,0.00461027,57.9435,8.07444,-696.71,-0.00065119,-0.0221643,-0.0487391,0.053603,0.0004813,0.000309457,0.00207828,58.4098,5.4752,-698.512,-0.00857622,-0.0145733,-0.0208868,0.0268826,0.000351464,0.000237058,0.00150202
331,66.1274,7.30398,-694.935,-0.00600157,-0.0167725,-0.0348743,0.0515445,0.000466356,0.00031473,0.00195896,57.7388,10.3303,-695.125,-0.00421214,-0.0701257,-0.000317505,0.071112,0.000953175,0.000842918,0.00419842,57.9435,8.07444,-696.71,-0.00265485,-0.0198737,-0.0401636,0.044949,0.000459559,0.000296901,0.00198465,58.4098,5.4752,-698.512,-0.00898791,-0.0126793,-0.0219955,0.0269432,0.00034486,0.000230806,0.00147333
332,66.144,7.29866,-694.934,-0.00743596,-0.0143353,-0.0281239,0.0430873,0.000445501,0.000302425,0.00186974,57.7388,10.3303,-695.125,-0.00596914,-0.0572661,0.00318389,0.0585026,0.000814063,0.000696226,0.00357839,57.9435,8.07444,-696.71,-0.00445161,-0.0159837,-0.0323202,0.0364006,0.000425301,0.000275564,0.00183685,58.4098,5.4752,-698.512,-0.00966746,-0.0112022,-0.0166215,0.0222585,0.000328275,0.000220928,0.00140279
333,66.1825,7.30141,-694.921,-0.00851486,-0.0115812,-0.0192931,0.0326832,0.000421885,0.000287694,0.00176962,57.7388,10.3303,-695.125,-0.00821993,-0.0403559,0.0086933,0.0426425,0.00066377,0.000529296,0.00290651,57.9435,8.07444,-696.71,-0.00719635,-0.01216,-0.0186416,0.0234882,0.000395157,0.000255146,0.00170646,58.4098,5.4752,-698.512,-0.0104636,-0.00996377,-0.00992407,0.0175439,0.000321167,0.000213796,0.00137178
334,66.2217,7.29347,-694.916,-0.009635,-0.00800944,-0.0103334,0.0212339,0.000398093,0.000272619,0.00166956,57.7388,10.3303,-695.125,-0.00832825,-0.0200956,0.000425417,0.0220294,0.000515444,0.00035209,0.0022415,57.9435,8.07444,-696.71,-0.00817263,-0.00674657,-0.0129799,0.0167976,0.00036997,0.000237678,0.00159745,58.4098,5.4752,-698.512,-0.0100764,-0.00737851,-0.0083773,0.0150455,0.000314221,0.000207181,0.00134158
335,66.2373,7.29731,-694.909,-0.0103905,-0.00358721,-0.0019781,0.0131989,0.000384075,0.000262137,0.00161018,57.7388,10.3303,-695.125,-0.00982751,4.66834e-05,0.000753773,0.00987592,0.000449368,0.000268163,0.00194529,57.9435,8.07444,-696.71,-0.0108299,-0.0010637,0.000284827,0.0109127,0.000351724,0.000223783,0.00151826,58.4098,5.4752,-698.512,-0.0104021,-0.00407558,-0.00352496,0.0117233,0.000297856,0.000198788,0.00127234
336,66.2373,7.29731,-694.909,-0.0113189,0.00127921,0.00584262,0.0190696,0.000387679,0.000264872,0.00162617,57.7388,10.3303,-695.125,-0.00951022,0.019712,-0.00798778,0.0234636,0.000514468,0.000357226,0.00223872,57.9435,8.07444,-696.71,-0.01255,0.00496769,0.0085529,0.0160206,0.000355264,0.0002194,0.00153229,58.4098,5.4752,-698.512,-0.011221,-4.33503e-05,0.00236603,0.0114824,0.000294521,0.000191451,0.00125674
337,66.1135,7.30013,-694.942,-0.0122786,0.0064024,0.0129723,0.0269946,0.000403883,0.000273706,0.00169586,57.7388,10.3303,-695.125,-0.0111972,0.036258,-0.00397506,0.0385106,0.000627516,0.000498692,0.00274734,57.9435,8.07444,-696.71,-0.0145767,0.010879,0.0192098,0.0265015,0.00038095,0.000240386,0.00164403,58.4098,5.4752,-698.512,-0.0113009,0.00522983,0.00456435,0.0132762,0.000304182,0.000197068,0.0012978
338,66.0871,7.29612,-694.953,-0.013236,0.0113411,0.0179906,0.0339747,0.000421273,0.000285099,0.0017695,57.7388,10.3303,-695.125,-0.0124052,0.0492351,-6.14041e-05,0.051269,0.000724616,0.000608619,0.00318193,57.9435,8.07444,-696.71,-0.0159152,0.0161593,0.027177,0.0354328,0.000405673,0.000257844,0.00175107,58.4098,5.4752,-698.512,-0.0120787,0.00943248,0.00963405,0.0181087,0.00031731,0.000209794,0.0013549
339,66.0648,7.29647,-694.959,-0.0141232,0.0154299,0.0210657,0.0397518,0.000439007,0.000296723,0.00184383,57.7388,10.3303,-695.125,-0.0131743,0.0597564,-0.00152858,0.0619437,0.00079372,0.000678446,0.00348892,57.9435,8.07444,-696.71,-0.017263,0.0201176,0.0339942,0.0431432,0.000426944,0.000275595,0.0018437,58.4098,5.4752,-698.512,-0.012498,0.0131075,0.0121036,0.0217915,0.000339906,0.000229825,0.00145273
340,66.0979,7.28655,-694.957,-0.0151193,0.018387,0.0231934,0.0426474,0.000454195,0.000308125,0.00190724,57.7388,10.3303,-695.125,-0.0157364,0.0629492,0.00830765,0.0660047,0.000819605,0.000708887,0.00360521,57.9435,8.07444,-696.71,-0.0180434,0.023001,0.0365022,0.0468163,0.000443367,0.000289032,0.00191514,58.4098,5.4752,-698.512,-0.0126821,0.0165118,0.0110804,0.0235918,0.00036165,0.000243384,0.00154536
341,66.0602,7.3012,-694.957,-0.0158595,0.0197186,0.0233047,0.0441528,0.0004634,0.000315399,0.00194593,57.7388,10.3303,-695.125,-0.0167438,0.0631348,0.00557279,0.0661466,0.000820536,0.000708424,0.00360895,57.9435,8.07444,-696.71,-0.0184847,0.0236085,0.0345108,0.0457695,0.000453175,0.000294326,0.00195731,58.4098,5.4752,-698.512,-0.0134873,0.0179139,0.0116918,0.0252935,0.000371562,0.00025107,0.00158799
342,66.0541,7.30599,-694.955,-0.0159653,0.0195819,0.0203034,0.0421226,0.000459775,0.000313663,0.00193123,57.7388,10.3303,-695.125,-0.0161116,0.0598319,0.00187785,0.0625034,0.000791311,0.000672187,0.00347708,57.9435,8.07444,-696.71,-0.0188179,0.022897,0.0299713,0.0422185,0.000447071,0.000291464,0.00193117,58.4098,5.4752,-698.512,-0.0140699,0.0181625,0.00833379,0.0244496,0.000369349,0.000252684,0.00157938
343,66.0503,7.31066,-694.952,-0.0156286,0.0181504,0.0155726,0.0378991,0.000449472,0.000308641,0.00188836,57.7388,10.3303,-695.125,-0.0161038,0.0526807,0.000961852,0.0557222,0.000725529,0.000599573,0.00318308,57.9435,8.07444,-696.71,-0.0182312,0.0203427,0.0250094,0.0371349,0.000432641,0.000282134,0.00186885,58.4098,5.4752,-698.512,-0.0141654,0.0169453,0.00531638,0.0227234,0.000362171,0.000246989,0.00154848
344,66.0503,7.31066,-694.952,-0.0152927,0.0157753,0.0100532,0.032266,0.000433563,0.000298001,0.00182162,57.7388,10.3303,-695.125,-0.0157935,0.0418265,0.0021293,0.0450961,0.000649198,0.000505995,0.00283951,57.9435,8.07444,-696.71,-0.0171527,0.0175148,0.0173931,0.030155,0.000418176,0.000269096,0.00180569,58.4098,5.4752,-698.512,-0.0146502,0.0146989,0.00410939,0.0211576,0.000350693,0.000238327,0.00149919
345,66.0503,7.31066,-694.952,-0.014528,0.0132124,0.00271756,0.0257985,0.000415331,0.000289494,0.00174494,57.7388,10.3303,-695.125,-0.0148683,0.0291328,0.000103212,0.032897,0.000554159,0.000392478,0.00241338,57.9435,8.07444,-696.71,-0.0163147,0.0140068,0.0102457,0.0239054,0.000393256,0.000257654,0.00169899,58.4098,5.4752,-698.512,-0.0143006,0.0124878,-0.00130868,0.0190367,0.000338073,0.000229221,0.0014451
346,66.0503,7.31066,-694.952,-0.0140302,0.0103338,-0.00416085,0.0199698,0.000402532,0.000279826,0.00169112,57.7388,10.3303,-695.125,-0.0144125,0.0149559,0.00152309,0.0208417,0.000480312,0.000297088,0.00208155,57.9435,8.07444,-696.71,-0.0149233,0.0103129,0.00209266,0.0182959,0.000376341,0.000248386,0.00162626,58.4098,5.4752,-698.512,-0.0141421,0.0104112,-0.0052931,0.0183503,0.000325784,0.000222398,0.00139299
347,66.0503,7.31066,-694.952,-0.0133118,0.00754136,-0.0105296,0.019947,0.000396293,0.000276605,0.00166511,57.7388,10.3303,-695.125,-0.0147584,0.000758938,0.00486714,0.0156183,0.000464209,0.000283397,0.00201095,57.9435,8.07444,-696.71,-0.012983,0.00677907,-0.00932007,0.0173627,0.000366488,0.000237818,0.00158292,58.4098,5.4752,-698.512,-0.0138841,0.00836334,-0.00994232,0.0190202,0.000317081,0.000218212,0.00135626
348,66.0503,7.31066,-694.952,-0.0122373,0.00477952,-0.016327,0.0255002,0.000401149,0.000278199,0.0016857,57.7388,10.3303,-695.125,-0.0131156,-0.0127102,0.00591067,0.0195196,0.000521237,0.00036969,0.00227012,57.9435,8.07444,-696.71,-0.0107981,0.00327185,-0.0167537,0.0202399,0.000363909,0.000236079,0.00157176,58.4098,5.4752,-698.512,-0.0131713,0.00657197,-0.0136835,0.0201042,0.000310779,0.000209574,0.00132814
349,66.0503,7.31066,-694.952,-0.0107257,0.00191298,-0.0196424,0.029833,0.000408363,0.000281194,0.00171568,57.7388,10.3303,-695.125,-0.0119125,-0.0252598,0.00735467,0.0294374,0.000600527,0.000476748,0.00262902,57.9435,8.07444,-696.71,-0.00880525,-0.000541143,-0.0229505,0.0246566,0.000365193,0.000239394,0.00157779,58.4098,5.4752,-698.512,-0.0122056,0.00411669,-0.014456,0.0193674,0.00030429,0.00020883,0.00130139
350,66.0503,7.31066,-694.952,-0.00877841,-0.00101609,-0.0220761,0.032804,0.000411455,0.000281269,0.00172909,57.7388,10.3303,-695.125,-0.00982525,-0.0349087,0.00671416,0.0375596,0.000679009,0.000559332,0.00297841,57.9435,8.07444,-696.71,-0.00641722,-0.00352617,-0.0277107,0.0287228,0.000374604,0.000237877,0.00161699,58.4098,5.4752,-698.512,-0.0102689,0.00182475,-0.015724,0.0188783,0.000297288,0.000201111,0.00127065
351,66.0503,7.31066,-694.952,-0.00678887,-0.00384251,-0.0236372,0.0341913,0.000415145,0.000281805,0.00174458,57.7388,10.3303,-695.125,-0.0074411,-0.0422303,0.00768329,0.0443035,0.000733626,0.000619033,0.00322228,57.9435,8.07444,-696.71,-0.00455288,-0.00654901,-0.0285386,0.0296832,0.000389172,0.000250978,0.00168059,58.4098,5.4752,-698.512,-0.00881712,-0.00117236,-0.0147796,0.017259,0.000299568,0.000202247,0.00128028
352,66.1036,7.30663,-694.94,-0.00486331,-0.00630275,-0.0240428,0.0346854,0.000417593,0.000282955,0.00175428,57.7388,10.3303,-695.125,-0.0057208,-0.0465103,0.00914242,0.0485476,0.000758369,0.000640772,0.00333119,57.9435,8.07444,-696.71,-0.00275165,-0.00882176,-0.0296758,0.031121,0.000397967,0.000253421,0.00171795,58.4098,5.4752,-698.512,-0.0073744,-0.00383314,-0.0137632,0.0160873,0.000302495,0.00020514,0.00129302
353,66.142,7.30937,-694.927,-0.00320351,-0.00782927,-0.0236205,0.0335098,0.000415422,0.000280936,0.00174475,57.7388,10.3303,-695.125,-0.00408726,-0.0464536,0.0101716,0.0485146,0.000750773,0.000634495,0.00329784,57.9435,8.07444,-696.71,-0.00102919,-0.00988872,-0.0280716,0.0298148,0.000394939,0.000252161,0.00170499,58.4098,5.4752,-698.512,-0.00539705,-0.00558062,-0.013416,0.0155031,0.000302032,0.000201486,0.00129014
354,66.18,7.30987,-694.916,-0.00229688,-0.00826492,-0.0216761,0.0305266,0.00041344,0.000280562,0.00173583,57.7388,10.3303,-695.125,-0.00260323,-0.0430918,0.00404101,0.0440513,0.000718688,0.000599957,0.0031547,57.9435,8.07444,-696.71,-0.000416231,-0.00986009,-0.0258313,0.0276863,0.000387385,0.000250554,0.00167297,58.4098,5.4752,-698.512,-0.00444945,-0.0063647,-0.0106498,0.0131881,0.000300478,0.00019978,0.00128332
355,66.1201,7.30131,-694.939,-0.00204819,-0.00723105,-0.0185917,0.026552,0.0004025,0.000273187,0.00169022,57.7388,10.3303,-695.125,-0.00254793,-0.036663,0.00327051,0.0374834,0.000661095,0.000529627,0.00289544,57.9435,8.07444,-696.71,-0.000638587,-0.00830197,-0.0226135,0.0241257,0.000382643,0.000238285,0.00165075,58.4098,5.4752,-698.512,-0.00405523,-0.00557218,-0.00984494,0.0120194,0.000297385,0.000195104,0.00126941
356,66.1036,7.30663,-694.94,-0.00263986,-0.00507005,-0.0137293,0.020617,0.000393085,0.000267788,0.00165052,57.7388,10.3303,-695.125,-0.00314032,-0.0278927,0.00783069,0.0296761,0.000584564,0.000444092,0.00255352,57.9435,8.07444,-696.71,-0.00124011,-0.00557373,-0.0164561,0.0174457,0.000365599,0.000235337,0.00157865,58.4098,5.4752,-698.512,-0.00422958,-0.00381241,-0.00771442,0.00959004,0.00029208,0.000195473,0.00124778
357,66.1036,7.30663,-694.94,-0.00393643,-0.00233433,-0.00836219,0.0147652,0.00038093,0.000259463,0.00159931,57.7388,10.3303,-695.125,-0.0044312,-0.0171878,0.0086501,0.0200753,0.000513182,0.00035795,0.00223343,57.9435,8.07444,-696.71,-0.0032186,-0.00240401,-0.0087745,0.00969742,0.000354215,0.000225954,0.00152909,58.4098,5.4752,-698.512,-0.00491865,-0.00131899,-0.00480958,0.00700567,0.00028634,0.000188116,0.00122233
358,66.0732,7.30731,-694.948,-0.00547829,0.000660963,-0.00284236,0.0099783,0.000375355,0.000256408,0.00157586,57.7388,10.3303,-695.125,-0.0046348,-0.00530218,0.00309721,0.00783439,0.000464194,0.000282035,0.0020105,57.9435,8.07444,-696.71,-0.00534693,0.00129417,-0.00329637,0.00646959,0.000350442,0.000218324,0.00151182,58.4098,5.4752,-698.512,-0.00650127,0.00141604,-0.0016364,0.00685985,0.000289379,0.000190077,0.0012353
359,66.1036,7.30663,-694.94,-0.00683761,0.00330625,0.00131382,0.00880056,0.00037579,0.000257638,0.00157718,57.7388,10.3303,-695.125,-0.00566349,0.00566194,0.000405362,0.00802501,0.000450175,0.000264972,0.00194796,57.9435,8.07444,-696.71,-0.00694875,0.00451097,0.0019532,0.0085146,0.000352012,0.000220595,0.00151883,58.4098,5.4752,-698.512,-0.00723399,0.00363745,5.98196e-05,0.00810231,0.000293134,0.000191791,0.00125113
360,66.0503,7.31066,-694.952,-0.00801663,0.00535852,0.00610784,0.0139736,0.000383289,0.000262424,0.00160947,57.7388,10.3303,-695.125,-0.00624564,0.015886,-0.00215642,0.0172876,0.000482281,0.000312024,0.00209312,57.9435,8.07444,-696.71,-0.00875448,0.00740436,0.0084436,0.0142668,0.00035751,0.000230498,0.00154377,58.4098,5.4752,-698.512,-0.00760058,0.0053202,0.00138013,0.00938538,0.000298479,0.000195306,0.00127395
361,66.0667,7.30537,-694.951,-0.00831199,0.00708546,0.00794744,0.0181286,0.000390302,0.000266752,0.0016385,57.7388,10.3303,-695.125,-0.00650687,0.0238283,-0.000533795,0.0248786,0.000529267,0.00036881,0.00230338,57.9435,8.07444,-696.71,-0.0093546,0.00938102,0.0130233,0.0186126,0.000369578,0.000232282,0.00159475,58.4098,5.4752,-698.512,-0.0076722,0.0065353,0.00274287,0.0104514,0.000299975,0.000194984,0.00127999
362,66.0667,7.30537,-694.951,-0.00830403,0.0081595,0.0108196,0.0213903,0.000395571,0.000269192,0.00166054,57.7388,10.3303,-695.125,-0.0066662,0.0307301,-0.00256889,0.0318127,0.00057049,0.000422069,0.00248907,57.9435,8.07444,-696.71,-0.00959393,0.0112511,0.0157475,0.0216388,0.000373702,0.000236523,0.00161287,58.4098,5.4752,-698.512,-0.00742572,0.00732717,0.00390032,0.0111423,0.000301289,0.000199437,0.00128654
363,66.0503,7.31066,-694.952,-0.00742607,0.00924617,0.0120276,0.0227721,0.000399358,0.000272346,0.00167776,57.7388,10.3303,-695.125,-0.00548942,0.0344617,-0.00157401,0.0353154,0.000600971,0.000455155,0.00262485,57.9435,8.07444,-696.71,-0.00916179,0.012214,0.0190472,0.024446,0.000382226,0.000240929,0.00164945,58.4098,5.4752,-698.512,-0.00633105,0.00830592,0.00359985,0.0110652,0.000304661,0.000201074,0.00130077
364,66.0503,7.31066,-694.952,-0.00618317,0.0104037,0.0126687,0.0236582,0.000402482,0.000274053,0.00169087,57.7388,10.3303,-695.125,-0.00487089,0.0362137,-0.000112336,0.0368438,0.000610321,0.000471054,0.00266807,57.9435,8.07444,-696.71,-0.00778305,0.0130872,0.0195851,0.024843,0.000384539,0.000245197,0.00165994,58.4098,5.4752,-698.512,-0.00473281,0.00932249,0.00384353,0.0111571,0.000309629,0.000206443,0.00132252
365,66.0503,7.31066,-694.952,-0.00471961,0.0110374,0.0135468,0.0234064,0.000405405,0.000276577,0.00170268,57.7388,10.3303,-695.125,-0.00365018,0.0357452,-0.000307862,0.0362307,0.000600512,0.000461556,0.00262464,57.9435,8.07444,-696.71,-0.00613503,0.0133147,0.0192916,0.0242536,0.000383427,0.000247964,0.0016558,58.4098,5.4752,-698.512,-0.00375691,0.00981529,0.00742033,0.01287,0.000312793,0.000209505,0.00133628
366,66.0503,7.31066,-694.952,-0.00290418,0.011209,0.0140382,0.0223588,0.000401263,0.000273629,0.00168494,57.7388,10.3303,-695.125,-0.00247275,0.0324326,0.00382559,0.0330065,0.00056848,0.000422938,0.00248085,57.9435,8.07444,-696.71,-0.00413204,0.0132114,0.0196921,0.0241017,0.000378391,0.000243091,0.00163372,58.4098,5.4752,-698.512,-0.00133576,0.0106154,0.006473,0.0125092,0.000311312,0.000209506,0.0013302
367,66.0503,7.31066,-694.952,-0.000700222,0.0108208,0.0140761,0.020715,0.000399963,0.000273802,0.00167956,57.7388,10.3303,-695.125,-0.000788046,0.02757,0.00753685,0.0287699,0.000541112,0.000384761,0.00235677,57.9435,8.07444,-696.71,-0.00177287,0.0126026,0.0179378,0.0220336,0.000379659,0.000247866,0.00163994,58.4098,5.4752,-698.512,0.000494488,0.0108834,0.00731414,0.013123,0.000320738,0.000216107,0.00137054
368,66.0503,7.31066,-694.952,0.00205172,0.00978331,0.0118218,0.017469,0.000393374,0.00026975,0.00165181,57.7388,10.3303,-695.125,0.00229837,0.0207397,0.00657222,0.0219698,0.000501924,0.000331858,0.00217993,57.9435,8.07444,-696.71,0.00148941,0.010946,0.0134063,0.0174014,0.000367885,0.000235584,0.00158817,58.4098,5.4752,-698.512,0.00267777,0.0100632,0.00768013,0.0129406,0.000313125,0.000210283,0.0013378
369,66.0503,7.31066,-694.952,0.00447021,0.00809014,0.00877069,0.0137023,0.00038776,0.000265074,0.00162816,57.7388,10.3303,-695.125,0.00367613,0.0130823,0.0103815,0.0171137,0.000468905,0.000283162,0.00203042,57.9435,8.07444,-696.71,0.00378701,0.00874937,0.0114899,0.0149482,0.000361573,0.000229268,0.00156049,58.4098,5.4752,-698.512,0.00507067,0.00854488,0.00731937,0.012342,0.000308897,0.00020472,0.00131901
370,66.0503,7.31066,-694.952,0.00658892,0.00608439,0.00529223,0.0106909,0.000383691,0.00026241,0.00161113,57.7388,10.3303,-695.125,0.00614047,0.00471764,0.00910653,0.0119586,0.000457629,0.000265799,0.00197933,57.9435,8.07444,-696.71,0.00723257,0.00615715,0.00531907,0.010895,0.000360248,0.000232172,0.00155548,58.4098,5.4752,-698.512,0.00743905,0.00682213,0.00415392,0.0109154,0.000301275,0.000204702,0.00128779
371,66.0503,7.31066,-694.952,0.00813744,0.00431018,0.00123036,0.0126112,0.000382067,0.00026138,0.00160451,57.7388,10.3303,-695.125,0.00641384,-0.003461,0.0113702,0.0135926,0.000460343,0.000280936,0.00199396,57.9435,8.07444,-696.71,0.00891454,0.00394172,-0.00264384,0.0101118,0.000353094,0.000223898,0.0015239,58.4098,5.4752,-698.512,0.00862349,0.00537279,0.00132599,0.01025,0.000296225,0.000197867,0.0012653
372,66.0503,7.31066,-694.952,0.00892046,0.00249203,-0.00327707,0.0150017,0.000384233,0.000261501,0.00161351,57.7388,10.3303,-695.125,0.00596754,-0.0112904,0.0154613,0.0202059,0.000494862,0.000327746,0.00214934,57.9435,8.07444,-696.71,0.00946007,0.0016199,-0.00601974,0.0113522,0.000353907,0.000223037,0.00152715,58.4098,5.4752,-698.512,0.00879714,0.00379737,-0.00187614,0.00976807,0.000292769,0.000193694,0.00125004
373,66.0503,7.31066,-694.952,0.00879468,0.000932207,-0.00611306,0.0173257,0.000386804,0.000263506,0.00162434,57.7388,10.3303,-695.125,0.00604557,-0.0171433,0.0142619,0.0234013,0.000536064,0.000376496,0.00233353,57.9435,8.07444,-696.71,0.00977241,-0.000151952,-0.00850819,0.0130056,0.000356946,0.000223706,0.00154005,58.4098,5.4752,-698.512,0.00852862,0.00263839,-0.00290571,0.00939656,0.000289796,0.000192018,0.00123743
374,66.0503,7.31066,-694.952,0.00847507,-0.000175351,-0.00838593,0.0185266,0.000388039,0.000263366,0.00162974,57.7388,10.3303,-695.125,0.00688588,-0.0216098,0.0123202,0.0262308,0.000558768,0.000408871,0.00243657,57.9435,8.07444,-696.71,0.00984824,-0.00145573,-0.0125712,0.0160675,0.000359129,0.000221316,0.00154877,58.4098,5.4752,-698.512,0.00791053,0.00168572,-0.00430801,0.00917292,0.000290737,0.000188398,0.00124035
375,66.1036,7.30663,-694.94,0.00789271,-0.00130231,-0.00879509,0.0192733,0.000389525,0.000264446,0.00163544,57.7388,10.3303,-695.125,0.00713046,-0.0241267,0.0116031,0.0281025,0.000585588,0.00044065,0.00255673,57.9435,8.07444,-696.71,0.00945481,-0.00215651,-0.0132399,0.0164352,0.000365548,0.00023177,0.00157767,58.4098,5.4752,-698.512,0.00718072,0.000783426,-0.00470787,0.00863158,0.000289523,0.000189941,0.00123578
376,66.1036,7.30663,-694.94,0.00743953,-0.00217824,-0.00843908,0.0189387,0.00038985,0.000264068,0.00163657,57.7388,10.3303,-695.125,0.00616089,-0.0257192,0.0155266,0.0310478,0.000583733,0.000439701,0.00254875,57.9435,8.07444,-696.71,0.0088102,-0.00348795,-0.0101434,0.0139107,0.000361505,0.000226723,0.00155975,58.4098,5.4752,-698.512,0.00644914,-0.000170344,-0.00350663,0.00735196,0.000285426,0.000187979,0.00121849
377,66.1414,7.30711,-694.929,0.00691076,-0.00303732,-0.00768191,0.0181357,0.000389123,0.000263444,0.00163335,57.7388,10.3303,-695.125,0.0055992,-0.0251774,0.0144057,0.0299408,0.000575506,0.000424649,0.00251049,57.9435,8.07444,-696.71,0.00837209,-0.00388547,-0.0113893,0.0146818,0.000363795,0.000224873,0.00156903,58.4098,5.4752,-698.512,0.00617649,-0.00120403,-0.00291754,0.0069423,0.000291875,0.000189028,0.00124519
378,66.1966,7.30455,-694.915,0.00646077,-0.00368779,-0.00730372,0.0165043,0.000386043,0.00026277,0.00161944,57.7388,10.3303,-695.125,0.00438786,-0.0231946,0.0130828,0.0273125,0.00054924,0.000399442,0.0023944,57.9435,8.07444,-696.71,0.00704017,-0.00410332,-0.0099906,0.0129143,0.000359278,0.000228109,0.00155067,58.4098,5.4752,-698.512,0.00545229,-0.00211646,-0.00178676,0.00612113,0.000287638,0.000188804,0.00122776
379,66.2609,7.30302,-694.898,0.00580257,-0.00401512,-0.00578865,0.0145443,0.000382015,0.000261251,0.00160185,57.7388,10.3303,-695.125,0.00422186,-0.0196717,0.0123875,0.0239039,0.000520299,0.000359643,0.0022635,57.9435,8.07444,-696.71,0.00643976,-0.00426709,-0.00866987,0.0116241,0.000356929,0.000224464,0.00154012,58.4098,5.4752,-698.512,0.00498893,-0.00277651,-0.00254428,0.00625916,0.000293229,0.000192536,0.00125165
380,66.285,7.30036,-694.893,0.0050874,-0.00377641,-0.00451051,0.0117778,0.000378625,0.000259694,0.00158749,57.7388,10.3303,-695.125,0.00451966,-0.0144304,0.00558044,0.0163167,0.000489285,0.000324448,0.00212526,57.9435,8.07444,-696.71,0.00529189,-0.00353172,-0.00583212,0.00865407,0.000354301,0.000223399,0.0015289,58.4098,5.4752,-698.512,0.00412828,-0.00288991,-0.00167407,0.0053231,0.000287931,0.000187927,0.00122875
381,66.3018,7.29576,-694.892,0.00437145,-0.00296059,-0.00298084,0.00931014,0.00037414,0.000256731,0.00156816,57.7388,10.3303,-695.125,0.00402704,-0.00873342,0.00508491,0.0109969,0.000468357,0.000289478,0.00202952,57.9435,8.07444,-696.71,0.00460774,-0.0020396,-0.00426624,0.00661196,0.00035317,0.000225072,0.00152448,58.4098,5.4752,-698.512,0.00393642,-0.00227963,-0.0018937,0.00494019,0.00028754,0.000189601,0.00122758
382,66.3246,7.29239,-694.888,0.00355235,-0.00166915,-0.000396376,0.00632303,0.000373124,0.000255523,0.00156358,57.7388,10.3303,-695.125,0.00265517,-0.00235045,0.00645102,0.0073959,0.000452349,0.000267054,0.00195744,57.9435,8.07444,-696.71,0.00367289,-0.000101607,-0.00110873,0.00385937,0.000350231,0.000222107,0.00151157,58.4098,5.4752,-698.512,0.00347482,-0.00101656,-0.00160868,0.003969,0.000288738,0.000189711,0.00123252
383,66.3018,7.29576,-694.892,0.00273218,6.59619e-05,0.00257735,0.00596221,0.000370871,0.00025477,0.00155441,57.7388,10.3303,-695.125,0.00279673,0.00368409,0.00448289,0.0064456,0.000446822,0.000270289,0.00193492,57.9435,8.07444,-696.71,0.00259635,0.00181834,0.00224263,0.00394647,0.000347413,0.000219106,0.00149918,58.4098,5.4752,-698.512,0.00263673,0.000301318,0.000264702,0.00267892,0.000285532,0.000184576,0.00121805
384,66.3018,7.29576,-694.892,0.00225047,0.00199084,0.00514085,0.00825783,0.000372416,0.000256365,0.00156119,57.7388,10.3303,-695.125,0.00289375,0.00936747,0.00173432,0.00999821,0.000452883,0.000280159,0.00196253,57.9435,8.07444,-696.71,0.001739,0.00383405,0.00650564,0.00775198,0.000347913,0.000222682,0.00150196,58.4098,5.4752,-698.512,0.00187604,0.00186732,0.00388012,0.00470105,0.000286219,0.000189056,0.00122203
385,66.3018,7.29576,-694.892,0.00161572,0.00377291,0.00852268,0.0116789,0.000376544,0.000258362,0.00157867,57.7388,10.3303,-695.125,0.00246411,0.0143398,0.00210779,0.0147795,0.000474564,0.000307616,0.00205967,57.9435,8.07444,-696.71,0.00137276,0.00594851,0.00790631,0.0100241,0.000353059,0.000228032,0.00152457,58.4098,5.4752,-698.512,0.00211761,0.00376178,0.00311977,0.00533529,0.000290809,0.000193543,0.00124201
386,66.2673,7.29665,-694.901,0.00160186,0.00525645,0.0101152,0.0137682,0.000380447,0.000261255,0.00159556,57.7388,10.3303,-695.125,0.00251358,0.0174409,0.00351107,0.0180768,0.000496614,0.000330752,0.00215745,57.9435,8.07444,-696.71,0.000832557,0.00712766,0.0120031,0.0139961,0.000358475,0.000230718,0.00154781,58.4098,5.4752,-698.512,0.00191624,0.00505466,0.00658314,0.0085188,0.000293392,0.000194899,0.00125294
387,66.1747,7.29722,-694.927,0.00188728,0.00612064,0.010785,0.0154059,0.000383501,0.000262844,0.00160916,57.7388,10.3303,-695.125,0.00272194,0.0193326,0.00339597,0.0199617,0.000500066,0.000336306,0.00217322,57.9435,8.07444,-696.71,0.00084474,0.00780034,0.0125824,0.0148505,0.00036013,0.000230498,0.00155471,58.4098,5.4752,-698.512,0.00236393,0.00592239,0.00465147,0.00789468,0.000296751,0.000199187,0.00126783
388,66.2477,7.29909,-694.905,0.00257028,0.00639265,0.0100312,0.0151382,0.000384996,0.00026431,0.00161455,57.7388,10.3303,-695.125,0.0035815,0.0198393,0.00321018,0.0205442,0.000508072,0.000340802,0.00220779,57.9435,8.07444,-696.71,0.00173436,0.00807814,0.0134642,0.0158226,0.000363341,0.000232704,0.00156858,58.4098,5.4752,-698.512,0.00326692,0.00613002,0.00503004,0.00857802,0.000298166,0.000200215,0.00127389
389,66.231,7.30367,-694.906,0.00363168,0.00623513,0.00922252,0.0146957,0.000383291,0.000263061,0.00160813,57.7388,10.3303,-695.125,0.00360736,0.0184133,0.005443,0.0196541,0.000499076,0.00033076,0.00216774,57.9435,8.07444,-696.71,0.00272785,0.00805669,0.0115097,0.0143565,0.000361468,0.000232198,0.00156064,58.4098,5.4752,-698.512,0.00430557,0.00627676,0.0034236,0.00834959,0.00029484,0.000197034,0.00125943
390,66.1747,7.29722,-694.927,0.00487715,0.00590698,0.00760709,0.013586,0.000382225,0.000262482,0.00160384,57.7388,10.3303,-695.125,0.00537727,0.0166619,0.00170576,0.0176973,0.000486015,0.000314139,0.00210913,57.9435,8.07444,-696.71,0.00418173,0.00756805,0.00982633,0.0131309,0.000358619,0.000230714,0.00154838,58.4098,5.4752,-698.512,0.00568979,0.00611703,0.00270519,0.00879779,0.000298595,0.000201166,0.00127589
391,66.1966,7.30455,-694.915,0.00626079,0.00537439,0.00705317,0.0129038,0.00038041,0.000261205,0.00159582,57.7388,10.3303,-695.125,0.00563089,0.0127168,0.00661934,0.0154491,0.000477866,0.000300921,0.00207194,57.9435,8.07444,-696.71,0.00542868,0.00641793,0.00995307,0.0130647,0.000361964,0.000230527,0.00156237,58.4098,5.4752,-698.512,0.00676458,0.00562939,0.00413291,0.00972988,0.000296824,0.000195868,0.00126723
392,66.18,7.30987,-694.916,0.00793751,0.00482375,0.00566162,0.0120191,0.000379685,0.000262179,0.00159329,57.7388,10.3303,-695.125,0.00818051,0.00909527,0.00451351,0.0130517,0.000458125,0.000274737,0.0019833,57.9435,8.07444,-696.71,0.00796277,0.00584939,0.00580098,0.0114793,0.000355761,0.000225722,0.00153541,58.4098,5.4752,-698.512,0.0086762,0.00560825,0.00209218,0.0105478,0.000299529,0.000198944,0.00127911
393,66.1586,7.30406,-694.926,0.00949054,0.00403225,0.00538103,0.0119415,0.000381927,0.00026318,0.00160281,57.7388,10.3303,-695.125,0.00880698,0.00436833,0.00938753,0.0135946,0.000456314,0.000268607,0.00197437,57.9435,8.07444,-696.71,0.00959839,0.00466498,0.00432291,0.0115271,0.000355625,0.000226814,0.00153505,58.4098,5.4752,-698.512,0.00986603,0.00506455,0.00265586,0.0114042,0.000296814,0.00020104,0.00126854
394,66.2133,7.29997,-694.914,0.0109116,0.00297044,0.00434406,0.0129792,0.000381926,0.000263116,0.00160254,57.7388,10.3303,-695.125,0.010064,-0.000329327,0.00941473,0.0138037,0.000453003,0.000271038,0.00196096,57.9435,8.07444,-696.71,0.0109041,0.00316994,0.00401865,0.0120491,0.00035144,0.000228147,0.00151773,58.4098,5.4752,-698.512,0.0111557,0.00409432,0.00362895,0.0124275,0.00029775,0.000202286,0.0012727
395,66.1966,7.30455,-694.915,0.012066,0.00172056,0.00318785,0.0149987,0.000383913,0.000264146,0.00161116,57.7388,10.3303,-695.125,0.0105024,-0.0050217,0.0136025,0.0179494,0.000468681,0.000283808,0.00202955,57.9435,8.07444,-696.71,0.0122395,0.00155939,0.00173026,0.0124653,0.000356267,0.000230218,0.00153838,58.4098,5.4752,-698.512,0.0122679,0.00284225,0.0028815,0.0129234,0.000298109,0.000202887,0.00127433
396,66.2133,7.29997,-694.914,0.0126251,0.000182008,0.00193352,0.0164378,0.000385556,0.000265218,0.00161724,57.7388,10.3303,-695.125,0.010549,-0.00980916,0.0157962,0.0214451,0.000477039,0.000298119,0.00206778,57.9435,8.07444,-696.71,0.012996,-0.000373258,0.00159193,0.0131064,0.000356222,0.000227775,0.00153772,58.4098,5.4752,-698.512,0.013038,0.00153551,0.00138548,0.0132031,0.00029864,0.000201517,0.00127613
397,66.2609,7.30302,-694.898,0.013034,-0.0015499,-0.000132355,0.0178133,0.000386469,0.000265269,0.00162084,57.7388,10.3303,-695.125,0.0112635,-0.013579,0.0145721,0.0230166,0.000496825,0.000323205,0.00215645,57.9435,8.07444,-696.71,0.0138023,-0.00186012,-0.00379123,0.0144527,0.000359777,0.000231333,0.00155332,58.4098,5.4752,-698.512,0.0131647,-0.0001203,0.000282145,0.0131807,0.00029815,0.000199946,0.00127371
398,66.3219,7.30015,-694.883,0.013091,-0.00304635,-0.00262104,0.0183132,0.000388129,0.00026582,0.00162698,57.7388,10.3303,-695.125,0.0118988,-0.0159557,0.0099512,0.0224334,0.000506018,0.000339317,0.00219875,57.9435,8.07444,-696.71,0.0139442,-0.00297122,-0.00811157,0.016422,0.000362417,0.000232723,0.00156467,58.4098,5.4752,-698.512,0.0131773,-0.00113319,-0.0038254,0.0137721,0.000298304,0.000201752,0.00127483
399,66.3785,7.29904,-694.868,0.0127244,-0.00427418,-0.00401692,0.0186242,0.00038911,0.000267751,0.00163054,57.7388,10.3303,-695.125,0.0120047,-0.0173601,0.0079836,0.0227565,0.000511022,0.000347355,0.00222163,57.9435,8.07444,-696.71,0.0138605,-0.0040906,-0.00845117,0.0167727,0.000359984,0.000234387,0.00155478,58.4098,5.4752,-698.512,0.0123211,-0.00271666,-0.00222287,0.0128193,0.000297779,0.000198861,0.00127191
400,66.4408,7.29689,-694.852,0.0120816,-0.0051963,-0.00354535,0.0181935,0.000388909,0.000268042,0.00162899,57.7388,10.3303,-695.125,0.0106871,-0.0185683,0.0142224,0.0258623,0.000506683,0.000344258,0.00220272,57.9435,8.07444,-696.71,0.0124757,-0.00513476,-0.00393571,0.0140717,0.000360635,0.000230635,0.00155679,58.4098,5.4752,-698.512,0.0117011,-0.00348497,-0.00255673,0.0124801,0.000297875,0.000199628,0.00127251
401,66.4408,7.29689,-694.852,0.0113832,-0.00554076,-0.00347462,0.0172514,0.000388676,0.000267593,0.00162829,57.7388,10.3303,-695.125,0.0102472,-0.0176701,0.0094924,0.0227262,0.000508675,0.000337686,0.0022095,57.9435,8.07444,-696.71,0.012368,-0.00528131,-0.00807191,0.0157031,0.000363469,0.000230162,0.0015686,58.4098,5.4752,-698.512,0.0109026,-0.00403824,-0.00313336,0.0120423,0.000302357,0.000199327,0.00129079
402,66.4964,7.29426,-694.838,0.0102958,-0.00560998,-0.00155398,0.015811,0.000385834,0.000266824,0.00161592,57.7388,10.3303,-695.125,0.0100776,-0.0161368,0.00989986,0.0215597,0.000493535,0.000324448,0.00214298,57.9435,8.07444,-696.71,0.0107237,-0.00508612,-0.00221555,0.012093,0.000364002,0.000233129,0.00157139,58.4098,5.4752,-698.512,0.00980292,-0.00434055,0.000275614,0.0107438,0.000301369,0.00020291,0.00128769
403,66.566,7.28485,-694.825,0.00954624,-0.00561343,-0.000360875,0.0144154,0.000383082,0.000264432,0.00160332,57.7388,10.3303,-695.125,0.0093622,-0.0140992,0.00802829,0.0188432,0.000478201,0.000303301,0.00207385,57.9435,8.07444,-696.71,0.0103234,-0.0051574,-0.00242185,0.01181,0.000355292,0.000230731,0.00153442,58.4098,5.4752,-698.512,0.00952163,-0.00437048,-0.000984723,0.0105274,0.000297647,0.000201656,0.00127213
404,66.5906,7.29058,-694.814,0.0088294,-0.00553485,0.00153237,0.013041,0.000381503,0.000264555,0.00159676,57.7388,10.3303,-695.125,0.00863989,-0.0108768,0.00844006,0.0163016,0.000464632,0.000284837,0.00201281,57.9435,8.07444,-696.71,0.009171,-0.00484282,0.000608698,0.0104079,0.00035157,0.00022644,0.00151798,58.4098,5.4752,-698.512,0.00865481,-0.00496697,0.00185134,0.0101559,0.000294456,0.000198399,0.0012582
405,66.6631,7.2818,-694.8,0.00818267,-0.00525685,0.0026024,0.0113671,0.00037985,0.000264364,0.00158947,57.7388,10.3303,-695.125,0.007619,-0.00781048,0.00932789,0.0143774,0.000457796,0.000281226,0.00198334,57.9435,8.07444,-696.71,0.00825193,-0.00408486,0.00183547,0.0093896,0.000354764,0.000232457,0.00153253,58.4098,5.4752,-698.512,0.00811955,-0.00458792,0.00177974,0.00950085,0.000297761,0.00020069,0.00127234
406,66.5906,7.29058,-694.814,0.00798953,-0.00483513,0.00272904,0.010372,0.000380075,0.00026359,0.00159104,57.7388,10.3303,-695.125,0.00891453,-0.00402119,0.00231501,0.0100602,0.000456898,0.000269343,0.001977,57.9435,8.07444,-696.71,0.00811697,-0.00337126,0.00211807,0.00904471,0.000353225,0.000227911,0.00152521,58.4098,5.4752,-698.512,0.00792521,-0.00468949,0.00230572,0.00950189,0.000295916,0.000198164,0.00126411
407,66.6073,7.28519,-694.813,0.00734681,-0.00431007,0.00346234,0.010083,0.000378926,0.000262844,0.00158534,57.7388,10.3303,-695.125,0.00730366,-0.00114809,0.0050762,0.00897174,0.000450305,0.000267082,0.00194882,57.9435,8.07444,-696.71,0.0075304,-0.00255367,0.002527,0.0083633,0.000354796,0.000228738,0.00153195,58.4098,5.4752,-698.512,0.00746981,-0.00422774,0.0013236,0.00868704,0.000298384,0.000199714,0.00127463
408,66.5307,7.29341,-694.829,0.00686349,-0.00333266,0.00417676,0.0105683,0.000378177,0.000262052,0.00158346,57.7388,10.3303,-695.125,0.00695975,0.00198816,0.0027711,0.00777238,0.000452719,0.000275605,0.0019608,57.9435,8.07444,-696.71,0.00652132,-0.00138791,0.00377645,0.00768693,0.000349281,0.000227998,0.00150868,58.4098,5.4752,-698.512,0.00739141,-0.00306067,0.000869793,0.00805382,0.000294605,0.000199199,0.00125903
409,66.5129,7.28889,-694.837,0.00656554,-0.00193713,0.00463696,0.0103957,0.000376329,0.000259924,0.0015757,57.7388,10.3303,-695.125,0.00692892,0.00485132,0.00144571,0.00861922,0.000453842,0.000275987,0.0019656,57.9435,8.07444,-696.71,0.00626804,-0.000182467,0.004282,0.00761826,0.000350167,0.000224371,0.00151171,58.4098,5.4752,-698.512,0.0064301,-0.00205895,0.00285501,0.00735211,0.000292581,0.000194807,0.00124958
410,66.3616,7.29217,-694.878,0.00643543,-0.000366648,0.00586789,0.0110791,0.000375857,0.000259144,0.00157476,57.7388,10.3303,-695.125,0.00759425,0.00744462,-0.000840433,0.0107333,0.000457025,0.000282419,0.00198038,57.9435,8.07444,-696.71,0.00643461,0.00160235,0.00487857,0.00826985,0.00034691,0.000225616,0.00149828,58.4098,5.4752,-698.512,0.00701367,-4.55716e-05,0.00174993,0.00723495,0.000291187,0.000194152,0.00124369
411,66.3616,7.29217,-694.878,0.00649399,0.0013771,0.00714317,0.0116916,0.000375838,0.000259759,0.00157506,57.7388,10.3303,-695.125,0.00732583,0.0089392,0.00156315,0.011738,0.000459282,0.000286601,0.00199078,57.9435,8.07444,-696.71,0.00623272,0.00311028,0.00685893,0.00979846,0.00034805,0.000225795,0.00150311,58.4098,5.4752,-698.512,0.00678062,0.00157741,0.00460144,0.00835096,0.000291595,0.000197496,0.00124625
412,66.3785,7.29904,-694.868,0.00645089,0.00278006,0.00813912,0.0122788,0.000378317,0.000259591,0.00158558,57.7388,10.3303,-695.125,0.00719784,0.00922621,0.00554051,0.0129872,0.000461817,0.000287883,0.00200169,57.9435,8.07444,-696.71,0.00647272,0.00413444,0.00838965,0.011406,0.000351302,0.000225899,0.00151676,58.4098,5.4752,-698.512,0.00703355,0.00324426,0.00418674,0.00880833,0.000289945,0.000195738,0.00123903
413,66.3146,7.29822,-694.887,0.00684985,0.00377145,0.00738298,0.0120813,0.000378579,0.000261459,0.00158699,57.7388,10.3303,-695.125,0.00729361,0.00937527,0.00439847,0.0127009,0.00045542,0.000277778,0.00197261,57.9435,8.07444,-696.71,0.00639912,0.00482058,0.00841863,0.0116474,0.000351859,0.000223861,0.00151869,58.4098,5.4752,-698.512,0.00720965,0.00409693,0.00402584,0.00921934,0.000293357,0.000196045,0.00125307
414,66.3018,7.29576,-694.892,0.0070772,0.00412987,0.00675379,0.0117131,0.000378336,0.000262069,0.00158598,57.7388,10.3303,-695.125,0.00784438,0.00803489,0.00405934,0.0119582,0.000456327,0.000271888,0.00197514,57.9435,8.07444,-696.71,0.00743833,0.00512182,0.00567009,0.0106818,0.000352612,0.00022521,0.00152211,58.4098,5.4752,-698.512,0.00755506,0.0048362,0.00273341,0.00938099,0.000296018,0.000199814,0.00126497
415,66.3246,7.29239,-694.888,0.00752014,0.00379597,0.00523273,0.0105928,0.000378658,0.000261055,0.00158726,57.7388,10.3303,-695.125,0.00812403,0.00599555,0.00420907,0.0109422,0.000457478,0.000268618,0.00197928,57.9435,8.07444,-696.71,0.00798478,0.00439086,0.0041445,0.0100191,0.000353218,0.0002266,0.00152492,58.4098,5.4752,-698.512,0.00742778,0.00424431,0.00426043,0.00955952,0.000297591,0.000199524,0.00127133
416,66.3087,7.29621,-694.89,0.0083185,0.00297561,0.00312223,0.00982898,0.000376297,0.000260628,0.00157748,57.7388,10.3303,-695.125,0.00859006,0.00369205,0.00337167,0.00993955,0.000449929,0.000263198,0.00194641,57.9435,8.07444,-696.71,0.0085112,0.00393971,0.00171126,0.00954009,0.000354071,0.000224912,0.00152818,58.4098,5.4752,-698.512,0.00878639,0.00419966,-0.000880446,0.00978317,0.000295767,0.000198531,0.0012636
417,66.3785,7.29904,-694.868,0.00885346,0.00193925,0.00125239,0.00989579,0.000375943,0.000260762,0.0015757,57.7388,10.3303,-695.125,0.00875305,0.000802844,0.00431675,0.00980711,0.000451206,0.000264745,0.0019521,57.9435,8.07444,-696.71,0.00948586,0.00265853,-0.00104945,0.00990762,0.000350855,0.000223632,0.00151444,58.4098,5.4752,-698.512,0.00915824,0.00280462,-0.000511414,0.0095959,0.000292866,0.000197262,0.00125138
418,66.4014,7.29567,-694.864,0.00928925,0.00080419,-0.000149105,0.0105098,0.000376385,0.000259526,0.0015771,57.7388,10.3303,-695.125,0.00874686,-0.00198417,0.0038587,0.00980384,0.000455573,0.000268073,0.00197116,57.9435,8.07444,-696.71,0.00997419,0.00140435,-0.00221254,0.0103163,0.000348162,0.000223227,0.00150307,58.4098,5.4752,-698.512,0.00957235,0.0016999,-0.000536911,0.00973725,0.00029217,0.000196951,0.00124845
419,66.4178,7.30026,-694.856,0.00951543,-0.000207713,-0.000766132,0.0112492,0.000377576,0.00026076,0.00158259,57.7388,10.3303,-695.125,0.00906615,-0.00519527,0.0042657,0.0113375,0.00045778,0.000281672,0.00198336,57.9435,8.07444,-696.71,0.00957941,5.4172e-05,-0.00242583,0.00989014,0.000352813,0.00022712,0.00152333,58.4098,5.4752,-698.512,0.00955371,0.000799259,-0.0013523,0.00968442,0.000293577,0.00019681,0.00125417
420,66.3785,7.29904,-694.868,0.00904644,-0.00120279,-0.000438186,0.011654,0.000377786,0.00026044,0.00158327,57.7388,10.3303,-695.125,0.00817085,-0.00738951,0.00659584,0.0129429,0.000466832,0.000287498,0.00202264,57.9435,8.07444,-696.71,0.00989134,-0.000815297,-0.00386895,0.010665,0.000352623,0.000226263,0.00152238,58.4098,5.4752,-698.512,0.00934398,-0.000153721,-0.00116169,0.00941936,0.000294512,0.000198364,0.00125842
421,66.4408,7.29689,-694.852,0.00847278,-0.00195719,-0.000751435,0.0117552,0.000377298,0.000260267,0.00158089,57.7388,10.3303,-695.125,0.0075097,-0.00938042,0.00717865,0.0140996,0.000473604,0.000287446,0.00205107,57.9435,8.07444,-696.71,0.00886797,-0.00192389,-0.00243231,0.00940446,0.000353396,0.000221564,0.00152474,58.4098,5.4752,-698.512,0.0085215,-0.000862301,-0.00133193,0.00867894,0.000289554,0.000193081,0.00123672
422,66.4408,7.29689,-694.852,0.00769962,-0.00257054,-0.00195017,0.0114647,0.00037802,0.000260019,0.00158331,57.7388,10.3303,-695.125,0.00704726,-0.0106173,0.00547863,0.0140093,0.000469096,0.000292606,0.00203329,57.9435,8.07444,-696.71,0.00852626,-0.0025023,-0.00566133,0.0105482,0.000349326,0.000223874,0.0015081,58.4098,5.4752,-698.512,0.00766969,-0.00153433,-0.00180883,0.00803047,0.000287224,0.00019221,0.00122695
423,66.4408,7.29689,-694.852,0.00675627,-0.00319838,-0.00309891,0.0109003,0.000376633,0.000259272,0.00157785,57.7388,10.3303,-695.125,0.00596024,-0.0114931,0.00524134,0.0141024,0.000469503,0.000293458,0.00203519,57.9435,8.07444,-696.71,0.0071623,-0.00300873,-0.00532821,0.00944165,0.000348027,0.000220744,0.00150206,58.4098,5.4752,-698.512,0.0060748,-0.00218101,-0.000521352,0.0064806,0.000283523,0.000188591,0.00121085
424,66.4408,7.29689,-694.852,0.00570973,-0.00397659,-0.00415754,0.0103358,0.000377472,0.000259072,0.00158102,57.7388,10.3303,-695.125,0.00510546,-0.0113413,0.00217227,0.0127341,0.000470993,0.000295057,0.00204182,57.9435,8.07444,-696.71,0.00616552,-0.00356495,-0.00687847,0.00991008,0.000349733,0.000221828,0.00150942,58.4098,5.4752,-698.512,0.00478092,-0.00307196,-0.0014557,0.00586884,0.000289836,0.000189256,0.00123689
425,66.4408,7.29689,-694.852,0.00453661,-0.00451108,-0.00526695,0.0100075,0.000377587,0.000258407,0.00158152,57.7388,10.3303,-695.125,0.00431322,-0.0116838,0.00368841,0.013076,0.000471641,0.000287663,0.00204291,57.9435,8.07444,-696.71,0.00542189,-0.00399683,-0.00806034,0.0105056,0.00035242,0.000224151,0.00152117,58.4098,5.4752,-698.512,0.00417963,-0.00350426,-0.00393059,0.00674017,0.000292097,0.000194536,0.00124755
426,66.4014,7.29567,-694.864,0.00332696,-0.00478569,-0.00526801,0.00908856,0.000377317,0.000258907,0.00158027,57.7388,10.3303,-695.125,0.00323455,-0.0103891,0.0018753,0.0111169,0.000464008,0.000289477,0.00201129,57.9435,8.07444,-696.71,0.00380555,-0.00428622,-0.00609546,0.00837019,0.000352947,0.00022314,0.00152317,58.4098,5.4752,-698.512,0.00292347,-0.00404812,-0.0039711,0.00638826,0.000291719,0.000188849,0.00124452
427,66.4964,7.29426,-694.838,0.00233312,-0.00453406,-0.00525047,0.00844569,0.000378276,0.00025776,0.00158319,57.7388,10.3303,-695.125,0.00223553,-0.00840163,-0.000854872,0.00880711,0.000465446,0.000277359,0.00201469,57.9435,8.07444,-696.71,0.00277905,-0.00372735,-0.0075893,0.00890294,0.000350293,0.000217929,0.00151108,58.4098,5.4752,-698.512,0.00179592,-0.00403103,-0.00370691,0.00576859,0.000290169,0.000187533,0.00123783
428,66.4569,7.29305,-694.85,0.00119727,-0.00411653,-0.00438228,0.00698209,0.000374365,0.0002566,0.00156824,57.7388,10.3303,-695.125,0.00169488,-0.00675324,-0.00178137,0.0072333,0.000456655,0.000273433,0.00197693,57.9435,8.07444,-696.71,0.00184093,-0.00306416,-0.00767629,0.00846899,0.000350956,0.000222239,0.00151467,58.4098,5.4752,-698.512,0.0011553,-0.00355647,-0.00608298,0.00714133,0.000289921,0.000187767,0.00123689
429,66.4273,7.29368,-694.858,0.000201502,-0.0034027,-0.00288178,0.00550169,0.000373356,0.000256246,0.00156408,57.7388,10.3303,-695.125,0.000650328,-0.00510834,0.00133368,0.00536976,0.000451963,0.000264262,0.00195527,57.9435,8.07444,-696.71,0.000995947,-0.00240838,-0.00544146,0.00603683,0.000349444,0.000217145,0.00150737,58.4098,5.4752,-698.512,4.50175e-05,-0.00278408,-0.00457334,0.00535593,0.000287449,0.000187243,0.00122662
430,66.3616,7.29217,-694.878,-0.000721652,-0.00260206,-0.00145968,0.00423399,0.000371345,0.000254038,0.00155617,57.7388,10.3303,-695.125,-0.000100918,-0.00285012,-0.000219662,0.00287599,0.000443378,0.00025858,0.001918,57.9435,8.07444,-696.71,-0.000190427,-0.00181535,-0.00342841,0.0038899,0.000344043,0.000216247,0.00148454,58.4098,5.4752,-698.512,-0.000664405,-0.00221497,-0.00331586,0.00407411,0.000287663,0.000188636,0.00122786
431,66.4014,7.29567,-694.864,-0.00159944,-0.00212312,-0.000220033,0.00359062,0.000372516,0.000255067,0.00156091,57.7388,10.3303,-695.125,-0.00065823,-0.000932735,-0.00129751,0.00174417,0.000451298,0.000262874,0.0019522,57.9435,8.07444,-696.71,-0.000657,-0.00116402,-0.0027312,0.00304284,0.000349188,0.000217847,0.00150643,58.4098,5.4752,-698.512,-0.00148895,-0.00182453,-0.00252095,0.00347293,0.00028994,0.000186599,0.00123667
432,66.4014,7.29567,-694.864,-0.00200818,-0.00157917,-0.000635118,0.00395099,0.000371302,0.00025346,0.00155526,57.7388,10.3303,-695.125,-0.000808329,0.000714925,-0.00216484,0.00242058,0.000444698,0.000258488,0.00192354,57.9435,8.07444,-696.71,-0.00142981,-0.000270832,-0.00382992,0.00409785,0.000342584,0.000216033,0.00147838,58.4098,5.4752,-698.512,-0.00206377,-0.00127238,-0.00284888,0.00375839,0.000286054,0.000186807,0.0012208
433,66.4273,7.29368,-694.858,-0.00225489,-0.00138093,-0.00116301,0.0047649,0.000371117,0.000253791,0.00155444,57.7388,10.3303,-695.125,-0.00112915,0.00148508,-0.00516595,0.00549738,0.000450712,0.00026434,0.00195006,57.9435,8.07444,-696.71,-0.00194588,-0.000135512,-0.00200758,0.00280406,0.000346953,0.000220011,0.00149747,58.4098,5.4752,-698.512,-0.00213543,-0.000991429,-0.00426856,0.00487684,0.000290928,0.000190207,0.00124166
434,66.3785,7.29904,-694.868,-0.00227492,-0.00109937,-0.00194543,0.00516433,0.000372056,0.000253637,0.00155857,57.7388,10.3303,-695.125,-0.00151591,0.00230858,-0.00529027,0.0059698,0.00044557,0.000260077,0.00192755,57.9435,8.07444,-696.71,-0.00223886,3.80667e-05,-0.0036742,0.00430633,0.000343367,0.0002127,0.00148106,58.4098,5.4752,-698.512,-0.00244945,-0.0009045,-0.00416768,0.0049321,0.000283264,0.000182682,0.0012083
435,66.3388,7.29555,-694.882,-0.00235913,-0.000762023,-0.00247051,0.00579573,0.000372643,0.000254032,0.00156097,57.7388,10.3303,-695.125,-0.00189526,0.00315766,-0.00340668,0.00502411,0.000445096,0.000265637,0.00192673,57.9435,8.07444,-696.71,-0.00164906,0.000757849,-0.00582565,0.00611154,0.000347761,0.000219702,0.00150079,58.4098,5.4752,-698.512,-0.00174599,-0.000434559,-0.00685792,0.00709369,0.000288572,0.000185815,0.00123087
