"R0",,,,,,,,,,
"Index [1]","X [mm]","Y [mm]","Z [mm]","U [mm]","V [mm]","W [mm]","displacement","Sigma_X [mm]","Sigma_Y [mm]","Sigma_Z [mm]"
0,2.5972,15.5735,-411.578,0,0,0,0,0.000755109,0.000761068,0.00388828
1,2.5972,15.5735,-411.578,0.00109145,0.000122548,-0.000891653,0.00179606,0.000190092,0.000195531,0.000984525
2,2.5972,15.5735,-411.578,0.00139302,0.00057849,-0.00108921,0.00215584,0.000187123,0.000192221,0.000969463
3,2.5972,15.5735,-411.578,0.00139542,0.000790132,-0.000828308,0.00199903,0.000187835,0.000192948,0.000973007
4,2.5972,15.5735,-411.578,0.00144998,0.000926434,-0.00183462,0.00269177,0.000186972,0.000192568,0.000968796
5,2.5972,15.5735,-411.578,0.0012231,0.00125098,-0.00126171,0.00237077,0.000189496,0.000194698,0.000981491
6,2.5972,15.5735,-411.578,0.00139792,0.00116682,-0.00180011,0.00285855,0.000185263,0.000190577,0.000959593
7,2.5972,15.5735,-411.578,0.00199,0.00115788,-0.00222964,0.0034106,0.000187629,0.000192785,0.000971843
8,2.5972,15.5735,-411.578,0.00279935,0.00127246,-0.00198306,0.00374321,0.00018668,0.000192013,0.000967327
9,2.5972,15.5735,-411.578,0.00366442,0.00154119,-0.0033868,0.00529276,0.000188196,0.000193494,0.00097481
10,2.5972,15.5735,-411.578,0.0045287,0.00135607,-0.0035331,0.00600068,0.000187227,0.000192427,0.000969967
11,2.5972,15.5735,-411.578,0.00481831,0.00161334,-0.00304669,0.00601525,0.000189407,0.0001947,0.000981141
12,2.5972,15.5735,-411.578,0.00448572,0.00180732,-0.00365225,0.00617346,0.000190503,0.000195501,0.000986645
13,2.5972,15.5735,-411.578,0.00411854,0.00208841,-0.00406655,0.00629395,0.000186627,0.00019157,0.000966633
14,2.5972,15.5735,-411.578,0.00407322,0.00197583,-0.00413152,0.00617523,0.00019057,0.000196165,0.000987179
15,2.5972,15.5735,-411.578,0.00415044,0.00182987,-0.00320452,0.0056302,0.000187585,0.000192413,0.000971492
16,2.5972,15.5735,-411.578,0.0047608,0.00199578,-0.00424815,0.00677624,0.000190743,0.000196051,0.000987962
17,2.5972,15.5735,-411.578,0.00546343,0.00185273,-0.00476252,0.00758614,0.000187847,0.000193076,0.000973014
18,2.5972,15.5735,-411.578,0.00637671,0.00162483,-0.00456526,0.00805574,0.000188936,0.000194517,0.000978666
19,2.5972,15.5735,-411.578,0.0071933,0.00148962,-0.004059,0.00846242,0.000191028,0.000196231,0.000989237
20,2.5972,15.5735,-411.578,0.00763701,0.00154211,-0.00505677,0.00941438,0.000190137,0.000195278,0.000984987
21,2.5972,15.5735,-411.578,0.00739042,0.00149828,-0.0045179,0.0088418,0.000190067,0.000195539,0.000984185
22,2.5972,15.5735,-411.578,0.00720933,0.00166669,-0.00545984,0.00925266,0.000193387,0.000198778,0.00100152
23,2.5972,15.5735,-411.578,0.00709868,0.00168031,-0.00413789,0.0084473,0.000189002,0.000194315,0.000979011
24,2.5972,15.5735,-411.578,0.00745739,0.00160196,-0.00462588,0.00897877,0.00018979,0.000194997,0.000983046
25,2.5972,15.5735,-411.578,0.00776287,0.00143386,-0.00497609,0.0093747,0.000186625,0.000191803,0.000966715
26,2.5972,15.5735,-411.578,0.0086949,0.00125474,-0.00529738,0.010353,0.000188593,0.000193955,0.000976915
27,2.5972,15.5735,-411.578,0.00967808,0.00122579,-0.00514783,0.0110545,0.000189185,0.000194517,0.000979714
28,2.5972,15.5735,-411.578,0.0105166,0.00137735,-0.00478903,0.0116639,0.000189483,0.000194477,0.000981278
29,2.5972,15.5735,-411.578,0.0111547,0.00128551,-0.00463663,0.0121977,0.000190232,0.000195633,0.000985389
30,2.5972,15.5735,-411.578,0.0110634,0.00122333,-0.00520489,0.0123152,0.00019003,0.000195233,0.000984168
31,2.5972,15.5735,-411.578,0.0109317,0.00127933,-0.00479833,0.0120608,0.000190169,0.000195439,0.000984853
32,2.5972,15.5735,-411.578,0.0107381,0.00134991,-0.00390271,0.0115646,0.000189114,0.000194314,0.000979438
33,2.5972,15.5735,-411.578,0.0107639,0.00149007,-0.00475093,0.0119213,0.000187398,0.000192517,0.000970756
34,2.5972,15.5735,-411.578,0.011281,0.00104218,-0.00428328,0.0121889,0.000190184,0.000195842,0.000985235
35,2.5972,15.5735,-411.578,0.0119797,0.00106767,-0.00462363,0.0129483,0.000192142,0.000197259,0.000995381
36,2.5972,15.5735,-411.578,0.0127075,0.000949387,-0.00389059,0.0134366,0.000190683,0.000195765,0.00098747
37,2.5972,15.5735,-411.578,0.0133118,0.00106106,-0.00442992,0.0141456,0.000194405,0.000199899,0.0010069
38,2.5972,15.5735,-411.578,0.0136069,0.000871748,-0.00327788,0.0141005,0.000189601,0.000194621,0.00098222
39,2.5972,15.5735,-411.578,0.013276,0.000812394,-0.00299096,0.0137021,0.000192934,0.000198225,0.000999423
40,2.5972,15.5735,-411.578,0.0129364,0.000875652,-0.00220672,0.0132754,0.000193487,0.000198985,0.00100207
41,2.5972,15.5735,-411.578,0.0124137,0.000954791,-0.0018671,0.012677,0.000191278,0.000196462,0.000990675
42,2.5972,15.5735,-411.578,0.0121043,0.000820294,-0.00226269,0.0124138,0.000191089,0.000196375,0.000989699
43,2.5972,15.5735,-411.578,0.0122794,0.000747238,-0.00115914,0.0124539,0.000189882,0.000195285,0.000983496
44,2.5972,15.5735,-411.578,0.0123668,0.000753893,-0.0014608,0.0125784,0.000191625,0.000197244,0.000992522
45,2.5972,15.5735,-411.578,0.0129834,0.000641101,-0.000192723,0.013047,0.000190901,0.000196692,0.00098894
46,2.5972,15.5735,-411.578,0.0132378,0.000364897,0.000832827,0.0133496,0.000191124,0.000196156,0.0009899
47,2.5972,15.5735,-411.578,0.0132564,0.000279874,0.00131991,0.013407,0.00019291,0.00019923,0.000999302
48,2.5972,15.5735,-411.578,0.0126943,0.000210395,0.000949322,0.0128266,0.000194115,0.000199489,0.00100545
49,2.5972,15.5735,-411.578,0.0117549,0.000169437,0.00195587,0.011969,0.000191055,0.00019629,0.000989712
50,2.5972,15.5735,-411.578,0.0108046,-0.00011158,0.00260668,0.01117,0.000187173,0.000192477,0.000969669
51,2.5972,15.5735,-411.578,0.0102492,-0.000328555,0.0029679,0.0107409,0.000192454,0.000198298,0.000996792
52,2.5972,15.5735,-411.578,0.00999365,-0.000655653,0.00412789,0.0108926,0.000189135,0.00019478,0.000979676
53,2.5972,15.5735,-411.578,0.0101166,-0.000833373,0.00341958,0.0107548,0.000192451,0.000198028,0.000996699
54,2.5972,15.5735,-411.578,0.0102696,-0.00100702,0.00339499,0.0109207,0.000189889,0.000195154,0.000983365
55,2.5972,15.5735,-411.578,0.0102311,-0.00098538,0.00372509,0.0109834,0.000191157,0.000196213,0.000989979
56,2.5972,15.5735,-411.578,0.0098029,-0.00123083,0.00441969,0.0108461,0.000189323,0.000194582,0.000980534
57,2.5972,15.5735,-411.578,0.00920148,-0.0013832,0.00420287,0.0102949,0.000191662,0.000196977,0.000992799
58,2.5972,15.5735,-411.578,0.00826972,-0.00150077,0.00473972,0.009797,0.000192331,0.000197761,0.000995926
59,2.5972,15.5735,-411.578,0.00738112,-0.0018398,0.00572733,0.00959731,0.000189504,0.000194868,0.00098156
60,2.5972,15.5735,-411.578,0.00666763,-0.00208733,0.00579171,0.00913158,0.00018821,0.000193342,0.000974588
61,2.5972,15.5735,-411.578,0.00652232,-0.00237286,0.00655912,0.00962387,0.000189424,0.000194635,0.000981248
62,2.5972,15.5735,-411.578,0.00645693,-0.00250377,0.00581556,0.00915103,0.000192677,0.00019767,0.000997854
63,2.5972,15.5735,-411.578,0.00674784,-0.00250252,0.00639189,0.00967687,0.000191167,0.00019627,0.000990051
64,2.5972,15.5735,-411.578,0.00660609,-0.00278406,0.0065888,0.00978877,0.00019174,0.000196941,0.000993041
65,2.5972,15.5735,-411.578,0.00628399,-0.00279472,0.00675309,0.00970519,0.000190861,0.000195995,0.000988621
66,2.5972,15.5735,-411.578,0.00573539,-0.00272014,0.00711684,0.00963028,0.000190932,0.000195948,0.000988748
67,2.5972,15.5735,-411.578,0.00474923,-0.00283329,0.00795252,0.00971753,0.000187778,0.000192646,0.000972493
68,2.5972,15.5735,-411.578,0.00377078,-0.00297631,0.00858454,0.00988673,0.000189633,0.000195009,0.000982298
69,2.5972,15.5735,-411.578,0.00326544,-0.00316614,0.00897033,0.0101144,0.000188844,0.000193703,0.000978012
70,2.5972,15.5735,-411.578,0.00314071,-0.00324822,0.00946021,0.010514,0.000191344,0.000196546,0.000990774
71,2.5972,15.5735,-411.578,0.003292,-0.00330413,0.0106309,0.0116272,0.00018404,0.000189272,0.000953369
72,2.5972,15.5735,-411.578,0.00349807,-0.00336053,0.0105983,0.0116666,0.000189687,0.000194486,0.000982479
73,2.5972,15.5735,-411.578,0.00369643,-0.00365694,0.0104169,0.0117021,0.000192028,0.000196897,0.00099454
74,2.5972,15.5735,-411.578,0.00332097,-0.00348317,0.0102217,0.0113267,0.000190051,0.000195226,0.00098444
75,2.5972,15.5735,-411.578,0.00275482,-0.00341709,0.00977684,0.0107533,0.00019308,0.000197963,0.00100026
76,2.5972,15.5735,-411.578,0.00186329,-0.00339313,0.0113271,0.0119802,0.000192673,0.000197599,0.000997883
77,2.5972,15.5735,-411.578,0.000936243,-0.00351313,0.0116362,0.0121962,0.000193112,0.000198092,0.00100031
78,2.5972,15.5735,-411.578,0.000416034,-0.0038546,0.0125436,0.0131465,0.000189824,0.000194728,0.000983081
79,2.5972,15.5735,-411.578,0.000279788,-0.00404268,0.0124162,0.013074,0.00018988,0.000195303,0.000983513
80,2.5972,15.5735,-411.578,0.000444189,-0.00400402,0.0125813,0.0132172,0.00018822,0.000193754,0.000974839
81,2.5972,15.5735,-411.578,0.000759794,-0.00434518,0.0126264,0.0133894,0.00018702,0.00019265,0.000968691
82,2.5972,15.5735,-411.578,0.000904931,-0.00441846,0.0131247,0.0138915,0.000190759,0.000195932,0.000987991
83,2.5972,15.5735,-411.578,0.000701231,-0.00428041,0.0131001,0.0138098,0.000188801,0.00019368,0.000977942
84,2.5972,15.5735,-411.578,0.000157834,-0.00422826,0.013762,0.0144055,0.000189759,0.000194938,0.000982877
85,2.5972,15.5735,-411.578,-0.000653566,-0.00434583,0.0142778,0.0149482,0.000189826,0.000195024,0.000983341
86,2.5972,15.5735,-411.578,-0.00168205,-0.00450788,0.0144536,0.0152426,0.000187381,0.000192654,0.000970398
87,2.5972,15.5735,-411.578,-0.00263152,-0.00478998,0.0136654,0.0147316,0.000186876,0.000192085,0.000967957
88,2.5972,15.5735,-411.578,-0.00284754,-0.00479321,0.0147309,0.0157573,0.000189149,0.00019444,0.000979669
89,2.5972,15.5735,-411.578,-0.00263482,-0.00517742,0.0147965,0.015912,0.000191957,0.000196654,0.000993954
90,2.5972,15.5735,-411.578,-0.00227631,-0.0053849,0.0157608,0.0168215,0.000190942,0.000196207,0.000988967
91,2.5972,15.5735,-411.578,-0.00232041,-0.00535297,0.0153118,0.0163956,0.000191224,0.000196186,0.000990191
92,2.5972,15.5735,-411.578,-0.00239995,-0.0056283,0.0156079,0.0167865,0.000187067,0.000192474,0.000968986
93,2.5972,15.5735,-411.578,-0.00296833,-0.00542274,0.0166823,0.0177963,0.000189962,0.000195298,0.000984041
94,2.5972,15.5735,-411.578,-0.0041138,-0.00556452,0.0159785,0.0174312,0.000192539,0.000197631,0.000997378
95,2.5972,15.5735,-411.578,-0.00489615,-0.00554659,0.015946,0.0175949,0.000190868,0.000196036,0.000988489
96,2.5972,15.5735,-411.578,-0.00565865,-0.00555877,0.0159515,0.0178357,0.000191112,0.000196522,0.00098997
97,2.5972,15.5735,-411.578,-0.00605249,-0.00576286,0.0164486,0.0184667,0.000190806,0.000195855,0.000988309
98,2.5972,15.5735,-411.578,-0.00581563,-0.00592142,0.0168404,0.0187884,0.00019026,0.000195282,0.000985164
99,2.5972,15.5735,-411.578,-0.00562933,-0.00612383,0.0171083,0.019033,0.000194306,0.000199135,0.00100616
100,2.5972,15.5735,-411.578,-0.00533994,-0.00598767,0.0171723,0.0189658,0.000191515,0.000196923,0.000992052
101,2.5972,15.5735,-411.578,-0.00545609,-0.00586842,0.0171394,0.0189444,0.000191773,0.000197032,0.000993162
102,2.5972,15.5735,-411.578,-0.00601684,-0.00543306,0.0161774,0.0181093,0.000194291,0.000199013,0.00100608
103,2.5972,15.5735,-411.578,-0.00696667,-0.00543719,0.0161422,0.0184296,0.000190233,0.000195787,0.000985305
104,2.5972,15.5735,-411.578,-0.00772386,-0.0052506,0.0169109,0.0193466,0.000195608,0.000201373,0.00101293
105,2.5972,15.5735,-411.578,-0.00824947,-0.0053007,0.0174059,0.0199876,0.000197333,0.000202323,0.00102212
106,2.5972,15.5735,-411.578,-0.00821145,-0.00527638,0.0182189,0.0206824,0.000193778,0.000199219,0.00100347
107,2.5972,15.5735,-411.578,-0.00788553,-0.00530465,0.0175745,0.0200034,0.000191527,0.000196778,0.000991937
108,2.5972,15.5735,-411.578,-0.00727025,-0.00545905,0.0178606,0.0200597,0.000193369,0.000198924,0.00100139
109,2.5972,15.5735,-411.578,-0.00675506,-0.00519538,0.017274,0.0192725,0.000189899,0.000195274,0.000983496
110,2.5972,15.5735,-411.578,-0.00625651,-0.00490334,0.0168516,0.0186397,0.000192472,0.000197676,0.000996723
111,2.5972,15.5735,-411.578,-0.0062683,-0.00457444,0.0172981,0.0189688,0.0001897,0.00019465,0.000982494
112,2.5972,15.5735,-411.578,-0.00664694,-0.00442443,0.0168124,0.0186226,0.000193141,0.000198838,0.00100035
113,2.5972,15.5735,-411.578,-0.00721951,-0.00428174,0.0165473,0.0185665,0.000190688,0.000196133,0.000987505
114,2.5972,15.5735,-411.578,-0.00737775,-0.00413729,0.0158809,0.0180217,0.000192748,0.000198222,0.000998287
115,2.5972,15.5735,-411.578,-0.00717181,-0.00412468,0.0151013,0.0172422,0.000196668,0.000202039,0.00101832
116,2.5972,15.5735,-411.578,-0.00648195,-0.00417764,0.015156,0.0170241,0.00019105,0.000196347,0.000989515
117,2.5972,15.5735,-411.578,-0.00549268,-0.00420889,0.0148698,0.0164106,0.000191956,0.000197302,0.000994205
118,2.5972,15.5735,-411.578,-0.00441486,-0.00405525,0.0141558,0.0153783,0.000188589,0.000193812,0.000976621
119,2.5972,15.5735,-411.578,-0.00368932,-0.00396936,0.0132331,0.0143102,0.000191496,0.000196886,0.000991916
120,2.5972,15.5735,-411.578,-0.00345056,-0.00370654,0.0127966,0.013776,0.000190664,0.000195325,0.000987632
121,2.5972,15.5735,-411.578,-0.00378956,-0.0034212,0.0119513,0.0130051,0.000190115,0.000195674,0.00098464
122,2.5972,15.5735,-411.578,-0.00401993,-0.00321634,0.0105079,0.0117164,0.000189844,0.000195205,0.000983179
123,2.5972,15.5735,-411.578,-0.0042633,-0.00287366,0.010802,0.0119765,0.000189271,0.000194642,0.000980318
124,2.5972,15.5735,-411.578,-0.00410606,-0.00295637,0.0101875,0.0113829,0.000188212,0.000193429,0.000975046
125,2.5972,15.5735,-411.578,-0.00341849,-0.00283127,0.00953953,0.0105455,0.00018804,0.000193063,0.000973934
126,2.5972,15.5735,-411.578,-0.00271362,-0.00291741,0.00933783,0.0101757,0.000191583,0.000196889,0.000992237
127,2.5972,15.5735,-411.578,-0.00173525,-0.00290289,0.00798352,0.00868274,0.000190126,0.000195248,0.000984737
128,2.5972,15.5735,-411.578,-0.00108788,-0.00268714,0.00732704,0.00788993,0.000186755,0.00019196,0.000967552
129,2.5972,15.5735,-411.578,-0.00101373,-0.00244715,0.00589884,0.00657002,0.000187045,0.000192236,0.000969018
130,2.5972,15.5735,-411.578,-0.0010694,-0.00220561,0.00544904,0.0060306,0.000186399,0.000191965,0.00096576
131,2.5972,15.5735,-411.578,-0.00161147,-0.00177059,0.00616636,0.00666677,0.000192768,0.000197834,0.000998339
132,2.5972,15.5735,-411.578,-0.00168058,-0.00157243,0.00590502,0.00637699,0.000190839,0.000195993,0.000988305
133,2.5972,15.5735,-411.578,-0.00138061,-0.00149695,0.00566238,0.00605714,0.000189503,0.000194754,0.0009816
134,2.5972,15.5735,-411.578,-0.000984598,-0.00151461,0.00505773,0.00542494,0.000187786,0.000192531,0.000972855
135,2.5972,15.5735,-411.578,-0.000235264,-0.00150966,0.00538305,0.00562718,0.000189299,0.000194245,0.000980515
136,2.5972,15.5735,-411.578,0.000511386,-0.00145686,0.00514513,0.00540149,0.000189103,0.000194642,0.000979598
137,2.5972,15.5735,-411.578,0.00125205,-0.00130208,0.00462562,0.0049889,0.000186465,0.000191866,0.000966141
138,2.5972,15.5735,-411.578,0.00128584,-0.0010425,0.00339326,0.00384385,0.000190877,0.000196079,0.000988756
139,2.5972,15.5735,-411.578,0.00117805,-0.000898546,0.00269534,0.00334043,0.000188045,0.000192679,0.000974083
140,2.5972,15.5735,-411.578,0.000773051,-0.00063047,0.00311958,0.00347419,0.000187619,0.000192963,0.000972043
141,2.5972,15.5735,-411.578,0.00051444,-0.000339028,0.00213105,0.00228037,0.000189717,0.000194876,0.00098262
142,2.5972,15.5735,-411.578,0.000677031,-0.000336842,0.0030542,0.00316944,0.000189765,0.000195072,0.000982877
143,2.5972,15.5735,-411.578,0.00141946,-0.000170979,0.00205555,0.0027379,0.000187226,0.000192595,0.000969757
144,2.5972,15.5735,-411.578,0.00220288,-0.000528835,0.00220915,0.00351828,0.000192315,0.000197571,0.000996204
145,2.5972,15.5735,-411.578,0.00293642,-0.000289911,0.00148674,0.00385088,0.000189347,0.000194728,0.000980887
146,2.5972,15.5735,-411.578,0.00374435,-0.000475574,0.002285,0.00455673,0.000189833,0.000195083,0.000983242
147,2.5972,15.5735,-411.578,0.00401809,-0.000322171,0.0020094,0.00480243,0.000188612,0.00019434,0.000977045
148,2.5972,15.5735,-411.578,0.00419786,-0.000103591,0.00110191,0.00458232,0.000189268,0.000194181,0.000980398
149,2.5972,15.5735,-411.578,0.00427618,0.000132383,0.00100319,0.00473621,0.000188209,0.000193168,0.000974766
150,2.5972,15.5735,-411.578,0.00394953,0.000277104,0.00100877,0.00426366,0.000191261,0.000196215,0.000990465
151,2.5972,15.5735,-411.578,0.00422048,0.000335417,0.00185884,0.00484894,0.000188274,0.000193749,0.000975205
152,2.5972,15.5735,-411.578,0.0046064,0.000241592,0.00142682,0.00500007,0.000190439,0.000195405,0.000986379
153,2.5972,15.5735,-411.578,0.00550256,0.000325619,0.000604448,0.00568132,0.000188823,0.000194229,0.000977975
154,2.5972,15.5735,-411.578,0.00640282,0.00019732,0.00101355,0.00662316,0.000192253,0.000197051,0.00099562
155,2.5972,15.5735,-411.578,0.00721408,0.000111891,8.91975e-05,0.00727015,0.000192344,0.000197833,0.000996259
156,2.5972,15.5735,-411.578,0.00749519,0.000399117,0.000152879,0.00762552,0.000192289,0.00019725,0.000995962
157,2.5972,15.5735,-411.578,0.00755629,0.000725174,0.00085754,0.00774078,0.00018703,0.000192492,0.000968698
158,2.5972,15.5735,-411.578,0.00754138,0.000834668,-0.000551739,0.00767343,0.000192402,0.000197595,0.000996684
159,2.5972,15.5735,-411.578,0.00757523,0.0011625,-0.00123154,0.00802482,0.000188828,0.000194449,0.000978322
160,2.5972,15.5735,-411.578,0.00748611,0.00113536,-0.00119733,0.00777999,0.000189,0.000193992,0.000979087
161,2.5972,15.5735,-411.578,0.00786631,0.0010028,-0.000630066,0.00803555,0.000186109,0.00019114,0.000964115
162,2.5972,15.5735,-411.578,0.00860904,0.000965378,-0.00153967,0.0088943,0.000190095,0.000195514,0.000984647
163,2.5972,15.5735,-411.578,0.0093574,0.000983759,-0.00111198,0.0095691,0.000191865,0.000197006,0.000993795
164,2.5972,15.5735,-411.578,0.00979372,0.00102468,-0.000644936,0.00999099,0.000192086,0.000197515,0.000995077
165,2.5972,15.5735,-411.578,0.00988157,0.00125068,-0.00169131,0.010181,0.00019203,0.000197427,0.000994629
166,2.5972,15.5735,-411.578,0.00987752,0.00145576,-0.00231172,0.0103329,0.000188193,0.000193579,0.000974632
167,2.5972,15.5735,-411.578,0.00964654,0.00163226,-0.00101872,0.0099268,0.000190039,0.000195101,0.000984434
168,2.5972,15.5735,-411.578,0.00942812,0.00164224,-0.000974733,0.00973261,0.000189179,0.000194257,0.000980022
169,2.5972,15.5735,-411.578,0.00943412,0.00160422,-0.000163684,0.00962158,0.000189992,0.000195271,0.000984324
170,2.5972,15.5735,-411.578,0.00965554,0.0015004,-0.000665007,0.00988471,0.000188084,0.000193091,0.000974335
171,2.5972,15.5735,-411.578,0.0100317,0.00166464,-0.000981485,0.0103454,0.000193367,0.000198755,0.00100141
172,2.5972,15.5735,-411.578,0.0104867,0.0014504,-0.00159384,0.0107706,0.000194992,0.000199761,0.00100986
173,2.5972,15.5735,-411.578,0.0106353,0.00141188,-0.00127227,0.0108648,0.000187797,0.000193521,0.000972988
174,2.5972,15.5735,-411.578,0.0104878,0.0014814,-0.000344649,0.0106446,0.000189727,0.000194872,0.000982621
175,2.5972,15.5735,-411.578,0.0102352,0.00150252,-0.000766514,0.0105277,0.00018893,0.000194195,0.000978588
176,2.5972,15.5735,-411.578,0.00968334,0.00156051,-0.000997238,0.00995348,0.000188725,0.000194022,0.000977589
177,2.5972,15.5735,-411.578,0.00929949,0.00163953,-0.00100434,0.00958296,0.000189808,0.000195412,0.000983356
178,2.5972,15.5735,-411.578,0.00909907,0.00138251,-0.00021997,0.00927297,0.00019127,0.000196625,0.000990797
179,2.5972,15.5735,-411.578,0.00902911,0.00137653,0.000551675,0.00919878,0.000189094,0.000194268,0.00097971
180,2.5972,15.5735,-411.578,0.00939879,0.00111496,9.59847e-05,0.00950769,0.00018933,0.000194988,0.000980561
181,2.5972,15.5735,-411.578,0.00983469,0.00098465,-0.000362103,0.00997395,0.000188239,0.000193701,0.000975054
182,2.5972,15.5735,-411.578,0.00976183,0.000967865,0.00027011,0.00995091,0.000186398,0.000191512,0.000965526
183,2.5972,15.5735,-411.578,0.00961224,0.000789701,0.000769102,0.00977431,0.000188853,0.000194,0.000978292
184,2.5972,15.5735,-411.578,0.00908255,0.000900062,0.00157176,0.00933044,0.000191971,0.000197325,0.000994529
185,2.5972,15.5735,-411.578,0.00842818,0.000799146,0.00116541,0.00860329,0.000192077,0.000197397,0.000994822
186,2.5972,15.5735,-411.578,0.00793815,0.000830976,0.000172293,0.00817724,0.000188305,0.00019317,0.000975456
187,2.5972,15.5735,-411.578,0.00758869,0.000674767,0.000604433,0.00777685,0.000190052,0.000195496,0.000984548
188,2.5972,15.5735,-411.578,0.00749423,0.000587508,0.000750265,0.00765242,0.000190201,0.000195186,0.000985036
189,2.5972,15.5735,-411.578,0.00781251,0.000362654,0.00100925,0.00798843,0.0001919,0.000196972,0.000994026
190,2.5972,15.5735,-411.578,0.00801483,0.000114738,0.00163916,0.00830755,0.000187652,0.000192902,0.000971764
191,2.5972,15.5735,-411.578,0.00811758,0.000124479,0.00141767,0.00840456,0.000191427,0.000196568,0.000991481
192,2.5972,15.5735,-411.578,0.00766527,4.66671e-06,0.00267866,0.00822863,0.000194319,0.000200121,0.00100648
193,2.5972,15.5735,-411.578,0.00694899,-9.95991e-05,0.00221925,0.00737673,0.000188529,0.000193262,0.00097663
194,2.5972,15.5735,-411.578,0.00615697,0.000230691,0.0017546,0.0065917,0.00019002,0.000195228,0.000984392
195,2.5972,15.5735,-411.578,0.00571852,9.36966e-05,0.0017207,0.00610357,0.000190283,0.000195366,0.000985802
196,2.5972,15.5735,-411.578,0.00538254,-7.21634e-05,0.00226315,0.00587871,0.000193424,0.000198689,0.00100195
197,2.59726,15.5735,-411.578,0.00527863,-0.000154279,0.00250489,0.00592178,0.000190276,0.000195162,0.000985559
198,2.59726,15.5735,-411.578,0.0054674,-0.000355418,0.00329393,0.00645013,0.000188049,0.000193667,0.000974172
199,2.59726,15.5735,-411.578,0.00574798,-0.000397426,0.00290915,0.00654376,0.000191053,0.000196161,0.000989523
200,2.59726,15.5735,-411.578,0.00576711,-0.000385638,0.00361614,0.00687989,0.00018897,0.000194061,0.000978776
201,2.59726,15.5735,-411.578,0.00535083,-0.000682256,0.00324801,0.00638456,0.00018432,0.000189531,0.000954687
202,2.59726,15.5735,-411.578,0.00485118,-0.000607019,0.00440492,0.00665185,0.000186863,0.000192361,0.000968025
203,2.59726,15.5735,-411.578,0.00397233,-0.000595327,0.00430604,0.00595201,0.000188117,0.000193436,0.000974474
204,2.59726,15.5735,-411.578,0.003234,-0.000580809,0.00521087,0.00622591,0.000193786,0.000198698,0.00100375
205,2.59726,15.5735,-411.578,0.00287335,-0.000622834,0.00505485,0.00589308,0.000191938,0.000196954,0.000994044
206,2.59726,15.5735,-411.578,0.00292386,-0.000932837,0.00455379,0.0055887,0.000189724,0.000195072,0.000982817
207,2.59726,15.5735,-411.578,0.00281517,-0.000827721,0.00548025,0.00630238,0.000192524,0.000198031,0.000997408
208,2.59726,15.5735,-411.578,0.00289923,-0.00106808,0.00587007,0.00665482,0.000187195,0.000192795,0.000969743
209,2.59726,15.5735,-411.578,0.00293839,-0.00120303,0.00598624,0.00682186,0.000192296,0.000197579,0.000996178
210,2.59726,15.5735,-411.578,0.00261564,-0.00139994,0.0068494,0.00751519,0.000186799,0.000191757,0.000967505
211,2.59726,15.5735,-411.578,0.00171885,-0.00165198,0.00646068,0.0069161,0.000187382,0.000192397,0.000970768
212,2.59726,15.5735,-411.578,0.000718604,-0.00165257,0.0075485,0.00776823,0.000188977,0.000194297,0.000978885
213,2.59726,15.5735,-411.578,0.000210309,-0.00169528,0.00647786,0.00672892,0.000188129,0.00019329,0.000974526
214,2.59726,15.5735,-411.578,-0.000268927,-0.00177967,0.00738784,0.00762692,0.000187038,0.000192217,0.00096893
215,2.59726,15.5735,-411.578,-0.000498929,-0.00201033,0.00798563,0.00826477,0.000188696,0.000194123,0.000977485
216,2.59726,15.5735,-411.578,-0.000355278,-0.00217875,0.00818854,0.00849045,0.000188233,0.000193459,0.000974919
217,2.59726,15.5735,-411.578,-0.000212763,-0.00246896,0.00815201,0.00853474,0.000190866,0.000196145,0.000988616
218,2.59726,15.5735,-411.578,-9.35974e-05,-0.00252543,0.00887618,0.00923714,0.000190601,0.000195791,0.000987276
219,2.59726,15.5735,-411.578,-0.000398227,-0.0027239,0.00863427,0.00909593,0.000189828,0.000194891,0.000983357
220,2.59726,15.5735,-411.578,-0.00130638,-0.00283349,0.00909895,0.00963355,0.0001897,0.000195057,0.000982602
221,2.59726,15.5735,-411.578,-0.00214758,-0.0030493,0.00958253,0.0102992,0.000188292,0.000193601,0.00097527
222,2.59726,15.5735,-411.578,-0.00293366,-0.00298811,0.0100881,0.0109448,0.000192673,0.00019754,0.000997985
223,2.59726,15.5735,-411.578,-0.0035255,-0.00318211,0.00908983,0.0102872,0.000189026,0.00019417,0.000979021
224,2.59726,15.5735,-411.578,-0.00374049,-0.00325232,0.0102934,0.0114575,0.000189834,0.000194654,0.000983302
225,2.59726,15.5735,-411.578,-0.00322049,-0.00349258,0.0103107,0.0113909,0.000192015,0.000197817,0.000994655
226,2.59726,15.5735,-411.578,-0.00299349,-0.00377925,0.0114867,0.0124701,0.000191129,0.000196456,0.000990086
227,2.59726,15.5735,-411.578,-0.00282228,-0.00413525,0.0121183,0.0131306,0.000189708,0.000194893,0.000982583
228,2.59726,15.5735,-411.578,-0.00298683,-0.00419492,0.0126983,0.0137307,0.000188354,0.000193922,0.000975663
229,2.59726,15.5735,-411.578,-0.00361759,-0.00407949,0.0117193,0.012959,0.000187811,0.000192895,0.000972768
230,2.59726,15.5735,-411.578,-0.00461944,-0.00402328,0.0116441,0.0131834,0.000191728,0.000196826,0.000992868
231,2.59726,15.5735,-411.578,-0.00537714,-0.00399919,0.0124402,0.0141519,0.000192032,0.000197295,0.000994525
232,2.59726,15.5735,-411.578,-0.0057475,-0.00409512,0.0129957,0.0148049,0.000190211,0.000195626,0.000985168
233,2.59726,15.5735,-411.578,-0.00579129,-0.0043071,0.0129311,0.0148255,0.000194083,0.000199879,0.00100521
234,2.59726,15.5735,-411.578,-0.00525377,-0.00448586,0.0133134,0.0150114,0.000188883,0.000194294,0.000978452
235,2.59726,15.5735,-411.578,-0.00486336,-0.00472445,0.0137497,0.0153507,0.000191101,0.000196191,0.000990026
236,2.59726,15.5735,-411.578,-0.00444674,-0.00465279,0.0137781,0.0152149,0.000188729,0.000193612,0.000977669
237,2.59726,15.5735,-411.578,-0.00447558,-0.00479449,0.0135274,0.0150535,0.000189216,0.000194469,0.000979959
238,2.59726,15.5735,-411.578,-0.00459238,-0.00467516,0.0139412,0.0154304,0.000190067,0.000195446,0.000984737
239,2.59726,15.5735,-411.578,-0.00525448,-0.00449291,0.013773,0.0154307,0.000188437,0.0001936,0.000976036
240,2.59726,15.5735,-411.578,-0.00596491,-0.00442326,0.0142979,0.0161309,0.00019169,0.000196688,0.000992487
241,2.59726,15.5735,-411.578,-0.00638401,-0.00444893,0.0150509,0.0169643,0.00018893,0.000194542,0.000978498
242,2.59726,15.5735,-411.578,-0.00629734,-0.00464277,0.0140603,0.016108,0.000188632,0.00019379,0.000977091
243,2.59726,15.5735,-411.578,-0.00586751,-0.00469926,0.013853,0.0157755,0.00019039,0.000195778,0.000986161
244,2.59726,15.5735,-411.578,-0.00527588,-0.00465978,0.0131076,0.0149289,0.000190583,0.000195908,0.000987249
245,2.59726,15.5735,-411.578,-0.0047817,-0.00466746,0.0132617,0.014881,0.000187595,0.000192934,0.00097149
246,2.59726,15.5735,-411.578,-0.00464105,-0.00469658,0.0136417,0.0151831,0.000189041,0.000194168,0.000979164
247,2.59726,15.5735,-411.578,-0.00480564,-0.00469029,0.0138741,0.0154321,0.000188966,0.000194219,0.000978903
248,2.59726,15.5735,-411.578,-0.00509701,-0.00459388,0.0152956,0.0167712,0.00018971,0.000194706,0.000982532
249,2.59726,15.5735,-411.578,-0.00548811,-0.00448699,0.0142839,0.0159568,0.000193948,0.000199408,0.00100456
250,2.59726,15.5735,-411.578,-0.00562193,-0.00424848,0.0149472,0.0165346,0.000190888,0.00019593,0.000988843
251,2.59726,15.5735,-411.578,-0.00559154,-0.00433485,0.0152463,0.0168196,0.000191749,0.00019715,0.000993428
252,2.59726,15.5735,-411.578,-0.00507634,-0.00441522,0.0151881,0.0166264,0.000188506,0.000193726,0.000976414
253,2.59726,15.5735,-411.578,-0.00407781,-0.00440719,0.0149786,0.0161438,0.000190117,0.00019544,0.000984679
254,2.59726,15.5735,-411.578,-0.00350122,-0.00446424,0.014172,0.0152781,0.000188511,0.000193708,0.000976624
255,2.59726,15.5735,-411.578,-0.00306102,-0.0045578,0.0142466,0.0152997,0.000192319,0.000197891,0.000996193
256,2.59726,15.5735,-411.578,-0.00326248,-0.0041869,0.0136556,0.0146636,0.000189413,0.000194636,0.000981301
257,2.59726,15.5735,-411.578,-0.00357831,-0.0039358,0.0131228,0.0141713,0.000189698,0.000195111,0.000982543
258,2.59726,15.5735,-411.578,-0.00383295,-0.0036953,0.0135718,0.0145896,0.000189566,0.000194744,0.000982032
259,2.59726,15.5735,-411.578,-0.00415145,-0.00351889,0.0137558,0.0148068,0.000189901,0.00019502,0.000983587
260,2.59726,15.5735,-411.578,-0.00383167,-0.00362363,0.0129555,0.0139991,0.000191989,0.000197433,0.000994576
261,2.59726,15.5735,-411.578,-0.00327686,-0.0035963,0.0134224,0.0142872,0.000187578,0.000192584,0.000971752
262,2.59726,15.5735,-411.578,-0.00240975,-0.00370853,0.0123763,0.0131653,0.000190032,0.00019481,0.000984438
263,2.59726,15.5735,-411.578,-0.0015907,-0.00359192,0.0131243,0.0137047,0.000187179,0.000192551,0.000969537
264,2.59726,15.5735,-411.578,-0.00113403,-0.00374536,0.0120393,0.0126739,0.000190107,0.00019517,0.000984551
265,2.59726,15.5735,-411.578,-0.00110647,-0.00354019,0.0119174,0.0124895,0.000190734,0.00019596,0.000988141
266,2.59726,15.5735,-411.578,-0.0013714,-0.00343389,0.0116629,0.0122546,0.000190157,0.000195709,0.000985009
267,2.59726,15.5735,-411.578,-0.00153155,-0.00319352,0.0115872,0.0121334,0.000192608,0.000197881,0.000997753
268,2.59726,15.5735,-411.578,-0.00164496,-0.00290278,0.0109207,0.0114296,0.000186722,0.000192406,0.000967313
269,2.59726,15.5735,-411.578,-0.00141043,-0.00303553,0.0113623,0.0118498,0.000190418,0.000195951,0.000986646
270,2.59726,15.5735,-411.578,-0.000771416,-0.00307725,0.0114453,0.0118904,0.000191326,0.000196459,0.000991219
271,2.59726,15.5735,-411.578,-7.74134e-05,-0.00288636,0.0114655,0.0118314,0.0001928,0.000198416,0.00099868
272,2.59726,15.5735,-411.578,0.00105833,-0.00286762,0.0113811,0.011794,0.000192178,0.000197609,0.000995311
273,2.59726,15.5735,-411.578,0.0016742,-0.00270024,0.0111115,0.0115652,0.00018797,0.000193449,0.000973627
274,2.59726,15.5735,-411.578,0.0019448,-0.00246476,0.0105741,0.011038,0.000188049,0.000193147,0.000973998
275,2.59726,15.5735,-411.578,0.00177861,-0.00226189,0.0102702,0.0106883,0.000192263,0.000197586,0.000995855
276,2.59726,15.5735,-411.578,0.00158366,-0.00201111,0.00945298,0.00981209,0.000188477,0.000193483,0.000976121
277,2.59726,15.5735,-411.578,0.00151518,-0.00140639,0.00961819,0.00985387,0.000187466,0.000192868,0.000971145
278,2.59726,15.5735,-411.578,0.00165861,-0.00122753,0.00879992,0.00905814,0.000192562,0.0001973,0.000997333
279,2.59726,15.5735,-411.578,0.00242032,-0.00128296,0.00941675,0.00983914,0.000189321,0.000194701,0.000980722
280,2.59726,15.5735,-411.578,0.00320691,-0.00130389,0.00965653,0.0102766,0.000188769,0.000193608,0.000977654
281,2.59726,15.5735,-411.578,0.00416292,-0.00148219,0.0090066,0.0100656,0.000191797,0.000196948,0.000993494
282,2.59726,15.5735,-411.578,0.00474504,-0.00151307,0.00755476,0.00909179,0.000189369,0.000195113,0.000980725
283,2.59726,15.5735,-411.578,0.00496086,-0.00151026,0.00841092,0.00990529,0.000190541,0.000195507,0.000986699
284,2.59726,15.5735,-411.578,0.00491016,-0.00146912,0.00790189,0.00946469,0.000191489,0.000196561,0.000991744
285,2.59726,15.5735,-411.578,0.00479239,-0.0016985,0.00745139,0.00911356,0.000188454,0.000193671,0.000975947
286,2.59726,15.5735,-411.578,0.00482768,-0.00169286,0.00708917,0.00880525,0.000190767,0.000195561,0.000987903
287,2.59726,15.5735,-411.578,0.00511293,-0.00171833,0.007035,0.00892965,0.000189922,0.000195059,0.000983591
288,2.59726,15.5735,-411.578,0.00557428,-0.00177049,0.00724544,0.00937831,0.000184194,0.00018937,0.000954044
289,2.59726,15.5735,-411.578,0.00642119,-0.00201377,0.00766715,0.0102648,0.000190448,0.00019578,0.000986429
290,2.59726,15.5735,-411.578,0.00723548,-0.00208079,0.00615681,0.00982222,0.000192262,0.000197612,0.000995888
291,2.59726,15.5735,-411.578,0.00779327,-0.00201321,0.00614142,0.0101512,0.000192187,0.000196792,0.000995598
292,2.59726,15.5735,-411.578,0.00799876,-0.00185231,0.00729184,0.0110207,0.000191506,0.000196797,0.000991809
293,2.59726,15.5735,-411.578,0.00783311,-0.00157745,0.00593403,0.0099909,0.000191184,0.000196167,0.000990042
294,2.59726,15.5735,-411.578,0.00766328,-0.00116007,0.00600024,0.00986324,0.000190719,0.000195854,0.000987932
295,2.59726,15.5735,-411.578,0.00758065,-0.000752163,0.00626501,0.00997532,0.000191522,0.000196741,0.000991941
296,2.59726,15.5735,-411.578,0.00763424,-0.000474672,0.00602275,0.00977106,0.000190999,0.000196551,0.000989274
297,2.59726,15.5735,-411.578,0.00812523,-0.000196309,0.00585242,0.0100776,0.000190215,0.00019552,0.00098532
298,2.59726,15.5735,-411.578,0.008774,-0.000203883,0.00534605,0.0103389,0.000186405,0.000191831,0.00096545
299,2.59726,15.5735,-411.578,0.00950132,5.28007e-05,0.00525506,0.0109046,0.000193697,0.000199383,0.001003
300,2.59726,15.5735,-411.578,0.00981887,-0.000160332,0.00541775,0.0112478,0.000189942,0.000195551,0.000983882
301,2.59726,15.5735,-411.578,0.00990085,-0.000191414,0.00601149,0.0116581,0.000188545,0.000193561,0.000976652
302,2.59726,15.5735,-411.578,0.00965469,0.000173929,0.00536954,0.0110952,0.000189514,0.000194923,0.000981468
303,2.59726,15.5735,-411.578,0.00932752,9.97171e-05,0.00509949,0.0106651,0.000187661,0.000192918,0.000971957
304,2.59726,15.5735,-411.578,0.00907357,0.000230277,0.00527433,0.0105986,0.000187465,0.000192947,0.000971257
305,2.59726,15.5735,-411.578,0.0089126,0.000268811,0.00442157,0.0100159,0.000191678,0.000197121,0.000992836
306,2.59726,15.5735,-411.578,0.0092897,0.000216448,0.00367703,0.0101241,0.000195275,0.000200793,0.00101154
307,2.59726,15.5735,-411.578,0.00962863,9.90138e-05,0.00285917,0.0101492,0.000188915,0.000194365,0.000978699
308,2.59726,15.5735,-411.578,0.0100167,-9.79337e-05,0.00263284,0.0104136,0.000188985,0.000194252,0.000978815
309,2.59726,15.5735,-411.578,0.0105195,-0.000321007,0.00261674,0.0108909,0.000193635,0.000198887,0.00100281
310,2.59726,15.5735,-411.578,0.0103268,-0.000425918,0.00339662,0.0109547,0.000191113,0.000196268,0.000989788
311,2.59726,15.5735,-411.578,0.00989396,-0.000554346,0.00224798,0.0102247,0.000191377,0.000196953,0.000991361
312,2.59726,15.5735,-411.578,0.00936762,-0.000398024,0.0035916,0.0100643,0.000186848,0.000192018,0.000967782
313,2.59726,15.5735,-411.578,0.00880016,-0.000162665,0.002158,0.00914159,0.00018868,0.000193949,0.00097728
314,2.59726,15.5735,-411.578,0.00880222,-0.000235805,0.00241374,0.00921822,0.000188144,0.000193141,0.000974627
315,2.59726,15.5735,-411.578,0.00877172,-8.22793e-05,0.00286634,0.00928404,0.000188452,0.00019397,0.000976118
316,2.59726,15.5735,-411.578,0.00929325,9.2864e-05,0.00169641,0.00955383,0.000189263,0.000194151,0.000980255
317,2.59726,15.5735,-411.578,0.00967386,0.000148261,0.00124019,0.00985525,0.000190817,0.000195378,0.000988251
318,2.59726,15.5735,-411.578,0.00980074,0.000119671,0.00237687,0.0102207,0.000192743,0.000197999,0.000998416
319,2.59726,15.5735,-411.578,0.00948624,0.000179211,0.00124986,0.00960447,0.000191449,0.00019682,0.000991736
320,2.59726,15.5735,-411.578,0.00891815,0.000366797,0.00208108,0.00927836,0.000187169,0.000192543,0.000969527
321,2.59726,15.5735,-411.578,0.0082118,0.000405393,0.00145524,0.00842898,0.000186972,0.000192067,0.000968368
322,2.59726,15.5735,-411.578,0.00775907,0.000575095,0.00102628,0.00803184,0.000189497,0.000194582,0.000981427
323,2.59726,15.5735,-411.578,0.00736195,0.00075836,0.00169385,0.0077315,0.000191396,0.000196502,0.00099126
324,2.59726,15.5735,-411.578,0.00752223,0.000733047,0.000808858,0.00775097,0.000190973,0.000196314,0.000989258
325,2.59726,15.5735,-411.578,0.00771839,0.0010219,0.000468273,0.00794917,0.000189008,0.00019413,0.00097901
326,2.59726,15.5735,-411.578,0.0079844,0.000778584,0.000753902,0.00816654,0.000191631,0.000196912,0.000992556
327,2.59726,15.5735,-411.578,0.00808458,0.000699937,0.000576814,0.00819573,0.000190322,0.000195632,0.000985821
328,2.59726,15.5735,-411.578,0.00779008,0.000399602,0.00119157,0.00799312,0.000191977,0.000197173,0.000994251
329,2.59726,15.5735,-411.578,0.00703021,0.000411944,0.000375637,0.00719714,0.000191852,0.000197057,0.000993558
330,2.59726,15.5735,-411.578,0.00623617,0.000231105,0.00154318,0.00656124,0.000188784,0.000193951,0.00097797
331,2.59726,15.5735,-411.578,0.00556772,8.00308e-05,0.0010941,0.00585106,0.000193127,0.000198374,0.00100042
332,2.59726,15.5735,-411.578,0.00528494,0.000238362,0.000767939,0.00551277,0.000188069,0.000192996,0.000974157
333,2.59726,15.5735,-411.578,0.00519313,0.000252383,0.000888505,0.00565419,0.000186937,0.000191964,0.000968302
334,2.59726,15.5735,-411.578,0.00552907,0.000123725,0.00141536,0.0057926,0.000189164,0.000194773,0.000979795
335,2.59726,15.5735,-411.578,0.00587614,-0.000126652,0.00147957,0.00611312,0.000189846,0.00019488,0.000983216
336,2.59726,15.5735,-411.578,0.00596971,-0.000192762,0.00136286,0.00628779,0.000189676,0.00019457,0.000982395
337,2.59726,15.5735,-411.578,0.00549014,-0.000303325,0.00144289,0.00584635,0.000190832,0.000195933,0.000988595
338,2.59726,15.5735,-411.578,0.00473912,-0.000260731,0.00113626,0.00513516,0.000191672,0.000196884,0.000992715
339,2.59726,15.5735,-411.578,0.00366176,-0.000324313,0.00262434,0.00469883,0.000189534,0.000194719,0.000981792
340,2.59726,15.5735,-411.578,0.0029695,-0.000241531,0.00200751,0.00372058,0.000190005,0.000195524,0.000984213
341,2.59726,15.5735,-411.578,0.00257726,-0.000117568,0.00258268,0.00389434,0.000191357,0.000196601,0.000991125
342,2.59726,15.5735,-411.578,0.00245787,-0.000169071,0.00195914,0.0035373,0.00018937,0.000194848,0.000980867
343,2.59726,15.5735,-411.578,0.00261242,-0.000144606,0.00153076,0.00333269,0.000188154,0.000193066,0.000974505
344,2.59726,15.5735,-411.578,0.0028061,-0.000389353,0.00177733,0.00349412,0.000191027,0.000196169,0.000989603
345,2.59726,15.5735,-411.578,0.00300006,-0.000360241,0.00198245,0.00387896,0.000188019,0.000193249,0.000974
346,2.59726,15.5735,-411.578,0.00229575,-0.000631258,0.0020278,0.00326508,0.000191427,0.000196618,0.000991501
347,2.59726,15.5735,-411.578,0.00170045,-0.000617827,0.00178438,0.00308587,0.000189444,0.000194956,0.000981482
348,2.59726,15.5735,-411.578,0.000595302,-0.000758497,0.00289816,0.00320832,0.000188044,0.000193422,0.000974151
349,2.59726,15.5735,-411.578,-0.000592962,-0.000800113,0.00350536,0.00367377,0.000190987,0.000196062,0.000989122
350,2.59726,15.5735,-411.578,-0.00105251,-0.000969605,0.00193489,0.00288191,0.000187004,0.000192052,0.000968593
351,2.59726,15.5735,-411.578,-0.00112296,-0.00116194,0.00344785,0.00390875,0.000189866,0.000195271,0.000983543
352,2.59726,15.5735,-411.578,-0.000706686,-0.00103497,0.00180301,0.00288893,0.000188289,0.000193278,0.000975156
353,2.59726,15.5735,-411.578,-0.000441399,-0.00116008,0.00272479,0.00305676,0.00018778,0.000192797,0.000972873
354,2.59726,15.5735,-411.578,-0.000492234,-0.00155896,0.00324411,0.00375898,0.000186535,0.000191771,0.000966216
355,2.59726,15.5735,-411.578,-0.000851706,-0.00162061,0.00285685,0.00348629,0.000190133,0.000195341,0.000984813
356,2.59726,15.5735,-411.578,-0.00160001,-0.00168275,0.0031385,0.00396758,0.000188512,0.000193616,0.000976469
357,2.59726,15.5735,-411.578,-0.00260926,-0.00176048,0.00353691,0.00493772,0.000188882,0.000193869,0.000978279
358,2.59726,15.5735,-411.578,-0.00346979,-0.00193168,0.00354966,0.00547164,0.000191257,0.000196235,0.000990687
359,2.59726,15.5735,-411.578,-0.00410197,-0.00205683,0.0044182,0.00647886,0.000188621,0.00019394,0.000977046
360,2.59726,15.5735,-411.578,-0.00413595,-0.0022159,0.00505386,0.00698017,0.000190487,0.00019586,0.000986724
361,2.59726,15.5735,-411.578,-0.00359783,-0.00226433,0.00527365,0.00682199,0.000191149,0.000196362,0.000990193
362,2.59726,15.5735,-411.578,-0.00329427,-0.00240799,0.00468072,0.00634072,0.000188629,0.000194107,0.000977082
363,2.59726,15.5735,-411.578,-0.0029062,-0.00269097,0.00502174,0.00650998,0.000192304,0.000197416,0.000996099
364,2.59726,15.5735,-411.578,-0.00295372,-0.0026763,0.00589919,0.00719617,0.00019137,0.000196382,0.000991186
365,2.59726,15.5735,-411.578,-0.00361474,-0.00274536,0.00530481,0.00705317,0.000189536,0.000194732,0.000981803
366,2.59726,15.5735,-411.578,-0.00441647,-0.00290866,0.00654194,0.00847985,0.000189316,0.00019432,0.000980618
367,2.59726,15.5735,-411.578,-0.00525912,-0.00318878,0.00686471,0.00928271,0.000189213,0.000194316,0.000979927
368,2.59726,15.5735,-411.578,-0.00554033,-0.00323805,0.00750719,0.00992582,0.000191348,0.000196759,0.000991114
369,2.59726,15.5735,-411.578,-0.00550899,-0.0034092,0.00798693,0.0103524,0.000188217,0.000193607,0.000974883
370,2.59726,15.5735,-411.578,-0.00509027,-0.00373366,0.00893374,0.0109849,0.00018898,0.000193972,0.000978771
371,2.59726,15.5735,-411.578,-0.00444715,-0.00388495,0.00897919,0.010804,0.000191677,0.00019695,0.000993003
372,2.59726,15.5735,-411.578,-0.00394936,-0.00396826,0.00867957,0.0103601,0.000187556,0.000192063,0.000971434
373,2.59726,15.5735,-411.578,-0.00401973,-0.00415499,0.00971174,0.0113252,0.000190495,0.000195649,0.000986426
374,2.59726,15.5735,-411.578,-0.00438536,-0.00422028,0.00926008,0.0111251,0.000190632,0.000195685,0.000987284
375,2.59726,15.5735,-411.578,-0.00514147,-0.00433478,0.00955094,0.0117182,0.000191199,0.000196672,0.000990553
376,2.59726,15.5735,-411.578,-0.00602195,-0.00416257,0.00968113,0.0121794,0.000189807,0.000195118,0.000983218
377,2.59726,15.5735,-411.578,-0.00625046,-0.0043661,0.00965645,0.0123607,0.000190174,0.000195277,0.000984898
378,2.59726,15.5735,-411.578,-0.0062039,-0.00435974,0.0105673,0.0130337,0.000189817,0.000194937,0.000983067
379,2.59726,15.5735,-411.578,-0.00548165,-0.00470525,0.0101895,0.0125176,0.000191774,0.00019716,0.000993314
380,2.59726,15.5735,-411.578,-0.00483265,-0.00486295,0.0100897,0.012261,0.00019274,0.000198191,0.000998502
381,2.59726,15.5735,-411.578,-0.00415592,-0.00501112,0.0101679,0.0121079,0.000193269,0.000198658,0.00100105
382,2.59726,15.5735,-411.578,-0.0038338,-0.00508414,0.0106203,0.0124324,0.000190408,0.000195488,0.000986402
383,2.59726,15.5735,-411.578,-0.00424094,-0.00492866,0.0109494,0.0127518,0.000191964,0.000196853,0.000994033
384,2.59726,15.5735,-411.578,-0.00485846,-0.00486234,0.0116117,0.0135135,0.000189799,0.00019515,0.000983188
385,2.59726,15.5735,-411.578,-0.00546518,-0.00473959,0.0115183,0.0136359,0.000193846,0.000198856,0.00100405
386,2.59726,15.5735,-411.578,-0.00604631,-0.00472152,0.0121937,0.0144303,0.000193015,0.000197988,0.000999845
387,2.59726,15.5735,-411.578,-0.00583568,-0.0046556,0.0115652,0.0137762,0.000192317,0.000197136,0.000996331
388,2.59726,15.5735,-411.578,-0.00534922,-0.00456148,0.0114706,0.0134769,0.000192763,0.000197825,0.000998533
389,2.59726,15.5735,-411.578,-0.00431392,-0.00473376,0.0111294,0.0129033,0.000189587,0.00019511,0.000982144
390,2.59726,15.5735,-411.578,-0.00372574,-0.00472454,0.0108958,0.0124771,0.000191069,0.000196137,0.000989686
391,2.59726,15.5735,-411.578,-0.00338982,-0.00458906,0.0114079,0.0127721,0.000191287,0.000196731,0.00099072
392,2.59726,15.5735,-411.578,-0.00350535,-0.00456452,0.0124278,0.0137135,0.000190285,0.000195565,0.000985577
393,2.59726,15.5735,-411.578,-0.00398514,-0.00443501,0.0117218,0.0131696,0.000192933,0.000197876,0.000999103
394,2.59726,15.5735,-411.578,-0.00445531,-0.0044682,0.0121541,0.013715,0.000191165,0.000196314,0.000990093
395,2.59726,15.5735,-411.578,-0.00480036,-0.00430091,0.012354,0.0139582,0.000194698,0.00019996,0.00100844
396,2.59726,15.5735,-411.578,-0.00461526,-0.00433125,0.0117749,0.013389,0.000192192,0.000196976,0.000995368
397,2.59726,15.5735,-411.578,-0.00405553,-0.00430183,0.0117215,0.0131993,0.000195095,0.000200223,0.00101031
398,2.59726,15.5735,-411.578,-0.00323352,-0.00420386,0.0123227,0.0134297,0.000196608,0.000201781,0.00101821
399,2.59726,15.5735,-411.578,-0.00231746,-0.00424037,0.0118872,0.012856,0.000197867,0.000203229,0.00102458
400,2.59726,15.5735,-411.578,-0.00161654,-0.00403627,0.0118796,0.0126594,0.000196073,0.000201163,0.00101539
401,2.59726,15.5735,-411.578,-0.00161879,-0.00407463,0.0120469,0.0128376,0.000193106,0.000198741,0.001
402,2.59726,15.5735,-411.578,-0.00182542,-0.00369064,0.0121681,0.0128678,0.000191312,0.000196345,0.000990852
403,2.59726,15.5735,-411.578,-0.00236904,-0.00353471,0.0118743,0.0126305,0.000189201,0.000194117,0.000979728
404,2.59726,15.5735,-411.578,-0.00261161,-0.0033209,0.0129534,0.0136338,0.000191906,0.000197324,0.000993793
405,2.59726,15.5735,-411.578,-0.00228692,-0.00330093,0.0121696,0.0128391,0.000192388,0.000197621,0.000996491
406,2.59726,15.5735,-411.578,-0.00167336,-0.003282,0.0125951,0.0131358,0.000191186,0.000196158,0.000990254
407,2.59726,15.5735,-411.578,-0.000751176,-0.00327838,0.0135135,0.0139315,0.000189591,0.000194842,0.000981873
408,2.59726,15.5735,-411.578,0.000341124,-0.00340477,0.0129042,0.0133614,0.000190238,0.000195713,0.000985486
409,2.59726,15.5735,-411.578,0.00120443,-0.00321602,0.012949,0.0134088,0.000190458,0.000195872,0.000986573
410,2.59726,15.5735,-411.578,0.00137587,-0.00331195,0.0135249,0.0139981,0.000190249,0.000195319,0.000985444
411,2.59726,15.5735,-411.578,0.00124875,-0.00318123,0.0132121,0.0136556,0.000187997,0.00019322,0.000973815
412,2.59726,15.5735,-411.578,0.000966963,-0.00293688,0.0129372,0.0133072,0.000193073,0.00019821,0.00100005
413,2.59726,15.5735,-411.578,0.000868499,-0.00275668,0.0123727,0.0127139,0.000192452,0.000197506,0.000996592
414,2.59726,15.5735,-411.578,0.00110331,-0.00271506,0.0123911,0.0127398,0.000190091,0.000195321,0.000984559
415,2.59726,15.5735,-411.578,0.00197466,-0.00272931,0.0120303,0.012501,0.000190769,0.000196033,0.000988109
416,2.59726,15.5735,-411.578,0.00290353,-0.00279741,0.0116788,0.0123641,0.000190194,0.000195187,0.000985232
417,2.59726,15.5735,-411.578,0.00412783,-0.00262941,0.0119469,0.0129213,0.000185873,0.000191096,0.000962639
418,2.59726,15.5735,-411.578,0.00491422,-0.00281026,0.0113484,0.0126977,0.000188935,0.000194089,0.000978781
419,2.59726,15.5735,-411.578,0.00537843,-0.00284846,0.0107739,0.012403,0.000189497,0.000194325,0.000981336
420,2.59726,15.5735,-411.578,0.00534846,-0.00263842,0.0109473,0.0124905,0.000185948,0.000191267,0.000963214
421,2.59726,15.5735,-411.578,0.00519158,-0.00262005,0.0106022,0.0121251,0.000190752,0.000195657,0.00098818
422,2.59726,15.5735,-411.578,0.00516564,-0.00240025,0.0112642,0.0126397,0.000188099,0.000193537,0.000974122
423,2.59726,15.5735,-411.578,0.00539944,-0.00208486,0.00979637,0.0114112,0.000191159,0.000196451,0.000990047
424,2.59726,15.5735,-411.578,0.00595452,-0.00230927,0.00943185,0.0114656,0.000191586,0.000196914,0.000992043
425,2.59726,15.5735,-411.578,0.00674914,-0.00222171,0.00969167,0.0120277,0.000189641,0.000194657,0.000982204
426,2.59726,15.5735,-411.578,0.00788778,-0.00199665,0.00867861,0.0119488,0.000192556,0.000197841,0.00099717
427,2.59726,15.5735,-411.578,0.0085588,-0.00204122,0.00840156,0.012281,0.000190865,0.000196366,0.000988575
428,2.59726,15.5735,-411.578,0.00895184,-0.00217925,0.00834039,0.0124618,0.000190274,0.000195638,0.000985403
429,2.59726,15.5735,-411.578,0.00867801,-0.00201766,0.00739755,0.0116702,0.000189448,0.000194751,0.00098114
430,2.59726,15.5735,-411.578,0.00840832,-0.00195637,0.00713473,0.0112844,0.000187267,0.000192221,0.000969848
431,2.59726,15.5735,-411.578,0.00810205,-0.00180803,0.00774374,0.0114155,0.000190893,0.000196548,0.000988748
432,2.59726,15.5735,-411.578,0.00820154,-0.00192194,0.00788804,0.0115877,0.000192427,0.00019753,0.000996666
433,2.59726,15.5735,-411.578,0.00854505,-0.00191317,0.00761205,0.0116468,0.000188782,0.000193938,0.000977807
434,2.59726,15.5735,-411.578,0.00938794,-0.00172689,0.0074778,0.0121952,0.000189693,0.000194564,0.000982477
435,2.59726,15.5735,-411.578,0.0102423,-0.00196037,0.0069612,0.012603,0.000190276,0.00019555,0.000985544
436,2.59726,15.5735,-411.578,0.0107696,-0.0020406,0.00723478,0.0132104,0.000191593,0.00019689,0.000992461
437,2.59726,15.5735,-411.578,0.010979,-0.00187729,0.00657684,0.012978,0.000190569,0.000195645,0.000987069
438,2.59726,15.5735,-411.578,0.010606,-0.00181445,0.00603659,0.0123964,0.000189628,0.000194865,0.000982226
439,2.59726,15.5735,-411.578,0.0100733,-0.00171033,0.00670503,0.0122439,0.000189696,0.000194954,0.000982613
440,2.59726,15.5735,-411.578,0.00950886,-0.00170454,0.00673249,0.0118435,0.000189683,0.000194652,0.000982656
441,2.59726,15.5735,-411.578,0.00950815,-0.0015178,0.00698173,0.0119208,0.000188744,0.000194064,0.000977649
442,2.59726,15.5735,-411.578,0.00999964,-0.00140779,0.00543202,0.0115128,0.000187393,0.00019297,0.000970667
443,2.59726,15.5735,-411.578,0.0104487,-0.00141928,0.00591531,0.0121323,0.00019002,0.000195369,0.000984121
444,2.59726,15.5735,-411.578,0.0110981,-0.00132034,0.0054046,0.0124817,0.000185451,0.000190776,0.000960562
445,2.59726,15.5735,-411.578,0.0115563,-0.00111353,0.00506886,0.0127059,0.000194357,0.000199865,0.00100664
446,2.59726,15.5735,-411.578,0.0114959,-0.0010805,0.00505257,0.0126454,0.000191339,0.000196752,0.000991118
447,2.59726,15.5735,-411.578,0.0110606,-0.000834442,0.0039396,0.0118284,0.000193239,0.000198413,0.00100072
448,2.59726,15.5735,-411.578,0.0104981,-0.000795947,0.00479677,0.0116033,0.0001901,0.000195401,0.000984544
449,2.59726,15.5735,-411.578,0.0100579,-0.00073767,0.00468412,0.0112252,0.000189827,0.000195232,0.000983252
450,2.59726,15.5735,-411.578,0.0097311,-0.000621469,0.00427835,0.0107216,0.000189433,0.000194401,0.000981173
451,2.59726,15.5735,-411.578,0.00989789,-0.000558121,0.00450115,0.0109368,0.000190641,0.000196121,0.000987484
452,2.59726,15.5735,-411.578,0.0105519,-0.000379887,0.00396,0.0114046,0.000191636,0.000197007,0.000992558
453,2.59726,15.5735,-411.578,0.0108575,-0.000348964,0.00299607,0.0113718,0.000189196,0.000194329,0.000979974
454,2.59726,15.5735,-411.578,0.0112494,-0.000373752,0.00344535,0.0118268,0.000187581,0.00019275,0.000971608
455,2.59726,15.5735,-411.578,0.0110897,-0.000266794,0.00427948,0.011952,0.000189947,0.000195305,0.000984153
456,2.59726,15.5735,-411.578,0.0105978,-0.000308531,0.00369534,0.0112751,0.000192874,0.000198143,0.000998993
457,2.59726,15.5735,-411.578,0.00988486,-0.00018185,0.00282124,0.0104004,0.00019108,0.000196128,0.000989781
458,2.59726,15.5735,-411.578,0.00911989,-0.000133032,0.00323396,0.00974895,0.000188577,0.00019375,0.00097691
459,2.59726,15.5735,-411.578,0.0087388,-0.000266299,0.00295667,0.00927841,0.000188839,0.000194167,0.000978235
460,2.59726,15.5735,-411.578,0.00879535,-0.000103739,0.00339535,0.00957142,0.000189363,0.00019475,0.00098078
461,2.59726,15.5735,-411.578,0.00917439,-4.77502e-05,0.00218767,0.00949592,0.000192067,0.000197366,0.000994775
462,2.59726,15.5735,-411.578,0.00968861,0.000162265,0.0019201,0.00996817,0.000189968,0.000194962,0.000983875
463,2.59726,15.5735,-411.578,0.00986399,1.38478e-05,0.00167714,0.0101334,0.000190426,0.000195768,0.000986577
464,2.59726,15.5735,-411.578,0.0095593,2.37634e-05,0.00220128,0.009877,0.000191692,0.000196975,0.000992762
465,2.59726,15.5735,-411.578,0.00900687,3.58128e-06,0.00284201,0.00949686,0.00018482,0.000190136,0.000957241
466,2.59726,15.5735,-411.578,0.00802271,9.01662e-05,0.00211787,0.00835384,0.000190771,0.000195831,0.000988088
467,2.59726,15.5735,-411.578,0.00745161,0.00011612,0.0018267,0.00788671,0.000187962,0.000192945,0.000973607
468,2.59726,15.5735,-411.578,0.00662921,0.000124229,0.00167399,0.00706896,0.000191465,0.00019712,0.000991544
469,2.59726,15.5735,-411.578,0.00663403,0.000134177,0.0011452,0.0068705,0.000190841,0.000195994,0.000988488
470,2.59726,15.5735,-411.578,0.00674168,0.000167133,0.00088104,0.0069497,0.000189532,0.000195155,0.000981538
471,2.59726,15.5735,-411.578,0.00714258,0.000199781,0.000789314,0.00745549,0.000188196,0.000193442,0.000974733
472,2.59726,15.5735,-411.578,0.00728754,0.000194686,0.000594563,0.00747255,0.000191052,0.00019603,0.000989633
473,2.59726,15.5735,-411.578,0.00674896,0.000304681,0.000465132,0.00687623,0.000191908,0.000196832,0.000993856
474,2.59726,15.5735,-411.578,0.00603239,0.000173433,0.000399316,0.00633523,0.00018994,0.000195536,0.000984053
475,2.59726,15.5735,-411.578,0.0050487,0.000385974,0.000124608,0.00538457,0.000188324,0.000193558,0.000975548
476,2.59726,15.5735,-411.578,0.00404876,6.67391e-05,0.000809851,0.00457793,0.000191375,0.000196466,0.000991127
477,2.59726,15.5735,-411.578,0.00336565,0.000167486,0.00145837,0.0038099,0.000191463,0.000196578,0.000991568
478,2.59726,15.5735,-411.578,0.00305486,0.000208639,0.00126961,0.0034188,0.00019089,0.000196299,0.000988849
479,2.59726,15.5735,-411.578,0.00327813,0.000165086,5.35736e-05,0.00361396,0.000189543,0.000194686,0.000981686
480,2.59726,15.5735,-411.578,0.00333092,0.000243283,0.000517579,0.00351808,0.000191396,0.00019658,0.00099151
481,2.59726,15.5735,-411.578,0.00332142,0.000266105,0.000388644,0.00365053,0.000187279,0.000192665,0.000969941
482,2.59726,15.5735,-411.578,0.0030803,0.000290523,0.000175113,0.00341733,0.000192394,0.000197637,0.000996586
483,2.59726,15.5735,-411.578,0.00233112,0.000305033,0.0014304,0.00317761,0.000188504,0.000194035,0.000976596
484,2.59726,15.5735,-411.578,0.00130715,0.000487312,0.00128254,0.00241899,0.00019095,0.00019648,0.0009891
485,2.59726,15.5735,-411.578,0.000120849,0.000582802,0.0017939,0.00209026,0.00018633,0.000191298,0.000965118
486,2.59726,15.5735,-411.578,-0.000490657,0.000646034,0.0016033,0.00247146,0.0001899,0.000194919,0.000983368
487,2.59726,15.5735,-411.578,-0.00076488,0.000618062,0.00265673,0.0029129,0.000192845,0.000198072,0.000998812
488,2.59726,15.5735,-411.578,-0.000835832,0.00072946,0.00297302,0.00328595,0.000185868,0.000190735,0.000962728
489,2.59726,15.5735,-411.578,-0.000467534,0.000774767,0.00296749,0.00338418,0.00019066,0.000195798,0.000987586
490,2.59726,15.5735,-411.578,-0.000198102,0.000767625,0.00261966,0.00303621,0.000192606,0.000197822,0.000997745
491,2.59726,15.5735,-411.578,-0.000700366,0.000829387,0.00258701,0.00287716,0.000190238,0.000195368,0.000985212
492,2.59726,15.5735,-411.578,-0.00140576,0.000637712,0.00326323,0.00368463,0.000189126,0.00019403,0.000979569
493,2.59726,15.5735,-411.578,-0.00238088,0.000665824,0.00273147,0.00380532,0.000188933,0.000194425,0.000978743
494,2.59726,15.5735,-411.578,-0.00328984,0.000415966,0.00392781,0.00516831,0.000192043,0.000196957,0.000994734
495,2.59726,15.5735,-411.578,-0.00412552,8.91939e-05,0.00379173,0.00574456,0.000189827,0.000195141,0.000983365
496,2.59726,15.5735,-411.578,-0.0040724,-3.15523e-05,0.00363602,0.00563587,0.000189703,0.000194678,0.000982556
497,2.59726,15.5735,-411.578,-0.00363807,-0.000270234,0.00395425,0.00553443,0.000189453,0.000194716,0.000981432
498,2.59726,15.5735,-411.578,-0.00343766,-0.000283011,0.0039599,0.00538083,0.000186924,0.000192218,0.000968146
499,2.59726,15.5735,-411.578,-0.00305966,-0.000228372,0.00371407,0.00499435,0.000191205,0.000196744,0.000990583
500,2.59726,15.5735,-411.578,-0.00311673,-0.000441799,0.00396077,0.00525753,0.000188574,0.000193435,0.000976766
501,2.59726,15.5735,-411.578,-0.00377968,-0.000360524,0.00400692,0.00561797,0.000194569,0.000199795,0.00100779
502,2.59726,15.5735,-411.578,-0.00452949,-0.000478998,0.00355325,0.00603596,0.000189528,0.000194765,0.000981679
503,2.59726,15.5735,-411.578,-0.00558519,-0.000623437,0.00418233,0.00707105,0.000188931,0.00019444,0.000978704
504,2.59726,15.5735,-411.578,-0.00624638,-0.000801785,0.00593146,0.00874469,0.000190857,0.00019611,0.00098864
505,2.59726,15.5735,-411.578,-0.0059537,-0.000784645,0.00525511,0.00815414,0.000188088,0.000193498,0.000974242
506,2.59726,15.5735,-411.578,-0.00583178,-0.000888411,0.00598792,0.00851009,0.000190381,0.000195927,0.000986244
507,2.59726,15.5735,-411.578,-0.00531298,-0.00107511,0.00569401,0.00795817,0.000190391,0.000195611,0.00098613
508,2.59726,15.5735,-411.578,-0.00474246,-0.0010726,0.00703061,0.00859513,0.000184779,0.000189953,0.000957292
509,2.59726,15.5735,-411.578,-0.00455127,-0.000871183,0.00710956,0.00850986,0.000185983,0.000190684,0.000963421
510,2.59726,15.5735,-411.578,-0.00490313,-0.000844246,0.00615974,0.00798269,0.000187082,0.000191815,0.000969099
511,2.59726,15.5735,-411.578,-0.00580932,-0.000843821,0.00634048,0.00871278,0.000184914,0.000190214,0.000957779
512,2.59726,15.5735,-411.578,-0.00647059,-0.00103446,0.00703932,0.00975288,0.000191811,0.000196966,0.000993374
513,2.59726,15.5735,-411.578,-0.00725265,-0.00101774,0.00731205,0.0104423,0.000186962,0.000192632,0.000968595
514,2.59726,15.5735,-411.578,-0.0074944,-0.00113273,0.00730392,0.0106234,0.000188259,0.000193283,0.00097514
515,2.59726,15.5735,-411.578,-0.00710931,-0.00136803,0.00781735,0.010731,0.000191738,0.000196997,0.000993235
516,2.59726,15.5735,-411.578,-0.00632787,-0.00135694,0.00751903,0.0100226,0.000189557,0.000194506,0.000981869
517,2.59726,15.5735,-411.578,-0.00594403,-0.00139736,0.00788142,0.0100068,0.000189058,0.000194435,0.000979321
518,2.59726,15.5735,-411.578,-0.00566596,-0.00155697,0.00758374,0.00968592,0.000188826,0.000193693,0.000978168
519,2.59726,15.5735,-411.578,-0.00594915,-0.00146651,0.00808141,0.0103009,0.000187035,0.000192697,0.000969019
520,2.59726,15.5735,-411.578,-0.00647349,-0.00157599,0.00773541,0.0102767,0.000190091,0.000195051,0.000984488
521,2.59726,15.5735,-411.578,-0.00710729,-0.00171172,0.0081134,0.0109804,0.000187353,0.000192362,0.000970496
522,2.59726,15.5735,-411.578,-0.00758695,-0.00189513,0.00893202,0.0119316,0.000190718,0.000195748,0.000987751
523,2.59726,15.5735,-411.578,-0.00768662,-0.00222815,0.00958989,0.0125611,0.000193234,0.000198208,0.00100084
524,2.59726,15.5735,-411.578,-0.00724744,-0.00265596,0.00995537,0.0126262,0.000191689,0.000197233,0.000993065
525,2.59726,15.5735,-411.578,-0.00666526,-0.0027514,0.00941608,0.0118905,0.000188473,0.000193752,0.000976125
526,2.59726,15.5735,-411.578,-0.00559099,-0.00290142,0.00877583,0.0108533,0.000193223,0.000198391,0.00100057
527,2.59726,15.5735,-411.578,-0.00509421,-0.00307257,0.0102598,0.0118866,0.000189716,0.00019499,0.000982637
528,2.59726,15.5735,-411.578,-0.00478703,-0.00305498,0.00957208,0.0111578,0.000187775,0.000193265,0.0009727
529,2.59726,15.5735,-411.578,-0.0052279,-0.00317309,0.0108145,0.0124504,0.000192681,0.000198006,0.000997823
530,2.59726,15.5735,-411.578,-0.00574322,-0.00293225,0.0098858,0.0118447,0.000191772,0.000197174,0.000993322
531,2.59726,15.5735,-411.578,-0.00596656,-0.00323333,0.0114565,0.013351,0.000188507,0.000193807,0.000976537
532,2.59726,15.5735,-411.578,-0.00604691,-0.00324071,0.0112289,0.0131761,0.000190366,0.000195893,0.000986131
533,2.59726,15.5735,-411.578,-0.00559755,-0.00330157,0.0116704,0.0133724,0.000187267,0.000192715,0.000970073
534,2.59726,15.5735,-411.578,-0.00453846,-0.00328288,0.0103637,0.0118239,0.000188,0.00019325,0.000973825
535,2.59726,15.5735,-411.578,-0.00354334,-0.00336887,0.0115106,0.0125389,0.000191927,0.000197436,0.000994286
536,2.59726,15.5735,-411.578,-0.00285886,-0.00338127,0.0111705,0.0120381,0.000193299,0.000198514,0.00100128
537,2.59726,15.5735,-411.578,-0.00260502,-0.00313727,0.0113339,0.0120572,0.000191282,0.000196344,0.000990707
538,2.59726,15.5735,-411.578,-0.00290968,-0.00299331,0.0105542,0.011366,0.000190442,0.00019552,0.000986672
539,2.59726,15.5735,-411.578,-0.00320701,-0.00283786,0.0108967,0.0117143,0.000193406,0.000198443,0.00100165
540,2.59726,15.5735,-411.578,-0.00353917,-0.00307806,0.0121041,0.0129906,0.000190601,0.000195912,0.000987393
541,2.59726,15.5735,-411.578,-0.00330423,-0.00316333,0.0116221,0.0125042,0.000190696,0.000195884,0.000987578
542,2.59726,15.5735,-411.578,-0.00268486,-0.00336328,0.0125226,0.0132511,0.000189899,0.000194851,0.000983557
543,2.59726,15.5735,-411.578,-0.00164076,-0.0034733,0.011902,0.0125175,0.000186068,0.000191172,0.000963818
544,2.59726,15.5735,-411.578,-0.000507932,-0.00362975,0.0122837,0.012831,0.000189096,0.000194503,0.000979393
545,2.59726,15.5735,-411.578,0.000278797,-0.00362789,0.012346,0.0128777,0.000187755,0.000192745,0.000972468
546,2.59726,15.5735,-411.578,0.000880922,-0.00355738,0.0120115,0.0125716,0.000191343,0.00019653,0.000991052
547,2.59726,15.5735,-411.578,0.000954621,-0.00360094,0.0125191,0.0130758,0.000189477,0.000194949,0.000981389
548,2.59726,15.5735,-411.578,0.000625943,-0.00359031,0.013357,0.0138509,0.000186995,0.000192099,0.000968502
549,2.59726,15.5735,-411.578,0.000503632,-0.00349049,0.0121028,0.0126207,0.0001899,0.000195002,0.000983777
550,2.59726,15.5735,-411.578,0.000374061,-0.00360606,0.013214,0.0137062,0.000189302,0.000194805,0.0009807
551,2.59726,15.5735,-411.578,0.00103961,-0.00380918,0.0126907,0.0133024,0.000189527,0.000194499,0.00098166
552,2.59726,15.5735,-411.578,0.00207182,-0.00398198,0.0135536,0.0142877,0.000188551,0.000193609,0.000976416
553,2.59726,15.5735,-411.578,0.00306323,-0.00409366,0.0126084,0.0136223,0.000186903,0.000191727,0.000968057
554,2.59726,15.5735,-411.578,0.00376137,-0.00410628,0.0126063,0.0137907,0.000192034,0.000197301,0.000994462
555,2.59726,15.5735,-411.578,0.00428811,-0.00370301,0.0115571,0.0128838,0.00018364,0.000188985,0.000951309
556,2.59726,15.5735,-411.578,0.00436264,-0.00368301,0.0124748,0.0137282,0.000188877,0.000193992,0.00097851
557,2.59726,15.5735,-411.578,0.00427241,-0.0034979,0.0125735,0.0137455,0.000187458,0.000192122,0.000970959
558,2.59726,15.5735,-411.578,0.00421015,-0.00360182,0.0126823,0.0138569,0.00018717,0.000192035,0.000969512
559,2.59726,15.5735,-411.578,0.00422547,-0.00360626,0.0130304,0.0141851,0.000187534,0.000192689,0.000971585
560,2.59726,15.5735,-411.578,0.00479402,-0.00356705,0.0124047,0.0138025,0.000187697,0.000192881,0.000972322
561,2.59726,15.5735,-411.578,0.00544729,-0.00362511,0.0127842,0.0143824,0.000190312,0.000195136,0.000985589
562,2.59726,15.5735,-411.578,0.00651446,-0.00361806,0.012393,0.0144796,0.000186709,0.000191835,0.000967301
563,2.59726,15.5735,-411.578,0.00740615,-0.00364881,0.013178,0.0155584,0.000189757,0.00019499,0.000982814
564,2.59726,15.5735,-411.578,0.00798565,-0.00347446,0.0125196,0.0152737,0.00018985,0.000194869,0.000983518
565,2.59726,15.5735,-411.578,0.00803406,-0.00350036,0.0128592,0.0155817,0.000192951,0.000198029,0.000999359
566,2.59726,15.5735,-411.578,0.0079405,-0.00327398,0.0129718,0.0155862,0.000192504,0.000197705,0.000997116
567,2.59726,15.5735,-411.578,0.00760126,-0.00315916,0.0129344,0.0153587,0.000188293,0.000193656,0.000975154
568,2.59726,15.5735,-411.578,0.00774675,-0.00316896,0.0125813,0.0151206,0.000187536,0.000192853,0.000971525
569,2.59726,15.5735,-411.578,0.00803012,-0.00324908,0.0123435,0.0151009,0.000188896,0.000194219,0.000978381
570,2.59726,15.5735,-411.578,0.00876396,-0.0033182,0.0116415,0.0149875,0.000189064,0.000193826,0.000979381
571,2.59726,15.5735,-411.578,0.00949682,-0.00330176,0.0105815,0.0146369,0.000191361,0.000196866,0.000991227
572,2.59726,15.5735,-411.578,0.0103093,-0.00333638,0.0111352,0.0155685,0.000189669,0.000194529,0.000982433
573,2.59726,15.5735,-411.578,0.0106113,-0.00301208,0.0110365,0.0156249,0.000190136,0.000195399,0.000984737
574,2.59726,15.5735,-411.578,0.010757,-0.00304568,0.0113854,0.0159969,0.000190187,0.000195321,0.000985187
575,2.59726,15.5735,-411.578,0.0105256,-0.00308744,0.0113746,0.0158386,0.000188566,0.000194016,0.000977041
576,2.59726,15.5735,-411.578,0.00997535,-0.00282232,0.0119145,0.0158031,0.000194945,0.000200586,0.00100974
577,2.59726,15.5735,-411.578,0.00998012,-0.00260739,0.0107499,0.0149128,0.000189364,0.000194662,0.000980728
578,2.59726,15.5735,-411.578,0.010241,-0.00276242,0.0117997,0.0158823,0.000188558,0.000194297,0.000976763
579,2.59726,15.5735,-411.578,0.0109305,-0.00266993,0.0106011,0.0154848,0.000189211,0.000194806,0.000980177
580,2.59726,15.5735,-411.578,0.0116259,-0.00259137,0.010649,0.0160344,0.000188597,0.000193951,0.000976945
581,2.59726,15.5735,-411.578,0.0123079,-0.00251228,0.0100765,0.0161662,0.000191268,0.000197149,0.000990735
582,2.59726,15.5735,-411.578,0.012366,-0.00227003,0.0105552,0.0164921,0.000193284,0.000198609,0.00100103
583,2.59726,15.5735,-411.578,0.012461,-0.00225539,0.0107015,0.0166053,0.000191333,0.000197049,0.000991062
584,2.59726,15.5735,-411.578,0.0120178,-0.00202513,0.0108686,0.0163997,0.000190698,0.000196175,0.000987599
585,2.59726,15.5735,-411.578,0.0116199,-0.00161733,0.00958869,0.0152069,0.000185571,0.000190471,0.000961474
586,2.59726,15.5735,-411.578,0.0112013,-0.00170907,0.00930952,0.0146888,0.000191695,0.000196854,0.000992893
587,2.59726,15.5735,-411.578,0.0113834,-0.00170406,0.00879974,0.014549,0.000190703,0.000196291,0.000987812
588,2.59726,15.5735,-411.578,0.0116873,-0.00151998,0.00850099,0.0145917,0.000191507,0.00019652,0.00099211
589,2.59726,15.5735,-411.578,0.0122748,-0.00176549,0.00959282,0.0157104,0.000189621,0.000194711,0.000982348
590,2.59726,15.5735,-411.578,0.0125403,-0.00172596,0.00904611,0.0155868,0.000189413,0.000194589,0.000981097
591,2.59726,15.5735,-411.578,0.012846,-0.00157737,0.0093118,0.0159984,0.000191849,0.000197307,0.000993885
592,2.59726,15.5735,-411.578,0.0124493,-0.00149622,0.00801208,0.0149436,0.00019132,0.000196882,0.000991032
593,2.59726,15.5735,-411.578,0.0120315,-0.00123061,0.00757417,0.0143381,0.000192172,0.000197378,0.000995337
594,2.59726,15.5735,-411.578,0.0113301,-0.00120702,0.00848616,0.0142474,0.000189542,0.000195023,0.000981789
595,2.59726,15.5735,-411.578,0.0112121,-0.00124996,0.00870533,0.0143045,0.000191318,0.000196763,0.000990882
596,2.59726,15.5735,-411.578,0.0110228,-0.00111728,0.00912615,0.0144013,0.000192868,0.000198237,0.000999001
597,2.59726,15.5735,-411.578,0.0114424,-0.00123493,0.00975309,0.0151341,0.000191901,0.000197042,0.000993937
598,2.59726,15.5735,-411.578,0.0115186,-0.00110071,0.0101786,0.0154609,0.000190363,0.000195507,0.000986135
599,2.59726,15.5735,-411.578,0.0118885,-0.00107337,0.0104426,0.0158847,0.000192948,0.000198491,0.000999411
600,2.59726,15.5735,-411.578,0.0117592,-0.00123374,0.00982232,0.0154269,0.000192423,0.000198177,0.000996738
601,2.59726,15.5735,-411.578,0.0109584,-0.000821065,0.00979125,0.0147701,0.00019115,0.000196196,0.000990156
602,2.59726,15.5735,-411.578,0.0106183,-0.000693847,0.00774667,0.0132334,0.00019203,0.000197521,0.000994485
603,2.59726,15.5735,-411.578,0.00970645,-0.000419497,0.00836025,0.0128581,0.000193912,0.000199147,0.0010043
604,2.59726,15.5735,-411.578,0.00912335,-0.000288639,0.00766622,0.0119434,0.000191044,0.000196475,0.000989546
605,2.59726,15.5735,-411.578,0.00897847,-0.000343628,0.00659492,0.0111691,0.000192205,0.00019732,0.000995355
606,2.59726,15.5735,-411.578,0.00887428,-0.000510239,0.00795226,0.0119593,0.000191409,0.000196664,0.000991321
607,2.59726,15.5735,-411.578,0.0090386,-0.000436075,0.00703711,0.011515,0.000188377,0.000193655,0.000975905
608,2.59726,15.5735,-411.578,0.00909374,-0.000441791,0.00692665,0.0114939,0.000188686,0.000194431,0.000977226
609,2.59726,15.5735,-411.578,0.00888628,-0.000383399,0.00706045,0.0114142,0.000190492,0.000196186,0.000986704
610,2.59726,15.5735,-411.578,0.00830949,-0.000363628,0.00687779,0.0108839,0.00019057,0.000196322,0.000987331
611,2.59726,15.5735,-411.578,0.00751288,-0.000263142,0.00654461,0.0100265,0.000191558,0.000196452,0.000992047
612,2.59726,15.5735,-411.578,0.00663797,-0.000161734,0.00575593,0.00888644,0.000187635,0.000192623,0.000971878
613,2.59726,15.5735,-411.578,0.0058802,-0.000133726,0.00537092,0.0080595,0.000189652,0.00019495,0.000982331
614,2.59726,15.5735,-411.578,0.00540473,-0.000321589,0.00570569,0.00791317,0.000190304,0.00019543,0.000985673
615,2.59726,15.5735,-411.578,0.00539298,-0.000294282,0.00583191,0.0081059,0.000190785,0.000195888,0.00098802
616,2.59726,15.5735,-411.578,0.0055242,-0.000285972,0.00535513,0.00775258,0.000188156,0.000193552,0.000974733
617,2.59726,15.5735,-411.578,0.00557029,-0.000400378,0.00547339,0.00787875,0.000187044,0.000192141,0.000968818
618,2.59726,15.5735,-411.578,0.00521577,-0.000266855,0.00557439,0.00775384,0.000188277,0.000193521,0.00097513
619,2.59726,15.5735,-411.578,0.00446311,-5.1661e-05,0.00509108,0.00680233,0.000189843,0.000195159,0.000983294
620,2.59726,15.5735,-411.578,0.00348796,-6.80281e-05,0.00459391,0.00582541,0.000192376,0.000197493,0.000996417
621,2.59726,15.5735,-411.578,0.00240039,-7.45928e-05,0.00365291,0.00446065,0.000189541,0.000194449,0.000982025
622,2.59726,15.5735,-411.578,0.00189315,2.43555e-05,0.00269459,0.0036055,0.000189695,0.000194474,0.000982764
623,2.59726,15.5735,-411.578,0.00143806,-3.21617e-05,0.00323065,0.00376613,0.000189812,0.000194924,0.000983287
624,2.59726,15.5735,-411.578,0.00145817,-3.09121e-05,0.0023629,0.00331219,0.00018848,0.000193535,0.000976404
625,2.59726,15.5735,-411.578,0.00133102,-0.000131648,0.00228031,0.00285025,0.000192003,0.000197184,0.000994505
626,2.59726,15.5735,-411.578,0.00142362,-6.49571e-05,0.00144339,0.00247233,0.000190782,0.000196523,0.000988277
627,2.59726,15.5735,-411.578,0.00107953,-1.86792e-05,0.00161233,0.0024139,0.000190903,0.000196498,0.000989013
628,2.59726,15.5735,-411.578,0.000396559,-3.68837e-05,0.000476752,0.00126446,0.000188642,0.000193606,0.000977282
629,2.59726,15.5735,-411.578,-0.000367262,2.39883e-05,0.000940309,0.0015838,0.000188671,0.000193757,0.000977064
630,2.59726,15.5735,-411.578,-0.00119396,3.50956e-05,0.00184152,0.00249661,0.000189783,0.000195098,0.000983182
631,2.59726,15.5735,-411.578,-0.00201565,3.41779e-06,0.001724,0.00332577,0.000189387,0.000194454,0.000981044
632,2.59726,15.5735,-411.578,-0.00221528,-0.000239484,0.00266691,0.0038152,0.000190419,0.000195304,0.00098634
633,2.59726,15.5735,-411.578,-0.00218597,-0.000463997,0.00194926,0.00328309,0.000189848,0.00019487,0.00098337
634,2.59726,15.5735,-411.578,-0.00206617,-0.000455138,0.00241987,0.00342918,0.000191633,0.000197138,0.000992763
635,2.59726,15.5735,-411.578,-0.00186351,-0.000357303,0.00223193,0.00307046,0.000191329,0.000196587,0.000991235
636,2.59726,15.5735,-411.578,-0.0020147,-0.000377795,0.00227139,0.00319286,0.00019044,0.000195845,0.000986568
637,2.59726,15.5735,-411.578,-0.00255052,-0.000281714,0.00217964,0.00377714,0.000190199,0.000195628,0.000985346
638,2.59726,15.5735,-411.578,-0.00337459,-0.000211902,0.00206242,0.00447643,0.000187919,0.000193332,0.00097359
639,2.59726,15.5735,-411.578,-0.00439259,-0.00027422,0.00261503,0.00532392,0.000189504,0.000194684,0.000981822
640,2.59726,15.5735,-411.578,-0.00516401,-0.000323477,0.00210344,0.00590517,0.000192219,0.000197343,0.000995567
641,2.59726,15.5735,-411.578,-0.00528012,-0.000565718,0.00311224,0.00630856,0.000193322,0.000198666,0.00100145
642,2.59726,15.5735,-411.578,-0.00538893,-0.000508492,0.00359137,0.00661338,0.000188757,0.000193376,0.000977676
643,2.59726,15.5735,-411.578,-0.00492802,-0.000729716,0.00303382,0.0059361,0.00018614,0.000191419,0.000964614
644,2.59726,15.5735,-411.578,-0.00485772,-0.000922876,0.00283005,0.00592593,0.000187419,0.000192798,0.000970921
645,2.59726,15.5735,-411.578,-0.00488845,-0.000854899,0.00320658,0.0060035,0.00018882,0.000194015,0.000977896
646,2.59726,15.5735,-411.578,-0.00542999,-0.000775417,0.00318365,0.00651779,0.000189113,0.000194792,0.000980059
647,2.59726,15.5735,-411.578,-0.00604192,-0.000795685,0.00269179,0.00679075,0.000190206,0.000195622,0.000985246
648,2.59726,15.5735,-411.578,-0.00679075,-0.000899097,0.00317551,0.00773258,0.000190178,0.000195326,0.000985319
649,2.59726,15.5735,-411.578,-0.00766542,-0.000683881,0.0038156,0.00876417,0.000187734,0.000193213,0.000972594
650,2.59726,15.5735,-411.578,-0.0079474,-0.00110613,0.00491157,0.00945603,0.000189956,0.000194605,0.000983945
651,2.59726,15.5735,-411.578,-0.00765227,-0.00119002,0.00513114,0.00941483,0.000187531,0.000192648,0.00097113
652,2.59726,15.5735,-411.578,-0.00728405,-0.00151349,0.00525982,0.0091953,0.000189757,0.000194818,0.00098301
653,2.59726,15.5735,-411.578,-0.00679695,-0.00170921,0.00451474,0.00852171,0.0001903,0.000195948,0.000985636
654,2.59726,15.5735,-411.578,-0.00662737,-0.00167267,0.00461874,0.00841278,0.000188819,0.000194026,0.000978111
655,2.59726,15.5735,-411.578,-0.0068512,-0.00164202,0.00501251,0.00883054,0.00019033,0.0001955,0.000985979
656,2.59726,15.5735,-411.578,-0.0072647,-0.0016541,0.00506818,0.0091157,0.000190335,0.000195936,0.000985921
657,2.59726,15.5735,-411.578,-0.00783776,-0.00134603,0.00526013,0.00974635,0.000193228,0.000198108,0.00100097
658,2.59726,15.5735,-411.578,-0.00855969,-0.00162027,0.00624677,0.0107961,0.000189855,0.000195332,0.000983684
659,2.59726,15.5735,-411.578,-0.00861162,-0.00200771,0.0063437,0.0109791,0.000189678,0.000194713,0.000982466
660,2.59726,15.5735,-411.578,-0.00827898,-0.00214559,0.00588644,0.0104818,0.000189048,0.000194425,0.000979368
661,2.59726,15.5735,-411.578,-0.00769784,-0.00232169,0.00602505,0.0101006,0.00019005,0.000195264,0.000984611
662,2.59726,15.5735,-411.578,-0.00711574,-0.00242246,0.00701246,0.0103284,0.000194422,0.000199487,0.00100723
663,2.59726,15.5735,-411.578,-0.00649241,-0.00239958,0.0067815,0.00981683,0.000188263,0.000193722,0.000975219
664,2.59726,15.5735,-411.578,-0.00667457,-0.00238049,0.00708363,0.0100759,0.000190302,0.000195634,0.000985587
665,2.59726,15.5735,-411.578,-0.00675266,-0.00212536,0.00709839,0.0100964,0.000190403,0.000195322,0.000986317
666,2.59726,15.5735,-411.578,-0.00724695,-0.00215777,0.00694974,0.0103466,0.000189754,0.000195173,0.000982908
667,2.59726,15.5735,-411.578,-0.0076868,-0.00203565,0.00778676,0.0111725,0.00018963,0.00019469,0.000982017
668,2.59726,15.5735,-411.578,-0.00767564,-0.00216257,0.00727837,0.0109353,0.000191471,0.000197187,0.000991864
669,2.59726,15.5735,-411.578,-0.00715591,-0.00222704,0.00775106,0.0108856,0.000190702,0.000195726,0.000987884
670,2.59726,15.5735,-411.578,-0.00635292,-0.00236777,0.00736327,0.0101299,0.000192123,0.000197512,0.000995201
671,2.59726,15.5735,-411.578,-0.00554331,-0.00256742,0.00778752,0.0099509,0.000189713,0.00019493,0.000982635
672,2.59726,15.5735,-411.578,-0.00490795,-0.00247649,0.0083616,0.0100414,0.000186897,0.000192243,0.000968076
673,2.59726,15.5735,-411.578,-0.00466566,-0.00245235,0.00887695,0.0103448,0.000188912,0.000194531,0.000978615
674,2.59726,15.5735,-411.578,-0.00491201,-0.00234425,0.00848805,0.0101199,0.000190826,0.000196141,0.000988397
675,2.59726,15.5735,-411.578,-0.00524525,-0.00208557,0.00839889,0.0101661,0.000189917,0.000195176,0.000983581
676,2.59726,15.5735,-411.578,-0.00573018,-0.00220483,0.00933553,0.0112005,0.000190385,0.000195711,0.000986187
677,2.59726,15.5735,-411.578,-0.0054972,-0.00241437,0.00962643,0.0113737,0.00018912,0.000194035,0.000979453
678,2.59726,15.5735,-411.578,-0.00502473,-0.00257491,0.00935892,0.0109586,0.000187584,0.000192576,0.000971922
679,2.59726,15.5735,-411.578,-0.00404917,-0.00268,0.0110548,0.0120917,0.000187467,0.000192712,0.000970916
680,2.59726,15.5735,-411.578,-0.00304856,-0.00297165,0.0111267,0.0119215,0.000189707,0.000195063,0.00098254
681,2.59726,15.5735,-411.578,-0.00231705,-0.00294965,0.0114815,0.0120921,0.000192626,0.000197659,0.000997732
682,2.59726,15.5735,-411.578,-0.00189378,-0.00304736,0.011352,0.011915,0.000190563,0.000195286,0.000987003
683,2.59726,15.5735,-411.578,-0.00188493,-0.00268402,0.0119211,0.0123712,0.000192527,0.000197525,0.000997177
684,2.59726,15.5735,-411.578,-0.00203989,-0.00269669,0.0118648,0.012346,0.000190476,0.000196026,0.000986653
685,2.59726,15.5735,-411.578,-0.00214634,-0.00273746,0.011315,0.0118453,0.000186973,0.000192263,0.000968339
686,2.59726,15.5735,-411.578,-0.00208101,-0.00289533,0.0124732,0.0129781,0.000188367,0.000193083,0.000975776
687,2.59726,15.5735,-411.578,-0.00141016,-0.00293795,0.0128787,0.0132909,0.000190311,0.000195248,0.000985631
688,2.59726,15.5735,-411.578,-0.00053383,-0.00306638,0.0122728,0.012666,0.000190653,0.000195595,0.000987264
689,2.59726,15.5735,-411.578,0.000362571,-0.00322741,0.012438,0.0128579,0.000186941,0.000191766,0.000968341
690,2.59726,15.5735,-411.578,0.00124678,-0.0034599,0.0125205,0.0130669,0.000188505,0.000193314,0.000976324
691,2.59726,15.5735,-411.578,0.00182901,-0.00342977,0.0125132,0.0131182,0.00018768,0.000192932,0.000972079
692,2.59726,15.5735,-411.578,0.00194963,-0.00322387,0.0128002,0.0133528,0.000188797,0.000193891,0.00097787
693,2.59726,15.5735,-411.578,0.00181751,-0.00328709,0.0127099,0.013267,0.000187359,0.000192512,0.000970644
694,2.59726,15.5735,-411.578,0.00172809,-0.00310016,0.0130023,0.013484,0.000190889,0.000196136,0.000989011
695,2.59726,15.5735,-411.578,0.00203142,-0.0032175,0.0123563,0.0129462,0.000189098,0.000194177,0.00097956
696,2.59726,15.5735,-411.578,0.00264369,-0.00323045,0.0121647,0.0128817,0.000188217,0.000193494,0.000975021
697,2.59726,15.5735,-411.578,0.00329411,-0.0035125,0.0135338,0.0143821,0.00019047,0.000195305,0.000986475
698,2.59726,15.5735,-411.578,0.0042694,-0.00356508,0.0127663,0.0139396,0.000188738,0.000193995,0.000977726
699,2.59726,15.5735,-411.578,0.00518714,-0.00368278,0.0132559,0.0147298,0.00019009,0.00019529,0.000984549
700,2.59726,15.5735,-411.578,0.0057004,-0.00368459,0.0125335,0.0142887,0.000189556,0.000194674,0.00098184
701,2.59726,15.5735,-411.578,0.00580265,-0.00343078,0.0123474,0.0140946,0.000191173,0.00019604,0.000990214
702,2.59726,15.5735,-411.578,0.0058238,-0.00314641,0.0119022,0.0136483,0.000193594,0.00019897,0.00100295
703,2.59726,15.5735,-411.578,0.00575082,-0.00302906,0.0129819,0.0145556,0.000188793,0.000193863,0.000977925
704,2.59726,15.5735,-411.578,0.00595846,-0.00312456,0.0119948,0.0137815,0.000186774,0.000192002,0.000967557
705,2.59726,15.5735,-411.578,0.00631356,-0.00300598,0.0132739,0.0150123,0.000188685,0.000194021,0.00097741
706,2.59726,15.5735,-411.578,0.00696668,-0.0032201,0.0123277,0.0145401,0.000189189,0.000194453,0.000979961
707,2.59726,15.5735,-411.578,0.0078719,-0.00313972,0.0125408,0.0151596,0.000195013,0.000200516,0.00100982
708,2.59726,15.5735,-411.578,0.00878044,-0.00321339,0.0124684,0.0156239,0.000190738,0.000195839,0.000988083
709,2.59726,15.5735,-411.578,0.00926287,-0.00319241,0.0124078,0.0158267,0.000191636,0.000197185,0.000992593
710,2.59726,15.5735,-411.578,0.00920929,-0.00292579,0.0119804,0.015421,0.000189861,0.000195182,0.000983519
711,2.59726,15.5735,-411.578,0.00913092,-0.00290559,0.0116484,0.01512,0.000191917,0.000197172,0.00099412
712,2.59726,15.5735,-411.578,0.00910055,-0.00254371,0.0118626,0.0152172,0.000189517,0.000194538,0.000981601
713,2.59726,15.5735,-411.578,0.00942545,-0.00243749,0.0114941,0.0151197,0.000188711,0.000193691,0.000977542
714,2.59726,15.5735,-411.578,0.00959325,-0.00245662,0.0113199,0.0151228,0.00018791,0.000192952,0.000973489
715,2.59726,15.5735,-411.578,0.0100283,-0.0025094,0.0115616,0.0155612,0.000189844,0.000194354,0.000983469
716,2.59726,15.5735,-411.578,0.0108412,-0.00259055,0.0110693,0.0157462,0.000192579,0.00019752,0.000997586
717,2.59726,15.5735,-411.578,0.0115334,-0.00253208,0.0114155,0.0164643,0.000192338,0.000197413,0.000996305
718,2.59726,15.5735,-411.578,0.0117787,-0.00258091,0.0112343,0.0165735,0.000189765,0.000195025,0.000983158
719,2.59726,15.5735,-411.578,0.0117505,-0.00241383,0.0122025,0.0171398,0.000192995,0.000198468,0.000999542
720,2.59726,15.5735,-411.578,0.0115358,-0.00230633,0.0110678,0.0161972,0.000188118,0.000193495,0.00097448
721,2.59726,15.5735,-411.578,0.0113302,-0.00221029,0.0108938,0.0159159,0.000192622,0.000198092,0.000997714
722,2.59726,15.5735,-411.578,0.0113458,-0.00206718,0.0111922,0.0161179,0.00019055,0.000195734,0.000987023
723,2.59726,15.5735,-411.578,0.0114355,-0.00208607,0.0114426,0.0163579,0.000192989,0.00019839,0.000999636
724,2.59726,15.5735,-411.578,0.0119132,-0.00207045,0.0102048,0.0158655,0.000191034,0.000196613,0.000989573
725,2.59726,15.5735,-411.578,0.0122649,-0.00196231,0.00964532,0.0157503,0.000190177,0.000195387,0.000984969
726,2.59726,15.5735,-411.578,0.0127827,-0.00191787,0.00951481,0.0160937,0.000189808,0.000195206,0.000983151
727,2.59726,15.5735,-411.578,0.0127938,-0.00201049,0.00969345,0.0162064,0.000191223,0.000196692,0.00099042
728,2.59726,15.5735,-411.578,0.0126512,-0.00183375,0.00866287,0.0155365,0.000192976,0.000198227,0.000999476
729,2.59726,15.5735,-411.578,0.0124148,-0.00171523,0.00901577,0.0154889,0.000193784,0.000199167,0.00100371
730,2.59726,15.5735,-411.578,0.0118185,-0.00159127,0.00831832,0.0146076,0.000193468,0.000199136,0.001002
731,2.59726,15.5735,-411.578,0.0117564,-0.00148296,0.00833642,0.0145755,0.000189661,0.000195234,0.000982701
732,2.59726,15.5735,-411.578,0.0118369,-0.00142165,0.00762216,0.0142807,0.000189639,0.00019482,0.000982172
733,2.59726,15.5735,-411.578,0.0120684,-0.00145333,0.0080598,0.0146632,0.000188431,0.000193758,0.000976196
734,2.59726,15.5735,-411.578,0.0122661,-0.00127628,0.00777316,0.0147008,0.000191145,0.000196466,0.000990126
735,2.59726,15.5735,-411.578,0.012533,-0.00144827,0.00834836,0.0151764,0.000189128,0.000194936,0.000979726
736,2.59726,15.5735,-411.578,0.0124112,-0.00157104,0.00797596,0.0148754,0.000189014,0.000194463,0.000979115
737,2.59726,15.5735,-411.578,0.0120295,-0.0014024,0.00801854,0.0145707,0.00019043,0.000195779,0.000986225
738,2.59726,15.5735,-411.578,0.0113926,-0.00151423,0.00781781,0.0139523,0.000191896,0.000196786,0.000994199
739,2.59726,15.5735,-411.578,0.0108739,-0.00127782,0.00726034,0.0131909,0.000187972,0.000193424,0.000973739
740,2.59726,15.5735,-411.578,0.0104525,-0.00107237,0.00755627,0.0129854,0.000193309,0.000198265,0.00100131
741,2.59726,15.5735,-411.578,0.0105649,-0.000953575,0.00716857,0.0128431,0.000193303,0.00019887,0.00100134
742,2.59726,15.5735,-411.578,0.0106829,-0.000960862,0.00713276,0.0129209,0.000190018,0.000195172,0.000984242
743,2.59726,15.5735,-411.578,0.0110691,-0.0010202,0.00752445,0.0134694,0.000188643,0.000194136,0.000977239
744,2.59726,15.5735,-411.578,0.0110058,-0.000989048,0.00650373,0.0128634,0.00019199,0.000197238,0.000994313
745,2.59726,15.5735,-411.578,0.0107914,-0.00104312,0.00721473,0.0130539,0.000193284,0.000198072,0.00100128
746,2.59726,15.5735,-411.578,0.0104424,-0.000991852,0.0062307,0.0122704,0.000187572,0.000192902,0.000971565
747,2.59726,15.5735,-411.578,0.00969276,-0.00054997,0.00548403,0.0112197,0.000191107,0.000196389,0.000990065
748,2.59726,15.5735,-411.578,0.00877674,-0.000698643,0.00525763,0.010332,0.000190612,0.000195733,0.000987256
749,2.59726,15.5735,-411.578,0.00842733,-0.000519352,0.00549031,0.0101683,0.000188918,0.000194496,0.000978439
750,2.59726,15.5735,-411.578,0.00823876,-0.000496899,0.00540679,0.00995667,0.000194451,0.000200034,0.00100735
751,2.59726,15.5735,-411.578,0.008151,-0.000472345,0.00472725,0.00953492,0.000190394,0.000195182,0.000986338
752,2.59726,15.5735,-411.578,0.00851675,-0.000499084,0.00484677,0.0099125,0.000191227,0.00019704,0.000990784
753,2.59726,15.5735,-411.578,0.0083312,-0.000595032,0.00546853,0.0100322,0.000188362,0.000193559,0.000975729
754,2.59726,15.5735,-411.578,0.00804491,-0.000575371,0.00515071,0.00965776,0.000186098,0.000191415,0.000964019
755,2.59726,15.5735,-411.578,0.00726113,-0.000708721,0.00497151,0.00888834,0.000189957,0.000195158,0.000983923
756,2.59726,15.5735,-411.578,0.00642221,-0.000470787,0.0046738,0.00808099,0.000190366,0.000195484,0.000986147
757,2.59726,15.5735,-411.578,0.00535051,-0.000554066,0.00503706,0.00740901,0.000188198,0.000193589,0.000974652
758,2.59726,15.5735,-411.578,0.00488728,-0.000395692,0.004779,0.00694101,0.000188681,0.000193197,0.000977164
759,2.59726,15.5735,-411.578,0.00451514,-0.00054481,0.00498963,0.00682078,0.000189555,0.000194543,0.00098203
760,2.59726,15.5735,-411.578,0.00459844,-0.000546357,0.00468424,0.00668095,0.000188981,0.000194444,0.000978801
761,2.59726,15.5735,-411.578,0.00475845,-0.000519741,0.0042968,0.00659104,0.000186538,0.000191946,0.000966288
762,2.59726,15.5735,-411.578,0.00481027,-0.000605962,0.00485566,0.00696969,0.000189659,0.000195076,0.000982418
763,2.59726,15.5735,-411.578,0.00437728,-0.000699122,0.0048483,0.00663401,0.000188965,0.000194462,0.000979019
764,2.59726,15.5735,-411.578,0.00346401,-0.000640924,0.00473932,0.00600831,0.000190353,0.000195906,0.000986114
765,2.59726,15.5735,-411.578,0.00254939,-0.000590839,0.00417331,0.00510725,0.000185108,0.000190185,0.000959021
766,2.59726,15.5735,-411.578,0.00154697,-0.000604643,0.00408095,0.00443215,0.000190208,0.000195116,0.000985268
767,2.59726,15.5735,-411.578,0.000860228,-0.000468219,0.00383842,0.00411623,0.000188481,0.000193413,0.000975997
768,2.59726,15.5735,-411.578,0.000592308,-0.000263678,0.00417852,0.00437209,0.000187673,0.000192829,0.000972294
769,2.59726,15.5735,-411.578,0.000585403,-0.000504398,0.00464583,0.00485364,0.000192043,0.000197399,0.000994666
770,2.59726,15.5735,-411.578,0.000636195,-0.000615852,0.00503745,0.0051292,0.000188171,0.000193682,0.000974694
771,2.59726,15.5735,-411.578,0.00060502,-0.000614313,0.00494308,0.00504407,0.000189225,0.000194307,0.000980051
772,2.59726,15.5735,-411.578,0.000295348,-0.000690084,0.0041939,0.00428425,0.000186541,0.00019155,0.000966224
773,2.59726,15.5735,-411.578,-0.000430713,-0.000663077,0.00433557,0.00442371,0.000188372,0.000193248,0.000975838
774,2.59726,15.5735,-411.578,-0.00160864,-0.000640502,0.00393578,0.00446663,0.000186889,0.000191882,0.000968368
775,2.59726,15.5735,-411.578,-0.00252145,-0.000391004,0.00447496,0.00529788,0.000189031,0.000194079,0.000979132
776,2.59726,15.5735,-411.578,-0.00336877,-0.000261671,0.00359426,0.00518212,0.000187971,0.000193164,0.000973737
777,2.59726,15.5735,-411.578,-0.00363371,-0.00036451,0.00324065,0.00501796,0.000190305,0.000195779,0.000985662
778,2.59726,15.5735,-411.578,-0.00364728,-0.000378084,0.00325158,0.00518587,0.000186163,0.000191628,0.000964365
779,2.59726,15.5735,-411.578,-0.0033757,-0.000485228,0.00250742,0.00467987,0.000190756,0.000195838,0.000988277
780,2.59726,15.5735,-411.578,-0.00350044,-0.000468903,0.00209007,0.00497982,0.000189563,0.000194837,0.000981997
781,2.59726,15.5735,-411.578,-0.00375586,-0.000576015,0.00182982,0.00443985,0.000189967,0.000194991,0.000984147
782,2.59726,15.5735,-411.578,-0.00436581,-0.000618117,0.00215844,0.00521632,0.000189733,0.000195062,0.00098271
783,2.59726,15.5735,-411.578,-0.00520503,-0.000454446,0.00222246,0.00592571,0.000190137,0.000195634,0.000984704
784,2.59726,15.5735,-411.578,-0.0060677,-0.000520544,0.00176739,0.00670799,0.000188306,0.000193754,0.000975358
785,2.59726,15.5735,-411.578,-0.00695478,-0.000650839,0.00261514,0.00774464,0.000190004,0.000195197,0.000984114
786,2.59726,15.5735,-411.578,-0.00717879,-0.000585012,0.00199513,0.00768737,0.000191428,0.000197141,0.000991548
787,2.59726,15.5735,-411.578,-0.00693377,-0.000700772,0.00194299,0.00755907,0.000192208,0.000197136,0.000995581
788,2.59726,15.5735,-411.578,-0.00665147,-0.00100415,0.00233247,0.00727958,0.00019065,0.000195937,0.00098764
789,2.59726,15.5735,-411.578,-0.0062936,-0.00103431,0.0020339,0.00688209,0.000193612,0.000198717,0.00100284
790,2.59726,15.5735,-411.578,-0.00618604,-0.00107534,0.00208049,0.00672717,0.000189894,0.000195085,0.000983655
791,2.59726,15.5735,-411.578,-0.00650765,-0.00124018,0.00275135,0.00747895,0.000191832,0.000197567,0.000993805
792,2.59726,15.5735,-411.578,-0.00732459,-0.00130634,0.00356851,0.0083594,0.000189739,0.000194765,0.000982811
793,2.59726,15.5735,-411.578,-0.00824017,-0.0011733,0.00324965,0.00901421,0.000188467,0.000193805,0.000976196
794,2.59726,15.5735,-411.578,-0.00869999,-0.00106467,0.00333707,0.00948031,0.000191288,0.000196994,0.000990735
795,2.59726,15.5735,-411.578,-0.00893736,-0.0011635,0.00379439,0.0098418,0.000193285,0.000198791,0.00100134
796,2.59726,15.5735,-411.578,-0.00842348,-0.00128418,0.0037261,0.00949721,0.000191841,0.000196838,0.000993696
797,2.59726,15.5735,-411.578,-0.00772377,-0.00134721,0.0037654,0.00893336,0.000189234,0.000194631,0.000980201
798,2.59726,15.5735,-411.578,-0.007366,-0.00146769,0.00459007,0.0088912,0.000188992,0.000194304,0.000978986
799,2.59726,15.5735,-411.578,-0.00706332,-0.00141334,0.00432739,0.00851577,0.000190228,0.000195981,0.000985404
800,2.59726,15.5735,-411.578,-0.00725197,-0.00155883,0.00492194,0.0090073,0.000191033,0.000196379,0.000989516
801,2.59726,15.5735,-411.578,-0.00790036,-0.0014046,0.00406757,0.00910365,0.00019305,0.00019803,0.000999885
802,2.59726,15.5735,-411.578,-0.00856587,-0.00119405,0.00389004,0.00952287,0.000194796,0.000200023,0.00100916
803,2.59726,15.5735,-411.578,-0.00867446,-0.00124414,0.00418409,0.00985962,0.000187304,0.000192558,0.000970263
804,2.59726,15.5735,-411.578,-0.00881842,-0.00125703,0.00491038,0.0102571,0.000191148,0.000196316,0.000990264
805,2.59726,15.5735,-411.578,-0.00842377,-0.00132534,0.00505728,0.0100152,0.000189743,0.000195529,0.000982865
806,2.59726,15.5735,-411.578,-0.00760825,-0.00145761,0.0052929,0.00946478,0.00018722,0.000192196,0.000969792
807,2.59726,15.5735,-411.578,-0.00684538,-0.00174887,0.00521672,0.00884483,0.000192206,0.000197461,0.000995615
808,2.59726,15.5735,-411.578,-0.00648152,-0.00159508,0.00488349,0.00841326,0.000186561,0.000191733,0.0009664
809,2.59726,15.5735,-411.578,-0.00650168,-0.0016988,0.00552621,0.00898716,0.000189117,0.000194617,0.000979599
810,2.59726,15.5735,-411.578,-0.00696482,-0.00157891,0.00678113,0.00989452,0.00019001,0.000195494,0.000984198
811,2.59726,15.5735,-411.578,-0.00731365,-0.00156735,0.00594506,0.00961923,0.000191188,0.000196165,0.000990507
812,2.59726,15.5735,-411.578,-0.0078462,-0.00146719,0.00606962,0.0101172,0.000190307,0.000195601,0.000985757
813,2.59726,15.5735,-411.578,-0.00767819,-0.00148943,0.00541304,0.00962926,0.00019226,0.000197206,0.000995755
814,2.59726,15.5735,-411.578,-0.00706491,-0.00156974,0.00674395,0.00993588,0.000190694,0.000195808,0.00098772
815,2.59726,15.5735,-411.578,-0.00627738,-0.00192961,0.00732733,0.00987443,0.000188043,0.000193613,0.000974008
816,2.59726,15.5735,-411.578,-0.00519448,-0.00191304,0.00702256,0.00898822,0.00018962,0.000194633,0.00098204
817,2.59726,15.5735,-411.578,-0.0045246,-0.00203336,0.00709996,0.0086979,0.000188011,0.00019309,0.000973896
818,2.59726,15.5735,-411.578,-0.0043058,-0.00217861,0.00730455,0.00882457,0.000189732,0.000194855,0.000982736
819,2.59726,15.5735,-411.578,-0.00443137,-0.00207632,0.00795192,0.00936266,0.000191483,0.000196674,0.000991686
820,2.59726,15.5735,-411.578,-0.00480514,-0.00198947,0.00775325,0.00938766,0.000188586,0.000193584,0.000976627
821,2.59726,15.5735,-411.578,-0.00481903,-0.0020013,0.00764748,0.00934824,0.000188209,0.000193005,0.000974919
822,2.59726,15.5735,-411.578,-0.00485443,-0.00193029,0.00814842,0.00972239,0.000190005,0.000195355,0.000984231
823,2.59726,15.5735,-411.578,-0.0043545,-0.00210402,0.00851548,0.0098214,0.000189091,0.00019419,0.000979545
824,2.59726,15.5735,-411.578,-0.00328997,-0.00225212,0.00847757,0.0093895,0.000188037,0.000193391,0.000973976
825,2.59726,15.5735,-411.578,-0.00228848,-0.00237819,0.0088881,0.00950131,0.00018678,0.000192403,0.000967742
826,2.59726,15.5735,-411.578,-0.00138503,-0.00252964,0.00837756,0.00889032,0.000189369,0.000194772,0.000980832
827,2.59726,15.5735,-411.578,-0.000907723,-0.00242354,0.0085601,0.00895201,0.000187345,0.000191825,0.000970496
828,2.59726,15.5735,-411.578,-0.000875758,-0.00246856,0.00864409,0.00905283,0.00018931,0.000194577,0.000980672
829,2.59726,15.5735,-411.578,-0.00104819,-0.00259772,0.00955323,0.00996864,0.000189833,0.000195012,0.000983312
830,2.59726,15.5735,-411.578,-0.00114272,-0.00239489,0.00871654,0.00912383,0.000189684,0.000195067,0.000982482
831,2.59726,15.5735,-411.578,-0.000960155,-0.00224101,0.00932963,0.00965275,0.000190277,0.000195359,0.000985542
832,2.59726,15.5735,-411.578,-0.000216932,-0.0023659,0.0093692,0.00967429,0.000190834,0.000195843,0.000988453
833,2.59726,15.5735,-411.578,0.000728628,-0.00248907,0.0106246,0.0109461,0.000189278,0.00019418,0.000980482
834,2.59726,15.5735,-411.578,0.00192989,-0.00247861,0.00960302,0.0101207,0.000187032,0.000192128,0.000968908
835,2.59726,15.5735,-411.578,0.00273987,-0.00266416,0.0095846,0.0103551,0.000189296,0.000194585,0.000980507
836,2.59726,15.5735,-411.578,0.00323916,-0.00277465,0.00997568,0.010866,0.00018805,0.000193253,0.000974318
837,2.59726,15.5735,-411.578,0.00326696,-0.00267489,0.00955515,0.010469,0.000191319,0.000196195,0.000990785
838,2.59726,15.5735,-411.578,0.00303322,-0.00243389,0.0104074,0.0111285,0.000189102,0.00019366,0.000979482
839,2.59726,15.5735,-411.578,0.00303079,-0.00242653,0.00911822,0.00992425,0.00018618,0.000191685,0.000964296
840,2.59726,15.5735,-411.578,0.00316563,-0.00219211,0.00950712,0.0102762,0.000191907,0.000197238,0.000993915
841,2.59726,15.5735,-411.578,0.00380372,-0.00235406,0.0100596,0.0110319,0.000187451,0.000192954,0.000970923
842,2.59726,15.5735,-411.578,0.00481691,-0.00236222,0.0106591,0.0119527,0.000190096,0.00019548,0.000984603
843,2.59726,15.5735,-411.578,0.00573955,-0.00250014,0.00964807,0.0115477,0.000189664,0.000194705,0.000982362
844,2.59726,15.5735,-411.578,0.0066196,-0.00252846,0.0096389,0.0119936,0.000190186,0.000195707,0.000985011
845,2.59726,15.5735,-411.578,0.00713736,-0.00247639,0.00976974,0.0123913,0.000188297,0.000193577,0.000975335
846,2.59726,15.5735,-411.578,0.00722287,-0.00244849,0.00916278,0.0120192,0.000186045,0.000190932,0.000963767
847,2.59726,15.5735,-411.578,0.00694766,-0.00219365,0.010243,0.0126228,0.00019311,0.000198066,0.00100033
848,2.59726,15.5735,-411.578,0.00686435,-0.00218032,0.0100352,0.0123927,0.000188873,0.000193888,0.000978251
849,2.59726,15.5735,-411.578,0.00704602,-0.00195592,0.00997362,0.0124227,0.000190726,0.000196072,0.000987734
850,2.59726,15.5735,-411.578,0.00749683,-0.00205393,0.0105546,0.013127,0.000188656,0.000194262,0.000977285
851,2.59726,15.5735,-411.578,0.00850303,-0.00197572,0.00967812,0.0130719,0.000189772,0.000195014,0.00098297
852,2.59726,15.5735,-411.578,0.0093857,-0.00215224,0.0107148,0.0144207,0.00019073,0.000195815,0.000987859
853,2.59726,15.5735,-411.578,0.0100625,-0.00227337,0.0112825,0.0153086,0.000189923,0.000195125,0.00098394
854,2.59726,15.5735,-411.578,0.0105259,-0.00230957,0.0113744,0.0156999,0.000190478,0.000195923,0.000986657
855,2.59726,15.5735,-411.578,0.0106412,-0.00230781,0.0104368,0.0151258,0.000188046,0.000193583,0.000974184
856,2.59726,15.5735,-411.578,0.010246,-0.00210376,0.0103808,0.0147608,0.000189796,0.000194435,0.00098316
857,2.59726,15.5735,-411.578,0.00992067,-0.00214285,0.010784,0.0148786,0.000188179,0.0001934,0.000974806
858,2.59726,15.5735,-411.578,0.00990164,-0.00204712,0.00989556,0.0141802,0.000189408,0.000194839,0.000981028
859,2.59726,15.5735,-411.578,0.0102443,-0.0020352,0.0106502,0.0149811,0.000191911,0.000197392,0.000993862
860,2.59726,15.5735,-411.578,0.0110563,-0.0019817,0.0105054,0.0154234,0.000193214,0.000198965,0.00100076
861,2.59726,15.5735,-411.578,0.0117819,-0.00213782,0.0109665,0.0162686,0.000194662,0.000200273,0.00100844
862,2.59726,15.5735,-411.578,0.012303,-0.00208404,0.0100577,0.0160901,0.000191517,0.000196851,0.000991896
863,2.59726,15.5735,-411.578,0.01259,-0.00219319,0.0104057,0.0165409,0.000192574,0.000197763,0.000997548
864,2.59726,15.5735,-411.578,0.0122582,-0.00228154,0.0102168,0.0161525,0.00019202,0.000196972,0.000994515
865,2.59726,15.5735,-411.578,0.0120677,-0.00213727,0.0110758,0.0165457,0.000191501,0.00019649,0.000991895
866,2.59726,15.5735,-411.578,0.0114598,-0.00207761,0.0113689,0.0162953,0.000188523,0.000194133,0.00097657
867,2.59726,15.5735,-411.578,0.0115092,-0.00208767,0.0111261,0.0161677,0.000189869,0.000195352,0.000983516
868,2.59726,15.5735,-411.578,0.0117079,-0.00191625,0.0106876,0.0159992,0.000192655,0.000197713,0.000997812
869,2.59726,15.5735,-411.578,0.0123046,-0.0018182,0.010065,0.0160376,0.000190836,0.000196375,0.000988246
870,2.59726,15.5735,-411.578,0.0127287,-0.00190999,0.0114035,0.0172125,0.00019088,0.000196179,0.000988612
871,2.59726,15.5735,-411.578,0.0132628,-0.00200268,0.0104247,0.0170245,0.000191454,0.000196468,0.000991531
872,2.59726,15.5735,-411.578,0.0135174,-0.00195016,0.0101488,0.0170409,0.000191205,0.000196655,0.000990333
873,2.59726,15.5735,-411.578,0.0130907,-0.00207605,0.0101896,0.0167376,0.000190635,0.000195718,0.000987289
874,2.59726,15.5735,-411.578,0.0125896,-0.00189872,0.00986931,0.0161743,0.00019034,0.000195434,0.000985687
875,2.59726,15.5735,-411.578,0.0118628,-0.00187531,0.00902266,0.0150699,0.00019226,0.000197344,0.000995758
876,2.59726,15.5735,-411.578,0.0116107,-0.0017487,0.00879409,0.0147602,0.000192006,0.000197003,0.000994663
877,2.59726,15.5735,-411.578,0.0115368,-0.00176528,0.00798529,0.0141876,0.000193287,0.000198625,0.00100114
878,2.59726,15.5735,-411.578,0.0120696,-0.00171801,0.00864646,0.014987,0.000190791,0.000196242,0.000988149
879,2.59726,15.5735,-411.578,0.0125681,-0.00152829,0.0074186,0.0147518,0.000192674,0.000197979,0.000997814
880,2.59726,15.5735,-411.578,0.0127656,-0.00168629,0.00853429,0.0155211,0.000190348,0.000195433,0.000986055
881,2.59726,15.5735,-411.578,0.0127099,-0.00436678,0.00777596,0.0155501,0.000194298,0.000199767,0.00100616
882,2.59726,15.5735,-411.578,0.0126238,-0.0194678,0.00244002,0.0233614,0.000193128,0.000198388,0.00100026
883,2.59726,15.5735,-411.578,0.0119247,-0.0557549,-0.00897146,0.0577393,0.000229812,0.000235628,0.00119026
884,2.59726,15.5735,-411.578,0.00956675,-0.113225,-0.0274337,0.116906,0.000239268,0.000245804,0.00123961
885,2.59726,15.5735,-411.578,0.00565508,-0.186909,-0.0509704,0.19383,0.000247287,0.000254001,0.00128156
886,2.59726,15.5735,-411.578,0.000787075,-0.270569,-0.0781709,0.281652,0.000248082,0.000254515,0.00128587
887,2.59726,15.5735,-411.578,-0.00374072,-0.348718,-0.102933,0.363623,0.000255285,0.000261279,0.00132309
888,2.59726,15.5735,-411.578,-0.00703217,-0.40428,-0.118789,0.421436,0.000253465,0.000258936,0.00131322
889,2.59726,15.5735,-411.578,-0.00844991,-0.429203,-0.126194,0.447457,0.000249279,0.00025387,0.00129183
890,2.59726,15.5735,-411.578,-0.00817944,-0.421555,-0.123285,0.439296,0.000254522,0.00025961,0.00131885
891,2.59726,15.5735,-411.578,-0.00694079,-0.382686,-0.110086,0.398271,0.000252853,0.00025798,0.00131034
892,2.59726,15.5735,-411.578,-0.00534641,-0.316336,-0.0885495,0.328545,0.00025014,0.000256139,0.00129617
893,2.59726,15.5735,-411.578,-0.00346993,-0.229485,-0.0615308,0.237626,0.000251304,0.000258251,0.00130241
894,2.59726,15.5735,-411.578,-0.000157009,-0.129679,-0.031767,0.133544,0.000252308,0.000259291,0.0013075
895,2.59726,15.5735,-411.578,0.00448146,-0.0252564,0.000417865,0.0257057,0.000219427,0.000225868,0.00113667
896,2.59726,15.5735,-411.578,0.00969603,0.0732692,0.031669,0.080425,0.000253758,0.00026117,0.00131477
897,2.59726,15.5735,-411.578,0.0140555,0.160378,0.0599431,0.171794,0.000239376,0.000246625,0.00124004
898,2.59726,15.5735,-411.578,0.0167184,0.229343,0.0824628,0.244292,0.000235654,0.000242857,0.00122039
899,2.59726,15.5735,-411.578,0.017552,0.276377,0.0967835,0.293364,0.000238552,0.000246002,0.00123536
900,2.59726,15.5735,-411.578,0.0167318,0.299092,0.104394,0.317233,0.000242845,0.000250303,0.00125726
901,2.59726,15.5735,-411.578,0.0153655,0.298276,0.104335,0.316373,0.000240298,0.000247843,0.00124422
902,2.59726,15.5735,-411.578,0.0142069,0.275693,0.0960588,0.292297,0.000242351,0.000249634,0.00125516
903,2.59726,15.5735,-411.578,0.0129461,0.234476,0.0819019,0.248708,0.000233581,0.000240793,0.00120965
904,2.59726,15.5735,-411.578,0.0110882,0.177895,0.0629216,0.189023,0.000237342,0.000244533,0.0012294
905,2.59726,15.5735,-411.578,0.00855859,0.110778,0.0409511,0.118423,0.000237713,0.000244795,0.0012312
906,2.59726,15.5735,-411.578,0.00529411,0.0371176,0.0175913,0.0414326,0.000218219,0.000224603,0.0011306
907,2.59726,15.5735,-411.578,0.00205597,-0.0356503,-0.00616876,0.0362676,0.000215936,0.000222173,0.00111865
908,2.59726,15.5735,-411.578,-0.000904385,-0.103547,-0.0277266,0.107235,0.000235284,0.000241913,0.00121918
909,2.59726,15.5735,-411.578,-0.00441695,-0.159835,-0.0443906,0.165955,0.000233839,0.000240373,0.0012118
910,2.59726,15.5735,-411.578,-0.00863954,-0.201006,-0.0565028,0.208988,0.00023229,0.000238547,0.00120367
911,2.59726,15.5735,-411.578,-0.0118111,-0.224516,-0.0638933,0.23374,0.000237515,0.000244088,0.00123084
912,2.59726,15.5735,-411.578,-0.0130116,-0.229342,-0.0653299,0.238828,0.000238974,0.000245445,0.00123845
913,2.59726,15.5735,-411.578,-0.0120735,-0.216332,-0.0613506,0.225198,0.000234999,0.000241216,0.00121773
914,2.59726,15.5735,-411.578,-0.0099022,-0.187009,-0.0514559,0.194223,0.000235298,0.000241417,0.00121945
915,2.59726,15.5735,-411.578,-0.0066438,-0.144577,-0.0383753,0.149751,0.000226634,0.000232542,0.00117445
916,2.59726,15.5735,-411.578,-0.00447362,-0.0930489,-0.0219036,0.0957293,0.000235869,0.000242241,0.00122216
917,2.59726,15.5735,-411.578,-0.0029142,-0.0366271,-0.00382481,0.0369608,0.000212552,0.000218255,0.00110096
918,2.59726,15.5735,-411.578,-0.00146365,0.0186718,0.0134963,0.023111,0.000194687,0.000199852,0.00100834
919,2.59726,15.5735,-411.578,-6.13716e-06,0.06967,0.0293156,0.0756009,0.000237149,0.000244555,0.00122879
920,2.59726,15.5735,-411.578,0.00161127,0.112314,0.0423063,0.120035,0.000233248,0.000240485,0.00120819
921,2.59726,15.5735,-411.578,0.00291933,0.143183,0.0522315,0.152455,0.000228074,0.000234862,0.00118132
922,2.59726,15.5735,-411.578,0.00330962,0.16085,0.0579081,0.170993,0.000233835,0.000241063,0.00121149
923,2.59726,15.5735,-411.578,0.00345401,0.16462,0.0574641,0.174403,0.000235257,0.000242255,0.0012184
924,2.59726,15.5735,-411.578,0.00342793,0.154887,0.0535429,0.163919,0.000232181,0.000238976,0.00120257
925,2.59726,15.5735,-411.578,0.00326179,0.133114,0.047118,0.141248,0.000226153,0.000232954,0.00117166
926,2.59726,15.5735,-411.578,0.00241668,0.101241,0.036437,0.107633,0.000232893,0.000240147,0.0012067
927,2.59726,15.5735,-411.578,-0.000198388,0.0625775,0.0256356,0.0676331,0.000233668,0.000240671,0.00121072
928,2.59726,15.5735,-411.578,-0.00367969,0.021083,0.0119845,0.0245665,0.000199948,0.000205419,0.00103577
929,2.59726,15.5735,-411.578,-0.00739985,-0.0201188,-0.00142068,0.0215144,0.000192715,0.0001983,0.00099854
930,2.59726,15.5735,-411.578,-0.00996651,-0.0580988,-0.0143922,0.060706,0.000233746,0.000240527,0.00121091
931,2.59726,15.5735,-411.578,-0.0114566,-0.0904573,-0.0241322,0.0943393,0.000233875,0.000240635,0.00121195
932,2.59726,15.5735,-411.578,-0.0116974,-0.113993,-0.0334445,0.119385,0.000233589,0.000239832,0.0012103
933,2.59726,15.5735,-411.578,-0.0116364,-0.12737,-0.0376543,0.13335,0.000230313,0.000236387,0.00119328
934,2.59726,15.5735,-411.578,-0.0120353,-0.13005,-0.0389914,0.136312,0.000228795,0.000234873,0.00118556
935,2.59726,15.5735,-411.578,-0.0124637,-0.122565,-0.0378179,0.128898,0.000230141,0.000236494,0.00119265
936,2.59726,15.5735,-411.578,-0.0127656,-0.105918,-0.0305347,0.110994,0.000236435,0.000242782,0.0012251
937,2.59726,15.5735,-411.578,-0.0126778,-0.0816804,-0.022095,0.0855758,0.000235511,0.000242005,0.00122035
938,2.59726,15.5735,-411.578,-0.011555,-0.0526675,-0.012828,0.0554561,0.000226332,0.000232924,0.00117259
939,2.59726,15.5735,-411.578,-0.010334,-0.0212858,-0.00100571,0.0237379,0.000194593,0.000199847,0.00100792
940,2.59726,15.5735,-411.578,-0.00916709,0.0097382,0.00901176,0.0161619,0.00019451,0.000199834,0.0010076
941,2.59726,15.5735,-411.578,-0.00754977,0.0385488,0.0187919,0.0435882,0.000213204,0.000219782,0.00110457
942,2.59726,15.5735,-411.578,-0.00564688,0.0624417,0.0270204,0.0682846,0.000233148,0.000240112,0.00120801
943,2.59726,15.5735,-411.578,-0.00380974,0.079911,0.0331405,0.0865995,0.000233596,0.000241205,0.00121018
944,2.59726,15.5735,-411.578,-0.00259827,0.0897861,0.0357343,0.096682,0.000232649,0.000239841,0.00120505
945,2.59726,15.5735,-411.578,-0.00287582,0.0916506,0.0368256,0.0988172,0.000235611,0.000242707,0.00122068
946,2.59726,15.5735,-411.578,-0.00390569,0.0859792,0.0338037,0.0924781,0.00023461,0.000242007,0.00121548
947,2.59726,15.5735,-411.578,-0.00558709,0.0733037,0.0301634,0.0794766,0.000238395,0.00024578,0.00123512
948,2.59726,15.5735,-411.578,-0.00673542,0.0549734,0.02306,0.0600181,0.000228085,0.000235167,0.00118167
949,2.59726,15.5735,-411.578,-0.00729683,0.0329006,0.0161602,0.0373953,0.000207051,0.000213209,0.00107288
950,2.59726,15.5735,-411.578,-0.00709401,0.00931377,0.00805241,0.0142817,0.000188797,0.000194413,0.000978125
951,2.59726,15.5735,-411.578,-0.00733262,-0.0141244,-0.000180882,0.0160604,0.000191622,0.00019689,0.000992488
952,2.59726,15.5735,-411.578,-0.00750698,-0.0353332,-0.00812765,0.0370798,0.000207947,0.000213293,0.00107713
953,2.59726,15.5735,-411.578,-0.0081077,-0.0532773,-0.0133986,0.055562,0.000228024,0.000234069,0.00118134
954,2.59726,15.5735,-411.578,-0.00844027,-0.0660366,-0.0174015,0.0688373,0.000235376,0.000241955,0.00121958
955,2.59726,15.5735,-411.578,-0.00823583,-0.0734607,-0.019572,0.076484,0.000236777,0.000243324,0.00122682
956,2.59726,15.5735,-411.578,-0.00832918,-0.0747136,-0.0193562,0.0776474,0.000236697,0.000243784,0.00122626
957,2.59726,15.5735,-411.578,-0.00813892,-0.0701031,-0.0168381,0.0725633,0.000235766,0.000242292,0.00122153
958,2.59726,15.5735,-411.578,-0.00742676,-0.0603346,-0.0129455,0.0621763,0.000233349,0.000239913,0.00120903
959,2.59726,15.5735,-411.578,-0.00623645,-0.0465183,-0.00736113,0.04754,0.000217049,0.000223315,0.00112448
960,2.59726,15.5735,-411.578,-0.00465362,-0.030095,-0.00164024,0.0305303,0.000201906,0.000207826,0.00104601
961,2.59726,15.5735,-411.578,-0.00308055,-0.0124195,0.00600407,0.0142237,0.000192258,0.00019763,0.00099603
962,2.59726,15.5735,-411.578,-0.00168166,0.00487122,0.0112002,0.0123567,0.000188984,0.00019433,0.000978983
963,2.59726,15.5735,-411.578,-0.00090477,0.0207582,0.0171112,0.0269649,0.000196306,0.00020185,0.00101683
964,2.59726,15.5735,-411.578,-0.00113661,0.0339425,0.0230581,0.0410672,0.000206608,0.000212675,0.00107029
965,2.59726,15.5735,-411.578,-0.00178738,0.0436635,0.0265872,0.0511772,0.000219304,0.000225968,0.00113604
966,2.59726,15.5735,-411.578,-0.00220986,0.0488017,0.0283368,0.0564996,0.000224024,0.000230656,0.00116037
967,2.59726,15.5735,-411.578,-0.0022211,0.049463,0.0288964,0.0573347,0.000224725,0.000231472,0.00116444
968,2.59726,15.5735,-411.578,-0.0018052,0.0457155,0.0263596,0.0528152,0.000221377,0.000227946,0.00114698
969,2.59726,15.5735,-411.578,-0.00128622,0.0381387,0.024557,0.0453911,0.000211695,0.000218266,0.00109694
970,2.59726,15.5735,-411.578,-0.0011196,0.0277699,0.0198724,0.0341843,0.000198851,0.000204831,0.00103003
971,2.59726,15.5735,-411.578,-0.000939283,0.0152742,0.0153224,0.0216748,0.000191523,0.000196864,0.000992251
972,2.59726,15.5735,-411.578,-0.000880314,0.00208174,0.0103748,0.0106321,0.000189739,0.00019475,0.000982626
973,2.59726,15.5735,-411.578,-0.000808521,-0.0106178,0.00485816,0.0117671,0.000189675,0.000195067,0.000982528
974,2.59726,15.5735,-411.578,-0.0010173,-0.0222313,0.00124407,0.0223147,0.000196558,0.000201489,0.00101799
975,2.59726,15.5735,-411.578,-0.00103807,-0.0313773,-0.00214184,0.0314852,0.00020393,0.000209606,0.00105619
976,2.59726,15.5735,-411.578,-0.00085336,-0.0380483,-0.00509337,0.038422,0.00021131,0.000217029,0.00109471
977,2.59726,15.5735,-411.578,-0.000199256,-0.0413959,-0.00630174,0.0418988,0.000215213,0.000221302,0.00111486
978,2.59726,15.5735,-411.578,0.00065104,-0.0416431,-0.00523355,0.0419968,0.000213245,0.000218949,0.00110468
979,2.59726,15.5735,-411.578,0.00212549,-0.0385893,-0.00462556,0.0389466,0.000211015,0.000217046,0.00109299
980,2.59726,15.5735,-411.578,0.00347317,-0.0330249,-0.00263434,0.0333374,0.000206336,0.000212126,0.00106882
981,2.59726,15.5735,-411.578,0.00429392,-0.0252462,0.00117508,0.0256558,0.000199525,0.000204735,0.00103327
982,2.59726,15.5735,-411.578,0.00461228,-0.0163111,0.005129,0.0177533,0.000191352,0.000196414,0.000991126
983,2.59726,15.5735,-411.578,0.00457528,-0.00653905,0.00893752,0.0120535,0.000187776,0.000193087,0.000972696
984,2.59726,15.5735,-411.578,0.00476333,0.00275108,0.0126929,0.0138487,0.000190667,0.000196233,0.000987729
985,2.59726,15.5735,-411.578,0.00521384,0.0112063,0.0157624,0.0200775,0.000192814,0.000198206,0.000998767
986,2.59726,15.5735,-411.578,0.0058707,0.0176052,0.0189751,0.026565,0.000192711,0.000198634,0.000998279
987,2.59726,15.5735,-411.578,0.00658581,0.0220318,0.0215672,0.0315439,0.000196426,0.000201836,0.00101753
988,2.59726,15.5735,-411.578,0.0072472,0.0242597,0.0221064,0.0336319,0.000197126,0.000203111,0.00102124
989,2.59726,15.5735,-411.578,0.00768597,0.0241048,0.0212084,0.0330397,0.000196447,0.000202103,0.00101757
990,2.59726,15.5735,-411.578,0.00810972,0.0214111,0.0213874,0.0313575,0.000197124,0.000202749,0.00102119
991,2.59726,15.5735,-411.578,0.00785812,0.0170028,0.0204312,0.0277707,0.000195986,0.000201301,0.00101514
992,2.59726,15.5735,-411.578,0.00787518,0.011076,0.0166081,0.0214843,0.000189804,0.000195314,0.000983421
993,2.59726,15.5735,-411.578,0.00772287,0.0046009,0.0144987,0.0170833,0.000189349,0.000194803,0.000980791
994,2.59726,15.5735,-411.578,0.00803448,-0.00231422,0.0118773,0.0145443,0.000192042,0.000197406,0.00099469
995,2.59726,15.5735,-411.578,0.00820852,-0.0089785,0.00850136,0.0148617,0.000190669,0.000195851,0.000987731
996,2.59726,15.5735,-411.578,0.00895,-0.0149319,0.00556788,0.0183318,0.000192574,0.000198231,0.000997271
997,2.59726,15.5735,-411.578,0.00991232,-0.0195979,0.00214885,0.0221155,0.000194563,0.000199823,0.00100767
998,2.59726,15.5735,-411.578,0.0109163,-0.0227524,0.0019361,0.0253375,0.000195234,0.000200706,0.00101124
999,2.59726,15.5735,-411.578,0.0114984,-0.0242127,0.0019007,0.0269035,0.000199314,0.000204869,0.00103231
1000,2.59726,15.5735,-411.578,0.0115211,-0.0235767,0.00193094,0.0263298,0.000197844,0.000204061,0.00102463
1001,2.59726,15.5735,-411.578,0.011161,-0.0214701,0.00303605,0.0244074,0.000194665,0.000200062,0.00100823
1002,2.59726,15.5735,-411.578,0.0110766,-0.0177137,0.00373898,0.0212844,0.000194352,0.000199728,0.00100666
1003,2.59726,15.5735,-411.578,0.0110404,-0.0131623,0.00558741,0.0180902,0.000192047,0.000197386,0.000994864
1004,2.59726,15.5735,-411.578,0.0114906,-0.00824039,0.00795008,0.0162607,0.00019482,0.000200317,0.00100941
1005,2.59726,15.5735,-411.578,0.012017,-0.00292849,0.0096321,0.0157318,0.000191019,0.000196347,0.000989616
1006,2.59726,15.5735,-411.578,0.012339,0.00210547,0.0119346,0.0173138,0.000188415,0.000193699,0.00097609
1007,2.59726,15.5735,-411.578,0.0123568,0.00648727,0.0149128,0.0204626,0.000191734,0.000196897,0.000993076
1008,2.59726,15.5735,-411.578,0.0122842,0.0096427,0.0175567,0.0235096,0.000193838,0.00019937,0.00100421
1009,2.59726,15.5735,-411.578,0.0121535,0.0119953,0.0181137,0.0249117,0.000193202,0.000198869,0.00100088
1010,2.59726,15.5735,-411.578,0.0119546,0.0128657,0.0181898,0.025327,0.000189802,0.000195426,0.000983254
1011,2.59726,15.5735,-411.578,0.0113664,0.0123765,0.0191524,0.0254931,0.00019141,0.000197138,0.000991378
1012,2.59726,15.5735,-411.578,0.0107435,0.0106672,0.0189102,0.0242485,0.000192425,0.000197514,0.00099658
1013,2.59726,15.5735,-411.578,0.0106326,0.007985,0.0180157,0.0224227,0.000188994,0.000194394,0.000979114
1014,2.59726,15.5735,-411.578,0.0109842,0.00454831,0.0168989,0.0206898,0.000190002,0.000195343,0.000984279
1015,2.59726,15.5735,-411.578,0.0118253,0.000537525,0.0140209,0.0184232,0.000192162,0.000197401,0.000995365
1016,2.59726,15.5735,-411.578,0.0126909,-0.00352931,0.0131682,0.0186436,0.000191545,0.000196932,0.000992261
1017,2.59726,15.5735,-411.578,0.0130177,-0.00732402,0.00998526,0.0180497,0.000195224,0.000200365,0.00101112
1018,2.59726,15.5735,-411.578,0.0129637,-0.0105255,0.00921278,0.0191127,0.000189747,0.000195007,0.000982701
1019,2.59726,15.5735,-411.578,0.0123938,-0.0128458,0.00664652,0.0191021,0.000193198,0.00019876,0.00100057
1020,2.59726,15.5735,-411.578,0.0120388,-0.0145636,0.00570629,0.0197961,0.000189804,0.000195286,0.000983144
1021,2.59726,15.5735,-411.578,0.0120839,-0.0152482,0.005538,0.0202519,0.000196939,0.000202179,0.00102001
1022,2.59726,15.5735,-411.578,0.0121639,-0.0150465,0.00550398,0.0201322,0.000193007,0.000198403,0.00099962
1023,2.59726,15.5735,-411.578,0.0126213,-0.0137356,0.00519951,0.0194244,0.000192114,0.000197303,0.000995044
1024,2.59726,15.5735,-411.578,0.0126713,-0.0114234,0.00513348,0.0178686,0.000194226,0.000199695,0.00100601
1025,2.59726,15.5735,-411.578,0.0125218,-0.00877037,0.006029,0.0164897,0.000190981,0.000196361,0.000989106
1026,2.59726,15.5735,-411.578,0.0124469,-0.00583939,0.00795063,0.0158998,0.000193672,0.000199067,0.00100304
1027,2.59726,15.5735,-411.578,0.0120241,-0.00267782,0.00961077,0.0156694,0.000192553,0.000198138,0.000997598
1028,2.59726,15.5735,-411.578,0.0113606,0.000285647,0.0107278,0.0156686,0.000189679,0.000195323,0.00098263
1029,2.59726,15.5735,-411.578,0.0102729,0.00264539,0.0130154,0.0168222,0.000188878,0.000194183,0.000978419
1030,2.59726,15.5735,-411.578,0.00913648,0.00463181,0.0129073,0.0165371,0.000191559,0.000196628,0.000991983
1031,2.59726,15.5735,-411.578,0.00825096,0.00581083,0.0150676,0.0181527,0.00018973,0.000195314,0.000982766
1032,2.59726,15.5735,-411.578,0.00828492,0.00609543,0.0153863,0.018544,0.000190137,0.000195627,0.00098469
1033,2.59726,15.5735,-411.578,0.00830801,0.00558597,0.0169906,0.019748,0.000185425,0.000190479,0.000960339
1034,2.59726,15.5735,-411.578,0.00882974,0.00467562,0.0163042,0.019134,0.000188304,0.000193937,0.000975593
1035,2.59726,15.5735,-411.578,0.00885793,0.0032788,0.0142585,0.0171356,0.000190969,0.000196098,0.000989248
1036,2.59726,15.5735,-411.578,0.00811229,0.00151487,0.0133038,0.0156819,0.000188303,0.000193814,0.00097539
1037,2.59726,15.5735,-411.578,0.00712155,-0.00053684,0.0129242,0.014806,0.000188552,0.000193762,0.00097692
1038,2.59726,15.5735,-411.578,0.00641859,-0.00302683,0.0119035,0.0138818,0.000190108,0.000195545,0.000984771
1039,2.59726,15.5735,-411.578,0.00591716,-0.00528792,0.0105115,0.0131976,0.000189343,0.000194795,0.000980798
1040,2.59726,15.5735,-411.578,0.00592845,-0.00709289,0.00849225,0.0126208,0.000191358,0.000196819,0.000991208
1041,2.59726,15.5735,-411.578,0.00602612,-0.00875839,0.00745883,0.0130415,0.00019175,0.000196988,0.00099323
1042,2.59726,15.5735,-411.578,0.00611515,-0.0095412,0.00616686,0.0130139,0.000188664,0.000193983,0.000977235
1043,2.59726,15.5735,-411.578,0.00628993,-0.00959085,0.00529116,0.0127454,0.000192065,0.000197227,0.000994737
1044,2.59726,15.5735,-411.578,0.00647447,-0.0092265,0.00527157,0.012554,0.000192541,0.000197599,0.000997318
1045,2.59726,15.5735,-411.578,0.00615315,-0.00838432,0.00471688,0.0114878,0.000190459,0.00019576,0.000986463
1046,2.59726,15.5735,-411.578,0.00562935,-0.00692557,0.00506945,0.0102981,0.000192258,0.000197455,0.000995735
1047,2.59726,15.5735,-411.578,0.00472424,-0.00541454,0.00551524,0.00914157,0.000191426,0.000196386,0.000991626
1048,2.59726,15.5735,-411.578,0.00343673,-0.00363031,0.00658571,0.00830613,0.000190006,0.00019487,0.000984238
1049,2.59726,15.5735,-411.578,0.00293035,-0.00197238,0.00784483,0.00866394,0.000189284,0.000194558,0.000980665
1050,2.59726,15.5735,-411.578,0.00269407,-0.000356692,0.00842736,0.00890014,0.000187715,0.000193116,0.000972203
1051,2.59726,15.5735,-411.578,0.00283174,0.000712729,0.00915231,0.00961907,0.000189774,0.000195164,0.000983283
1052,2.59726,15.5735,-411.578,0.00292603,0.00159463,0.0105699,0.0110975,0.000188941,0.000193824,0.000978559
1053,2.59726,15.5735,-411.578,0.00267154,0.00234626,0.0110109,0.0115865,0.000191431,0.000197042,0.000991623
1054,2.59726,15.5735,-411.578,0.00151516,0.00251677,0.0114807,0.0118645,0.000189336,0.000194894,0.000980836
1055,2.59726,15.5735,-411.578,0.00032476,0.00233326,0.0112814,0.011534,0.000191157,0.000196334,0.000990177
1056,2.59726,15.5735,-411.578,-0.000538026,0.00157869,0.0115629,0.0116891,0.000191129,0.00019608,0.000990013
1057,2.59726,15.5735,-411.578,-0.00150216,0.000334528,0.0115893,0.0116966,0.000187487,0.000193208,0.000971101
1058,2.59726,15.5735,-411.578,-0.00193461,-0.000999357,0.0104971,0.0107271,0.000190716,0.000195839,0.000987962
1059,2.59726,15.5735,-411.578,-0.00213521,-0.00252829,0.0102991,0.010823,0.000188205,0.000193263,0.00097506
1060,2.59726,15.5735,-411.578,-0.0021824,-0.00409771,0.00943586,0.0105375,0.000190272,0.000195344,0.00098557
1061,2.59726,15.5735,-411.578,-0.00198531,-0.00518112,0.00813729,0.00989719,0.000191157,0.000195978,0.000990227
1062,2.59726,15.5735,-411.578,-0.00160805,-0.00638453,0.0074762,0.0100147,0.000189377,0.000194563,0.000981001
1063,2.59726,15.5735,-411.578,-0.00184365,-0.00675428,0.00655754,0.00968532,0.00018975,0.000194803,0.000982893
1064,2.59726,15.5735,-411.578,-0.00251101,-0.00716195,0.0062627,0.0099052,0.00018945,0.000194855,0.000981552
1065,2.59726,15.5735,-411.578,-0.00357129,-0.00704474,0.00590641,0.00991548,0.000190926,0.000196428,0.000989052
1066,2.59726,15.5735,-411.578,-0.00452447,-0.00647689,0.00586811,0.00989202,0.000192475,0.000197618,0.000997226
1067,2.59726,15.5735,-411.578,-0.00494181,-0.00583593,0.00636565,0.0100138,0.000189825,0.000195355,0.000983212
1068,2.59726,15.5735,-411.578,-0.00485659,-0.00491919,0.00579382,0.0091218,0.00018885,0.000194139,0.000978279
1069,2.59726,15.5735,-411.578,-0.00448715,-0.00390288,0.00637791,0.00878407,0.000191041,0.000196134,0.000989598
1070,2.59726,15.5735,-411.578,-0.00408681,-0.00293274,0.0064382,0.00819982,0.00018679,0.00019219,0.000967683
1071,2.59726,15.5735,-411.578,-0.00403419,-0.00152961,0.00636834,0.00772272,0.000190883,0.000196355,0.000988588
1072,2.59726,15.5735,-411.578,-0.00448863,-0.000363504,0.00761231,0.00886697,0.000194727,0.000199895,0.0010087
1073,2.59726,15.5735,-411.578,-0.00512826,0.00074593,0.00748024,0.00915219,0.00018898,0.00019394,0.000978814
1074,2.59726,15.5735,-411.578,-0.00583599,0.00146901,0.00691018,0.00930835,0.000190929,0.000195454,0.000988888
1075,2.59726,15.5735,-411.578,-0.0065117,0.00186146,0.00835074,0.0108337,0.000188433,0.000193678,0.000975981
1076,2.59726,15.5735,-411.578,-0.00667234,0.00176506,0.00787868,0.0105252,0.000194603,0.000200309,0.00100788
1077,2.59726,15.5735,-411.578,-0.0068994,0.0013321,0.00824717,0.0109102,0.000190608,0.000196183,0.000987493
1078,2.59726,15.5735,-411.578,-0.00653616,0.000532994,0.00864921,0.0109176,0.000186974,0.000191928,0.000968763
1079,2.59726,15.5735,-411.578,-0.00616839,-0.000209079,0.00796477,0.0101457,0.000191327,0.000196323,0.000990765
1080,2.59726,15.5735,-411.578,-0.00558416,-0.001327,0.00821611,0.0100511,0.000188814,0.000194291,0.000978359
1081,2.59726,15.5735,-411.578,-0.00545901,-0.00233685,0.00754504,0.00971568,0.000190105,0.000195318,0.000984869
1082,2.59726,15.5735,-411.578,-0.00584239,-0.00314749,0.00633605,0.00936403,0.000189809,0.000195137,0.000983198
1083,2.59726,15.5735,-411.578,-0.00644871,-0.00404319,0.00651797,0.0101202,0.000190453,0.000195858,0.000986472
1084,2.59726,15.5735,-411.578,-0.00720963,-0.0045788,0.00607927,0.0106309,0.000191236,0.000196598,0.000990522
1085,2.59726,15.5735,-411.578,-0.00735076,-0.00525339,0.00563709,0.0107742,0.000187327,0.000192608,0.000970383
1086,2.59726,15.5735,-411.578,-0.00692576,-0.00552401,0.00467424,0.0101814,0.000188939,0.000194327,0.000978918
1087,2.59726,15.5735,-411.578,-0.00618897,-0.00553089,0.00376287,0.00921629,0.000189084,0.000194025,0.000979413
1088,2.59726,15.5735,-411.578,-0.00545219,-0.00541038,0.00417026,0.00885806,0.000188165,0.00019348,0.000974642
1089,2.59726,15.5735,-411.578,-0.00486686,-0.00513505,0.00451836,0.00849005,0.00019121,0.000196275,0.000990392
1090,2.59726,15.5735,-411.578,-0.00475381,-0.00417398,0.00449063,0.0078456,0.000185539,0.000190606,0.000961234
1091,2.59726,15.5735,-411.578,-0.0050323,-0.00316822,0.00442592,0.00749324,0.000191951,0.000196933,0.000994333
1092,2.59726,15.5735,-411.578,-0.00550902,-0.00230868,0.00496011,0.00782786,0.000189964,0.000195206,0.000983925
1093,2.59726,15.5735,-411.578,-0.00582363,-0.00114197,0.00509146,0.00788796,0.000190576,0.000196005,0.000987176
1094,2.59726,15.5735,-411.578,-0.00610465,-0.00067711,0.00557029,0.0083962,0.000189305,0.000194418,0.000980602
1095,2.59726,15.5735,-411.578,-0.00620454,0.000118112,0.00667977,0.00921212,0.000189721,0.000195045,0.000983002
1096,2.59726,15.5735,-411.578,-0.0055545,0.000541116,0.00701645,0.00906266,0.000192719,0.000198271,0.000998295
1097,2.59726,15.5735,-411.578,-0.00503454,0.000829823,0.00734377,0.00901148,0.000188418,0.000193363,0.000976036
1098,2.59726,15.5735,-411.578,-0.00433994,0.00092012,0.0076088,0.00886271,0.00019084,0.000196401,0.000988349
1099,2.59726,15.5735,-411.578,-0.00414502,0.000828604,0.00944389,0.0103677,0.000188279,0.000193523,0.000975216
1100,2.59726,15.5735,-411.578,-0.00414378,0.000688905,0.00844774,0.00944977,0.000189194,0.000195164,0.000979959
1101,2.59726,15.5735,-411.578,-0.00469065,0.000473075,0.00793822,0.00931583,0.000185868,0.000191196,0.00096292
1102,2.59726,15.5735,-411.578,-0.00508389,-0.000225224,0.00906724,0.0104107,0.000189153,0.000194536,0.000979971
1103,2.59726,15.5735,-411.578,-0.00529447,-0.00103969,0.00742451,0.00924323,0.000191477,0.000196448,0.000991496
1104,2.59726,15.5735,-411.578,-0.00478375,-0.00197427,0.00784429,0.00942725,0.000190464,0.000195604,0.000986491
1105,2.59726,15.5735,-411.578,-0.00387154,-0.00279672,0.00833984,0.009664,0.000189429,0.000194681,0.000981021
1106,2.59726,15.5735,-411.578,-0.00276567,-0.00357981,0.00620402,0.00772808,0.000190848,0.000196232,0.000988568
1107,2.59726,15.5735,-411.578,-0.00199579,-0.00424153,0.006809,0.00828865,0.000191948,0.000197421,0.000994205
1108,2.59726,15.5735,-411.578,-0.00143882,-0.00469645,0.00687668,0.00850087,0.000193409,0.000198742,0.00100186
1109,2.59726,15.5735,-411.578,-0.000944873,-0.0047596,0.00632356,0.00808103,0.000186723,0.000191861,0.000967242
1110,2.59726,15.5735,-411.578,-0.0010363,-0.0046837,0.00678998,0.00835255,0.000190318,0.000195669,0.000985804
1111,2.59726,15.5735,-411.578,-0.00137156,-0.00419194,0.00616004,0.0076554,0.000190784,0.000196066,0.000988452
1112,2.59726,15.5735,-411.578,-0.00118434,-0.00389296,0.0066164,0.00781614,0.000187686,0.000192581,0.000972182
1113,2.59726,15.5735,-411.578,-0.000855309,-0.00347189,0.00738164,0.00821905,0.000190272,0.00019551,0.000985604
1114,2.59726,15.5735,-411.578,-2.92385e-05,-0.00299602,0.00671313,0.00738412,0.000190311,0.00019571,0.000985759
1115,2.59726,15.5735,-411.578,0.000883253,-0.00222406,0.00650304,0.00695703,0.000188648,0.000193615,0.000977173
1116,2.59726,15.5735,-411.578,0.00173825,-0.00180893,0.00727331,0.00772104,0.000193065,0.000198404,0.000999877
1117,2.59726,15.5735,-411.578,0.00235071,-0.00107533,0.00744841,0.00793427,0.000190563,0.000195169,0.000987108
1118,2.59726,15.5735,-411.578,0.00246307,-0.000304003,0.00770438,0.00811219,0.000190397,0.000195413,0.000986148
1119,2.59726,15.5735,-411.578,0.00232921,0.000278263,0.00803443,0.00838586,0.000190517,0.000195626,0.000987024
1120,2.59726,15.5735,-411.578,0.00178025,0.00054614,0.0081935,0.00840955,0.000188186,0.000193238,0.000974666
1121,2.59726,15.5735,-411.578,0.0018654,0.000635972,0.00874435,0.00898203,0.000191375,0.000196619,0.000991438
1122,2.59726,15.5735,-411.578,0.0021796,0.0003538,0.00846985,0.00877384,0.000186887,0.000192489,0.000968247
1123,2.59726,15.5735,-411.578,0.00285923,1.13841e-05,0.00794086,0.00848371,0.000187227,0.000192489,0.000969938
1124,2.59726,15.5735,-411.578,0.00376081,-0.000625055,0.00799594,0.00890445,0.000187307,0.000192739,0.00097031
1125,2.59726,15.5735,-411.578,0.00450239,-0.0013364,0.00853464,0.00979331,0.000187406,0.000192867,0.000970739
1126,2.59726,15.5735,-411.578,0.00502902,-0.00203985,0.00813189,0.00980496,0.000188754,0.000194457,0.000977778
1127,2.59726,15.5735,-411.578,0.00509083,-0.00255615,0.00771714,0.00963119,0.000191684,0.000196971,0.00099287
1128,2.59726,15.5735,-411.578,0.00518261,-0.00303664,0.00830019,0.0102733,0.000190453,0.000195697,0.000986439
1129,2.59726,15.5735,-411.578,0.00492648,-0.00329265,0.00826484,0.0101957,0.000189798,0.000194632,0.000982913
1130,2.59726,15.5735,-411.578,0.0053103,-0.00379788,0.00827902,0.0105769,0.000188679,0.000193782,0.000977336
1131,2.59726,15.5735,-411.578,0.00572782,-0.00391598,0.00780603,0.0105279,0.000191645,0.000196985,0.000992716
1132,2.59726,15.5735,-411.578,0.00612376,-0.00390377,0.00742408,0.0104012,0.000191431,0.000196348,0.000991277
1133,2.59726,15.5735,-411.578,0.00685883,-0.00380587,0.00716508,0.0106768,0.000190387,0.000195429,0.000986469
1134,2.59726,15.5735,-411.578,0.00755084,-0.00354634,0.00770657,0.0113908,0.000192898,0.000198243,0.000999125
1135,2.59726,15.5735,-411.578,0.00817159,-0.00320887,0.00694794,0.0113022,0.000190252,0.000195039,0.000985286
1136,2.59726,15.5735,-411.578,0.00843934,-0.00241095,0.00758636,0.0116193,0.000191299,0.000195982,0.000990891
1137,2.59726,15.5735,-411.578,0.00840212,-0.00174189,0.00809292,0.0118381,0.000189004,0.000194004,0.000979059
1138,2.59726,15.5735,-411.578,0.00823898,-0.00102778,0.00755434,0.0112992,0.000193981,0.000199413,0.00100464
1139,2.59726,15.5735,-411.578,0.00831033,-0.000359311,0.00696624,0.0109551,0.000189543,0.000194735,0.000981985
1140,2.59726,15.5735,-411.578,0.00845907,0.000127374,0.00883158,0.0122756,0.000190899,0.000196512,0.000988758
1141,2.59726,15.5735,-411.578,0.00934277,0.000222154,0.00841144,0.0126304,0.000190999,0.000196339,0.000989374
1142,2.59726,15.5735,-411.578,0.00991894,0.000338599,0.00885896,0.0133548,0.000191607,0.000196712,0.000992553
1143,2.59726,15.5735,-411.578,0.0104553,6.73065e-05,0.00918075,0.0139803,0.000191248,0.000196153,0.000990704
1144,2.59726,15.5735,-411.578,0.0108916,-0.00017034,0.00912365,0.0143192,0.000188444,0.000193541,0.000976035
1145,2.59726,15.5735,-411.578,0.010851,-0.00066024,0.0104473,0.0151063,0.000192511,0.000197737,0.00099719
1146,2.59726,15.5735,-411.578,0.0105475,-0.00133289,0.0102669,0.0148672,0.000188656,0.000193645,0.000977085
1147,2.59726,15.5735,-411.578,0.0104912,-0.00177122,0.00916147,0.0140995,0.000190543,0.000195845,0.00098685
1148,2.59726,15.5735,-411.578,0.0103987,-0.00239684,0.00912117,0.0140814,0.000190695,0.000195731,0.000987604
1149,2.59726,15.5735,-411.578,0.010432,-0.00301237,0.00992657,0.0147345,0.000191413,0.000196638,0.00099144
1150,2.59726,15.5735,-411.578,0.0107952,-0.00375911,0.00990755,0.0151941,0.000192027,0.000197438,0.000994803
1151,2.59726,15.5735,-411.578,0.0110627,-0.00415484,0.0103976,0.0157688,0.000191435,0.000196453,0.000991707
1152,2.59726,15.5735,-411.578,0.0116174,-0.00484969,0.0102372,0.0162609,0.000192999,0.000198572,0.000999622
1153,2.59726,15.5735,-411.578,0.0118392,-0.00506159,0.0108349,0.0168685,0.000194455,0.000199721,0.00100714
1154,2.59726,15.5735,-411.578,0.0115218,-0.00500291,0.0109896,0.016718,0.000191254,0.000196737,0.000990718
1155,2.59726,15.5735,-411.578,0.0109401,-0.00480602,0.0103959,0.015884,0.000192777,0.000198014,0.000998492
1156,2.59726,15.5735,-411.578,0.0105808,-0.00430958,0.0105771,0.0156078,0.00019354,0.000198629,0.00100237
1157,2.59726,15.5735,-411.578,0.0101997,-0.00393915,0.00949328,0.0145279,0.000188018,0.000193151,0.000973978
1158,2.59726,15.5735,-411.578,0.0103558,-0.00317102,0.00887458,0.014093,0.000190837,0.000195986,0.000988393
1159,2.59726,15.5735,-411.578,0.0107518,-0.00261405,0.00902462,0.0143516,0.00019484,0.000200529,0.00100918
1160,2.59726,15.5735,-411.578,0.0110443,-0.00231677,0.0096529,0.0149491,0.0001926,0.000198244,0.00099747
1161,2.59726,15.5735,-411.578,0.0115842,-0.00183655,0.0090682,0.0149252,0.000192096,0.000197472,0.000995312
1162,2.59726,15.5735,-411.578,0.01145,-0.0013976,0.00935737,0.0149351,0.00018949,0.000194484,0.000981457
1163,2.59726,15.5735,-411.578,0.0110497,-0.000901596,0.00953295,0.014719,0.000191767,0.000197003,0.000993284
1164,2.59726,15.5735,-411.578,0.0104268,-0.00067378,0.00968547,0.0142725,0.000188679,0.000194005,0.000977414
1165,2.59726,15.5735,-411.578,0.010128,-0.000398198,0.0100012,0.0142789,0.00019399,0.00019845,0.00100474
1166,2.59726,15.5735,-411.578,0.00987735,-0.000486907,0.00926805,0.0136308,0.000189967,0.000195404,0.000984
1167,2.59726,15.5735,-411.578,0.00975973,-0.000679681,0.00940429,0.0136507,0.000191554,0.000196902,0.000992014
1168,2.59726,15.5735,-411.578,0.010022,-0.000988664,0.00959615,0.013943,0.000190424,0.000195583,0.000986433
1169,2.59726,15.5735,-411.578,0.0103016,-0.00131748,0.0096539,0.0142097,0.000192322,0.000197607,0.000996055
1170,2.59726,15.5735,-411.578,0.0106171,-0.00205802,0.0104246,0.0150532,0.000189167,0.000194142,0.000979848
1171,2.59726,15.5735,-411.578,0.0105282,-0.00248564,0.0110076,0.0154632,0.000186846,0.000192353,0.000967809
1172,2.59726,15.5735,-411.578,0.0099889,-0.00316761,0.0108955,0.0151349,0.000189943,0.000195225,0.000983929
1173,2.59726,15.5735,-411.578,0.00904707,-0.00360786,0.0102474,0.0141748,0.00019152,0.000196755,0.000991834
1174,2.59726,15.5735,-411.578,0.00805031,-0.00391279,0.0106135,0.0139146,0.000188938,0.00019419,0.00097871
1175,2.59726,15.5735,-411.578,0.00757891,-0.00391065,0.00935437,0.0126799,0.000190688,0.000195814,0.000987828
1176,2.59726,15.5735,-411.578,0.00752084,-0.00410392,0.00942728,0.0127855,0.00018897,0.000194235,0.000979042
1177,2.59726,15.5735,-411.578,0.00763598,-0.00416904,0.00927645,0.0127423,0.000191906,0.000197301,0.000994241
1178,2.59726,15.5735,-411.578,0.00801329,-0.0039714,0.00933202,0.0129507,0.000191368,0.000196643,0.000991303
1179,2.59726,15.5735,-411.578,0.00804019,-0.00395406,0.00875703,0.0125772,0.000191152,0.000195945,0.000989868
1180,2.59726,15.5735,-411.578,0.0079694,-0.00369648,0.00959079,0.013043,0.000190761,0.000195549,0.000988047
1181,2.59726,15.5735,-411.578,0.00736009,-0.00332409,0.0092467,0.0123418,0.000190873,0.000196157,0.00098868
1182,2.59726,15.5735,-411.578,0.00658759,-0.00286026,0.00957783,0.0120024,0.000191924,0.000196931,0.000994141
1183,2.59726,15.5735,-411.578,0.00569648,-0.00244916,0.0082831,0.0104243,0.00018798,0.00019293,0.000973858
1184,2.59726,15.5735,-411.578,0.00500569,-0.00193712,0.00889616,0.0104239,0.000189912,0.000195085,0.0009836
1185,2.59726,15.5735,-411.578,0.00479691,-0.00160421,0.00844516,0.0098881,0.000191896,0.000197345,0.000993931
1186,2.59726,15.5735,-411.578,0.00468056,-0.00134876,0.00826481,0.00962287,0.000188235,0.000193391,0.000975065
1187,2.59726,15.5735,-411.578,0.00508229,-0.0013886,0.009039,0.0105022,0.000189524,0.000194494,0.000981664
1188,2.59726,15.5735,-411.578,0.00520087,-0.00136466,0.00889755,0.0104775,0.000190052,0.000195238,0.000984248
1189,2.59726,15.5735,-411.578,0.00504319,-0.00138824,0.00900994,0.0104545,0.000191419,0.000196657,0.000991515
1190,2.59726,15.5735,-411.578,0.00444326,-0.00176576,0.00946998,0.0106264,0.000188894,0.000194155,0.000978472
1191,2.59726,15.5735,-411.578,0.00319855,-0.0016886,0.00934577,0.0100378,0.000190218,0.000195321,0.000985202
1192,2.59726,15.5735,-411.578,0.0019063,-0.00200922,0.00923651,0.00966307,0.000190297,0.000195286,0.000985773
1193,2.59726,15.5735,-411.578,0.00109473,-0.00231768,0.00811349,0.00852219,0.000191381,0.000196402,0.000991312
1194,2.59726,15.5735,-411.578,0.000513325,-0.00294447,0.00819012,0.00873124,0.000188865,0.000193957,0.000978408
1195,2.59726,15.5735,-411.578,0.000524168,-0.00326544,0.00800514,0.00869302,0.000191538,0.000196754,0.000992015
1196,2.59726,15.5735,-411.578,0.000560747,-0.00352376,0.00740041,0.00823517,0.000187431,0.000192382,0.000970953
1197,2.59726,15.5735,-411.578,0.000653994,-0.00371874,0.00766976,0.00857599,0.000187444,0.000192405,0.000970952
1198,2.59726,15.5735,-411.578,0.000453946,-0.00371248,0.00728357,0.00822165,0.000188626,0.000193523,0.000977139
1199,2.59726,15.5735,-411.578,-1.09224e-05,-0.00376277,0.00804211,0.00889506,0.000189095,0.000194053,0.000979664
1200,2.59726,15.5735,-411.578,-0.000832932,-0.00363432,0.0079824,0.00882365,0.000188652,0.000193729,0.000977121
1201,2.59726,15.5735,-411.578,-0.00195908,-0.00320749,0.00883015,0.00961263,0.000191957,0.000196982,0.000994396
1202,2.59726,15.5735,-411.578,-0.00267517,-0.00289066,0.00941044,0.0102163,0.000188314,0.000192845,0.000975374
1203,2.59726,15.5735,-411.578,-0.00301724,-0.002644,0.00896172,0.00984211,0.00019179,0.000197268,0.000993602
1204,2.59726,15.5735,-411.578,-0.00276444,-0.0022629,0.00811789,0.00888754,0.00019012,0.000195236,0.000984847
1205,2.59726,15.5735,-411.578,-0.00218221,-0.00193682,0.00818072,0.00870474,0.000188258,0.000193019,0.000975151
1206,2.59726,15.5735,-411.578,-0.00175605,-0.00162087,0.00825744,0.00860952,0.000187999,0.000193151,0.000973758
1207,2.59726,15.5735,-411.578,-0.00165794,-0.00163417,0.00747979,0.00784998,0.000186717,0.000191599,0.000967143
1208,2.59726,15.5735,-411.578,-0.00174261,-0.00143553,0.00812126,0.00844786,0.000188949,0.000194313,0.000978812
1209,2.59726,15.5735,-411.578,-0.00255882,-0.00121207,0.00809541,0.00858801,0.000189732,0.000194707,0.000982712
1210,2.59726,15.5735,-411.578,-0.00338229,-0.00113479,0.00762177,0.00845952,0.000187014,0.000192133,0.000968737
1211,2.59726,15.5735,-411.578,-0.00412639,-0.000911322,0.00647387,0.00778613,0.000188739,0.000194194,0.000977596
1212,2.59726,15.5735,-411.578,-0.004391,-0.00124353,0.00564101,0.0073281,0.000186764,0.000191471,0.000967222
1213,2.59726,15.5735,-411.578,-0.0042295,-0.0016408,0.0067932,0.00820769,0.000186588,0.000192026,0.00096643
1214,2.59726,15.5735,-411.578,-0.00372551,-0.00198725,0.00616552,0.00752061,0.000188292,0.00019348,0.000975468
1215,2.59726,15.5735,-411.578,-0.00324452,-0.00238737,0.0062314,0.00748955,0.000191363,0.000196616,0.000991291
1216,2.59726,15.5735,-411.578,-0.00292805,-0.00272646,0.00660256,0.00777429,0.000186898,0.00019233,0.000968319
1217,2.59726,15.5735,-411.578,-0.00324519,-0.00292608,0.00696342,0.00827106,0.000187743,0.000193119,0.000972539
1218,2.59726,15.5735,-411.578,-0.00390836,-0.00310321,0.00652028,0.00829428,0.000186538,0.000191632,0.000966002
1219,2.59726,15.5735,-411.578,-0.00467725,-0.00309446,0.00721218,0.00918439,0.00018858,0.00019365,0.00097689
1220,2.59726,15.5735,-411.578,-0.00534935,-0.00305519,0.00620108,0.0089521,0.000188298,0.000193551,0.000975401
1221,2.59726,15.5735,-411.578,-0.0058066,-0.00285198,0.00683793,0.00946105,0.000187525,0.00019253,0.000971371
1222,2.59726,15.5735,-411.578,-0.00551653,-0.00279296,0.00665287,0.0091652,0.000189111,0.000194363,0.000979538
1223,2.59726,15.5735,-411.578,-0.0052881,-0.00264747,0.00712866,0.00933717,0.000189711,0.000194688,0.000982377
1224,2.59726,15.5735,-411.578,-0.00451226,-0.00243733,0.00640884,0.00826394,0.000186544,0.000191606,0.000966326
1225,2.59726,15.5735,-411.578,-0.00428282,-0.00219843,0.00642889,0.00809326,0.000190472,0.00019568,0.000986575
1226,2.59726,15.5735,-411.578,-0.00428924,-0.00165097,0.00517774,0.00721681,0.000187823,0.0001928,0.000972792
1227,2.59726,15.5735,-411.578,-0.00470777,-0.00150067,0.0065481,0.00825428,0.000190706,0.000195582,0.000987709
1228,2.59726,15.5735,-411.578,-0.00543842,-0.000919838,0.00592624,0.00819477,0.000187353,0.000192459,0.000970504
1229,2.59726,15.5735,-411.578,-0.00601422,-0.000734586,0.0061476,0.00877247,0.000191026,0.000195645,0.000989499
1230,2.59726,15.5735,-411.578,-0.00654834,-0.000550193,0.00648913,0.0092687,0.000192041,0.000197181,0.000994692
1231,2.59726,15.5735,-411.578,-0.00614686,-0.000583575,0.00604021,0.00874881,0.000190843,0.000196107,0.000988693
1232,2.59726,15.5735,-411.578,-0.00559772,-0.000837107,0.00590736,0.00826171,0.000186883,0.000192366,0.000967965
1233,2.59726,15.5735,-411.578,-0.00464957,-0.000740817,0.00574541,0.00753936,0.000189505,0.000194387,0.000981596
1234,2.59726,15.5735,-411.578,-0.00418357,-0.00116836,0.00572773,0.00727926,0.000189669,0.000194686,0.000982549
1235,2.59726,15.5735,-411.578,-0.00406332,-0.00134201,0.00535388,0.00694801,0.000190151,0.000195252,0.000984804
1236,2.59726,15.5735,-411.578,-0.00430183,-0.00146293,0.00516786,0.00701242,0.000191444,0.00019677,0.00099151
1237,2.59726,15.5735,-411.578,-0.00470226,-0.00177527,0.0050668,0.00721611,0.00018944,0.000194714,0.000981233
1238,2.59726,15.5735,-411.578,-0.00502645,-0.00166781,0.00489977,0.00735279,0.000191737,0.000197021,0.000993162
1239,2.59726,15.5735,-411.578,-0.00543336,-0.00191974,0.00507857,0.00784581,0.000189314,0.000194971,0.000980792
1240,2.59726,15.5735,-411.578,-0.00501701,-0.0018294,0.00473018,0.00731344,0.000189129,0.000194582,0.000979621
1241,2.59726,15.5735,-411.578,-0.00422853,-0.00218544,0.00443906,0.00663627,0.000189361,0.000194509,0.000980751
1242,2.59726,15.5735,-411.578,-0.00353349,-0.00239297,0.0044407,0.00633694,0.000187541,0.000192278,0.000971353
1243,2.59726,15.5735,-411.578,-0.00280677,-0.00246022,0.00472561,0.0060832,0.000189457,0.000194357,0.000981439
1244,2.59726,15.5735,-411.578,-0.00248696,-0.00254053,0.00488628,0.00606941,0.000190128,0.000195626,0.000985127
1245,2.59726,15.5735,-411.578,-0.00248394,-0.00241363,0.00477219,0.00595092,0.000188656,0.000193857,0.000977365
1246,2.59726,15.5735,-411.578,-0.00299294,-0.00187999,0.00442678,0.00591846,0.000188845,0.000193949,0.000978178
1247,2.59726,15.5735,-411.578,-0.00336629,-0.00169204,0.00457811,0.00607432,0.000188732,0.000193883,0.00097753
1248,2.59726,15.5735,-411.578,-0.00327283,-0.00129869,0.00556185,0.00663171,0.000185821,0.000190603,0.000962571
1249,2.59726,15.5735,-411.578,-0.00290261,-0.0011435,0.00568671,0.00651648,0.000188752,0.000194126,0.000977735
1250,2.59726,15.5735,-411.578,-0.002126,-0.0010401,0.00564491,0.00614465,0.000191289,0.00019651,0.000990541
1251,2.59726,15.5735,-411.578,-0.00103984,-0.000963995,0.00526571,0.00551137,0.000189634,0.000195006,0.000982295
1252,2.59726,15.5735,-411.578,-0.000478649,-0.000899686,0.00501973,0.00528214,0.000191655,0.000196855,0.000992908
1253,2.59726,15.5735,-411.578,0.000193767,-0.000944671,0.00487297,0.0049798,0.000186101,0.000191406,0.000964076
1254,2.59726,15.5735,-411.578,0.000353706,-0.000737366,0.00494491,0.00503189,0.000187017,0.00019204,0.000968714
1255,2.59726,15.5735,-411.578,5.13503e-05,-0.000707542,0.00545723,0.00551266,0.000186604,0.000191698,0.00096665
1256,2.59726,15.5735,-411.578,-0.000124724,-0.000682801,0.0057126,0.00576393,0.000186478,0.000191605,0.000966084
1257,2.59726,15.5735,-411.578,1.92546e-05,-0.000659118,0.00561978,0.00567454,0.000190779,0.000195788,0.00098811
1258,2.59726,15.5735,-411.578,0.000352939,-0.000718414,0.00505003,0.00513488,0.000188248,0.000193427,0.000975341
1259,2.59726,15.5735,-411.578,0.000965534,-0.000733981,0.00476651,0.0049327,0.000187814,0.00019289,0.000972947
1260,2.59726,15.5735,-411.578,0.00186099,-0.000902433,0.004115,0.0046389,0.000190952,0.000196217,0.000989173
1261,2.59726,15.5735,-411.578,0.00271042,-0.0011596,0.00417175,0.00529649,0.000189555,0.000194543,0.000981653
1262,2.59726,15.5735,-411.578,0.00295639,-0.00125008,0.00491848,0.00597646,0.000186453,0.000191285,0.000965688
1263,2.59726,15.5735,-411.578,0.0029605,-0.00130531,0.0047092,0.0057808,0.000189064,0.000194129,0.000979496
1264,2.59726,15.5735,-411.578,0.00278173,-0.0014423,0.00552723,0.00642085,0.000186572,0.000191519,0.000966403
1265,2.59726,15.5735,-411.578,0.00244704,-0.00150457,0.0061471,0.00687087,0.000189841,0.000194884,0.000983528
1266,2.59726,15.5735,-411.578,0.00243298,-0.0013784,0.00547522,0.00622917,0.000189876,0.000195059,0.000983499
1267,2.59726,15.5735,-411.578,0.0027256,-0.00138134,0.00645051,0.00717373,0.000188766,0.000193871,0.000977833
1268,2.59726,15.5735,-411.578,0.00363431,-0.0011769,0.00616655,0.00735035,0.000189921,0.000195174,0.000983841
1269,2.59726,15.5735,-411.578,0.00459835,-0.00123751,0.00588945,0.00768018,0.000188425,0.000193835,0.00097637
1270,2.59726,15.5735,-411.578,0.00527408,-0.00146329,0.00618813,0.00836634,0.000192235,0.000197267,0.000995638
1271,2.59726,15.5735,-411.578,0.00546857,-0.00141969,0.00616206,0.00840387,0.000187815,0.000193013,0.000972863
1272,2.59726,15.5735,-411.578,0.00571966,-0.0014043,0.00655426,0.00887663,0.000189506,0.000194605,0.000981597
1273,2.59726,15.5735,-411.578,0.0055809,-0.00119597,0.00628987,0.00855663,0.000192159,0.000196955,0.000995261
1274,2.59726,15.5735,-411.578,0.00532881,-0.00116689,0.00635701,0.00845371,0.000186274,0.000191809,0.000964732
1275,2.59726,15.5735,-411.578,0.00533261,-0.00109894,0.00693218,0.00886744,0.000189269,0.000194541,0.000980448
1276,2.59726,15.5735,-411.578,0.00576234,-0.00095061,0.00675765,0.00898034,0.00019107,0.000196446,0.000989786
1277,2.59726,15.5735,-411.578,0.00646919,-0.00109496,0.00677806,0.00946831,0.000193164,0.000198132,0.00100056
1278,2.59726,15.5735,-411.578,0.00742539,-0.000980517,0.00714946,0.0103956,0.000189989,0.000195252,0.000984272
1279,2.59726,15.5735,-411.578,0.00798981,-0.0015684,0.00747131,0.0110792,0.00018941,0.00019462,0.000981205
1280,2.59726,15.5735,-411.578,0.00844614,-0.00144376,0.00638259,0.0107393,0.000191225,0.000196635,0.000990392
1281,2.59726,15.5735,-411.578,0.00818006,-0.00164975,0.00690861,0.0108618,0.000187925,0.000193233,0.000973565
1282,2.59726,15.5735,-411.578,0.0078048,-0.00161968,0.00733673,0.0108658,0.000187737,0.000193414,0.000972431
1283,2.59726,15.5735,-411.578,0.00736349,-0.0017956,0.0080357,0.0111011,0.000188373,0.000193828,0.000975915
1284,2.59726,15.5735,-411.578,0.00735254,-0.00174142,0.00794944,0.0110371,0.000189824,0.000194657,0.00098316
1285,2.59726,15.5735,-411.578,0.00749086,-0.00182862,0.00906004,0.0119214,0.000190609,0.000195918,0.000987103
1286,2.59726,15.5735,-411.578,0.00810882,-0.00185178,0.00890572,0.0122222,0.000190108,0.000195014,0.000984707
1287,2.59726,15.5735,-411.578,0.00887616,-0.00168929,0.00846442,0.0124175,0.000190619,0.000196478,0.00098739
1288,2.59726,15.5735,-411.578,0.00946188,-0.00165945,0.00901875,0.0132275,0.000192892,0.000198193,0.000999044
1289,2.59726,15.5735,-411.578,0.00994488,-0.00160707,0.00846398,0.0132434,0.000191993,0.000197302,0.00099465
1290,2.59726,15.5735,-411.578,0.00971266,-0.00180918,0.0100391,0.0140991,0.000195945,0.000201385,0.00101475
1291,2.59726,15.5735,-411.578,0.00936799,-0.00163805,0.00957543,0.0135649,0.000191474,0.000196848,0.000991743
1292,2.59726,15.5735,-411.578,0.00873086,-0.00160677,0.00956141,0.0131041,0.000190381,0.000195603,0.000986142
1293,2.59726,15.5735,-411.578,0.00852597,-0.0015304,0.00994197,0.0132195,0.000190563,0.000195744,0.000986988
1294,2.59726,15.5735,-411.578,0.0086892,-0.00156299,0.00943172,0.0129698,0.000189843,0.000194903,0.000983522
1295,2.59726,15.5735,-411.578,0.00945915,-0.00145928,0.00875763,0.0130812,0.000190033,0.000195118,0.0009846
1296,2.59726,15.5735,-411.578,0.0102889,-0.00156242,0.00805333,0.0132815,0.000189259,0.000194555,0.000980451
1297,2.59726,15.5735,-411.578,0.010728,-0.00172493,0.00876091,0.0139773,0.000188975,0.000193974,0.000978662
1298,2.59726,15.5735,-411.578,0.0110253,-0.00186817,0.00891683,0.0143433,0.000190196,0.000195602,0.000985444
1299,2.59726,15.5735,-411.578,0.0106967,-0.00212828,0.00906141,0.0142428,0.000194994,0.00020037,0.00101
1300,2.59726,15.5735,-411.578,0.00991195,-0.00192892,0.00956541,0.0139529,0.000189512,0.000194728,0.000981585
1301,2.59726,15.5735,-411.578,0.00932443,-0.00232484,0.00953429,0.0135902,0.000192592,0.000197461,0.000997508
1302,2.59726,15.5735,-411.578,0.00886508,-0.00232291,0.00941761,0.0131886,0.000190739,0.00019626,0.000987903
1303,2.59726,15.5735,-411.578,0.00882274,-0.00244307,0.0093024,0.013075,0.000188272,0.000193284,0.000975308
1304,2.59726,15.5735,-411.578,0.00928919,-0.0023982,0.00941271,0.0134806,0.000191823,0.000196739,0.000993794
1305,2.59726,15.5735,-411.578,0.00976285,-0.00243677,0.00920177,0.0136611,0.000190597,0.000195912,0.000987175
1306,2.59726,15.5735,-411.578,0.0102961,-0.00256675,0.00942389,0.0142404,0.000190559,0.000195686,0.000986999
1307,2.59726,15.5735,-411.578,0.0103487,-0.00241581,0.0101171,0.0146942,0.000192102,0.000197376,0.00099498
1308,2.59726,15.5735,-411.578,0.0099964,-0.00263644,0.0102097,0.0146185,0.000189204,0.000193871,0.000979992
1309,2.59726,15.5735,-411.578,0.00936005,-0.00255502,0.00984897,0.0139224,0.000193831,0.000199015,0.00100384
1310,2.59726,15.5735,-411.578,0.00842419,-0.00276627,0.0106909,0.0139444,0.000190694,0.00019633,0.000987618
1311,2.59726,15.5735,-411.578,0.0077464,-0.00264426,0.0103778,0.0132516,0.00018974,0.000194813,0.000982871
1312,2.59726,15.5735,-411.578,0.007645,-0.00282222,0.00990721,0.0129197,0.000188382,0.000193595,0.000975887
1313,2.59726,15.5735,-411.578,0.00772798,-0.00282164,0.0104969,0.0133696,0.000191035,0.000195983,0.000989507
1314,2.59726,15.5735,-411.578,0.00829133,-0.0028671,0.010158,0.0134493,0.000191608,0.000196922,0.000992469
1315,2.59726,15.5735,-411.578,0.00846322,-0.00270175,0.00880888,0.0125578,0.00018881,0.000194144,0.000978102
1316,2.59726,15.5735,-411.578,0.00858359,-0.0028561,0.00895111,0.0127727,0.000190149,0.000194988,0.000984869
1317,2.59726,15.5735,-411.578,0.00801611,-0.0029,0.00972285,0.0130028,0.000189705,0.000194823,0.000982685
1318,2.59726,15.5735,-411.578,0.00715277,-0.0029695,0.00969871,0.0124492,0.000191398,0.000196871,0.000991273
1319,2.59726,15.5735,-411.578,0.00607824,-0.0029057,0.00966802,0.0118724,0.00019078,0.000196196,0.000988277
1320,2.59726,15.5735,-411.578,0.00526031,-0.00291519,0.0104185,0.0120551,0.000187695,0.000193185,0.000972256
1321,2.59726,15.5735,-411.578,0.00497483,-0.00309338,0.00965313,0.0113297,0.000189025,0.000194017,0.000978894
1322,2.59726,15.5735,-411.578,0.00512522,-0.00311857,0.00957726,0.0113444,0.000187368,0.000192713,0.000970836
1323,2.59726,15.5735,-411.578,0.00544375,-0.00311376,0.00969021,0.0115785,0.000189078,0.000194051,0.000979334
1324,2.59726,15.5735,-411.578,0.00584516,-0.00300776,0.0101643,0.0121263,0.000191247,0.000196348,0.000990901
1325,2.59726,15.5735,-411.578,0.00595299,-0.00304626,0.00986934,0.0119362,0.000187814,0.000192654,0.000972771
1326,2.59726,15.5735,-411.578,0.00549608,-0.00292495,0.00930484,0.0112447,0.000188153,0.000193177,0.000974589
1327,2.59726,15.5735,-411.578,0.00460425,-0.00277607,0.00943855,0.0108785,0.000190708,0.000196221,0.000987907
1328,2.59726,15.5735,-411.578,0.00375873,-0.00275293,0.010007,0.0110943,0.000188441,0.000193795,0.000976031
1329,2.59726,15.5735,-411.578,0.00276452,-0.00274252,0.00981166,0.0105713,0.000191281,0.000196214,0.000990732
1330,2.59726,15.5735,-411.578,0.00246588,-0.00293212,0.0103184,0.0110237,0.000187315,0.000192455,0.000970072
1331,2.59726,15.5735,-411.578,0.00255338,-0.0028916,0.00917567,0.00997784,0.000187952,0.000193217,0.000973595
1332,2.59726,15.5735,-411.578,0.00299073,-0.00294537,0.00980081,0.0106826,0.000187732,0.000192949,0.00097258
1333,2.59726,15.5735,-411.578,0.0032603,-0.0027758,0.00890015,0.00989997,0.000188243,0.000193688,0.000975092
1334,2.59726,15.5735,-411.578,0.00337244,-0.00280382,0.00903029,0.0100636,0.000192459,0.000197418,0.000996875
1335,2.59726,15.5735,-411.578,0.00305519,-0.0028416,0.00933454,0.0102454,0.000188008,0.000192967,0.000973872
1336,2.59726,15.5735,-411.578,0.00232354,-0.0029119,0.00993458,0.0106256,0.000186941,0.000191908,0.000968316
1337,2.59726,15.5735,-411.578,0.0014557,-0.00293134,0.010909,0.0113991,0.000189736,0.000194872,0.00098291
1338,2.59726,15.5735,-411.578,0.000494867,-0.00303961,0.0104715,0.0109373,0.000189924,0.000195087,0.000983743
1339,2.59726,15.5735,-411.578,-7.04079e-05,-0.00323542,0.0100548,0.0105716,0.000188023,0.000193479,0.000973933
1340,2.59726,15.5735,-411.578,3.68564e-05,-0.00329049,0.0101512,0.0106887,0.000189329,0.000194318,0.00098073
1341,2.59726,15.5735,-411.578,0.000427619,-0.00303755,0.00985309,0.0103347,0.000190503,0.000195321,0.000986782
1342,2.59726,15.5735,-411.578,0.000938218,-0.00345853,0.0101426,0.0107683,0.000188141,0.000193432,0.000974386
1343,2.59726,15.5735,-411.578,0.00130428,-0.00321613,0.0103491,0.010924,0.000189878,0.000195028,0.000983638
1344,2.59726,15.5735,-411.578,0.000935961,-0.00328541,0.0108023,0.0113484,0.000187835,0.000193021,0.000973114
1345,2.59726,15.5735,-411.578,0.000316903,-0.00315442,0.0105323,0.0110187,0.000189404,0.000194996,0.000981259
1346,2.59726,15.5735,-411.578,-0.000886757,-0.00322231,0.0108264,0.0113427,0.000189904,0.000195157,0.000983687
1347,2.59726,15.5735,-411.578,-0.00192216,-0.00300688,0.00993463,0.0105787,0.000186617,0.000191882,0.000966756
1348,2.59726,15.5735,-411.578,-0.00224257,-0.00288731,0.0102475,0.0109019,0.000191649,0.000196812,0.00099287
1349,2.59726,15.5735,-411.578,-0.00224317,-0.00297455,0.0101398,0.0108198,0.000190704,0.000196027,0.000987722
1350,2.59726,15.5735,-411.578,-0.0019493,-0.00287849,0.0101944,0.010796,0.000187367,0.000192436,0.000970569
1351,2.59726,15.5735,-411.578,-0.0013995,-0.00276644,0.0100658,0.0105533,0.000186026,0.000191555,0.000963707
1352,2.59726,15.5735,-411.578,-0.00122186,-0.0027044,0.0103627,0.0107913,0.000191359,0.00019669,0.000991126
1353,2.59726,15.5735,-411.578,-0.00134883,-0.00245226,0.00947188,0.00988994,0.000186458,0.000191491,0.000965807
1354,2.59726,15.5735,-411.578,-0.00210293,-0.00227516,0.00940243,0.00990767,0.000190375,0.00019578,0.000986024
1355,2.59726,15.5735,-411.578,-0.00304302,-0.00223057,0.00966273,0.0103845,0.000192901,0.000198239,0.000999344
1356,2.59726,15.5735,-411.578,-0.00393684,-0.00228557,0.0102827,0.0112604,0.000189066,0.000194204,0.000979347
1357,2.59726,15.5735,-411.578,-0.00424802,-0.00234876,0.00890493,0.0102128,0.000192669,0.000197834,0.000998116
1358,2.59726,15.5735,-411.578,-0.0044057,-0.0025037,0.00889741,0.0102568,0.000187571,0.000192672,0.000971614
1359,2.59726,15.5735,-411.578,-0.0038915,-0.00251743,0.00867364,0.00989539,0.000190897,0.000196119,0.000988967
1360,2.59726,15.5735,-411.578,-0.00323825,-0.00244033,0.00856319,0.00950606,0.000189386,0.000194371,0.000981091
1361,2.59726,15.5735,-411.578,-0.00281028,-0.00242526,0.00842121,0.00922609,0.000190156,0.000195259,0.000984986
1362,2.59726,15.5735,-411.578,-0.00245034,-0.00245875,0.00743811,0.00829303,0.000190664,0.000196035,0.000987548
1363,2.59726,15.5735,-411.578,-0.0032175,-0.00224741,0.00832877,0.00924413,0.000190314,0.000195476,0.000985932
1364,2.59726,15.5735,-411.578,-0.00394014,-0.00214316,0.00683981,0.00826788,0.00018942,0.000194908,0.000981198
1365,2.59726,15.5735,-411.578,-0.00459933,-0.00215273,0.0068053,0.00857187,0.000190847,0.000196082,0.000988518
1366,2.59726,15.5735,-411.578,-0.00486002,-0.00232728,0.007986,0.00969467,0.00019214,0.000197023,0.000995217
1367,2.59726,15.5735,-411.578,-0.00477111,-0.00218411,0.0069433,0.00874948,0.000188436,0.000193721,0.000976111
1368,2.59726,15.5735,-411.578,-0.00430884,-0.00220482,0.00683584,0.00841294,0.000186837,0.000192271,0.000967945
1369,2.59726,15.5735,-411.578,-0.00356177,-0.00222119,0.00682381,0.00805781,0.000190056,0.000195529,0.000984721
1370,2.59726,15.5735,-411.578,-0.00285604,-0.0022219,0.0067239,0.00767563,0.0001915,0.000196576,0.000991838
1371,2.59726,15.5735,-411.578,-0.00257418,-0.00200896,0.00664036,0.00743237,0.000190196,0.000195371,0.000985458
1372,2.59726,15.5735,-411.578,-0.00274071,-0.00190591,0.00691307,0.00769372,0.000189489,0.000194579,0.000981594
1373,2.59726,15.5735,-411.578,-0.00340894,-0.00167356,0.00650109,0.00757417,0.000189863,0.000195205,0.000983352
1374,2.59726,15.5735,-411.578,-0.00399386,-0.0014725,0.00670446,0.00801982,0.00019117,0.000196363,0.000990242
1375,2.59726,15.5735,-411.578,-0.00434712,-0.00141094,0.0063797,0.00792564,0.000189333,0.000194661,0.000980832
1376,2.59726,15.5735,-411.578,-0.00409252,-0.0014054,0.00610263,0.00755725,0.000186881,0.000192034,0.00096781
1377,2.59726,15.5735,-411.578,-0.00355947,-0.0012969,0.00626638,0.00739709,0.000189232,0.000194803,0.000980522
1378,2.59726,15.5735,-411.578,-0.00280484,-0.00131042,0.00603957,0.00683728,0.000192081,0.000197062,0.000994886
1379,2.59726,15.5735,-411.578,-0.00209065,-0.00130844,0.00586535,0.00638475,0.000186256,0.000191423,0.000964855
1380,2.59726,15.5735,-411.578,-0.0016346,-0.00138912,0.00616142,0.00654254,0.000190148,0.000195542,0.000984815
1381,2.59726,15.5735,-411.578,-0.001733,-0.00136383,0.00726451,0.00760086,0.000190921,0.000196344,0.000988824
1382,2.59726,15.5735,-411.578,-0.00219664,-0.00124669,0.00615194,0.00666656,0.000187862,0.000192559,0.00097294
1383,2.59726,15.5735,-411.578,-0.00268763,-0.00121178,0.00561071,0.00639194,0.000189474,0.000194697,0.000981448
1384,2.59726,15.5735,-411.578,-0.00313202,-0.00114427,0.00617583,0.00707627,0.000188105,0.000193388,0.000974361
1385,2.59726,15.5735,-411.578,-0.00301064,-0.00118909,0.00589417,0.00677304,0.000188373,0.00019344,0.000975736
1386,2.59726,15.5735,-411.578,-0.00226399,-0.00127192,0.00536278,0.00601889,0.000188403,0.00019365,0.000976016
1387,2.59726,15.5735,-411.578,-0.00159005,-0.0014162,0.00539024,0.00581406,0.000183447,0.000188636,0.000950324
1388,2.59726,15.5735,-411.578,-0.000696431,-0.00134067,0.00457744,0.00484466,0.000187043,0.000192665,0.000968764
1389,2.59726,15.5735,-411.578,-0.000331575,-0.00121491,0.00476844,0.00494737,0.000187274,0.000192361,0.000970264
1390,2.59726,15.5735,-411.578,-0.000149536,-0.00110239,0.0048833,0.00501519,0.000186098,0.000191221,0.000964108
1391,2.59726,15.5735,-411.578,-0.000616829,-0.000887137,0.00473794,0.00487558,0.000190501,0.000195515,0.000986613
1392,2.59726,15.5735,-411.578,-0.000945361,-0.000774334,0.00421403,0.00446942,0.000189622,0.00019492,0.00098226
1393,2.59726,15.5735,-411.578,-0.00106582,-0.00076042,0.00422904,0.00450222,0.00019105,0.000196448,0.000989741
1394,2.59726,15.5735,-411.578,-0.000970051,-0.000549571,0.00470162,0.00486803,0.000188177,0.000193331,0.000974815
1395,2.59726,15.5735,-411.578,-0.000398285,-0.000621847,0.00438368,0.00446782,0.000188434,0.000193887,0.00097603
1396,2.59726,15.5735,-411.578,0.000365567,-0.000575019,0.00453841,0.00459969,0.000189979,0.000195146,0.000984101
1397,2.59726,15.5735,-411.578,0.00136729,-0.000795354,0.00411133,0.00449192,0.00018755,0.000193001,0.000971631
1398,2.59726,15.5735,-411.578,0.00194872,-0.000717343,0.00441021,0.00498275,0.000189559,0.000194301,0.000981826
1399,2.59726,15.5735,-411.578,0.00191458,-0.000603277,0.00416005,0.00465329,0.000188863,0.0001938,0.000978245
1400,2.59726,15.5735,-411.578,0.00180992,-0.000565375,0.00365218,0.00422475,0.000190068,0.000195491,0.000984538
1401,2.59726,15.5735,-411.578,0.0013503,-0.000526572,0.00388103,0.0041855,0.000191259,0.000196717,0.000990667
1402,2.59726,15.5735,-411.578,0.00112662,-0.000621442,0.00277925,0.00348034,0.000184423,0.000189592,0.000955566
1403,2.59726,15.5735,-411.578,0.00130333,-0.000739326,0.00441628,0.00468939,0.000190362,0.000195808,0.000986075
1404,2.59726,15.5735,-411.578,0.00200862,-0.000842445,0.0045185,0.00510205,0.000191131,0.000196913,0.000990034
1405,2.59726,15.5735,-411.578,0.00273701,-0.00108995,0.00508556,0.00601631,0.000190801,0.000196024,0.000988338
1406,2.59726,15.5735,-411.578,0.00348538,-0.00101964,0.00416955,0.00562703,0.000190928,0.00019593,0.000988722
1407,2.59726,15.5735,-411.578,0.00398855,-0.00114824,0.00454438,0.0062347,0.000190332,0.000195885,0.000985851
1408,2.59726,15.5735,-411.578,0.00420021,-0.00120334,0.004049,0.00606456,0.000190445,0.000195776,0.000986542
1409,2.59726,15.5735,-411.578,0.00417822,-0.00114627,0.00405519,0.00612139,0.000188874,0.00019423,0.000978342
1410,2.59726,15.5735,-411.578,0.00392421,-0.00107173,0.00383751,0.00581093,0.000187868,0.000193023,0.000972996
1411,2.59726,15.5735,-411.578,0.00382131,-0.000981674,0.00406304,0.00585282,0.000190537,0.000195634,0.000987112
1412,2.59726,15.5735,-411.578,0.00386432,-0.00102224,0.00400511,0.0058679,0.000186988,0.00019242,0.000968758
1413,2.59726,15.5735,-411.578,0.00436774,-0.000922978,0.00433619,0.00627497,0.000189836,0.000195078,0.000983307
1414,2.59726,15.5735,-411.578,0.00488124,-0.00108408,0.00439563,0.0067519,0.00018465,0.000189372,0.000956336
1415,2.59726,15.5735,-411.578,0.00560043,-0.00117233,0.00413424,0.00717746,0.000189797,0.000194842,0.000982912
1416,2.59726,15.5735,-411.578,0.00614414,-0.00100615,0.00503755,0.00813902,0.000192821,0.000198161,0.000998763
1417,2.59726,15.5735,-411.578,0.00626625,-0.000949869,0.00487685,0.00811575,0.000190442,0.000195395,0.000986445
1418,2.59726,15.5735,-411.578,0.006064,-0.000841368,0.00521769,0.00812072,0.000186877,0.000192028,0.000967933
1419,2.59726,15.5735,-411.578,0.0057817,-0.000864342,0.0049809,0.00783141,0.000189035,0.000194176,0.000979117
1420,2.59726,15.5735,-411.578,0.00543323,-0.000792477,0.00552661,0.00783373,0.000188941,0.000194411,0.000978683
1421,2.59726,15.5735,-411.578,0.00570151,-0.000848084,0.0057594,0.00823687,0.000191595,0.000196582,0.000992569
1422,2.59726,15.5735,-411.578,0.00611041,-0.000866282,0.00585001,0.00855485,0.000192214,0.000197691,0.000995632
1423,2.59726,15.5735,-411.578,0.00681824,-0.0010004,0.00586078,0.00910106,0.00018936,0.000194318,0.000980831
1424,2.59726,15.5735,-411.578,0.00754046,-0.000899954,0.00657425,0.0100848,0.000192969,0.000198337,0.000999639
1425,2.59726,15.5735,-411.578,0.00794628,-0.00107162,0.00582407,0.00996221,0.000191186,0.000196452,0.000990364
1426,2.59726,15.5735,-411.578,0.00794972,-0.00110128,0.00606366,0.0101652,0.000188831,0.000194034,0.000978149
1427,2.59726,15.5735,-411.578,0.00741817,-0.00113761,0.00618833,0.00976485,0.000191134,0.000196151,0.000989934
1428,2.59726,15.5735,-411.578,0.00707371,-0.00101906,0.00631024,0.00957084,0.000190683,0.000195781,0.000987516
1429,2.59726,15.5735,-411.578,0.00709523,-0.00105819,0.00594669,0.00939695,0.000191939,0.000197275,0.000994166
1430,2.59726,15.5735,-411.578,0.00697099,-0.00132163,0.00714608,0.0100919,0.000187552,0.000192796,0.000971444
1431,2.59726,15.5735,-411.578,0.00736378,-0.00143349,0.00673258,0.0101061,0.000191335,0.000196815,0.000991084
1432,2.59726,15.5735,-411.578,0.00807536,-0.00136722,0.00653455,0.0105434,0.000191415,0.000196609,0.000991626
1433,2.59726,15.5735,-411.578,0.00866266,-0.00155057,0.00684091,0.011204,0.000190281,0.000195841,0.000985739
1434,2.59726,15.5735,-411.578,0.00887055,-0.00157836,0.0067085,0.0112902,0.000188852,0.000193866,0.000978215
1435,2.59726,15.5735,-411.578,0.008824,-0.0017281,0.00677808,0.011288,0.000192581,0.000197773,0.000997497
1436,2.59726,15.5735,-411.578,0.00833262,-0.00170674,0.00687599,0.0110382,0.000191693,0.000197205,0.000992806
1437,2.59726,15.5735,-411.578,0.00781435,-0.00154654,0.00737697,0.0108877,0.000189724,0.000195068,0.000982733
1438,2.59726,15.5735,-411.578,0.00741337,-0.00166393,0.00650974,0.0100699,0.000190277,0.000195493,0.000985415
1439,2.59726,15.5735,-411.578,0.00743559,-0.00163687,0.00780388,0.0109386,0.000191191,0.000196457,0.000990388
1440,2.59726,15.5735,-411.578,0.00794647,-0.00183371,0.00697836,0.0108004,0.000189609,0.000194899,0.00098208
1441,2.59726,15.5735,-411.578,0.00826106,-0.00191874,0.0088219,0.0122652,0.000191964,0.000197156,0.000994074
1442,2.59726,15.5735,-411.578,0.00884924,-0.00196475,0.00756767,0.0118999,0.000190937,0.000196598,0.000988959
1443,2.59726,15.5735,-411.578,0.0090637,-0.00192044,0.00826095,0.0124757,0.000191876,0.000197122,0.000993726
1444,2.59726,15.5735,-411.578,0.00895981,-0.00182272,0.00764113,0.0119853,0.000189654,0.000194834,0.000982396
1445,2.59726,15.5735,-411.578,0.00817722,-0.00187083,0.00863016,0.0120798,0.00018982,0.0001952,0.000983162
1446,2.59726,15.5735,-411.578,0.00772567,-0.00195651,0.00912029,0.0121913,0.000189803,0.000195364,0.000982933
1447,2.59726,15.5735,-411.578,0.00723504,-0.00191208,0.00804671,0.0110439,0.000192785,0.000198336,0.000998462
1448,2.59726,15.5735,-411.578,0.00693341,-0.00229883,0.00945753,0.0119718,0.000188326,0.000193803,0.000975439
1449,2.59726,15.5735,-411.578,0.0072724,-0.00227495,0.00850929,0.0114874,0.000190641,0.000196118,0.000987397
1450,2.59726,15.5735,-411.578,0.00753537,-0.00249545,0.0081613,0.011433,0.00019132,0.00019621,0.000990861
1451,2.59726,15.5735,-411.578,0.00776803,-0.00259915,0.0090872,0.0122822,0.000190754,0.000195992,0.000988179
1452,2.59726,15.5735,-411.578,0.00791992,-0.00261576,0.00847589,0.0119437,0.000188262,0.000193174,0.000975524
1453,2.59726,15.5735,-411.578,0.00761788,-0.00239883,0.00943748,0.0123914,0.000187623,0.000193189,0.000972207
1454,2.59726,15.5735,-411.578,0.00696114,-0.00222852,0.00974934,0.0122198,0.000190849,0.000196173,0.000988535
1455,2.59726,15.5735,-411.578,0.00628126,-0.00245982,0.00953777,0.011784,0.000191677,0.000196695,0.000992704
1456,2.59726,15.5735,-411.578,0.00551813,-0.00229921,0.00974708,0.0114563,0.000188132,0.000193378,0.000974614
1457,2.59726,15.5735,-411.578,0.00527304,-0.00251853,0.00982713,0.0114784,0.000189713,0.000194789,0.000982495
1458,2.59726,15.5735,-411.578,0.00538426,-0.00257511,0.00969367,0.0114082,0.000188663,0.000193588,0.000977361
1459,2.59726,15.5735,-411.578,0.00579965,-0.00260309,0.0101444,0.0119975,0.000189042,0.000194255,0.000979206
1460,2.59726,15.5735,-411.578,0.00606193,-0.00259791,0.0103735,0.0123203,0.000188415,0.000193531,0.00097585
1461,2.59726,15.5735,-411.578,0.00624148,-0.00265123,0.0102579,0.01231,0.000185802,0.000190978,0.000962633
1462,2.59726,15.5735,-411.578,0.00600843,-0.00236994,0.00990079,0.011847,0.000190672,0.000195794,0.000987745
1463,2.59726,15.5735,-411.578,0.00532464,-0.00240564,0.00961621,0.0113044,0.000187798,0.000193022,0.00097283
1464,2.59726,15.5735,-411.578,0.00453337,-0.00238383,0.0109824,0.0121296,0.000189513,0.000194723,0.000981594
1465,2.59726,15.5735,-411.578,0.00380883,-0.00238706,0.0104413,0.0113855,0.000191137,0.000196213,0.000990049
1466,2.59726,15.5735,-411.578,0.0033924,-0.00256842,0.0111617,0.0119591,0.000186373,0.000191117,0.000965578
1467,2.59726,15.5735,-411.578,0.00354819,-0.00278364,0.0106094,0.0115422,0.000189932,0.000194975,0.000983868
1468,2.59726,15.5735,-411.578,0.00406285,-0.0028936,0.0114894,0.0125495,0.000189548,0.000194935,0.000981824
1469,2.59726,15.5735,-411.578,0.0044306,-0.00311141,0.011923,0.0131141,0.000188535,0.000193869,0.000976631
1470,2.59726,15.5735,-411.578,0.00468329,-0.00321074,0.0109231,0.0123472,0.000189525,0.000194433,0.000981495
1471,2.59726,15.5735,-411.578,0.00421705,-0.00311968,0.0116585,0.012809,0.000190348,0.00019523,0.000986134
1472,2.59726,15.5735,-411.578,0.00375966,-0.00311011,0.0116613,0.0126594,0.000189581,0.000195085,0.000981801
1473,2.59726,15.5735,-411.578,0.00264042,-0.0030968,0.011996,0.0126788,0.000188929,0.000194323,0.000978695
1474,2.59726,15.5735,-411.578,0.00199867,-0.00321531,0.0120175,0.0126087,0.0001908,0.000196074,0.00098843
1475,2.59726,15.5735,-411.578,0.00150164,-0.00313635,0.0115847,0.0121115,0.000188671,0.00019399,0.000977519
1476,2.59726,15.5735,-411.578,0.00148741,-0.00335243,0.0122974,0.0128381,0.000188695,0.000193928,0.000977472
1477,2.59726,15.5735,-411.578,0.00186092,-0.00343472,0.0109433,0.011672,0.000190541,0.000195975,0.000986869
1478,2.59726,15.5735,-411.578,0.00227286,-0.00341903,0.0113938,0.0121264,0.000188169,0.000193075,0.000974272
1479,2.59726,15.5735,-411.578,0.00239212,-0.00348103,0.0118523,0.0125914,0.000191037,0.000196292,0.000989706
1480,2.59726,15.5735,-411.578,0.00221906,-0.00340316,0.0117748,0.012471,0.000190768,0.000195865,0.000987952
1481,2.59726,15.5735,-411.578,0.0016582,-0.00312472,0.0112121,0.011766,0.000190667,0.000195861,0.000987549
1482,2.59726,15.5735,-411.578,0.000887162,-0.00293161,0.0117235,0.012125,0.000186988,0.000192397,0.000968474
1483,2.59726,15.5735,-411.578,-3.20107e-06,-0.00288136,0.0123258,0.012665,0.000188297,0.000193833,0.000975362
1484,2.59726,15.5735,-411.578,-0.000379798,-0.0030536,0.011928,0.0123289,0.000190531,0.000196018,0.000986854
1485,2.59726,15.5735,-411.578,-0.00071156,-0.00292995,0.0118689,0.0122527,0.000184613,0.000189262,0.000956364
1486,2.59726,15.5735,-411.578,-0.000543179,-0.00327448,0.0117292,0.0121971,0.000186889,0.00019181,0.000968001
1487,2.59726,15.5735,-411.578,0.000322733,-0.0032033,0.0113495,0.0118104,0.000187695,0.000192886,0.000972377
1488,2.59726,15.5735,-411.578,0.000312793,-0.00339423,0.0119678,0.0124501,0.000192073,0.00019688,0.000995053
1489,2.59726,15.5735,-411.578,0.000301123,-0.00325885,0.0121583,0.0126021,0.000188453,0.000193759,0.000976299
1490,2.59726,15.5735,-411.578,-4.20901e-05,-0.00318344,0.011756,0.0121906,0.000188911,0.000194244,0.000978427
1491,2.59726,15.5735,-411.578,-0.000878248,-0.00300876,0.0116773,0.0121043,0.000188816,0.000194188,0.000978194
1492,2.59726,15.5735,-411.578,-0.00169407,-0.00280738,0.011166,0.0116438,0.00018446,0.000189919,0.000955534
1493,2.59726,15.5735,-411.578,-0.00210422,-0.00295596,0.0112944,0.0118694,0.000186762,0.000192131,0.000967457
1494,2.59726,15.5735,-411.578,-0.00228191,-0.00306867,0.0114299,0.0120656,0.000189875,0.000195212,0.000983683
1495,2.59726,15.5735,-411.578,-0.00201411,-0.00315854,0.011945,0.0125261,0.000188541,0.000193441,0.000976685
1496,2.59726,15.5735,-411.578,-0.00125308,-0.00326569,0.0109883,0.0115501,0.00018838,0.000193609,0.000975733
1497,2.59726,15.5735,-411.578,-0.00091566,-0.00324753,0.0107827,0.0113109,0.00018791,0.000193561,0.00097365
1498,2.59726,15.5735,-411.578,-0.000873386,-0.00328635,0.0107009,0.0112388,0.000187053,0.000192333,0.000968945
1499,2.59726,15.5735,-411.578,-0.00116286,-0.00317663,0.010472,0.0110163,0.000190677,0.000196014,0.000987725
1500,2.59726,15.5735,-411.578,-0.00176116,-0.00277075,0.00927867,0.00985455,0.000191115,0.000196286,0.000989989
1501,2.59726,15.5735,-411.578,-0.00254955,-0.00263417,0.0105563,0.0111901,0.000186843,0.000192392,0.000967838
1502,2.59726,15.5735,-411.578,-0.00300389,-0.00265362,0.00999088,0.0107925,0.000188357,0.000193398,0.000975795
1503,2.59726,15.5735,-411.578,-0.00296656,-0.00264283,0.0101079,0.010872,0.000189171,0.000194181,0.000979775
1504,2.59726,15.5735,-411.578,-0.00262606,-0.00306758,0.0110574,0.0117815,0.000190684,0.000196056,0.000987774
1505,2.59726,15.5735,-411.578,-0.0021241,-0.0030234,0.0103918,0.0110422,0.000188295,0.000193255,0.000975095
1506,2.59726,15.5735,-411.578,-0.00144818,-0.00304548,0.00964996,0.0102477,0.000190739,0.000196033,0.000987828
1507,2.59726,15.5735,-411.578,-0.00132447,-0.00305824,0.0106226,0.0111448,0.00018948,0.000194659,0.000981362
1508,2.59726,15.5735,-411.578,-0.00167281,-0.00263172,0.00965074,0.0101508,0.00018916,0.000194527,0.000979923
1509,2.59726,15.5735,-411.578,-0.00229481,-0.00222926,0.0094162,0.00995392,0.000191993,0.000197497,0.000994453
1510,2.59726,15.5735,-411.578,-0.00270996,-0.00212829,0.00892594,0.00958587,0.000190092,0.000195727,0.00098474
1511,2.59726,15.5735,-411.578,-0.00310545,-0.00217404,0.00897899,0.00977458,0.000187725,0.000193126,0.000972525
1512,2.59726,15.5735,-411.578,-0.00290909,-0.00220236,0.00837797,0.0091517,0.000189834,0.000195051,0.000983423
1513,2.59726,15.5735,-411.578,-0.00249347,-0.00225836,0.00786072,0.00857096,0.000187505,0.000193171,0.000971252
1514,2.59726,15.5735,-411.578,-0.00195317,-0.00219268,0.00861482,0.00911271,0.000186127,0.000191007,0.000964051
1515,2.59726,15.5735,-411.578,-0.00143252,-0.00218576,0.0086674,0.00906537,0.00019144,0.000196507,0.00099163
1516,2.59726,15.5735,-411.578,-0.001089,-0.00224499,0.00760864,0.00803681,0.000186774,0.000192127,0.000967546
1517,2.59726,15.5735,-411.578,-0.00114615,-0.00198345,0.00767043,0.0080193,0.00018684,0.000192383,0.000967854
1518,2.59726,15.5735,-411.578,-0.0014882,-0.00183109,0.0081283,0.00846958,0.000188399,0.000193703,0.000976014
1519,2.59726,15.5735,-411.578,-0.00206886,-0.001453,0.00742321,0.00785241,0.000188458,0.000193615,0.000976065
1520,2.59726,15.5735,-411.578,-0.00234172,-0.00134758,0.00725576,0.00777066,0.000189776,0.000194967,0.000983077
1521,2.59726,15.5735,-411.578,-0.00230318,-0.00141996,0.00697216,0.00751234,0.000188955,0.000194135,0.000978768
1522,2.59726,15.5735,-411.578,-0.00182823,-0.00159635,0.00706233,0.00748551,0.000190701,0.00019621,0.000987963
1523,2.59726,15.5735,-411.578,-0.00129703,-0.00166089,0.00702003,0.00736893,0.000190387,0.000195954,0.000986049
1524,2.59726,15.5735,-411.578,-0.000599849,-0.00167917,0.00668978,0.00693355,0.00018806,0.000193235,0.000974093
1525,2.59726,15.5735,-411.578,-0.000307866,-0.00164232,0.00784591,0.00802953,0.000189582,0.000194608,0.00098215
1526,2.59726,15.5735,-411.578,-0.0003607,-0.00146977,0.0072607,0.00743309,0.000186883,0.000192028,0.000968113
1527,2.59726,15.5735,-411.578,-0.000434794,-0.001259,0.00660373,0.00674356,0.000187195,0.000191965,0.000969738
1528,2.59726,15.5735,-411.578,-0.000794632,-0.00108753,0.00609217,0.00625919,0.000187109,0.000192174,0.000969166
1529,2.59726,15.5735,-411.578,-0.000868646,-0.00105768,0.00593923,0.00611705,0.000191231,0.000196263,0.000990655
1530,2.59726,15.5735,-411.578,-0.000855272,-0.000983897,0.00666335,0.00679806,0.000189573,0.000194978,0.000981769
1531,2.59726,15.5735,-411.578,-0.000381396,-0.00126129,0.00585486,0.00601663,0.000189058,0.000193923,0.000979199
1532,2.59726,15.5735,-411.578,0.000468502,-0.00137112,0.00696354,0.0071248,0.000186989,0.000192094,0.000968789
1533,2.59726,15.5735,-411.578,0.00102906,-0.00154781,0.00671375,0.0069846,0.000187811,0.000193129,0.000972929
1534,2.59726,15.5735,-411.578,0.00135116,-0.00163572,0.00657343,0.0069275,0.000186434,0.000191709,0.000965747
1535,2.59726,15.5735,-411.578,0.00148857,-0.00141086,0.00604498,0.00642215,0.000189252,0.000194407,0.000980376
1536,2.59726,15.5735,-411.578,0.00123223,-0.00121653,0.00624944,0.00649524,0.000191215,0.000196276,0.000990473
1537,2.59726,15.5735,-411.578,0.000956712,-0.000911617,0.00531412,0.00554643,0.000186802,0.000192397,0.000967876
1538,2.59726,15.5735,-411.578,0.000950002,-0.00101651,0.00565944,0.00586451,0.000190523,0.000195527,0.000986915
1539,2.59726,15.5735,-411.578,0.00106694,-0.00108158,0.00576786,0.00598212,0.000189618,0.00019493,0.000981983
1540,2.59726,15.5735,-411.578,0.00161515,-0.00106972,0.00604175,0.00638802,0.000190327,0.000195497,0.00098595
1541,2.59726,15.5735,-411.578,0.001999,-0.00110485,0.00702566,0.00740383,0.00018727,0.000192746,0.000970075
1542,2.59726,15.5735,-411.578,0.00264827,-0.00120083,0.00647999,0.0071229,0.000187111,0.000192346,0.000969187
1543,2.59726,15.5735,-411.578,0.00311499,-0.0012189,0.00562808,0.00662447,0.00018963,0.000194604,0.000982265
1544,2.59726,15.5735,-411.578,0.00299475,-0.0010838,0.00735724,0.00803825,0.000189757,0.000194774,0.000982909
1545,2.59726,15.5735,-411.578,0.00299989,-0.00100031,0.00598129,0.00684699,0.000189718,0.000194866,0.000982905
1546,2.59726,15.5735,-411.578,0.00277262,-0.000888812,0.00609354,0.00679906,0.000191039,0.000196446,0.000989628
1547,2.59726,15.5735,-411.578,0.00258823,-0.000714633,0.00614675,0.00673485,0.000191814,0.000196625,0.000993578
1548,2.59726,15.5735,-411.578,0.00302778,-0.000679219,0.00630801,0.00706576,0.000185903,0.000191391,0.000963038
1549,2.59726,15.5735,-411.578,0.00346549,-0.000681288,0.00551985,0.00660747,0.000188632,0.000193803,0.000977229
1550,2.59726,15.5735,-411.578,0.0040375,-0.000702801,0.00625473,0.00755563,0.000189213,0.000193928,0.000980046
1551,2.59726,15.5735,-411.578,0.00456018,-0.000837036,0.00549191,0.00729249,0.00018482,0.00019007,0.000957398
1552,2.59726,15.5735,-411.578,0.00493563,-0.00102721,0.00561183,0.0076061,0.000187484,0.000192629,0.00097119
1553,2.59726,15.5735,-411.578,0.0049743,-0.00109319,0.00591976,0.0078355,0.000187909,0.000193633,0.000973474
1554,2.59726,15.5735,-411.578,0.00470549,-0.000984355,0.00619527,0.00788739,0.000186612,0.000191397,0.000966671
1555,2.59726,15.5735,-411.578,0.00435792,-0.000881059,0.00688618,0.0082589,0.000187949,0.000192734,0.000973669
1556,2.59726,15.5735,-411.578,0.00442424,-0.00066858,0.00588623,0.0074396,0.000188805,0.000193971,0.000977935
1557,2.59726,15.5735,-411.578,0.00461614,-0.000685793,0.00720612,0.00864316,0.000191814,0.000196867,0.000993411
1558,2.59726,15.5735,-411.578,0.00511659,-0.000679582,0.00633713,0.00822474,0.000189417,0.000194617,0.000981206
1559,2.59726,15.5735,-411.578,0.00560764,-0.000826443,0.00653279,0.00870356,0.000188912,0.000194302,0.000978563
1560,2.59726,15.5735,-411.578,0.00614827,-0.000960293,0.00693029,0.00937709,0.000189226,0.000194184,0.000980207
1561,2.59726,15.5735,-411.578,0.00634744,-0.00107281,0.00665204,0.00942091,0.000189829,0.00019507,0.000983235
1562,2.59726,15.5735,-411.578,0.00633057,-0.0011467,0.00755692,0.0100114,0.00019048,0.000195788,0.000986909
1563,2.59726,15.5735,-411.578,0.00591569,-0.000957097,0.0075897,0.00969041,0.000190991,0.000196164,0.000989155
1564,2.59726,15.5735,-411.578,0.00567592,-0.000827986,0.00722419,0.0092479,0.000189258,0.0001942,0.000980258
1565,2.59726,15.5735,-411.578,0.00547209,-0.000699586,0.00722274,0.00913417,0.000187776,0.000192776,0.000972594
1566,2.59726,15.5735,-411.578,0.00567215,-0.000687168,0.00710517,0.00919192,0.000186983,0.000191939,0.000968384
1567,2.59726,15.5735,-411.578,0.00617766,-0.00092345,0.00642718,0.00907278,0.000188252,0.000193436,0.000975153
1568,2.59726,15.5735,-411.578,0.0066834,-0.00113402,0.0071273,0.00987968,0.000186461,0.000191189,0.000965902
1569,2.59726,15.5735,-411.578,0.0071049,-0.00112696,0.00634549,0.009652,0.000189159,0.000194166,0.000979703
1570,2.59726,15.5735,-411.578,0.00728109,-0.00134297,0.00771956,0.0107479,0.000189876,0.000195433,0.0009835
1571,2.59726,15.5735,-411.578,0.00717705,-0.00140975,0.00711858,0.0102738,0.000189307,0.000194505,0.000980572
1572,2.59726,15.5735,-411.578,0.00683679,-0.00127937,0.00811502,0.0107112,0.000190292,0.000195589,0.000985615
1573,2.59726,15.5735,-411.578,0.00626426,-0.00128905,0.00837864,0.0105968,0.000190567,0.000195625,0.00098714
1574,2.59726,15.5735,-411.578,0.00622098,-0.00125334,0.00819703,0.0104518,0.000191551,0.00019724,0.000992252
1575,2.59726,15.5735,-411.578,0.00617685,-0.00136715,0.00788421,0.0102351,0.000190719,0.000195555,0.000988017
1576,2.59726,15.5735,-411.578,0.00642192,-0.00126259,0.00964946,0.0116773,0.000189008,0.000194001,0.000979078
1577,2.59726,15.5735,-411.578,0.00701023,-0.0013768,0.00822539,0.0109343,0.000193227,0.000198312,0.00100107
1578,2.59726,15.5735,-411.578,0.00758521,-0.0013535,0.00795849,0.0111151,0.000188519,0.000193869,0.000976442
1579,2.59726,15.5735,-411.578,0.00753233,-0.001592,0.00887045,0.0117806,0.000188111,0.000193111,0.000974214
1580,2.59726,15.5735,-411.578,0.0073427,-0.00139657,0.00892976,0.0116945,0.000186718,0.00019194,0.000967188
1581,2.59726,15.5735,-411.578,0.0069772,-0.00157329,0.00898318,0.0115361,0.000190026,0.000194823,0.000984219
1582,2.59726,15.5735,-411.578,0.00628613,-0.00129616,0.00966062,0.0116191,0.000190024,0.000195319,0.000984303
1583,2.59726,15.5735,-411.578,0.00584537,-0.0011896,0.00870664,0.0105891,0.000190562,0.00019556,0.000987017
1584,2.59726,15.5735,-411.578,0.00606323,-0.0012898,0.0087888,0.0108032,0.000191306,0.000196543,0.000990944
1585,2.59726,15.5735,-411.578,0.00618391,-0.00124255,0.00885438,0.0109036,0.000189941,0.000194982,0.000983882
1586,2.59726,15.5735,-411.578,0.0067611,-0.00148194,0.00910411,0.0114846,0.000192384,0.00019764,0.000996684
1587,2.59726,15.5735,-411.578,0.00700187,-0.0015638,0.00978783,0.0121436,0.000189235,0.000194548,0.000980313
1588,2.59726,15.5735,-411.578,0.00724031,-0.00163535,0.0101282,0.0125698,0.00019069,0.000195706,0.000987608
1589,2.59726,15.5735,-411.578,0.00698557,-0.00173899,0.00967155,0.0120745,0.000190604,0.000195576,0.000987275
1590,2.59726,15.5735,-411.578,0.00628775,-0.00174505,0.00997322,0.0119553,0.000190189,0.000195394,0.000985367
1591,2.59726,15.5735,-411.578,0.00573547,-0.00159764,0.00979057,0.0115282,0.00018955,0.00019458,0.000981977
1592,2.59726,15.5735,-411.578,0.00523294,-0.00173295,0.010556,0.0119343,0.000188882,0.000194255,0.000978362
1593,2.59726,15.5735,-411.578,0.00512602,-0.00174574,0.0108096,0.0121172,0.00018936,0.000194783,0.000980995
1594,2.59726,15.5735,-411.578,0.00532735,-0.00191864,0.0106422,0.0120888,0.000191595,0.000196724,0.000992396
1595,2.59726,15.5735,-411.578,0.00571483,-0.00209131,0.011002,0.0125884,0.000189737,0.00019524,0.000982802
1596,2.59726,15.5735,-411.578,0.0062983,-0.00225273,0.0108691,0.0127846,0.000187524,0.000192399,0.000971402
1597,2.59726,15.5735,-411.578,0.00625396,-0.00232954,0.0109994,0.0128997,0.000188779,0.000194186,0.000978116
1598,2.59726,15.5735,-411.578,0.00596604,-0.00241447,0.0105825,0.0124126,0.000189835,0.000195364,0.000983357
1599,2.59726,15.5735,-411.578,0.00524444,-0.00223059,0.010383,0.0118856,0.000188401,0.000193472,0.000975957
1600,2.59726,15.5735,-411.578,0.00441436,-0.00228299,0.0110834,0.0121628,0.000190669,0.000195752,0.000987759
1601,2.59726,15.5735,-411.578,0.00375122,-0.00250715,0.0115325,0.012396,0.000186368,0.000191737,0.000965405
1602,2.59726,15.5735,-411.578,0.00374182,-0.00239514,0.0115811,0.0124194,0.000190761,0.000196146,0.00098809
1603,2.59726,15.5735,-411.578,0.00388657,-0.00252036,0.01081,0.0117703,0.000188778,0.000193937,0.000977638
1604,2.59726,15.5735,-411.578,0.00436584,-0.00269188,0.011626,0.0127251,0.000188431,0.000193335,0.000976189
1605,2.59726,15.5735,-411.578,0.00451398,-0.0027963,0.0114514,0.0126383,0.000186028,0.00019111,0.000963576
1606,2.59726,15.5735,-411.578,0.00471148,-0.00279062,0.0123574,0.0135277,0.000188303,0.000193389,0.000975371
1607,2.59726,15.5735,-411.578,0.00433369,-0.00283038,0.0125273,0.0135659,0.00018946,0.000194585,0.000981556
1608,2.59726,15.5735,-411.578,0.0034726,-0.00275433,0.0117477,0.012569,0.000190951,0.000196237,0.000988994
1609,2.59726,15.5735,-411.578,0.00272342,-0.00259373,0.0116518,0.0122558,0.000193532,0.000198684,0.00100261
1610,2.59726,15.5735,-411.578,0.00205168,-0.00261258,0.0118263,0.0122981,0.000189077,0.000194529,0.000979539
1611,2.59726,15.5735,-411.578,0.00176064,-0.00270956,0.0119146,0.0123602,0.000189086,0.000194502,0.000979451
1612,2.59726,15.5735,-411.578,0.00193951,-0.00255155,0.0115858,0.0120382,0.000189388,0.00019457,0.000981068
1613,2.59726,15.5735,-411.578,0.00234755,-0.00278993,0.0121276,0.0126721,0.000186069,0.000190945,0.000963816
1614,2.59726,15.5735,-411.578,0.0027466,-0.0029017,0.0118588,0.0125312,0.000188381,0.000193709,0.000975811
1615,2.59726,15.5735,-411.578,0.00282334,-0.00288689,0.0117849,0.0124696,0.000187697,0.000192835,0.000972246
1616,2.59726,15.5735,-411.578,0.00269641,-0.0028601,0.0118343,0.0124816,0.00018799,0.000192844,0.000973796
1617,2.59726,15.5735,-411.578,0.00191419,-0.00283642,0.0118648,0.0123541,0.000190946,0.000195791,0.000989154
1618,2.59726,15.5735,-411.578,0.00114864,-0.00281807,0.0115134,0.0119147,0.000187144,0.000192305,0.000969266
1619,2.59726,15.5735,-411.578,0.00047336,-0.00272125,0.0119232,0.0122451,0.000190998,0.000195693,0.000989231
1620,2.59726,15.5735,-411.578,9.6841e-05,-0.0027208,0.0119479,0.0122609,0.00019047,0.000195516,0.000986731
1621,2.59726,15.5735,-411.578,-3.36502e-06,-0.00273824,0.0117637,0.0120817,0.000189148,0.000194487,0.000979595
1622,2.59726,15.5735,-411.578,0.000600262,-0.00290612,0.0120375,0.0124054,0.0001901,0.00019513,0.000984724
1623,2.59726,15.5735,-411.578,0.00113694,-0.00285782,0.011752,0.0121646,0.000189818,0.000194642,0.000983178
1624,2.59726,15.5735,-411.578,0.0014321,-0.00299992,0.0112933,0.0117944,0.000192965,0.000198089,0.000999498
1625,2.59726,15.5735,-411.578,0.00122394,-0.0030887,0.0118396,0.0123105,0.000188679,0.00019345,0.000977346
1626,2.59726,15.5735,-411.578,0.000666962,-0.00290058,0.0119089,0.0122827,0.00018718,0.000192767,0.000969601
1627,2.59726,15.5735,-411.578,9.2311e-05,-0.002774,0.0120806,0.0124028,0.000191933,0.000197101,0.000994158
1628,2.59726,15.5735,-411.578,-0.000801338,-0.00274905,0.0129301,0.0132509,0.000193253,0.000198069,0.0010009
1629,2.59726,15.5735,-411.578,-0.00105307,-0.00265753,0.0123297,0.0126652,0.000190336,0.000195431,0.00098573
1630,2.59726,15.5735,-411.578,-0.000995406,-0.00248207,0.0114168,0.0117351,0.000188305,0.000193839,0.000975335
1631,2.59726,15.5735,-411.578,-0.000304608,-0.00282939,0.0118941,0.0122357,0.000189575,0.000194419,0.000981873
1632,2.59726,15.5735,-411.578,0.000162033,-0.00279314,0.0117975,0.0121306,0.000189903,0.000195118,0.000983712
1633,2.59726,15.5735,-411.578,0.000496003,-0.00299717,0.011935,0.0123201,0.000187281,0.000191935,0.00096986
1634,2.59726,15.5735,-411.578,0.000627626,-0.00280472,0.0115563,0.011917,0.000188065,0.000193462,0.000974226
1635,2.59726,15.5735,-411.578,1.02126e-05,-0.00292297,0.0117,0.0120654,0.00018975,0.000194867,0.000982827
1636,2.59726,15.5735,-411.578,-0.000629834,-0.0028385,0.0116631,0.0120312,0.000188836,0.00019405,0.000978041
1637,2.59726,15.5735,-411.578,-0.00144553,-0.00273095,0.0118264,0.0122326,0.000189355,0.000194737,0.000980893
1638,2.59726,15.5735,-411.578,-0.00176833,-0.00260857,0.0114364,0.011877,0.000190908,0.000196095,0.000988922
1639,2.59726,15.5735,-411.578,-0.0016292,-0.00271904,0.011036,0.0114968,0.000189212,0.000194009,0.000980081
1640,2.59726,15.5735,-411.578,-0.00117101,-0.00293299,0.0113875,0.0118238,0.000189235,0.000194247,0.000980328
1641,2.59726,15.5735,-411.578,-0.000542967,-0.00306124,0.011335,0.0117705,0.00019012,0.000195292,0.000984738
1642,2.59726,15.5735,-411.578,-0.00014057,-0.00311408,0.0127139,0.013097,0.000192369,0.000197664,0.000996373
1643,2.59726,15.5735,-411.578,5.65388e-05,-0.00287355,0.0118511,0.0122049,0.000188133,0.000193132,0.000974453
1644,2.59726,15.5735,-411.578,-0.000371406,-0.0028101,0.0111096,0.0114833,0.000188722,0.000194357,0.000977852
1645,2.59726,15.5735,-411.578,-0.00120933,-0.00252606,0.0107611,0.0111329,0.000191093,0.000196532,0.000989793
1646,2.59726,15.5735,-411.578,-0.00170328,-0.00234336,0.0111065,0.011488,0.000187013,0.000191772,0.000968596
1647,2.59726,15.5735,-411.578,-0.00211499,-0.00228057,0.0102595,0.0107299,0.000189369,0.000194415,0.000980939
1648,2.59726,15.5735,-411.578,-0.00202884,-0.00229521,0.0115035,0.0119103,0.00019092,0.000195879,0.000988754
1649,2.59726,15.5735,-411.578,-0.00128661,-0.00228957,0.0109907,0.0113067,0.000188522,0.000193375,0.000976668
1650,2.59726,15.5735,-411.578,-0.000794978,-0.002238,0.0100951,0.0103822,0.000187598,0.000192717,0.000971806
1651,2.59726,15.5735,-411.578,-0.00012987,-0.00220594,0.0100014,0.0102472,0.000188591,0.000193731,0.000976794
1652,2.59726,15.5735,-411.578,-0.000150752,-0.00221024,0.0097762,0.0100354,0.000189309,0.000194343,0.000980234
1653,2.59726,15.5735,-411.578,-0.000282627,-0.00220721,0.00995486,0.0102095,0.000187362,0.000192796,0.00097053
1654,2.59726,15.5735,-411.578,-0.000803382,-0.00201131,0.0100866,0.0103277,0.000187839,0.000193121,0.000973263
1655,2.59726,15.5735,-411.578,-0.0015446,-0.00198141,0.0100957,0.0104093,0.000187998,0.000192917,0.000973854
1656,2.59726,15.5735,-411.578,-0.00175952,-0.0017524,0.00975464,0.0100769,0.000188384,0.000193659,0.000975829
1657,2.59726,15.5735,-411.578,-0.00152701,-0.00165142,0.00931608,0.0095981,0.000189663,0.000195049,0.000982361
1658,2.59726,15.5735,-411.578,-0.000907272,-0.00180912,0.0091832,0.00941235,0.000187024,0.000192021,0.000968844
1659,2.59726,15.5735,-411.578,-0.000356563,-0.00179731,0.00964666,0.00982714,0.000189624,0.000194522,0.00098206
1660,2.59726,15.5735,-411.578,0.000311994,-0.00199467,0.0091999,0.00942505,0.000189919,0.000194854,0.00098381
1661,2.59726,15.5735,-411.578,0.000655012,-0.00198606,0.00930138,0.00954791,0.00018872,0.000193689,0.000977483
1662,2.59726,15.5735,-411.578,0.000635187,-0.00185191,0.00957897,0.00978753,0.00018926,0.00019446,0.000980246
1663,2.59726,15.5735,-411.578,5.43507e-05,-0.00184785,0.00886302,0.00906401,0.000189386,0.000194542,0.00098099
1664,2.59726,15.5735,-411.578,-0.000331107,-0.00153631,0.00906172,0.00920484,0.000189323,0.000194601,0.00098052
1665,2.59726,15.5735,-411.578,-0.000510803,-0.00140483,0.0083017,0.00844175,0.000188704,0.000194087,0.000977629
1666,2.59726,15.5735,-411.578,-0.000289423,-0.00141138,0.00832046,0.00845609,0.000191805,0.000197088,0.000993458
1667,2.59726,15.5735,-411.578,0.000213444,-0.00132453,0.00763768,0.00776601,0.00018799,0.000193435,0.000973732
1668,2.59726,15.5735,-411.578,0.000971883,-0.00146753,0.00796549,0.00818489,0.000189322,0.000194937,0.000980653
1669,2.59726,15.5735,-411.578,0.00154652,-0.00159687,0.00763065,0.00796691,0.000189589,0.000194521,0.000982209
1670,2.59726,15.5735,-411.578,0.00180391,-0.00152908,0.00744255,0.00786315,0.000188793,0.000193917,0.000977688
1671,2.59726,15.5735,-411.578,0.00181819,-0.00169744,0.0070159,0.00748673,0.000188523,0.000193856,0.000976665
1672,2.59726,15.5735,-411.578,0.00135282,-0.00166118,0.00752692,0.00785272,0.000186741,0.000191628,0.000967515
1673,2.59726,15.5735,-411.578,0.0010919,-0.00136095,0.00774302,0.00795764,0.000189942,0.000194906,0.000983815
1674,2.59726,15.5735,-411.578,0.000778868,-0.00142312,0.00757213,0.00775011,0.000188372,0.000193188,0.000975523
1675,2.59726,15.5735,-411.578,0.00111656,-0.00139886,0.00770221,0.00791319,0.000186462,0.000191606,0.000965973
1676,2.59726,15.5735,-411.578,0.00167561,-0.00140451,0.00661759,0.0070119,0.000189355,0.000194745,0.000981021
1677,2.59726,15.5735,-411.578,0.00232113,-0.00113341,0.0062311,0.00676951,0.000188301,0.000193244,0.000975336
1678,2.59726,15.5735,-411.578,0.00303183,-0.00131646,0.00651876,0.00739039,0.00018778,0.000192898,0.00097274
1679,2.59726,15.5735,-411.578,0.00329326,-0.00134097,0.0063595,0.00732723,0.00019093,0.000195923,0.000989062
1680,2.59726,15.5735,-411.578,0.00316573,-0.00133307,0.00607963,0.00707727,0.000190743,0.000196026,0.000988075
1681,2.59726,15.5735,-411.578,0.00266366,-0.00166909,0.00705877,0.00774605,0.000188922,0.000193742,0.000978527
1682,2.59726,15.5735,-411.578,0.00253075,-0.0074687,0.00390103,0.00891521,0.000186131,0.000191629,0.000964325
1683,2.59726,15.5735,-411.578,0.00255811,-0.0299486,-0.0035714,0.0303206,0.00020263,0.000207811,0.00104962
1684,2.59726,15.5735,-411.578,0.00250394,-0.0747209,-0.0176238,0.0768328,0.00023674,0.000243104,0.00122643
1685,2.59726,15.5735,-411.578,0.000876575,-0.139098,-0.0392232,0.14454,0.000233087,0.000239899,0.00120809
1686,2.59726,15.5735,-411.578,-0.002654,-0.217823,-0.0642696,0.22713,0.000245136,0.000251929,0.00127058
1687,2.59726,15.5735,-411.578,-0.00671665,-0.301327,-0.0907383,0.314771,0.000253983,0.000259913,0.00131597
1688,2.59726,15.5735,-411.578,-0.0109042,-0.372663,-0.11347,0.389712,0.000252673,0.000257769,0.00130936
1689,2.59726,15.5735,-411.578,-0.0136986,-0.41715,-0.126838,0.436229,0.00025661,0.000261215,0.00132963
1690,2.59726,15.5735,-411.578,-0.0150386,-0.429865,-0.129392,0.449175,0.000250364,0.000255389,0.00129752
1691,2.59726,15.5735,-411.578,-0.0141206,-0.409845,-0.12235,0.42796,0.000257029,0.000262333,0.00133198
1692,2.59726,15.5735,-411.578,-0.012246,-0.359745,-0.107134,0.375566,0.000252612,0.000258155,0.00130911
1693,2.59726,15.5735,-411.578,-0.00938027,-0.284162,-0.0834081,0.296313,0.000255812,0.000262581,0.0013258
1694,2.59726,15.5735,-411.578,-0.00573394,-0.191546,-0.0545176,0.199246,0.000254841,0.00026247,0.00132073
1695,2.59726,15.5735,-411.578,-0.000306809,-0.0891949,-0.0233338,0.0922143,0.000254869,0.000262194,0.00132077
1696,2.59726,15.5735,-411.578,0.00526084,0.01327,0.00944819,0.0171673,0.000213529,0.000219994,0.0011064
1697,2.59726,15.5735,-411.578,0.0106372,0.108835,0.0415608,0.116993,0.000241653,0.000249149,0.00125205
1698,2.59726,15.5735,-411.578,0.0140843,0.189321,0.0674048,0.201461,0.000240052,0.000247133,0.0012434
1699,2.59726,15.5735,-411.578,0.0154989,0.250276,0.0874313,0.265564,0.000235629,0.000242919,0.00122032
1700,2.59726,15.5735,-411.578,0.0160113,0.288287,0.09886,0.305191,0.000240611,0.000248099,0.00124602
1701,2.59726,15.5735,-411.578,0.0153063,0.302383,0.103225,0.319889,0.000241598,0.000249178,0.00125125
1702,2.59726,15.5735,-411.578,0.0148988,0.293429,0.100425,0.310502,0.000242683,0.000250036,0.0012567
1703,2.59726,15.5735,-411.578,0.0153639,0.26431,0.0906414,0.279848,0.00023542,0.000242765,0.0012191
1704,2.59726,15.5735,-411.578,0.0151832,0.218097,0.0738578,0.230767,0.000237697,0.000245391,0.00123121
1705,2.59726,15.5735,-411.578,0.014228,0.158015,0.0537679,0.167524,0.000236046,0.000243371,0.00122277
1706,2.59726,15.5735,-411.578,0.0117818,0.0880964,0.0312462,0.0942269,0.00023758,0.000244787,0.00123086
1707,2.59726,15.5735,-411.578,0.00815633,0.0140117,0.00833792,0.0182732,0.000200557,0.000206253,0.00103908
1708,2.59726,15.5735,-411.578,0.00462254,-0.057712,-0.0132467,0.0594148,0.000233999,0.000240293,0.00121234
1709,2.59726,15.5735,-411.578,0.000978341,-0.122372,-0.0337455,0.12696,0.000231572,0.000237934,0.00119995
1710,2.59726,15.5735,-411.578,-0.00248602,-0.174199,-0.0495049,0.181135,0.00023546,0.000241792,0.00122015
1711,2.59726,15.5735,-411.578,-0.00541206,-0.209798,-0.0599001,0.218264,0.000237182,0.000243369,0.00122914
1712,2.59726,15.5735,-411.578,-0.00644016,-0.2273,-0.0656858,0.236703,0.00023772,0.000243743,0.00123191
1713,2.59726,15.5735,-411.578,-0.00560067,-0.226625,-0.0648743,0.235802,0.000237814,0.000244165,0.00123226
1714,2.59726,15.5735,-411.578,-0.00318726,-0.208146,-0.0592252,0.216445,0.000237426,0.000243583,0.00123013
1715,2.59726,15.5735,-411.578,-0.000487487,-0.174333,-0.0476081,0.18073,0.00024114,0.000247878,0.00124963
1716,2.59726,15.5735,-411.578,0.0017122,-0.12895,-0.0330121,0.133138,0.000232329,0.000238456,0.00120359
1717,2.59726,15.5735,-411.578,0.00320054,-0.0754401,-0.0160089,0.077201,0.000237529,0.000243819,0.00123062
1718,2.59726,15.5735,-411.578,0.00405328,-0.0187336,0.00224321,0.0193346,0.00019741,0.000203231,0.00102256
1719,2.59726,15.5735,-411.578,0.00567577,0.035218,0.0189428,0.0404026,0.000209938,0.000216309,0.0010877
1720,2.59726,15.5735,-411.578,0.00825631,0.0836424,0.0349611,0.091035,0.000234398,0.000241222,0.00121427
1721,2.59726,15.5735,-411.578,0.0112732,0.122768,0.0478042,0.132239,0.00023019,0.00023732,0.00119237
1722,2.59726,15.5735,-411.578,0.013345,0.149624,0.0553257,0.160088,0.000226714,0.000233521,0.00117417
1723,2.59726,15.5735,-411.578,0.014532,0.163002,0.0590347,0.173981,0.000234576,0.000242033,0.00121494
1724,2.59726,15.5735,-411.578,0.0147198,0.162415,0.0590232,0.173441,0.00023303,0.000239932,0.00120715
1725,2.59726,15.5735,-411.578,0.0142028,0.148696,0.0547136,0.159082,0.000230182,0.000237042,0.00119207
1726,2.59726,15.5735,-411.578,0.0130284,0.123352,0.0468845,0.13261,0.000233369,0.000240219,0.00120886
1727,2.59726,15.5735,-411.578,0.010619,0.0892354,0.0364827,0.0969971,0.000233975,0.000241,0.00121226
1728,2.59726,15.5735,-411.578,0.00765718,0.0493118,0.0233143,0.0551062,0.000225764,0.000232393,0.00116969
1729,2.59726,15.5735,-411.578,0.00472926,0.00748078,0.00999589,0.0133987,0.000186183,0.000191759,0.000964515
1730,2.59726,15.5735,-411.578,0.0029556,-0.0328555,-0.00411852,0.0333142,0.000205537,0.000211252,0.0010648
1731,2.59726,15.5735,-411.578,0.00186678,-0.0696551,-0.0152041,0.0713394,0.000234843,0.000241461,0.00121675
1732,2.59726,15.5735,-411.578,0.0017162,-0.0993387,-0.0253902,0.102564,0.000234021,0.000240351,0.00121256
1733,2.59726,15.5735,-411.578,0.00147011,-0.119754,-0.0321148,0.124019,0.000233525,0.000239977,0.00121008
1734,2.59726,15.5735,-411.578,0.000609921,-0.129801,-0.0354742,0.134586,0.000229672,0.000236302,0.00118994
1735,2.59726,15.5735,-411.578,-0.000772503,-0.129666,-0.0346451,0.134231,0.000230063,0.000235721,0.00119202
1736,2.59726,15.5735,-411.578,-0.0024963,-0.119103,-0.0312116,0.123164,0.000231968,0.000238087,0.00120178
1737,2.59726,15.5735,-411.578,-0.00286952,-0.100261,-0.0242933,0.103219,0.000234401,0.000240643,0.00121438
1738,2.59726,15.5735,-411.578,-0.00185285,-0.0746377,-0.0155008,0.0762752,0.000236604,0.00024337,0.00122594
1739,2.59726,15.5735,-411.578,-7.46232e-05,-0.0444988,-0.00560873,0.0448724,0.000217777,0.000223502,0.00112803
1740,2.59726,15.5735,-411.578,0.00219645,-0.012859,0.00456193,0.0138853,0.000188103,0.000193424,0.000974654
1741,2.59726,15.5735,-411.578,0.00414635,0.0175962,0.0162831,0.0243654,0.000192803,0.000198086,0.000998683
1742,2.59726,15.5735,-411.578,0.00596395,0.0450747,0.025089,0.0519383,0.000222883,0.000229477,0.00115474
1743,2.59726,15.5735,-411.578,0.00728941,0.0673209,0.0328094,0.0752505,0.00023509,0.000242089,0.00121789
1744,2.59726,15.5735,-411.578,0.00764348,0.0825906,0.0379041,0.0912012,0.000236468,0.000243446,0.00122506
1745,2.59726,15.5735,-411.578,0.00687306,0.0897999,0.0415446,0.0991905,0.000236859,0.000243963,0.00122704
1746,2.59726,15.5735,-411.578,0.00559915,0.0891554,0.0402658,0.0980031,0.000233041,0.000239986,0.00120741
1747,2.59726,15.5735,-411.578,0.00448055,0.0813771,0.0378569,0.0898822,0.000236402,0.000243644,0.00122475
1748,2.59726,15.5735,-411.578,0.00355328,0.0665781,0.0323039,0.0740934,0.000232647,0.000239617,0.00120522
1749,2.59726,15.5735,-411.578,0.00369171,0.0470001,0.0249702,0.0533775,0.000222447,0.000228992,0.00115265
1750,2.59726,15.5735,-411.578,0.00364749,0.0244681,0.0172422,0.0301756,0.000198285,0.000203915,0.00102723
1751,2.59726,15.5735,-411.578,0.00348784,0.000972649,0.00904595,0.00977363,0.000186393,0.000191529,0.000965752
1752,2.59726,15.5735,-411.578,0.00269275,-0.0216736,0.000264017,0.0219152,0.000193173,0.000198328,0.0010007
1753,2.59726,15.5735,-411.578,0.000969318,-0.0418659,-0.00648291,0.0424096,0.000215815,0.000221804,0.00111779
1754,2.59726,15.5735,-411.578,-0.00110033,-0.0581241,-0.0116893,0.0593137,0.000228935,0.000235734,0.00118609
1755,2.59726,15.5735,-411.578,-0.00216961,-0.0693457,-0.0150292,0.0709973,0.000236002,0.000242627,0.00122257
1756,2.59726,15.5735,-411.578,-0.00208197,-0.0752358,-0.0162738,0.0770263,0.000236824,0.000243359,0.00122691
1757,2.59726,15.5735,-411.578,-0.00142813,-0.0748185,-0.0156661,0.0764753,0.00023842,0.000245112,0.00123505
1758,2.59726,15.5735,-411.578,-0.000347534,-0.0687654,-0.0133772,0.0700813,0.000235851,0.000242994,0.00122204
1759,2.59726,15.5735,-411.578,0.000740953,-0.0576545,-0.00966119,0.0584792,0.000229675,0.000235992,0.00118989
1760,2.59726,15.5735,-411.578,0.00208674,-0.0428764,-0.00353787,0.0430852,0.00021888,0.000224879,0.00113383
1761,2.59726,15.5735,-411.578,0.00276683,-0.0258347,0.00321611,0.0262154,0.000197711,0.000202967,0.00102386
1762,2.59726,15.5735,-411.578,0.00307231,-0.00819762,0.0101569,0.0134506,0.000189486,0.000194821,0.000981412
1763,2.59726,15.5735,-411.578,0.00239029,0.00873268,0.017115,0.0193739,0.00018987,0.000195268,0.000983492
1764,2.59726,15.5735,-411.578,0.0014678,0.0238818,0.0219417,0.0324818,0.000198697,0.000204595,0.00102934
1765,2.59726,15.5735,-411.578,0.00081529,0.0359437,0.0266353,0.0447662,0.000214736,0.000220627,0.00111255
1766,2.59726,15.5735,-411.578,0.000358566,0.0439034,0.029524,0.0529153,0.000218035,0.000224826,0.00112987
1767,2.59726,15.5735,-411.578,0.000773126,0.0477377,0.0309223,0.056897,0.000225096,0.000231961,0.00116617
1768,2.59726,15.5735,-411.578,0.00162308,0.0470556,0.0304924,0.0561066,0.000221934,0.000228509,0.00114991
1769,2.59726,15.5735,-411.578,0.00210127,0.0420662,0.0286585,0.05096,0.000220388,0.000227238,0.00114182
1770,2.59726,15.5735,-411.578,0.00168074,0.033675,0.0246783,0.0417973,0.000207886,0.000213578,0.00107708
1771,2.59726,15.5735,-411.578,0.000276566,0.0228995,0.0207357,0.0309072,0.000197212,0.000203031,0.00102153
1772,2.59726,15.5735,-411.578,-0.000994386,0.0105376,0.0147736,0.0182022,0.000189622,0.000194931,0.00098232
1773,2.59726,15.5735,-411.578,-0.00215223,-0.00249531,0.00945186,0.0100362,0.000191744,0.000197258,0.000993158
1774,2.59726,15.5735,-411.578,-0.00280449,-0.0151127,0.00605753,0.0165723,0.000190614,0.000196011,0.000987463
1775,2.59726,15.5735,-411.578,-0.00283905,-0.0260658,0.00137151,0.0263155,0.000200359,0.000205755,0.00103791
1776,2.59726,15.5735,-411.578,-0.00235282,-0.0346126,-0.0014895,0.0347641,0.000211024,0.000216998,0.00109308
1777,2.59726,15.5735,-411.578,-0.00133278,-0.0402184,-0.00477313,0.0405535,0.000216579,0.000222364,0.00112198
1778,2.59726,15.5735,-411.578,-0.000540158,-0.0425659,-0.00475948,0.0428721,0.000214637,0.000220519,0.00111194
1779,2.59726,15.5735,-411.578,-0.000171813,-0.0415921,-0.00430342,0.0418466,0.000217197,0.000223241,0.00112516
1780,2.59726,15.5735,-411.578,7.20554e-05,-0.0378199,-0.00245948,0.0379177,0.000211534,0.000217127,0.00109566
1781,2.59726,15.5735,-411.578,-0.0002828,-0.0312439,-0.000556924,0.0313242,0.000205327,0.000211041,0.00106352
1782,2.59726,15.5735,-411.578,-0.000895938,-0.0230604,0.00410803,0.0234703,0.000197403,0.000202049,0.00102251
1783,2.59726,15.5735,-411.578,-0.00139431,-0.0136465,0.00843359,0.0161564,0.000187999,0.000193551,0.000973764
1784,2.59726,15.5735,-411.578,-0.00120944,-0.00420265,0.0117149,0.0125178,0.000187682,0.000193027,0.000972132
1785,2.59726,15.5735,-411.578,-0.000368534,0.00476004,0.0153892,0.0161224,0.000191463,0.000196543,0.000991818
1786,2.59726,15.5735,-411.578,0.00074472,0.0125007,0.0187307,0.0225407,0.000191151,0.000196603,0.000990143
1787,2.59726,15.5735,-411.578,0.00148815,0.0184019,0.0212109,0.0281302,0.00019588,0.000201375,0.00101456
1788,2.59726,15.5735,-411.578,0.00171247,0.022293,0.0231442,0.0321883,0.000198992,0.000204675,0.00103091
1789,2.59726,15.5735,-411.578,0.00143842,0.0239471,0.0226173,0.0330089,0.000201331,0.000207103,0.00104288
1790,2.59726,15.5735,-411.578,0.000373491,0.0232426,0.0221277,0.0321251,0.000196472,0.000202125,0.00101758
1791,2.59726,15.5735,-411.578,-0.000695346,0.02026,0.0216679,0.0296937,0.000196068,0.000201403,0.00101552
1792,2.59726,15.5735,-411.578,-0.00104619,0.0152743,0.0192646,0.0246322,0.00019322,0.000198829,0.00100106
1793,2.59726,15.5735,-411.578,-0.000838977,0.00897111,0.0180828,0.0202189,0.000193602,0.000199191,0.00100289
1794,2.59726,15.5735,-411.578,-0.000192171,0.00212999,0.013633,0.0138087,0.00018765,0.000192688,0.000971985
1795,2.59726,15.5735,-411.578,0.000317375,-0.00471632,0.00952249,0.0106668,0.000188262,0.000193433,0.000975212
1796,2.59726,15.5735,-411.578,0.000993032,-0.0112931,0.0063472,0.013073,0.000189825,0.000194961,0.000983403
1797,2.59726,15.5735,-411.578,0.00170106,-0.0166504,0.00441369,0.0173329,0.000190933,0.000195929,0.000988889
1798,2.59726,15.5735,-411.578,0.00189222,-0.0207573,0.00172081,0.0209783,0.000198272,0.000203673,0.00102694
1799,2.59726,15.5735,-411.578,0.00178912,-0.0232468,0.00046384,0.0233795,0.000196024,0.000201241,0.00101539
1800,2.59726,15.5735,-411.578,0.00108363,-0.0241518,-0.000325917,0.0242203,0.000200031,0.000205132,0.00103576
1801,2.59726,15.5735,-411.578,0.00053044,-0.0230998,-9.87689e-05,0.0231396,0.000193873,0.000199304,0.00100407
1802,2.59726,15.5735,-411.578,0.000677326,-0.0204963,-0.000107595,0.0205393,0.000190997,0.00019648,0.000989229
1803,2.59726,15.5735,-411.578,0.00121819,-0.0166663,0.00205714,0.016893,0.000190675,0.000195692,0.000987476
1804,2.59726,15.5735,-411.578,0.00218921,-0.0121592,0.00396557,0.0130689,0.000190612,0.000195967,0.00098734
1805,2.59726,15.5735,-411.578,0.00290868,-0.00699653,0.0064743,0.0100097,0.000187965,0.000192876,0.000973658
1806,2.59726,15.5735,-411.578,0.00332261,-0.00160059,0.00805423,0.00889672,0.000188904,0.0001942,0.000978729
1807,2.59726,15.5735,-411.578,0.00302854,0.00337866,0.00944973,0.0105091,0.000188824,0.000194056,0.00097796
1808,2.59726,15.5735,-411.578,0.00218122,0.00766716,0.0119346,0.0143751,0.000188896,0.000193968,0.000978313
1809,2.59726,15.5735,-411.578,0.00127569,0.0107123,0.0138192,0.0175504,0.000191628,0.000197247,0.000992707
1810,2.59726,15.5735,-411.578,0.00071319,0.0124607,0.0149673,0.019509,0.000194084,0.000199227,0.00100528
1811,2.59726,15.5735,-411.578,0.000801103,0.0130263,0.0153904,0.0202415,0.000192575,0.000198057,0.000997418
1812,2.59726,15.5735,-411.578,0.00105932,0.0121381,0.0156914,0.0198837,0.000195024,0.000200281,0.00101009
1813,2.59726,15.5735,-411.578,0.00131615,0.0102293,0.014157,0.0175444,0.00018929,0.000194424,0.00098056
1814,2.59726,15.5735,-411.578,0.00200011,0.00732119,0.0123875,0.0145719,0.000189735,0.000194695,0.000982629
1815,2.59726,15.5735,-411.578,0.00259153,0.00371075,0.011774,0.0126416,0.000186756,0.000191961,0.000967258
1816,2.59726,15.5735,-411.578,0.00298893,-9.01274e-05,0.0103749,0.0108111,0.000193064,0.000198093,0.000999885
1817,2.59726,15.5735,-411.578,0.00293585,-0.00412841,0.00752427,0.00909913,0.000187817,0.000193151,0.00097296
1818,2.59726,15.5735,-411.578,0.00254407,-0.00756473,0.00512558,0.00954269,0.000189464,0.000194878,0.000981355
1819,2.59726,15.5735,-411.578,0.00233113,-0.0106305,0.00367266,0.0115746,0.000193974,0.000199033,0.00100458
1820,2.59726,15.5735,-411.578,0.00250709,-0.0128828,0.00197293,0.0133263,0.000188287,0.000193602,0.000975363
1821,2.59726,15.5735,-411.578,0.00313644,-0.0144013,0.000314109,0.0148147,0.000194573,0.00020005,0.00100789
1822,2.59726,15.5735,-411.578,0.00409916,-0.0147407,0.000153325,0.0153999,0.000190419,0.00019594,0.000986342
1823,2.59726,15.5735,-411.578,0.00511474,-0.0140485,-0.000266131,0.0150355,0.000189466,0.000194887,0.000981518
1824,2.59726,15.5735,-411.578,0.00566925,-0.0124423,-0.000978781,0.0138087,0.000193021,0.000198584,0.000999924
1825,2.59726,15.5735,-411.578,0.00551337,-0.00989342,0.000460355,0.0114344,0.000191237,0.000196806,0.000990662
1826,2.59726,15.5735,-411.578,0.00510707,-0.00706546,0.00103626,0.00888064,0.000190152,0.000195361,0.000985222
1827,2.59726,15.5735,-411.578,0.00457593,-0.00402187,0.00227489,0.00680336,0.000188628,0.000193826,0.000976966
1828,2.59726,15.5735,-411.578,0.00430225,-0.000989888,0.00398507,0.00607859,0.000189239,0.000194724,0.000980138
1829,2.59726,15.5735,-411.578,0.00403994,0.0016976,0.00505124,0.0067763,0.000187818,0.000192777,0.000972868
1830,2.59726,15.5735,-411.578,0.00411442,0.00387124,0.00690086,0.0089871,0.000188712,0.000194324,0.000977404
1831,2.59726,15.5735,-411.578,0.0041942,0.00577725,0.00752714,0.0104347,0.000191616,0.00019699,0.000992689
1832,2.59726,15.5735,-411.578,0.00443932,0.00653787,0.00882755,0.0119197,0.000191623,0.00019701,0.000992563
1833,2.59726,15.5735,-411.578,0.00471337,0.00683524,0.00950978,0.0126594,0.000189176,0.000194142,0.000979956
1834,2.59726,15.5735,-411.578,0.00482478,0.00641558,0.00945412,0.0124361,0.000187816,0.000193154,0.000973006
1835,2.59726,15.5735,-411.578,0.00443937,0.00530435,0.00990263,0.0121022,0.00018699,0.000192309,0.000968416
1836,2.59726,15.5735,-411.578,0.00410299,0.00355972,0.00822721,0.00991394,0.000187685,0.000192936,0.000972198
1837,2.59726,15.5735,-411.578,0.00352518,0.00177415,0.0079073,0.0089105,0.000189007,0.000194083,0.000978973
1838,2.59726,15.5735,-411.578,0.00354191,-0.000428819,0.00638212,0.00737723,0.00018746,0.000193163,0.000971317
1839,2.59726,15.5735,-411.578,0.00406308,-0.00271959,0.00518075,0.00719498,0.000188279,0.000193424,0.000975199
1840,2.59726,15.5735,-411.578,0.00493838,-0.00480886,0.00481967,0.00848322,0.000188813,0.000193807,0.000978165
1841,2.59726,15.5735,-411.578,0.00559981,-0.00656785,0.00316592,0.0092954,0.000190624,0.000195812,0.000987431
1842,2.59726,15.5735,-411.578,0.00610871,-0.00745752,0.0014576,0.00984425,0.000188297,0.000193534,0.00097536
1843,2.59726,15.5735,-411.578,0.00589305,-0.00811438,0.00101397,0.0101937,0.000190453,0.000195794,0.000986804
1844,2.59726,15.5735,-411.578,0.00572375,-0.00800664,0.000942219,0.00994977,0.000191728,0.000197294,0.000993083
1845,2.59726,15.5735,-411.578,0.00541281,-0.00767508,-0.00101678,0.00964978,0.000189517,0.00019438,0.000981599
1846,2.59726,15.5735,-411.578,0.00557136,-0.00667401,0.000343874,0.00894376,0.000186437,0.000191578,0.000965628
1847,2.59726,15.5735,-411.578,0.00553366,-0.00526603,0.00147872,0.0078883,0.00018804,0.000193223,0.000973905
1848,2.59726,15.5735,-411.578,0.00572091,-0.00383487,0.00178977,0.00730449,0.000191372,0.000196506,0.000991246
1849,2.59726,15.5735,-411.578,0.00605183,-0.00198513,0.0029569,0.00708807,0.000193922,0.000199004,0.00100421
1850,2.59726,15.5735,-411.578,0.00636605,-0.000348881,0.00385559,0.007555,0.00019024,0.000195496,0.000985206
1851,2.59726,15.5735,-411.578,0.00648899,0.00143137,0.00458973,0.00813542,0.000188239,0.000193811,0.000975172
1852,2.59726,15.5735,-411.578,0.00634234,0.0025276,0.00597029,0.00918001,0.000191656,0.00019703,0.000992616
1853,2.59726,15.5735,-411.578,0.0057878,0.00362691,0.0064985,0.0094729,0.000186059,0.000191346,0.000963778
1854,2.59726,15.5735,-411.578,0.00491082,0.00401202,0.00719932,0.00966319,0.000192491,0.000197779,0.000997073
1855,2.59726,15.5735,-411.578,0.00406123,0.00395924,0.00755919,0.00949262,0.000192074,0.000197453,0.000994761
1856,2.59726,15.5735,-411.578,0.00366869,0.00327097,0.00764034,0.0091343,0.000189777,0.000194789,0.000983078
1857,2.59726,15.5735,-411.578,0.00394414,0.00245027,0.00740729,0.0087825,0.000188225,0.000193675,0.000974856
1858,2.59726,15.5735,-411.578,0.00463138,0.00118127,0.00764364,0.00904995,0.000190742,0.000196192,0.000988035
1859,2.59726,15.5735,-411.578,0.004987,-0.00026275,0.0066733,0.00841419,0.000189591,0.000195123,0.000982226
1860,2.59726,15.5735,-411.578,0.00522124,-0.00164268,0.00538636,0.00781969,0.000189098,0.000194422,0.00097966
1861,2.59726,15.5735,-411.578,0.0048098,-0.00291929,0.00556827,0.00795786,0.000189254,0.000194362,0.00098016
1862,2.59726,15.5735,-411.578,0.00450179,-0.00415311,0.00443043,0.00773419,0.000190383,0.000195432,0.000986197
1863,2.59726,15.5735,-411.578,0.00411765,-0.00495808,0.00451851,0.00796269,0.000188469,0.000193092,0.000976096
1864,2.59726,15.5735,-411.578,0.00366038,-0.00576378,0.00419585,0.0080949,0.000189676,0.000194953,0.000982465
1865,2.59726,15.5735,-411.578,0.00380143,-0.00611114,0.00353431,0.00822575,0.000188929,0.000193883,0.000978478
1866,2.59726,15.5735,-411.578,0.00395465,-0.006009,0.0028489,0.00787807,0.000190909,0.000196273,0.000989049
1867,2.59726,15.5735,-411.578,0.00419496,-0.00544911,0.00292691,0.00758215,0.000191562,0.00019671,0.000992285
1868,2.59726,15.5735,-411.578,0.0046664,-0.00477824,0.00210028,0.00708662,0.00019105,0.000196072,0.000989639
1869,2.59726,15.5735,-411.578,0.00514168,-0.00380588,0.00289899,0.00710788,0.000188975,0.000194141,0.000978543
1870,2.59726,15.5735,-411.578,0.00514665,-0.00239422,0.00274242,0.00653833,0.000189976,0.000195355,0.000984163
1871,2.59726,15.5735,-411.578,0.00443912,-0.00116209,0.00276288,0.00552998,0.000191355,0.000196466,0.000991195
1872,2.59726,15.5735,-411.578,0.00337761,-7.71412e-05,0.00350952,0.00501735,0.00019263,0.000197455,0.00099767
1873,2.59726,15.5735,-411.578,0.00260511,0.000824713,0.00500455,0.00578335,0.000187813,0.000192848,0.000972741
1874,2.59726,15.5735,-411.578,0.00231374,0.00144043,0.00567182,0.00635131,0.000190087,0.000195391,0.000984719
1875,2.59726,15.5735,-411.578,0.00262719,0.00201842,0.00567044,0.00667635,0.000188717,0.000194028,0.000977611
1876,2.59726,15.5735,-411.578,0.00304771,0.00188201,0.00586513,0.00695631,0.000190745,0.000195696,0.000988081
1877,2.59726,15.5735,-411.578,0.003498,0.00180416,0.00690464,0.00798061,0.000187704,0.000193292,0.000972395
1878,2.59726,15.5735,-411.578,0.00358315,0.00136955,0.00715067,0.00816472,0.000188315,0.000193271,0.000975623
1879,2.59726,15.5735,-411.578,0.00331362,0.0010011,0.00679631,0.00768413,0.000189888,0.00019494,0.000983469
1880,2.59726,15.5735,-411.578,0.00286105,0.00034824,0.00688839,0.00750632,0.000187553,0.000192429,0.000971579
1881,2.59726,15.5735,-411.578,0.00220619,-0.000695372,0.00689252,0.00730037,0.000188055,0.000192925,0.000974084
1882,2.59726,15.5735,-411.578,0.00158757,-0.00190251,0.00774958,0.00814874,0.000189817,0.000194773,0.000983255
1883,2.59726,15.5735,-411.578,0.00111419,-0.00296716,0.0075449,0.00821048,0.000190285,0.000195531,0.000985518
1884,2.59726,15.5735,-411.578,0.00128872,-0.00396424,0.00702199,0.00820197,0.000189986,0.000195202,0.000984155
1885,2.59726,15.5735,-411.578,0.00166278,-0.0048317,0.00631478,0.00817595,0.000188091,0.00019284,0.000974259
1886,2.59726,15.5735,-411.578,0.00248915,-0.00552277,0.00612209,0.00865765,0.000186152,0.000190814,0.000964149
1887,2.59726,15.5735,-411.578,0.00297071,-0.00570499,0.00506925,0.00824891,0.000187841,0.000192971,0.000972904
1888,2.59726,15.5735,-411.578,0.00320715,-0.00545125,0.00407131,0.00760303,0.000188319,0.000193578,0.000975564
1889,2.59726,15.5735,-411.578,0.00285999,-0.00518317,0.00341507,0.00720589,0.00018829,0.000193397,0.000975288
1890,2.59726,15.5735,-411.578,0.0020315,-0.00464321,0.00444752,0.00680168,0.000189159,0.00019425,0.000979985
1891,2.59726,15.5735,-411.578,0.00118489,-0.00391822,0.00492559,0.00649617,0.000187886,0.000193228,0.000973281
1892,2.59726,15.5735,-411.578,0.000830126,-0.00321735,0.00524971,0.00630989,0.000190677,0.000196159,0.000987754
1893,2.59726,15.5735,-411.578,0.000930611,-0.00262582,0.00521212,0.00605562,0.000192366,0.000197251,0.000996324
1894,2.59726,15.5735,-411.578,0.00109538,-0.00189193,0.00607126,0.00648383,0.000187745,0.000193245,0.000972711
1895,2.59726,15.5735,-411.578,0.00167761,-0.00137105,0.00649404,0.0069091,0.000189013,0.000194136,0.000978965
1896,2.59726,15.5735,-411.578,0.00195756,-0.000648341,0.00711777,0.00743987,0.000189595,0.000194944,0.000982105
1897,2.59726,15.5735,-411.578,0.00164776,-0.000261451,0.0081759,0.00836939,0.000188669,0.000193738,0.000977312
1898,2.59726,15.5735,-411.578,0.00119522,0.000204624,0.00840402,0.00850111,0.000188376,0.000193253,0.000975698
1899,2.59726,15.5735,-411.578,0.000301148,0.000178043,0.00966089,0.00967368,0.000192161,0.000197085,0.00099542
1900,2.59726,15.5735,-411.578,-0.000161753,0.000152136,0.0100785,0.0100894,0.000188159,0.000193351,0.000974619
1901,2.59726,15.5735,-411.578,-0.00102245,-0.000275268,0.0104403,0.0104983,0.000186971,0.000192066,0.000968618
1902,2.59726,15.5735,-411.578,-0.00159079,-0.000744093,0.0106056,0.0107568,0.000188714,0.000193827,0.00097749
1903,2.59726,15.5735,-411.578,-0.00124768,-0.00151742,0.0086215,0.0088624,0.000187464,0.00019277,0.000971069
1904,2.59726,15.5735,-411.578,-0.000621138,-0.00242057,0.00956549,0.00989447,0.000190233,0.000195792,0.000985379
1905,2.59726,15.5735,-411.578,9.23247e-05,-0.00346576,0.00933894,0.00999076,0.000189973,0.000194985,0.000984051
1906,2.59726,15.5735,-411.578,3.89836e-05,-0.00408875,0.00882484,0.00975629,0.000189637,0.000194609,0.000982382
1907,2.59726,15.5735,-411.578,-7.08673e-06,-0.00467057,0.00848486,0.00973104,0.000190382,0.000195849,0.00098632
1908,2.59726,15.5735,-411.578,-0.000556855,-0.00484352,0.00764875,0.00912505,0.000190831,0.000196049,0.000988273
1909,2.59726,15.5735,-411.578,-0.00111305,-0.00504136,0.0075973,0.00927826,0.000187428,0.000192378,0.000970762
1910,2.59726,15.5735,-411.578,-0.00151779,-0.0052725,0.00756742,0.00937353,0.000189872,0.000194761,0.000983509
1911,2.59726,15.5735,-411.578,-0.00119514,-0.00535608,0.00805911,0.00977381,0.000187621,0.000192845,0.000971765
1912,2.59726,15.5735,-411.578,-0.00076427,-0.00536334,0.00823684,0.00991186,0.00018875,0.000193656,0.000977732
1913,2.59726,15.5735,-411.578,-0.000167536,-0.0050225,0.00840632,0.00983035,0.000187872,0.000192747,0.000973226
1914,2.59726,15.5735,-411.578,0.000439962,-0.00452164,0.00803516,0.00927738,0.000186466,0.000191828,0.000966117
1915,2.59726,15.5735,-411.578,0.000688507,-0.00391619,0.00832316,0.00925209,0.000192188,0.000197101,0.000995276
1916,2.59726,15.5735,-411.578,0.000483609,-0.00294681,0.00839966,0.0089841,0.000188569,0.000193685,0.000976637
1917,2.59726,15.5735,-411.578,0.000179852,-0.00204482,0.00908717,0.00934155,0.000186451,0.000191532,0.00096583
1918,2.59726,15.5735,-411.578,-0.000371282,-0.00140742,0.0099689,0.0100805,0.000187171,0.000192657,0.00096956
1919,2.59726,15.5735,-411.578,-0.000638539,-0.000929839,0.0103149,0.0103853,0.000185921,0.00019087,0.000963112
1920,2.59726,15.5735,-411.578,-0.000896433,-0.000715388,0.0105129,0.010581,0.000189546,0.000194443,0.00098183
1921,2.59726,15.5735,-411.578,-0.000741394,-0.000859579,0.011435,0.011497,0.000183179,0.000187928,0.000948881
1922,2.59726,15.5735,-411.578,-9.92306e-05,-0.00111083,0.0101974,0.0102644,0.000184941,0.000189866,0.000958202
1923,2.59726,15.5735,-411.578,0.000469287,-0.00143196,0.0114896,0.0115982,0.000186386,0.000191165,0.00096549
1924,2.59726,15.5735,-411.578,0.000637649,-0.00173737,0.0121231,0.0122675,0.000188312,0.000193455,0.000975345
1925,2.59726,15.5735,-411.578,0.000622498,-0.0022473,0.0117135,0.0119508,0.000190208,0.000195074,0.000985115
1926,2.59726,15.5735,-411.578,1.35587e-05,-0.00253517,0.0120416,0.0123136,0.000191133,0.000196389,0.000990093
1927,2.59726,15.5735,-411.578,-0.000356296,-0.00304909,0.0113436,0.0117609,0.000187358,0.000192251,0.000970315
1928,2.59726,15.5735,-411.578,-0.000868363,-0.00385121,0.0116596,0.0123167,0.000186158,0.000191051,0.000964141
1929,2.59726,15.5735,-411.578,-0.000741829,-0.00434512,0.0108717,0.0117467,0.000191309,0.00019658,0.00099114
1930,2.59726,15.5735,-411.578,-0.000238862,-0.00503058,0.0113624,0.0124374,0.000190693,0.000195901,0.000987742
1931,2.59726,15.5735,-411.578,0.000296616,-0.00566122,0.0103593,0.0118379,0.00018792,0.000192567,0.00097321
1932,2.59726,15.5735,-411.578,0.000881772,-0.00589799,0.0110488,0.0125815,0.000189549,0.000194729,0.000981629
1933,2.59726,15.5735,-411.578,0.00107106,-0.00580362,0.0111935,0.0126692,0.000190715,0.000196405,0.000987823
1934,2.59726,15.5735,-411.578,0.000918556,-0.00552023,0.010568,0.0119689,0.000192696,0.000197633,0.000998051
1935,2.59726,15.5735,-411.578,0.000686611,-0.00479218,0.010562,0.0116307,0.000191381,0.000196744,0.000991256
1936,2.59726,15.5735,-411.578,0.000320878,-0.00418609,0.010775,0.0115929,0.000189589,0.000194576,0.000982038
1937,2.59726,15.5735,-411.578,0.0001997,-0.00327922,0.00975537,0.0103085,0.000187724,0.00019268,0.000972648
1938,2.59726,15.5735,-411.578,0.000414074,-0.00282127,0.0103832,0.0107774,0.000190663,0.000195746,0.000987722
1939,2.59726,15.5735,-411.578,0.000654819,-0.00202016,0.0104895,0.0107069,0.00018947,0.000194938,0.000981398
1940,2.59726,15.5735,-411.578,0.00132683,-0.00161128,0.0110487,0.0112537,0.000190413,0.000195592,0.000986395
1941,2.59726,15.5735,-411.578,0.00169177,-0.00139996,0.0103228,0.0105676,0.000191081,0.000196097,0.000989818
1942,2.59726,15.5735,-411.578,0.00199461,-0.00103371,0.00967877,0.00995513,0.000187811,0.000192916,0.000972789
1943,2.59726,15.5735,-411.578,0.00213373,-0.00103285,0.011088,0.0113494,0.000190088,0.000194934,0.000984546
1944,2.59726,15.5735,-411.578,0.00180728,-0.00089916,0.010963,0.0111522,0.000188264,0.000193097,0.000975089
1945,2.59726,15.5735,-411.578,0.00150981,-0.00104485,0.010328,0.0105045,0.000186142,0.000191531,0.000964205
1946,2.59726,15.5735,-411.578,0.00125881,-0.00125349,0.0102203,0.0103862,0.000188406,0.000193352,0.000975778
1947,2.59726,15.5735,-411.578,0.00146967,-0.00184592,0.0102668,0.0105463,0.000190333,0.000195491,0.000985964
1948,2.59726,15.5735,-411.578,0.00207431,-0.00245901,0.010828,0.0113132,0.00018958,0.00019486,0.00098216
1949,2.59726,15.5735,-411.578,0.0025011,-0.00330622,0.0103688,0.0111855,0.000187495,0.000192338,0.000971043
1950,2.59726,15.5735,-411.578,0.00303064,-0.00400849,0.0101436,0.0113537,0.000190941,0.000196191,0.000989276
1951,2.59726,15.5735,-411.578,0.00324403,-0.00455904,0.010204,0.0116598,0.000190672,0.000195835,0.000987696
1952,2.59726,15.5735,-411.578,0.00328052,-0.00489488,0.00970809,0.0114101,0.000187593,0.000192427,0.000971653
1953,2.59726,15.5735,-411.578,0.00283403,-0.00506757,0.00958249,0.0112452,0.000189188,0.000194312,0.000979678
1954,2.59726,15.5735,-411.578,0.0026256,-0.00502638,0.0087691,0.0104686,0.000188882,0.000194093,0.000978246
1955,2.59726,15.5735,-411.578,0.00252802,-0.00477976,0.00898613,0.0105152,0.000190977,0.000196077,0.000989285
1956,2.59726,15.5735,-411.578,0.00257467,-0.00448915,0.00746994,0.00913107,0.000191299,0.000196238,0.000990799
1957,2.59726,15.5735,-411.578,0.00283652,-0.00423509,0.00849876,0.00992596,0.000191712,0.000196796,0.000992745
1958,2.59726,15.5735,-411.578,0.00328408,-0.00377149,0.00867717,0.0100423,0.000189278,0.00019434,0.000980368
1959,2.59726,15.5735,-411.578,0.00410713,-0.0031853,0.0074701,0.00916362,0.000186845,0.000192026,0.00096767
1960,2.59726,15.5735,-411.578,0.00442935,-0.00280933,0.00738461,0.00914975,0.000189602,0.000194808,0.000982085
1961,2.59726,15.5735,-411.578,0.00426919,-0.00210193,0.00699591,0.0085007,0.000189718,0.000194987,0.000982759
1962,2.59726,15.5735,-411.578,0.00417557,-0.00153899,0.00775434,0.00897707,0.000186558,0.000192137,0.000966368
1963,2.59726,15.5735,-411.578,0.00361422,-0.000873697,0.00795918,0.00879749,0.000188109,0.000192959,0.000974454
1964,2.59726,15.5735,-411.578,0.00367154,-0.000289125,0.00820614,0.00900773,0.000187617,0.000192798,0.000971661
1965,2.59726,15.5735,-411.578,0.00405257,-0.000240306,0.00771386,0.00876614,0.000191593,0.000196664,0.000992382
1966,2.59726,15.5735,-411.578,0.00451415,-8.2117e-05,0.00728787,0.00860629,0.000188288,0.000193444,0.000975397
1967,2.59726,15.5735,-411.578,0.00498393,-0.000200012,0.00725178,0.00889905,0.000189821,0.000194995,0.000983438
1968,2.59726,15.5735,-411.578,0.00555501,-0.0006127,0.00722568,0.00926717,0.000189928,0.000194968,0.000983864
1969,2.59726,15.5735,-411.578,0.00541602,-0.000940478,0.00760761,0.00941123,0.000190188,0.000195224,0.000985103
1970,2.59726,15.5735,-411.578,0.00532879,-0.00130414,0.00812568,0.00982756,0.000187205,0.000192524,0.000969824
1971,2.59726,15.5735,-411.578,0.00516299,-0.00160899,0.00689098,0.0089385,0.000189504,0.000194619,0.000981634
1972,2.59726,15.5735,-411.578,0.0046472,-0.00188485,0.00792162,0.00939341,0.000189967,0.000195194,0.000983936
1973,2.59726,15.5735,-411.578,0.00436261,-0.00219128,0.00673717,0.00835741,0.000188459,0.000193601,0.000976633
1974,2.59726,15.5735,-411.578,0.00442281,-0.00278449,0.00732752,0.0090462,0.000192566,0.000197927,0.000997519
1975,2.59726,15.5735,-411.578,0.00467798,-0.00281349,0.00549717,0.0078358,0.00019334,0.000198239,0.00100139
1976,2.59726,15.5735,-411.578,0.00512656,-0.0031927,0.00680467,0.00912609,0.000189662,0.000194914,0.000982396
1977,2.59726,15.5735,-411.578,0.00578583,-0.00320173,0.00558712,0.00870435,0.000190332,0.000195795,0.000985958
1978,2.59726,15.5735,-411.578,0.00602269,-0.00319989,0.0050033,0.00858882,0.000188186,0.000193732,0.000974669
1979,2.59726,15.5735,-411.578,0.00584428,-0.0031749,0.00510226,0.00847646,0.000187812,0.000192622,0.000972774
1980,2.59726,15.5735,-411.578,0.00529511,-0.0028284,0.00561469,0.00825636,0.0001901,0.000195637,0.000984668
1981,2.59726,15.5735,-411.578,0.00467428,-0.00224672,0.00532695,0.00749465,0.000187164,0.000192545,0.000969516
1982,2.59726,15.5735,-411.578,0.0045742,-0.00186506,0.0060498,0.00790654,0.000190773,0.00019552,0.000988086
1983,2.59726,15.5735,-411.578,0.0047467,-0.00130645,0.005794,0.00764785,0.000192872,0.000197716,0.000999035
1984,2.59726,15.5735,-411.578,0.00527237,-0.00102168,0.00644584,0.00844811,0.000188946,0.000194065,0.000978842
1985,2.59726,15.5735,-411.578,0.00585433,-0.0006338,0.00533731,0.00804255,0.000188895,0.000194319,0.000978564
1986,2.59726,15.5735,-411.578,0.00617392,-0.00057416,0.00654141,0.00905173,0.000190523,0.000195426,0.000986654
1987,2.59726,15.5735,-411.578,0.00630319,-0.000436015,0.0073162,0.00969586,0.000189315,0.000194421,0.00098063
1988,2.59726,15.5735,-411.578,0.00608541,-0.000290579,0.0070859,0.00941367,0.000186759,0.000191763,0.000967349
1989,2.59726,15.5735,-411.578,0.00551879,-0.000328025,0.0077546,0.00960915,0.000189183,0.000194553,0.000980152
1990,2.59726,15.5735,-411.578,0.00504557,-0.000293636,0.00791292,0.00942701,0.000193008,0.000198107,0.000999643
1991,2.59726,15.5735,-411.578,0.00450156,-0.000395034,0.00737859,0.00870278,0.000186866,0.000192133,0.000967895
1992,2.59726,15.5735,-411.578,0.0042502,-0.000729426,0.00792238,0.00903584,0.000187999,0.000192982,0.000973636
1993,2.59726,15.5735,-411.578,0.00456641,-0.0010218,0.00654785,0.00814712,0.000187312,0.000192736,0.000970223
1994,2.59726,15.5735,-411.578,0.00495935,-0.00135352,0.00560692,0.00779039,0.000186723,0.000192213,0.000967269
1995,2.59726,15.5735,-411.578,0.00544526,-0.00182106,0.00558261,0.00804288,0.000188094,0.000193155,0.000974298
1996,2.59726,15.5735,-411.578,0.00540608,-0.00219237,0.00566331,0.00817305,0.000189107,0.00019434,0.000979777
1997,2.59726,15.5735,-411.578,0.00516147,-0.00247905,0.00615476,0.00848022,0.000186659,0.000192137,0.00096701
1998,2.59726,15.5735,-411.578,0.0043988,-0.00275742,0.00638215,0.00831259,0.00018844,0.000193748,0.000976039
1999,2.59726,15.5735,-411.578,0.00368837,-0.00266622,0.00606344,0.00768575,0.000189059,0.000194141,0.000979424
2000,2.59726,15.5735,-411.578,0.00329836,-0.0025537,0.00628501,0.00759271,0.000189552,0.000194755,0.000981839
2001,2.59726,15.5735,-411.578,0.00322236,-0.00247635,0.00672254,0.00787891,0.000187841,0.000193272,0.000973028
2002,2.59726,15.5735,-411.578,0.00373135,-0.00216293,0.0069594,0.00821345,0.000184847,0.000189922,0.000957635
2003,2.59726,15.5735,-411.578,0.00414371,-0.0020375,0.0066972,0.00816883,0.000189038,0.00019403,0.000978914
2004,2.59726,15.5735,-411.578,0.00453919,-0.00166419,0.0063592,0.00803723,0.000189416,0.00019471,0.000981
2005,2.59726,15.5735,-411.578,0.00489722,-0.00123527,0.00627917,0.00810284,0.000192728,0.000197718,0.000998214
2006,2.59726,15.5735,-411.578,0.00477486,-0.000848051,0.00632577,0.00804605,0.000185775,0.000190938,0.000962335
2007,2.59726,15.5735,-411.578,0.00428417,-0.000559544,0.00646663,0.00782377,0.00019004,0.000195057,0.000984366
2008,2.59726,15.5735,-411.578,0.00360484,-0.000177317,0.00722988,0.00811445,0.000188174,0.000193519,0.000974749
2009,2.59726,15.5735,-411.578,0.0029525,2.90072e-05,0.00736282,0.00795351,0.000188814,0.000193988,0.00097821
2010,2.59726,15.5735,-411.578,0.00273824,0.00017278,0.00658229,0.00715254,0.000190254,0.000195634,0.00098526
2011,2.59726,15.5735,-411.578,0.00307449,-8.96035e-05,0.00617128,0.00706224,0.000187208,0.000192566,0.000969761
2012,2.59726,15.5735,-411.578,0.00349898,-0.000515457,0.00665699,0.00756694,0.000189023,0.000193974,0.000979245
2013,2.59726,15.5735,-411.578,0.00401588,-0.000604638,0.00565318,0.00702727,0.00018853,0.000193477,0.000976506
2014,2.59726,15.5735,-411.578,0.00428738,-0.00106749,0.00570245,0.0072794,0.000188742,0.000193496,0.00097758
2015,2.59726,15.5735,-411.578,0.00386022,-0.00129641,0.00541977,0.00682621,0.000187932,0.000193025,0.000973292
2016,2.59726,15.5735,-411.578,0.00343435,-0.00137727,0.00578852,0.00695638,0.000191302,0.000196198,0.000990744
2017,2.59726,15.5735,-411.578,0.00246586,-0.00167311,0.00524818,0.00622838,0.000185851,0.000191142,0.000962727
2018,2.59726,15.5735,-411.578,0.00193817,-0.00212447,0.00638301,0.00708302,0.000187707,0.00019248,0.000972236
2019,2.59726,15.5735,-411.578,0.00155677,-0.00240246,0.00725521,0.00780856,0.000190126,0.000195091,0.000984764
2020,2.59726,15.5735,-411.578,0.00173815,-0.00261674,0.00701508,0.00772677,0.000190333,0.000195659,0.000985644
2021,2.59726,15.5735,-411.578,0.00218466,-0.00284766,0.00695639,0.00785042,0.000188322,0.00019339,0.000975489
2022,2.59726,15.5735,-411.578,0.00260656,-0.00294886,0.00645663,0.00775708,0.000188687,0.000194045,0.000977447
2023,2.59726,15.5735,-411.578,0.00282763,-0.00288805,0.00613307,0.00740084,0.000188506,0.000193558,0.000976498
2024,2.59726,15.5735,-411.578,0.00260243,-0.00267039,0.00668322,0.00769279,0.000185596,0.000191002,0.000961454
2025,2.59726,15.5735,-411.578,0.00198209,-0.00242206,0.00684066,0.00755248,0.000188637,0.000193841,0.00097714
2026,2.59726,15.5735,-411.578,0.00114871,-0.00209712,0.00602927,0.00653472,0.000184958,0.000190265,0.000958143
2027,2.59726,15.5735,-411.578,0.000360204,-0.00174524,0.0075559,0.00778832,0.00018774,0.000193184,0.000972757
2028,2.59726,15.5735,-411.578,0.00014641,-0.00143116,0.00687196,0.00702986,0.000187351,0.000192382,0.000970335
2029,2.59726,15.5735,-411.578,0.000287654,-0.0011378,0.00604959,0.00617913,0.000188393,0.000193537,0.000976058
2030,2.59726,15.5735,-411.578,0.000796639,-0.00117567,0.00698608,0.00713906,0.000189071,0.000194441,0.000979211
2031,2.59726,15.5735,-411.578,0.0012282,-0.0011986,0.00666543,0.00690188,0.000188297,0.000193243,0.00097525
2032,2.59726,15.5735,-411.578,0.00159845,-0.00131285,0.00712142,0.00745776,0.000187801,0.000193366,0.000972994
2033,2.59726,15.5735,-411.578,0.0015535,-0.00145887,0.00756282,0.00786883,0.000187541,0.000192396,0.000971449
2034,2.59726,15.5735,-411.578,0.000916531,-0.00152348,0.00708869,0.0073419,0.00019202,0.000196962,0.000994492
2035,2.59726,15.5735,-411.578,-3.87522e-07,-0.00164482,0.00775834,0.00794121,0.000187351,0.000192361,0.000970407
2036,2.59726,15.5735,-411.578,-0.000548501,-0.00162369,0.00711201,0.00732407,0.000187105,0.000192284,0.000969013
2037,2.59726,15.5735,-411.578,-0.000987138,-0.00189976,0.00734017,0.00766417,0.000185178,0.000190654,0.000959307
2038,2.59726,15.5735,-411.578,-0.000820667,-0.00212955,0.00713582,0.00749961,0.000190611,0.000195511,0.000987234
2039,2.59726,15.5735,-411.578,-0.000220095,-0.0024019,0.00767376,0.00805897,0.000189498,0.000194857,0.000981658
2040,2.59726,15.5735,-411.578,0.000278432,-0.0027644,0.00802861,0.00852085,0.000187935,0.000193067,0.000973763
2041,2.59726,15.5735,-411.578,0.000675633,-0.00303916,0.00724885,0.00793829,0.00018719,0.000192467,0.000969685
2042,2.59726,15.5735,-411.578,0.000557946,-0.00320276,0.00717834,0.00790953,0.000189545,0.000194647,0.000981848
2043,2.59726,15.5735,-411.578,0.000148429,-0.00322149,0.0074339,0.00813064,0.000188888,0.000193931,0.000978607
2044,2.59726,15.5735,-411.578,-0.000516304,-0.00304696,0.00781774,0.00844047,0.000189066,0.000193795,0.000979357
2045,2.59726,15.5735,-411.578,-0.00122172,-0.00307538,0.00760264,0.00836518,0.00018865,0.000193557,0.000977192
2046,2.59726,15.5735,-411.578,-0.00150601,-0.00274704,0.00841821,0.00899612,0.000185718,0.000191512,0.000962219
2047,2.59726,15.5735,-411.578,-0.00138151,-0.00268407,0.00865473,0.0091787,0.000188564,0.000193379,0.000976784
2048,2.59726,15.5735,-411.578,-0.000761549,-0.00270292,0.00799266,0.00850034,0.000189325,0.000194713,0.000980622
2049,2.59726,15.5735,-411.578,-7.83568e-06,-0.0026951,0.00899052,0.00939661,0.000187986,0.000193057,0.000973951
2050,2.59726,15.5735,-411.578,0.000671859,-0.00273278,0.00753422,0.00806028,0.00018639,0.000191608,0.000965424
2051,2.59726,15.5735,-411.578,0.000803603,-0.00262677,0.00785061,0.00833251,0.000187439,0.000192962,0.000970982
2052,2.59726,15.5735,-411.578,0.000487157,-0.00239115,0.00888321,0.00923177,0.000189458,0.00019444,0.000981299
2053,2.59726,15.5735,-411.578,-5.26179e-05,-0.00227957,0.00875718,0.00906052,0.000189447,0.00019475,0.00098117
2054,2.59726,15.5735,-411.578,-0.000479472,-0.00216061,0.00889346,0.00918394,0.000187206,0.000192234,0.000969595
2055,2.59726,15.5735,-411.578,-0.000885881,-0.00218148,0.00855554,0.00888773,0.000189849,0.000194779,0.000983158
2056,2.59726,15.5735,-411.578,-0.000682614,-0.00226565,0.0088695,0.00918623,0.000187843,0.000193304,0.00097288
2057,2.59726,15.5735,-411.578,-0.000108797,-0.00212709,0.00867026,0.00895479,0.00018856,0.000194264,0.000976701
2058,2.59726,15.5735,-411.578,0.000498133,-0.0023936,0.00858485,0.00896228,0.000190128,0.000195211,0.000984621
2059,2.59726,15.5735,-411.578,0.00118026,-0.00272116,0.00850717,0.00904399,0.00019222,0.000197297,0.000995558
2060,2.59726,15.5735,-411.578,0.00122692,-0.00295761,0.00893554,0.00950503,0.000190447,0.000195678,0.000986402
2061,2.59726,15.5735,-411.578,0.00103457,-0.00294745,0.00852397,0.00912335,0.000190375,0.000195286,0.00098616
2062,2.59726,15.5735,-411.578,0.000390292,-0.00304143,0.0088943,0.00942619,0.000190119,0.000195078,0.000984779
2063,2.59726,15.5735,-411.578,-0.000236988,-0.00292661,0.00807459,0.00861935,0.000191279,0.000196218,0.000990615
2064,2.59726,15.5735,-411.578,-0.000918132,-0.00308183,0.00922894,0.00978643,0.00018844,0.000193574,0.000975851
2065,2.59726,15.5735,-411.578,-0.000868334,-0.00321346,0.00900153,0.00962578,0.000190103,0.000195407,0.00098448
2066,2.59726,15.5735,-411.578,-0.000424329,-0.00307113,0.00886457,0.00940317,0.000190888,0.000196641,0.000988877
2067,2.59726,15.5735,-411.578,0.000191458,-0.00331469,0.00926817,0.00985847,0.000188951,0.000194265,0.000978797
2068,2.59726,15.5735,-411.578,0.000803043,-0.00319374,0.00914112,0.00974404,0.000187753,0.000193005,0.000972318
2069,2.59726,15.5735,-411.578,0.000979841,-0.00336924,0.00986971,0.0104846,0.000189088,0.000194121,0.000979271
2070,2.59726,15.5735,-411.578,0.000798487,-0.003324,0.0095779,0.0101942,0.000187712,0.000192795,0.000972389
2071,2.59726,15.5735,-411.578,0.000495785,-0.00294956,0.00982544,0.0102797,0.000188003,0.000193054,0.000973852
2072,2.59726,15.5735,-411.578,-0.000117014,-0.00293803,0.010517,0.0109303,0.000187455,0.000192406,0.000971022
2073,2.59726,15.5735,-411.578,-0.000348318,-0.0027108,0.00922087,0.00963393,0.000189923,0.00019525,0.000983714
2074,2.59726,15.5735,-411.578,-0.000137998,-0.00248904,0.00831824,0.00871232,0.000189119,0.000194078,0.000979589
2075,2.59726,15.5735,-411.578,0.000156502,-0.00250532,0.00895238,0.00931425,0.000191592,0.000197315,0.000992592
2076,2.59726,15.5735,-411.578,0.00108902,-0.0024672,0.00847747,0.00892518,0.000191627,0.000197061,0.000992667
2077,2.59726,15.5735,-411.578,0.0015469,-0.00275591,0.00909678,0.00963919,0.000189728,0.000194458,0.000982668
2078,2.59726,15.5735,-411.578,0.00189036,-0.00266141,0.0087356,0.00933857,0.000189358,0.000194594,0.000980877
2079,2.59726,15.5735,-411.578,0.00215505,-0.00273219,0.00811072,0.00890017,0.000188722,0.000193899,0.000977486
2080,2.59726,15.5735,-411.578,0.00159679,-0.00276874,0.00934039,0.00989087,0.000191783,0.000197135,0.000993336
2081,2.59726,15.5735,-411.578,0.00106809,-0.00283224,0.00936595,0.00985484,0.000189735,0.000194824,0.000982895
2082,2.59726,15.5735,-411.578,0.000853722,-0.0026947,0.00911603,0.00955241,0.000189711,0.000194856,0.000982484
2083,2.59726,15.5735,-411.578,0.001058,-0.00284786,0.00881748,0.0093573,0.000188311,0.000193771,0.000975629
2084,2.59726,15.5735,-411.578,0.00159816,-0.00268688,0.00911704,0.00965251,0.000186731,0.000192101,0.000967324
2085,2.59726,15.5735,-411.578,0.00232601,-0.0028024,0.00824294,0.00903198,0.000185547,0.000191203,0.000961098
2086,2.59726,15.5735,-411.578,0.00301163,-0.0030383,0.00809247,0.00920863,0.000191408,0.000196327,0.000991382
2087,2.59726,15.5735,-411.578,0.00319394,-0.00302216,0.00921601,0.0102515,0.0001889,0.000194255,0.000978623
2088,2.59726,15.5735,-411.578,0.00322243,-0.00320392,0.00893883,0.0100494,0.000190444,0.000195316,0.00098644
2089,2.59726,15.5735,-411.578,0.00290925,-0.00314746,0.00896743,0.00995529,0.000190483,0.000195438,0.000986585
2090,2.59726,15.5735,-411.578,0.00241162,-0.00308958,0.00948411,0.0102834,0.000189061,0.000194427,0.000979241
2091,2.59726,15.5735,-411.578,0.00231879,-0.00325354,0.00956099,0.0103807,0.000188728,0.000193539,0.000977657
2092,2.59726,15.5735,-411.578,0.00254328,-0.00316991,0.0101139,0.0109075,0.000189444,0.000194562,0.000981094
2093,2.59726,15.5735,-411.578,0.00318706,-0.0030172,0.00874535,0.00983637,0.000189798,0.000195204,0.000983303
2094,2.59726,15.5735,-411.578,0.00367702,-0.00306088,0.00912485,0.0103251,0.000190568,0.000195774,0.000987113
2095,2.59726,15.5735,-411.578,0.00450821,-0.00316407,0.00912578,0.0106781,0.000191777,0.000197111,0.000993301
2096,2.59726,15.5735,-411.578,0.00478236,-0.00295643,0.00869923,0.0103994,0.000189169,0.000194242,0.000979818
2097,2.59726,15.5735,-411.578,0.00479711,-0.00305386,0.00807663,0.00995919,0.000189052,0.000194057,0.000979383
2098,2.59726,15.5735,-411.578,0.00427971,-0.00323014,0.0079993,0.00968272,0.000189672,0.000194805,0.000982348
2099,2.59726,15.5735,-411.578,0.00384903,-0.00292986,0.00786217,0.00929195,0.000189521,0.000194804,0.000981661
2100,2.59726,15.5735,-411.578,0.00359047,-0.00289582,0.00876588,0.00991884,0.000187801,0.000193063,0.000972652
