"Average",,,,,,,,"P0",,,,,,
"Index [1]","X [mm]","Y [mm]","Z [mm]","U [mm]","V [mm]","W [mm]","displacement","X [mm]","Y [mm]","Z [mm]","U [mm]","V [mm]","W [mm]","displacement"
0,3.84839,2.93288,-505.844,0,0,0,0,4.033,3.03709,-505.638,0,0,0,0
1,3.84839,2.93288,-505.844,0.000340377,-0.000211787,-0.000683313,0.000818103,4.033,3.03709,-505.638,0.000344987,-0.000178733,-0.000663575,0.000773595
2,3.84839,2.93288,-505.844,0.000484635,-0.000217156,-0.00138958,0.00149749,4.033,3.03709,-505.638,0.000507491,-0.000224628,-0.00146139,0.0015666
3,3.84839,2.93288,-505.844,0.000724232,-0.000510124,-0.00106367,0.00141863,4.033,3.03709,-505.638,0.000699434,-0.000505333,-0.00134878,0.0016039
4,3.84839,2.93288,-505.844,0.000851454,-0.000872444,-0.000901893,0.00152345,4.033,3.03709,-505.638,0.000844628,-0.000854475,-0.000972427,0.0015471
5,3.84839,2.93288,-505.844,0.00102203,-0.00108655,-0.000959696,0.00180676,4.033,3.03709,-505.638,0.0010366,-0.00110019,-0.00130454,0.00200026
6,3.84839,2.93288,-505.844,0.00120731,-0.00132184,-0.00108049,0.0021076,4.033,3.03709,-505.638,0.00119814,-0.00135142,-0.00125639,0.00220209
7,3.84839,2.93288,-505.844,0.00118105,-0.00150347,-0.000760692,0.00208991,4.033,3.03709,-505.638,0.0011977,-0.00154572,-0.000996715,0.00219691
8,3.84839,2.93288,-505.844,0.00149896,-0.00164573,-0.00120818,0.00255787,4.033,3.03709,-505.638,0.0014707,-0.00165051,-0.00140403,0.00262437
9,3.84839,2.93288,-505.844,0.00140046,-0.00179868,-0.00108773,0.00253625,4.033,3.03709,-505.638,0.00141274,-0.00181419,-0.0012154,0.00260406
10,3.84839,2.93288,-505.844,0.00139511,-0.0018524,-0.000854774,0.00251547,4.033,3.03709,-505.638,0.00138991,-0.00187434,-0.00106001,0.00256962
11,3.84839,2.93288,-505.844,0.00121839,-0.00177776,-0.00127909,0.00253683,4.033,3.03709,-505.638,0.00121757,-0.00181118,-0.00134576,0.0025717
12,3.84839,2.93288,-505.844,0.00124253,-0.00183152,-0.00174621,0.00283914,4.033,3.03709,-505.638,0.00124441,-0.00185238,-0.00184814,0.0029023
13,3.84839,2.93288,-505.844,0.00107741,-0.0017248,-0.000705673,0.00215632,4.033,3.03709,-505.638,0.00110245,-0.00176194,-0.000768024,0.00221691
14,3.84839,2.93288,-505.844,0.000837579,-0.00179664,-0.00067397,0.00211036,4.033,3.03709,-505.638,0.000878512,-0.00180992,-0.000737168,0.0021477
15,3.84839,2.93288,-505.844,0.000834277,-0.00163232,-0.00108991,0.0021535,4.033,3.03709,-505.638,0.000824443,-0.00165727,-0.00113563,0.00217885
16,3.84839,2.93288,-505.844,0.000755246,-0.00159029,-0.000509424,0.00183911,4.033,3.03709,-505.638,0.000752779,-0.00161267,-0.000515851,0.00185425
17,3.84839,2.93288,-505.844,0.000631697,-0.00154166,0.000261285,0.0017003,4.033,3.03709,-505.638,0.000635943,-0.00153291,0.000179731,0.00167045
18,3.84839,2.93288,-505.844,0.000462652,-0.00116137,-0.000542336,0.00139625,4.033,3.03709,-505.638,0.000494439,-0.00119159,-0.000545206,0.00141576
19,3.84839,2.93288,-505.844,0.000310394,-0.00104645,-6.08886e-05,0.00110961,4.033,3.03709,-505.638,0.000316012,-0.00102168,-0.000270193,0.00110385
20,3.84839,2.93288,-505.844,0.000304082,-0.000735536,9.90748e-05,0.000823993,4.033,3.03709,-505.638,0.000328743,-0.000690555,4.44076e-05,0.000772748
21,3.84839,2.93288,-505.844,0.00022683,-0.000636202,-0.000177578,0.000841988,4.033,3.03709,-505.638,0.000240977,-0.000636705,-0.000297135,0.00077262
22,3.84839,2.93288,-505.844,0.000124037,-0.000347257,0.000188946,0.00044949,4.033,3.03709,-505.638,0.000139521,-0.000325087,8.77783e-05,0.000386763
23,3.84839,2.93288,-505.844,-6.05555e-06,-0.000127931,0.000469536,0.00050783,4.033,3.03709,-505.638,2.48984e-05,-0.000107107,0.000372646,0.000394164
24,3.84839,2.93288,-505.844,-2.71862e-05,-5.76006e-05,5.92035e-05,0.00023703,4.033,3.03709,-505.638,-3.32301e-05,-8.52674e-06,9.48342e-05,0.000138447
25,3.84839,2.93288,-505.844,-2.52953e-05,8.89161e-05,0.000474559,0.000502532,4.033,3.03709,-505.638,-2.26608e-05,0.00012714,0.0003848,0.000409806
26,3.84839,2.93288,-505.844,-0.000111463,0.000193173,0.000205081,0.000385256,4.033,3.03709,-505.638,-7.81667e-05,0.000202592,0.000131508,0.000290555
27,3.84839,2.93288,-505.844,1.5818e-05,0.00024938,-0.00014218,0.000409132,4.033,3.03709,-505.638,3.76644e-05,0.000237014,-5.25102e-05,0.000292413
28,3.84839,2.93288,-505.844,-8.74019e-06,0.000332886,6.06317e-06,0.000439066,4.033,3.03709,-505.638,-5.06735e-06,0.000374525,-5.74479e-05,0.000395329
29,3.84839,2.93288,-505.844,-2.27736e-05,0.000316871,0.000132974,0.000464561,4.033,3.03709,-505.638,8.57746e-06,0.000321673,0.000265654,0.00044105
30,3.84839,2.93288,-505.844,4.54376e-05,0.000185063,-0.000863955,0.000908249,4.033,3.03709,-505.638,8.57929e-05,0.000211676,-0.000652028,0.000698913
31,3.84839,2.93288,-505.844,0.000119902,0.000110584,-0.00104847,0.00106338,4.033,3.03709,-505.638,0.000123019,0.000123801,-0.00113119,0.00114492
32,3.84839,2.93288,-505.844,9.35539e-05,-8.80158e-05,-0.00050318,0.000524016,4.033,3.03709,-505.638,0.000126854,-9.50534e-05,-0.000546334,0.00056925
33,3.84839,2.93288,-505.844,4.62589e-05,-0.000330279,-0.00111739,0.00117064,4.033,3.03709,-505.638,7.9913e-05,-0.000328148,-0.00123395,0.00128039
34,3.84839,2.93288,-505.844,0.000180805,-0.000438582,-0.00165736,0.00172485,4.033,3.03709,-505.638,0.000223202,-0.000478629,-0.00176027,0.00183791
35,3.84839,2.93288,-505.844,0.000159629,-0.000699878,-0.00225673,0.00237216,4.033,3.03709,-505.638,0.000211823,-0.000710195,-0.00228292,0.00240153
36,3.84839,2.93288,-505.844,0.000293011,-0.000721196,-0.00188386,0.00205286,4.033,3.03709,-505.638,0.000288693,-0.0007634,-0.0016618,0.00185589
37,3.84839,2.93288,-505.844,0.000154598,-0.00079478,-0.00262786,0.00275254,4.033,3.03709,-505.638,0.000193246,-0.000838292,-0.00276209,0.00289361
38,3.84839,2.93288,-505.844,0.000349215,-0.000888547,-0.00296121,0.00311514,4.033,3.03709,-505.638,0.000360259,-0.000930309,-0.00291226,0.00307958
39,3.84839,2.93288,-505.844,0.000148996,-0.000716013,-0.00273096,0.00283545,4.033,3.03709,-505.638,0.000144452,-0.000745134,-0.00273635,0.00284095
40,3.84839,2.93288,-505.844,5.00326e-05,-0.000588207,-0.00358864,0.00364056,4.033,3.03709,-505.638,7.363e-05,-0.000604083,-0.00340212,0.00345706
41,3.84839,2.93288,-505.844,9.01786e-05,-0.000473768,-0.00365865,0.003691,4.033,3.03709,-505.638,9.92411e-05,-0.00049914,-0.00376849,0.00380288
42,3.84839,2.93288,-505.844,9.89783e-05,-0.000202876,-0.00407421,0.00408418,4.033,3.03709,-505.638,0.000129464,-0.000219767,-0.00397567,0.00398458
43,3.84839,2.93288,-505.844,-0.000124165,6.62032e-05,-0.00444821,0.00445178,4.033,3.03709,-505.638,-0.000109128,3.21997e-05,-0.00437628,0.00437797
44,3.84839,2.93288,-505.844,-0.000144814,0.000454932,-0.00421392,0.00424524,4.033,3.03709,-505.638,-7.35201e-05,0.00045223,-0.00402675,0.0040535
45,3.84839,2.93288,-505.844,-0.000129543,0.000825666,-0.00504508,0.00511603,4.033,3.03709,-505.638,-0.000121413,0.000823777,-0.0052374,0.00530357
46,3.84839,2.93288,-505.844,-0.000363989,0.00149125,-0.00544362,0.00565873,4.033,3.03709,-505.638,-0.000309053,0.00147185,-0.00532786,0.00553667
47,3.84839,2.93288,-505.844,-0.000508679,0.00193372,-0.00554916,0.00590389,4.033,3.03709,-505.638,-0.000479385,0.00193671,-0.00535879,0.00571907
48,3.84839,2.93288,-505.844,-0.000698443,0.00238932,-0.0057078,0.00623293,4.033,3.03709,-505.638,-0.000668604,0.00238673,-0.00583782,0.00634299
49,3.84839,2.93288,-505.844,-0.000962744,0.00303112,-0.00671362,0.00743034,4.033,3.03709,-505.638,-0.000925097,0.00304415,-0.00677912,0.00748894
50,3.84839,2.93288,-505.844,-0.0010828,0.0037477,-0.0069384,0.00796149,4.033,3.03709,-505.638,-0.00104684,0.00375487,-0.00689276,0.00791905
51,3.84839,2.93288,-505.844,-0.00130767,0.00418407,-0.00711575,0.00836429,4.033,3.03709,-505.638,-0.00126815,0.00419235,-0.00688453,0.00816107
52,3.84839,2.93288,-505.844,-0.00153934,0.00493674,-0.00721046,0.00888157,4.033,3.03709,-505.638,-0.00153232,0.00497145,-0.00708743,0.00879318
53,3.84839,2.93288,-505.844,-0.00177718,0.00543762,-0.00814774,0.00995725,4.033,3.03709,-505.638,-0.00174717,0.00547685,-0.00815515,0.00997799
54,3.84839,2.93288,-505.844,-0.00198407,0.00601504,-0.00865839,0.0107307,4.033,3.03709,-505.638,-0.00198212,0.00606127,-0.00869993,0.0107879
55,3.84839,2.93288,-505.844,-0.00219173,0.00654286,-0.00901646,0.0113556,4.033,3.03709,-505.638,-0.00219228,0.00657483,-0.00914122,0.0114718
56,3.84839,2.93288,-505.844,-0.00250509,0.006746,-0.00944829,0.0118776,4.033,3.03709,-505.638,-0.00248473,0.00677116,-0.00953899,0.0119592
57,3.84839,2.93288,-505.844,-0.00256775,0.00721076,-0.0106349,0.0131085,4.033,3.03709,-505.638,-0.00252995,0.00723854,-0.0103952,0.0129185
58,3.84839,2.93288,-505.844,-0.00288472,0.00766436,-0.0109073,0.0136429,4.033,3.03709,-505.638,-0.00283255,0.00770649,-0.010728,0.01351
59,3.84839,2.93288,-505.844,-0.00307578,0.00777049,-0.0114244,0.0141595,4.033,3.03709,-505.638,-0.00304687,0.00781507,-0.0114021,0.0141561
60,3.84839,2.93288,-505.844,-0.00322702,0.00805868,-0.0124915,0.015214,4.033,3.03709,-505.638,-0.00321129,0.00808027,-0.0123709,0.0151216
61,3.84839,2.93288,-505.844,-0.0034063,0.00823514,-0.0124078,0.0152791,4.033,3.03709,-505.638,-0.00335548,0.00827733,-0.0122371,0.0151504
62,3.84839,2.93288,-505.844,-0.00358531,0.008337,-0.0125454,0.015486,4.033,3.03709,-505.638,-0.00353344,0.00834549,-0.0127607,0.0156517
63,3.84839,2.93288,-505.844,-0.00360765,0.00836196,-0.0135909,0.0163605,4.033,3.03709,-505.638,-0.00360297,0.00836667,-0.0136328,0.0163964
64,3.84839,2.93288,-505.844,-0.00382344,0.00853011,-0.0142412,0.0170374,4.033,3.03709,-505.638,-0.00382517,0.00852856,-0.0144853,0.0172397
65,3.84839,2.93288,-505.844,-0.00372151,0.00870652,-0.0143785,0.0172186,4.033,3.03709,-505.638,-0.00368942,0.00870871,-0.0145067,0.017318
66,3.84839,2.93288,-505.844,-0.00391725,0.00879263,-0.0141996,0.017156,4.033,3.03709,-505.638,-0.00388638,0.00880102,-0.0143942,0.0173137
67,3.84839,2.93288,-505.844,-0.0039309,0.00888887,-0.0151976,0.0180416,4.033,3.03709,-505.638,-0.00389393,0.00889383,-0.01535,0.0181631
68,3.84839,2.93288,-505.844,-0.00402464,0.00894845,-0.0155963,0.0184288,4.033,3.03709,-505.638,-0.00396787,0.00895679,-0.0156728,0.0184833
69,3.84839,2.93288,-505.844,-0.00403148,0.00913335,-0.0161002,0.0189483,4.033,3.03709,-505.638,-0.00399765,0.00912309,-0.0163015,0.0191044
70,3.84839,2.93288,-505.844,-0.00397984,0.00922062,-0.0158618,0.0187767,4.033,3.03709,-505.638,-0.0039646,0.00918216,-0.0161812,0.019023
71,3.84839,2.93288,-505.844,-0.00397819,0.00928007,-0.0158123,0.0187641,4.033,3.03709,-505.638,-0.00395253,0.00926189,-0.0159227,0.0188403
72,3.84839,2.93288,-505.844,-0.00390698,0.00939372,-0.0160152,0.0189772,4.033,3.03709,-505.638,-0.00387942,0.00934058,-0.0162102,0.0191074
73,3.84839,2.93288,-505.844,-0.00384734,0.00955428,-0.0162148,0.0192122,4.033,3.03709,-505.638,-0.00381589,0.00955871,-0.0163182,0.0192934
74,3.84839,2.93288,-505.844,-0.00376266,0.00972505,-0.0158746,0.0189952,4.033,3.03709,-505.638,-0.00372122,0.00969788,-0.0158255,0.0189304
75,3.84839,2.93288,-505.844,-0.00371257,0.00981805,-0.0167273,0.0197528,4.033,3.03709,-505.638,-0.00366627,0.00981829,-0.0168322,0.0198295
76,3.84839,2.93288,-505.844,-0.00365472,0.00990139,-0.0159019,0.0190915,4.033,3.03709,-505.638,-0.00361864,0.00988697,-0.0161266,0.0192601
77,3.84839,2.93288,-505.844,-0.00356029,0.00986097,-0.016167,0.0192725,4.033,3.03709,-505.638,-0.00351857,0.00982312,-0.0164191,0.0194547
78,3.84839,2.93288,-505.844,-0.003512,0.0098681,-0.0154309,0.0186559,4.033,3.03709,-505.638,-0.00347786,0.00985584,-0.0155832,0.0187647
79,3.84839,2.93288,-505.844,-0.00338169,0.00969094,-0.0152508,0.0183863,4.033,3.03709,-505.638,-0.00333835,0.00969568,-0.0154231,0.0185215
80,3.84839,2.93288,-505.844,-0.0032599,0.00949848,-0.0156016,0.0185586,4.033,3.03709,-505.638,-0.00320997,0.00944927,-0.0159438,0.0188101
81,3.84839,2.93288,-505.844,-0.00310272,0.00919735,-0.0148208,0.0177188,4.033,3.03709,-505.638,-0.0030865,0.0091653,-0.0149339,0.0177924
82,3.84839,2.93288,-505.844,-0.00315467,0.00909721,-0.0150776,0.0178956,4.033,3.03709,-505.638,-0.00312973,0.00907166,-0.0153509,0.0181047
83,3.84839,2.93288,-505.844,-0.00308892,0.00856077,-0.0151355,0.0176675,4.033,3.03709,-505.638,-0.00306907,0.00857418,-0.0155456,0.0180179
84,3.84839,2.93288,-505.844,-0.00304874,0.00817712,-0.0142182,0.0166892,4.033,3.03709,-505.638,-0.0030194,0.00816338,-0.0145915,0.0169912
85,3.84839,2.93288,-505.844,-0.00306217,0.00787966,-0.0129938,0.0155059,4.033,3.03709,-505.638,-0.00303179,0.00786335,-0.0130475,0.0155335
86,3.84839,2.93288,-505.844,-0.00287761,0.00737747,-0.0129839,0.0152127,4.033,3.03709,-505.638,-0.0028388,0.00737534,-0.0133592,0.0155225
87,3.84839,2.93288,-505.844,-0.00297088,0.00684821,-0.0127609,0.0147882,4.033,3.03709,-505.638,-0.00293208,0.00684678,-0.0128287,0.014835
88,3.84839,2.93288,-505.844,-0.00303242,0.00635203,-0.0111555,0.0131951,4.033,3.03709,-505.638,-0.00298475,0.00633519,-0.0114004,0.0133802
89,3.84839,2.93288,-505.844,-0.00292588,0.00592642,-0.0111165,0.0129373,4.033,3.03709,-505.638,-0.00287729,0.00595265,-0.0112683,0.0130657
90,3.84839,2.93288,-505.844,-0.00312895,0.00531826,-0.0103651,0.0120724,4.033,3.03709,-505.638,-0.00311451,0.00531277,-0.0107172,0.012362
91,3.84839,2.93288,-505.844,-0.00318209,0.0049478,-0.00972915,0.0113794,4.033,3.03709,-505.638,-0.00317331,0.00493923,-0.0101279,0.011708
92,3.84839,2.93288,-505.844,-0.00312615,0.00432437,-0.0090687,0.0105363,4.033,3.03709,-505.638,-0.00311369,0.00428081,-0.00946562,0.0108474
93,3.84839,2.93288,-505.844,-0.00325489,0.00399067,-0.00803363,0.00955609,4.033,3.03709,-505.638,-0.00323546,0.00395032,-0.00816162,0.00962974
94,3.84839,2.93288,-505.844,-0.00319561,0.00338313,-0.00766517,0.00898284,4.033,3.03709,-505.638,-0.00319515,0.00335188,-0.0079709,0.00922156
95,3.84839,2.93288,-505.844,-0.00343339,0.00297708,-0.00719309,0.0085243,4.033,3.03709,-505.638,-0.00340798,0.0029574,-0.00721745,0.00851544
96,3.84839,2.93288,-505.844,-0.00359357,0.00246961,-0.0060846,0.00750718,4.033,3.03709,-505.638,-0.00357226,0.00244803,-0.00640508,0.00773509
97,3.84839,2.93288,-505.844,-0.00372785,0.001978,-0.00520699,0.00673269,4.033,3.03709,-505.638,-0.00373089,0.00193466,-0.00549356,0.0069221
98,3.84839,2.93288,-505.844,-0.00378817,0.00145897,-0.00435736,0.00596514,4.033,3.03709,-505.638,-0.00374929,0.00144136,-0.00447433,0.00601509
99,3.84839,2.93288,-505.844,-0.00380111,0.00102926,-0.0036599,0.00543913,4.033,3.03709,-505.638,-0.00377895,0.00104431,-0.00408573,0.00567189
100,3.84839,2.93288,-505.844,-0.00398208,0.000658351,-0.00240617,0.00474169,4.033,3.03709,-505.638,-0.0039546,0.000644634,-0.00263675,0.00480479
101,3.84839,2.93288,-505.844,-0.00395633,0.000198697,-0.00191679,0.00442946,4.033,3.03709,-505.638,-0.00396461,0.00020202,-0.00213353,0.00451318
102,3.84839,2.93288,-505.844,-0.00400897,-0.000158554,-0.00148558,0.00439895,4.033,3.03709,-505.638,-0.00400418,-0.000143881,-0.00170897,0.00437932
103,3.84839,2.93288,-505.844,-0.00407483,-0.000351067,0.000105806,0.00414625,4.033,3.03709,-505.638,-0.0040631,-0.000347355,-5.70934e-05,0.00408861
104,3.84839,2.93288,-505.844,-0.00418881,-0.000753141,-0.000548064,0.00436475,4.033,3.03709,-505.638,-0.00412933,-0.000707082,-0.000704102,0.00427032
105,3.84839,2.93288,-505.844,-0.00420777,-0.00103007,0.00125595,0.00453472,4.033,3.03709,-505.638,-0.00421238,-0.00101223,0.00106925,0.00446729
106,3.84839,2.93288,-505.844,-0.00427464,-0.00139298,0.0014112,0.0047476,4.033,3.03709,-505.638,-0.00425632,-0.00134067,0.00121828,0.00463567
107,3.84839,2.93288,-505.844,-0.00407485,-0.00181292,0.00219003,0.00498339,4.033,3.03709,-505.638,-0.0040088,-0.00180527,0.00214055,0.00489321
108,3.84839,2.93288,-505.844,-0.00408311,-0.00202942,0.00226091,0.00514986,4.033,3.03709,-505.638,-0.00404366,-0.00199859,0.00182819,0.00487851
109,3.84839,2.93288,-505.844,-0.00395859,-0.00236378,0.00259211,0.00530719,4.033,3.03709,-505.638,-0.00394066,-0.00233738,0.00244928,0.00519883
110,3.84839,2.93288,-505.844,-0.00384559,-0.00262889,0.0036012,0.0059153,4.033,3.03709,-505.638,-0.00383951,-0.00264272,0.00337148,0.00575803
111,3.84839,2.93288,-505.844,-0.00368472,-0.00284597,0.0035326,0.00586374,4.033,3.03709,-505.638,-0.00366825,-0.00279771,0.00327199,0.00565876
112,3.84839,2.93288,-505.844,-0.00350065,-0.00309257,0.00381129,0.00604796,4.033,3.03709,-505.638,-0.00347348,-0.00308136,0.00373263,0.00596122
113,3.84839,2.93288,-505.844,-0.00326029,-0.00334483,0.00391694,0.00611091,4.033,3.03709,-505.638,-0.00323887,-0.00332716,0.00373567,0.00596298
114,3.84839,2.93288,-505.844,-0.0030582,-0.00351376,0.00445597,0.00645274,4.033,3.03709,-505.638,-0.00304087,-0.00348983,0.00420681,0.00625649
115,3.84839,2.93288,-505.844,-0.00281729,-0.00380553,0.00399064,0.00621007,4.033,3.03709,-505.638,-0.0027838,-0.00375122,0.0038239,0.00604197
116,3.84839,2.93288,-505.844,-0.00259704,-0.00394048,0.00433271,0.00641421,4.033,3.03709,-505.638,-0.00254818,-0.00393182,0.00412646,0.00624506
117,3.84839,2.93288,-505.844,-0.00224174,-0.00408595,0.00428101,0.0063585,4.033,3.03709,-505.638,-0.00222782,-0.0040724,0.00401564,0.00614394
118,3.84839,2.93288,-505.844,-0.00201126,-0.00416635,0.0044949,0.00645981,4.033,3.03709,-505.638,-0.0019706,-0.00415931,0.00448117,0.00642622
119,3.84839,2.93288,-505.844,-0.00162859,-0.0042927,0.00452406,0.00645983,4.033,3.03709,-505.638,-0.00161083,-0.00428014,0.00429473,0.00627673
120,3.84839,2.93288,-505.844,-0.00115788,-0.00420485,0.00381595,0.00580256,4.033,3.03709,-505.638,-0.00113849,-0.00420984,0.00363724,0.00568047
121,3.84839,2.93288,-505.844,-0.000834596,-0.00416058,0.00425679,0.00601541,4.033,3.03709,-505.638,-0.000800943,-0.00416698,0.0041455,0.00593372
122,3.84839,2.93288,-505.844,-0.00056145,-0.0040348,0.00419435,0.00586852,4.033,3.03709,-505.638,-0.000557402,-0.00404439,0.00399489,0.00571611
123,3.84839,2.93288,-505.844,-0.000290714,-0.00392719,0.00376031,0.00545848,4.033,3.03709,-505.638,-0.000268904,-0.00391583,0.00351724,0.00527354
124,3.84839,2.93288,-505.844,9.22234e-05,-0.00380037,0.00394018,0.00548227,4.033,3.03709,-505.638,0.000103821,-0.00382118,0.00384053,0.00542006
125,3.84839,2.93288,-505.844,0.000395451,-0.00371997,0.00381568,0.00535103,4.033,3.03709,-505.638,0.000415767,-0.00372372,0.0036441,0.00522807
126,3.84839,2.93288,-505.844,0.000648968,-0.00341925,0.0036798,0.00509265,4.033,3.03709,-505.638,0.000689773,-0.00340635,0.00342681,0.00488557
127,3.84839,2.93288,-505.844,0.00103512,-0.00325298,0.00323552,0.0047299,4.033,3.03709,-505.638,0.00104963,-0.00323476,0.00304493,0.00457029
128,3.84839,2.93288,-505.844,0.00132182,-0.0031254,0.00253514,0.00426398,4.033,3.03709,-505.638,0.00132706,-0.00314953,0.00238897,0.00417504
129,3.84839,2.93288,-505.844,0.00162303,-0.00278459,0.00266426,0.00422286,4.033,3.03709,-505.638,0.0016446,-0.0028027,0.00243746,0.00407071
130,3.84839,2.93288,-505.844,0.00177572,-0.00242451,0.00268239,0.00408134,4.033,3.03709,-505.638,0.00180416,-0.00240509,0.00237174,0.00384045
131,3.84839,2.93288,-505.844,0.0019709,-0.00213178,0.00203167,0.00355179,4.033,3.03709,-505.638,0.00199472,-0.00213156,0.00192623,0.0034985
132,3.84839,2.93288,-505.844,0.00220636,-0.00169603,0.0013051,0.00318473,4.033,3.03709,-505.638,0.00221854,-0.00168409,0.000960634,0.00296861
133,3.84839,2.93288,-505.844,0.0023165,-0.00154896,0.00154681,0.00322784,4.033,3.03709,-505.638,0.0023471,-0.00155168,0.00142155,0.00316147
134,3.84839,2.93288,-505.844,0.00222603,-0.00122659,0.000811979,0.00272199,4.033,3.03709,-505.638,0.00228098,-0.00121808,0.000695447,0.00268847
135,3.84839,2.93288,-505.844,0.00237201,-0.00100691,0.000450032,0.00267443,4.033,3.03709,-505.638,0.00239967,-0.00100581,0.000208333,0.00262188
136,3.84839,2.93288,-505.844,0.00229886,-0.000632847,0.000158412,0.00243274,4.033,3.03709,-505.638,0.00232403,-0.000631524,-1.1489e-05,0.00241573
137,3.84839,2.93288,-505.844,0.00236511,-0.000297139,4.79411e-06,0.0025194,4.033,3.03709,-505.638,0.0024065,-0.000259943,-0.000435858,0.00247686
138,3.84839,2.93288,-505.844,0.00240217,-2.71145e-05,-0.00114288,0.00270887,4.033,3.03709,-505.638,0.00242182,-3.05449e-05,-0.00129051,0.0027541
139,3.84839,2.93288,-505.844,0.00234592,0.000315683,-0.00167167,0.00294139,4.033,3.03709,-505.638,0.00238046,0.000298151,-0.00187138,0.00305052
140,3.84839,2.93288,-505.844,0.00217447,0.000467327,-0.00177616,0.00286232,4.033,3.03709,-505.638,0.00217177,0.000480527,-0.00192936,0.00294704
141,3.84839,2.93288,-505.844,0.00203289,0.000721723,-0.00229087,0.00316145,4.033,3.03709,-505.638,0.00203822,0.000743213,-0.00270752,0.00347008
142,3.84839,2.93288,-505.844,0.00172899,0.000861068,-0.0029817,0.00356968,4.033,3.03709,-505.638,0.00177406,0.000872844,-0.00289623,0.00351174
143,3.84839,2.93288,-505.844,0.00174898,0.0011407,-0.00321835,0.0038486,4.033,3.03709,-505.638,0.00174803,0.00117661,-0.0034309,0.00402787
144,3.84839,2.93288,-505.844,0.00151554,0.00139433,-0.00375051,0.00428252,4.033,3.03709,-505.638,0.00152358,0.00139801,-0.00397135,0.00447801
145,3.84839,2.93288,-505.844,0.00134849,0.00162755,-0.00317712,0.00381923,4.033,3.03709,-505.638,0.00139198,0.00163086,-0.00329022,0.00392756
146,3.84839,2.93288,-505.844,0.00109922,0.00189869,-0.0047155,0.00520644,4.033,3.03709,-505.638,0.00110303,0.00192359,-0.00479979,0.00528885
147,3.84839,2.93288,-505.844,0.00105242,0.00218359,-0.00445144,0.00507227,4.033,3.03709,-505.638,0.00109888,0.00219162,-0.00452367,0.00514616
148,3.84839,2.93288,-505.844,0.000733416,0.00236381,-0.0049797,0.00556302,4.033,3.03709,-505.638,0.000777071,0.00234483,-0.00513645,0.00569982
149,3.84839,2.93288,-505.844,0.000562293,0.00262491,-0.00511405,0.00578136,4.033,3.03709,-505.638,0.000580206,0.00263469,-0.00525539,0.00590859
150,3.84839,2.93288,-505.844,0.000351094,0.00275357,-0.00536064,0.00604977,4.033,3.03709,-505.638,0.000372246,0.00275813,-0.0056518,0.00630178
151,3.84839,2.93288,-505.844,0.000119791,0.00298722,-0.00616054,0.00685489,4.033,3.03709,-505.638,0.000117943,0.00297699,-0.00638524,0.00704729
152,3.84839,2.93288,-505.844,-0.000135658,0.00328994,-0.00641926,0.00722129,4.033,3.03709,-505.638,-0.00014336,0.0032902,-0.0065578,0.00734012
153,3.84839,2.93288,-505.844,-0.000334056,0.00342106,-0.00665969,0.0075,4.033,3.03709,-505.638,-0.000310405,0.00340737,-0.00681763,0.00762934
154,3.84839,2.93288,-505.844,-0.000434253,0.00348475,-0.00613387,0.00707501,4.033,3.03709,-505.638,-0.000428143,0.00349815,-0.00637132,0.00728233
155,3.84839,2.93288,-505.844,-0.000596287,0.00366218,-0.00688974,0.00783335,4.033,3.03709,-505.638,-0.000571713,0.00365336,-0.00707629,0.00798561
156,3.84839,2.93288,-505.844,-0.000783928,0.00380335,-0.00789245,0.00880341,4.033,3.03709,-505.638,-0.000765321,0.00381997,-0.00826611,0.00913933
157,3.84839,2.93288,-505.844,-0.00106218,0.00389552,-0.00757464,0.00858851,4.033,3.03709,-505.638,-0.00108891,0.00390064,-0.0077364,0.00873302
158,3.84839,2.93288,-505.844,-0.00124693,0.00417872,-0.00768279,0.00883824,4.033,3.03709,-505.638,-0.00119686,0.00422119,-0.00792049,0.00905529
159,3.84839,2.93288,-505.844,-0.0013949,0.00422072,-0.00784899,0.00903466,4.033,3.03709,-505.638,-0.00137624,0.00422033,-0.00817995,0.0093092
160,3.84839,2.93288,-505.844,-0.00152538,0.00416085,-0.00772851,0.00891564,4.033,3.03709,-505.638,-0.00151472,0.00416302,-0.00800711,0.00915213
161,3.84839,2.93288,-505.844,-0.00183113,0.00417489,-0.00836341,0.00953122,4.033,3.03709,-505.638,-0.00181927,0.00418731,-0.00861683,0.00975269
162,3.84839,2.93288,-505.844,-0.00197024,0.00397682,-0.00877178,0.00983823,4.033,3.03709,-505.638,-0.00198258,0.00395871,-0.00908532,0.010108
163,3.84839,2.93288,-505.844,-0.0020495,0.00383228,-0.00925945,0.0102363,4.033,3.03709,-505.638,-0.00202664,0.00383075,-0.00949837,0.0104418
164,3.84839,2.93288,-505.844,-0.00214127,0.00384549,-0.00901937,0.0100422,4.033,3.03709,-505.638,-0.00213353,0.00382809,-0.00926056,0.0102463
165,3.84839,2.93288,-505.844,-0.00225296,0.00384817,-0.00945471,0.0104604,4.033,3.03709,-505.638,-0.00222888,0.00382715,-0.00956122,0.0105389
166,3.84839,2.93288,-505.844,-0.00250979,0.003764,-0.00948955,0.0105172,4.033,3.03709,-505.638,-0.00246619,0.00373258,-0.00981791,0.0107897
167,3.84839,2.93288,-505.844,-0.00270912,0.00371768,-0.00971363,0.0107511,4.033,3.03709,-505.638,-0.00268711,0.00371183,-0.00987397,0.0108861
168,3.84839,2.93288,-505.844,-0.00286761,0.00367724,-0.0103138,0.0113287,4.033,3.03709,-505.638,-0.00285602,0.00366479,-0.0107421,0.0117052
169,3.84839,2.93288,-505.844,-0.00303719,0.00382019,-0.0103488,0.011447,4.033,3.03709,-505.638,-0.00304804,0.00377794,-0.0107509,0.0117967
170,3.84839,2.93288,-505.844,-0.0030683,0.00377848,-0.0102681,0.0113713,4.033,3.03709,-505.638,-0.00305774,0.00378131,-0.0106279,0.011689
171,3.84839,2.93288,-505.844,-0.00327983,0.0040639,-0.0102844,0.0115411,4.033,3.03709,-505.638,-0.00326764,0.00403913,-0.0105603,0.0117704
172,3.84839,2.93288,-505.844,-0.00346221,0.00431791,-0.0107327,0.0120823,4.033,3.03709,-505.638,-0.00344062,0.00433907,-0.0111218,0.0124251
173,3.84839,2.93288,-505.844,-0.00356904,0.00446366,-0.0108919,0.0123034,4.033,3.03709,-505.638,-0.00356652,0.00447301,-0.0112152,0.0125906
174,3.84839,2.93288,-505.844,-0.00370853,0.00479538,-0.0112787,0.0128113,4.033,3.03709,-505.638,-0.00367651,0.00477717,-0.0116107,0.0130834
175,3.84839,2.93288,-505.844,-0.0039057,0.00519251,-0.0113147,0.0130516,4.033,3.03709,-505.638,-0.00393046,0.00520663,-0.0114946,0.0132179
176,3.84839,2.93288,-505.844,-0.00402006,0.00547876,-0.0106112,0.0126069,4.033,3.03709,-505.638,-0.00401456,0.00552107,-0.0108545,0.0128241
177,3.84839,2.93288,-505.844,-0.0042069,0.00572207,-0.0105511,0.0127254,4.033,3.03709,-505.638,-0.00419663,0.00574519,-0.0108396,0.0129668
178,3.84839,2.93288,-505.844,-0.00432351,0.00604914,-0.0115514,0.013742,4.033,3.03709,-505.638,-0.00431636,0.00608159,-0.0117723,0.0139365
179,3.84839,2.93288,-505.844,-0.00446353,0.00634274,-0.011213,0.0136403,4.033,3.03709,-505.638,-0.00442806,0.00636769,-0.0115528,0.0139157
180,3.84839,2.93288,-505.844,-0.00467749,0.00650074,-0.01086,0.0134982,4.033,3.03709,-505.638,-0.00466504,0.00653773,-0.0110058,0.0136253
181,3.84839,2.93288,-505.844,-0.00476533,0.00659047,-0.0111972,0.0138449,4.033,3.03709,-505.638,-0.00474808,0.00662587,-0.0114918,0.0140903
182,3.84839,2.93288,-505.844,-0.00493927,0.00674415,-0.0115542,0.0142702,4.033,3.03709,-505.638,-0.00492724,0.00675031,-0.0117908,0.0144539
183,3.84839,2.93288,-505.844,-0.00506834,0.00676251,-0.0122858,0.0149194,4.033,3.03709,-505.638,-0.00503937,0.0068267,-0.0127567,0.0153221
184,3.84839,2.93288,-505.844,-0.00506328,0.00670118,-0.0117293,0.0144278,4.033,3.03709,-505.638,-0.00502599,0.0067368,-0.0118832,0.0145555
185,3.84839,2.93288,-505.844,-0.00526405,0.00679027,-0.01286,0.0154708,4.033,3.03709,-505.638,-0.00525526,0.00683473,-0.0130861,0.0156719
186,3.84839,2.93288,-505.844,-0.00531147,0.00676889,-0.0129516,0.0155527,4.033,3.03709,-505.638,-0.00525895,0.00679363,-0.0129696,0.015558
187,3.84839,2.93288,-505.844,-0.00549307,0.00653646,-0.0131047,0.0156434,4.033,3.03709,-505.638,-0.00551699,0.00656776,-0.0131738,0.0157208
188,3.84839,2.93288,-505.844,-0.00571074,0.00657793,-0.013977,0.0164785,4.033,3.03709,-505.638,-0.00567362,0.00659877,-0.0141944,0.0166516
189,3.84839,2.93288,-505.844,-0.00587343,0.00642613,-0.0135549,0.0161163,4.033,3.03709,-505.638,-0.00584908,0.00644775,-0.0139458,0.016441
190,3.84839,2.93288,-505.844,-0.0058356,0.00629962,-0.0138437,0.0162956,4.033,3.03709,-505.638,-0.00583431,0.00626385,-0.0141682,0.0165542
191,3.84839,2.93288,-505.844,-0.00587796,0.00611327,-0.0142425,0.0165817,4.033,3.03709,-505.638,-0.00584385,0.0061184,-0.0145288,0.0168139
192,3.84839,2.93288,-505.844,-0.00602166,0.00621049,-0.0140078,0.0164761,4.033,3.03709,-505.638,-0.00599689,0.00621742,-0.0143919,0.0167875
193,3.84839,2.93288,-505.844,-0.00588321,0.00597626,-0.0145209,0.0167733,4.033,3.03709,-505.638,-0.00584311,0.00601332,-0.0148123,0.0170216
194,3.84839,2.93288,-505.844,-0.00595928,0.00606212,-0.0141178,0.0164851,4.033,3.03709,-505.638,-0.00591009,0.00607726,-0.0144967,0.0167942
195,3.84839,2.93288,-505.844,-0.00587487,0.00598557,-0.014236,0.0165276,4.033,3.03709,-505.638,-0.00585944,0.0059918,-0.0144597,0.0167137
196,3.84839,2.93288,-505.844,-0.00591482,0.00608708,-0.0144118,0.0167271,4.033,3.03709,-505.638,-0.00585815,0.00610541,-0.0145473,0.0168293
197,3.84839,2.93288,-505.844,-0.00573937,0.00610509,-0.0146236,0.0168557,4.033,3.03709,-505.638,-0.00574027,0.00609771,-0.0148014,0.0170065
198,3.84839,2.93288,-505.844,-0.00565182,0.00596792,-0.0138446,0.0161039,4.033,3.03709,-505.638,-0.0056417,0.0059595,-0.0140986,0.0163136
199,3.84839,2.93288,-505.844,-0.0055886,0.00610329,-0.0143954,0.0166073,4.033,3.03709,-505.638,-0.00555737,0.00612763,-0.0144833,0.01668
200,3.84839,2.93288,-505.844,-0.00532296,0.00603884,-0.0140337,0.0161801,4.033,3.03709,-505.638,-0.00531395,0.00601786,-0.0141063,0.0162314
201,3.84839,2.93288,-505.844,-0.0051663,0.00611294,-0.0135091,0.0157072,4.033,3.03709,-505.638,-0.00514689,0.00612739,-0.0138619,0.0160067
202,3.84839,2.93288,-505.844,-0.00497214,0.00615164,-0.0142379,0.0162912,4.033,3.03709,-505.638,-0.00494083,0.00616742,-0.0145467,0.0165553
203,3.84839,2.93288,-505.844,-0.00487138,0.00614241,-0.0129006,0.0150989,4.033,3.03709,-505.638,-0.00482638,0.00612312,-0.0130077,0.0151658
204,3.84839,2.93288,-505.844,-0.0044922,0.00606622,-0.0131588,0.0151715,4.033,3.03709,-505.638,-0.00448339,0.00605075,-0.0133739,0.0153487
205,3.84839,2.93288,-505.844,-0.00431766,0.00606482,-0.0130347,0.0150134,4.033,3.03709,-505.638,-0.00431581,0.00609637,-0.0132296,0.0151932
206,3.84839,2.93288,-505.844,-0.00419898,0.00586602,-0.0125674,0.0144937,4.033,3.03709,-505.638,-0.00419626,0.00586746,-0.012832,0.0147212
207,3.84839,2.93288,-505.844,-0.00399885,0.00567977,-0.0118451,0.0137356,4.033,3.03709,-505.638,-0.00399348,0.00566202,-0.0120691,0.0139173
208,3.84839,2.93288,-505.844,-0.00378087,0.00550687,-0.0117624,0.0135301,4.033,3.03709,-505.638,-0.00375496,0.0054995,-0.0120776,0.0137923
209,3.84839,2.93288,-505.844,-0.0034582,0.00520195,-0.0107306,0.0124209,4.033,3.03709,-505.638,-0.0034275,0.00520933,-0.0110159,0.0126593
210,3.84839,2.93288,-505.844,-0.00328586,0.00494519,-0.0106147,0.0121673,4.033,3.03709,-505.638,-0.00325615,0.00493335,-0.0107906,0.0123044
211,3.84839,2.93288,-505.844,-0.00305123,0.00461218,-0.00981263,0.0112648,4.033,3.03709,-505.638,-0.00304879,0.00464384,-0.010074,0.0115043
212,3.84839,2.93288,-505.844,-0.00283316,0.00436692,-0.00935208,0.0107045,4.033,3.03709,-505.638,-0.00282122,0.00436074,-0.00940749,0.0107462
213,3.84839,2.93288,-505.844,-0.0026224,0.00405013,-0.00949021,0.0106491,4.033,3.03709,-505.638,-0.00259821,0.00406215,-0.00967735,0.0108126
214,3.84839,2.93288,-505.844,-0.00258524,0.00356699,-0.00839416,0.00948248,4.033,3.03709,-505.638,-0.00258724,0.00356664,-0.00862652,0.00968709
215,3.84839,2.93288,-505.844,-0.00249323,0.00322873,-0.00814321,0.00911029,4.033,3.03709,-505.638,-0.0024878,0.00322006,-0.00833753,0.00927805
216,3.84839,2.93288,-505.844,-0.002265,0.0025822,-0.00761187,0.00835361,4.033,3.03709,-505.638,-0.00228846,0.00258769,-0.00773282,0.00847001
217,3.84839,2.93288,-505.844,-0.00220386,0.00226553,-0.00631236,0.00706148,4.033,3.03709,-505.638,-0.00217316,0.00226618,-0.00635838,0.00709166
218,3.84839,2.93288,-505.844,-0.00212209,0.00170673,-0.00551733,0.00615354,4.033,3.03709,-505.638,-0.00211373,0.00169825,-0.00553563,0.00616414
219,3.84839,2.93288,-505.844,-0.00197449,0.00120845,-0.00526751,0.00575894,4.033,3.03709,-505.638,-0.00196896,0.00118865,-0.00558452,0.00604036
220,3.84839,2.93288,-505.844,-0.00193832,0.000881581,-0.00467622,0.0051479,4.033,3.03709,-505.638,-0.00195533,0.000854564,-0.00459293,0.00506697
221,3.84839,2.93288,-505.844,-0.00193044,0.000136439,-0.00341937,0.00393243,4.033,3.03709,-505.638,-0.00194821,0.000126802,-0.00364138,0.00413211
222,3.84839,2.93288,-505.844,-0.00191737,-0.000144528,-0.00274073,0.00336192,4.033,3.03709,-505.638,-0.00189418,-0.000147934,-0.00273919,0.00333661
223,3.84839,2.93288,-505.844,-0.00201488,-0.000450808,-0.00203049,0.00290937,4.033,3.03709,-505.638,-0.00201087,-0.000456182,-0.00215895,0.0029885
224,3.84839,2.93288,-505.844,-0.00207793,-0.000951087,-0.0013463,0.00269044,4.033,3.03709,-505.638,-0.00203343,-0.000999071,-0.00165404,0.00281115
225,3.84839,2.93288,-505.844,-0.00204811,-0.00134053,-0.00110973,0.00276758,4.033,3.03709,-505.638,-0.00203469,-0.00137295,-0.00127754,0.00278194
226,3.84839,2.93288,-505.844,-0.00217528,-0.00182519,0.000172016,0.00285147,4.033,3.03709,-505.638,-0.00217685,-0.00184594,-7.19988e-06,0.00285456
227,3.84839,2.93288,-505.844,-0.00220216,-0.00215876,0.00055587,0.00316043,4.033,3.03709,-505.638,-0.00218829,-0.00213848,0.000324992,0.00308363
228,3.84839,2.93288,-505.844,-0.00217203,-0.00260051,0.00118005,0.00361981,4.033,3.03709,-505.638,-0.00216069,-0.00261737,0.000999655,0.00354682
229,3.84839,2.93288,-505.844,-0.00222615,-0.00269432,0.00247187,0.0042843,4.033,3.03709,-505.638,-0.00223947,-0.00268334,0.00251393,0.00430584
230,3.84839,2.93288,-505.844,-0.00216101,-0.00297985,0.00296371,0.00472937,4.033,3.03709,-505.638,-0.00213439,-0.00299787,0.00289677,0.00468434
231,3.84839,2.93288,-505.844,-0.00221692,-0.00333266,0.00369427,0.00545429,4.033,3.03709,-505.638,-0.00222976,-0.00334364,0.00353551,0.00535336
232,3.84839,2.93288,-505.844,-0.00227684,-0.00332891,0.00284729,0.00495789,4.033,3.03709,-505.638,-0.00225817,-0.00331524,0.00255468,0.00476069
233,3.84839,2.93288,-505.844,-0.00236557,-0.00371722,0.00403768,0.00597869,4.033,3.03709,-505.638,-0.00234222,-0.00369438,0.00391005,0.00586797
234,3.84839,2.93288,-505.844,-0.00243912,-0.0039023,0.0045857,0.00650391,4.033,3.03709,-505.638,-0.00244268,-0.0039243,0.00432953,0.00633443
235,3.84839,2.93288,-505.844,-0.00247581,-0.00405609,0.00507087,0.00695281,4.033,3.03709,-505.638,-0.00247131,-0.0040122,0.00501654,0.00688364
236,3.84839,2.93288,-505.844,-0.00249586,-0.00425298,0.00485665,0.00693131,4.033,3.03709,-505.638,-0.00248154,-0.00425629,0.00463122,0.00676362
237,3.84839,2.93288,-505.844,-0.00237963,-0.00432541,0.00562156,0.00748915,4.033,3.03709,-505.638,-0.0023676,-0.00430878,0.00541019,0.00731184
238,3.84839,2.93288,-505.844,-0.00240298,-0.00453868,0.00636202,0.00817736,4.033,3.03709,-505.638,-0.00242128,-0.00450325,0.00623415,0.00806276
239,3.84839,2.93288,-505.844,-0.00235386,-0.00462228,0.00633525,0.00819325,4.033,3.03709,-505.638,-0.00238509,-0.00463711,0.00614435,0.00805982
240,3.84839,2.93288,-505.844,-0.00237248,-0.00465365,0.00610011,0.00803383,4.033,3.03709,-505.638,-0.00238895,-0.00465493,0.00604581,0.00799601
241,3.84839,2.93288,-505.844,-0.00221931,-0.00487196,0.00653374,0.00845226,4.033,3.03709,-505.638,-0.00222212,-0.00484035,0.00643212,0.0083517
242,3.84839,2.93288,-505.844,-0.00218317,-0.0048988,0.0064387,0.00838813,4.033,3.03709,-505.638,-0.00216628,-0.00489893,0.00624139,0.00822624
243,3.84839,2.93288,-505.844,-0.00218584,-0.00517105,0.00576472,0.00805365,4.033,3.03709,-505.638,-0.00217506,-0.00518491,0.00571367,0.0080187
244,3.84839,2.93288,-505.844,-0.00206784,-0.00525619,0.00616833,0.00836752,4.033,3.03709,-505.638,-0.002057,-0.00523939,0.00596655,0.00820312
245,3.84839,2.93288,-505.844,-0.00188237,-0.00535024,0.00610696,0.00834256,4.033,3.03709,-505.638,-0.00186069,-0.00533292,0.00579224,0.00809145
246,3.84839,2.93288,-505.844,-0.0016128,-0.0054391,0.00562497,0.00800006,4.033,3.03709,-505.638,-0.00159133,-0.00544978,0.00535044,0.00780367
247,3.84839,2.93288,-505.844,-0.00160635,-0.00546263,0.00588272,0.00819023,4.033,3.03709,-505.638,-0.00158342,-0.005507,0.00568851,0.00807447
248,3.84839,2.93288,-505.844,-0.00139369,-0.00534454,0.00557278,0.00786954,4.033,3.03709,-505.638,-0.00136123,-0.00536344,0.00514864,0.00756207
249,3.84839,2.93288,-505.844,-0.00137205,-0.00520907,0.00509379,0.00743599,4.033,3.03709,-505.638,-0.00135676,-0.00519407,0.00474926,0.00717231
250,3.84839,2.93288,-505.844,-0.00137374,-0.00491141,0.00440234,0.00675609,4.033,3.03709,-505.638,-0.00138603,-0.00494955,0.00412243,0.00659179
251,3.84839,2.93288,-505.844,-0.00107101,-0.0046057,0.004688,0.00667737,4.033,3.03709,-505.638,-0.00106397,-0.00461116,0.00444394,0.00649509
252,3.84839,2.93288,-505.844,-0.000955961,-0.00431251,0.00422025,0.00612117,4.033,3.03709,-505.638,-0.000941531,-0.00428429,0.00397836,0.00592352
253,3.84839,2.93288,-505.844,-0.000956998,-0.0037297,0.00485891,0.00620725,4.033,3.03709,-505.638,-0.000914571,-0.00373165,0.00468492,0.00606009
254,3.84839,2.93288,-505.844,-0.000802729,-0.00321959,0.00405068,0.00525235,4.033,3.03709,-505.638,-0.000803273,-0.00323232,0.003719,0.00499514
255,3.84839,2.93288,-505.844,-0.000727088,-0.00276829,0.00315126,0.00427989,4.033,3.03709,-505.638,-0.000696255,-0.00276995,0.00290634,0.00407992
256,3.84839,2.93288,-505.844,-0.000450522,-0.00195278,0.00263433,0.00333331,4.033,3.03709,-505.638,-0.000431212,-0.00195084,0.00231733,0.00306511
257,3.84839,2.93288,-505.844,-0.000412159,-0.00135016,0.00233928,0.0027375,4.033,3.03709,-505.638,-0.000414974,-0.00133917,0.0021255,0.00254717
258,3.84839,2.93288,-505.844,-0.000333368,-0.00074519,0.0020583,0.00224587,4.033,3.03709,-505.638,-0.00033198,-0.000707913,0.00169541,0.00187289
259,3.84839,2.93288,-505.844,-0.000302315,-5.93866e-05,0.00102843,0.00113171,4.033,3.03709,-505.638,-0.000313922,-2.67898e-05,0.000735014,0.000806707
260,3.84839,2.93288,-505.844,-0.000326629,0.000659361,0.00084497,0.00132849,4.033,3.03709,-505.638,-0.000313073,0.000745034,0.00045321,0.000985662
261,3.84839,2.93288,-505.844,-0.000397187,0.00111159,0.000402124,0.00150634,4.033,3.03709,-505.638,-0.000404508,0.00112749,0.000212659,0.001273
262,3.84839,2.93288,-505.844,-0.000444561,0.00164629,-0.000309102,0.00200354,4.033,3.03709,-505.638,-0.000466254,0.00169928,-0.000825101,0.00198166
263,3.84839,2.93288,-505.844,-0.000367161,0.00215606,-0.000528916,0.00245112,4.033,3.03709,-505.638,-0.000346838,0.00219391,-0.00086174,0.00241886
264,3.84839,2.93288,-505.844,-0.000412782,0.00254396,-0.00142675,0.00304311,4.033,3.03709,-505.638,-0.000405764,0.00258992,-0.00165329,0.00311447
265,3.84839,2.93288,-505.844,-0.000525097,0.00290579,-0.00268644,0.00405844,4.033,3.03709,-505.638,-0.000497746,0.00291186,-0.00296277,0.00419579
266,3.84839,2.93288,-505.844,-0.000542002,0.00332798,-0.00301066,0.00456302,4.033,3.03709,-505.638,-0.00052224,0.0033376,-0.00329343,0.00472433
267,3.84839,2.93288,-505.844,-0.000605734,0.00373581,-0.00352182,0.00519037,4.033,3.03709,-505.638,-0.000607056,0.00374018,-0.00377952,0.0053553
268,3.84839,2.93288,-505.844,-0.000757139,0.00390642,-0.0040017,0.0057118,4.033,3.03709,-505.638,-0.000710967,0.00395705,-0.00448349,0.00603212
269,3.84839,2.93288,-505.844,-0.00102432,0.00423929,-0.00518327,0.00680614,4.033,3.03709,-505.638,-0.00100545,0.00425873,-0.00552282,0.00705133
270,3.84839,2.93288,-505.844,-0.00107008,0.00441473,-0.00647472,0.00793162,4.033,3.03709,-505.638,-0.00104554,0.00444264,-0.00677113,0.00816953
271,3.84839,2.93288,-505.844,-0.00138991,0.00461751,-0.00612689,0.00780632,4.033,3.03709,-505.638,-0.0013558,0.00464113,-0.00623692,0.00789324
272,3.84839,2.93288,-505.844,-0.00146109,0.0045999,-0.0071031,0.00860094,4.033,3.03709,-505.638,-0.00141153,0.00458529,-0.00737779,0.00880274
273,3.84839,2.93288,-505.844,-0.00159746,0.00481848,-0.00788893,0.00939516,4.033,3.03709,-505.638,-0.00157004,0.0048246,-0.0081335,0.00958892
274,3.84839,2.93288,-505.844,-0.00186623,0.00483689,-0.00811774,0.00964038,4.033,3.03709,-505.638,-0.00183013,0.00480426,-0.00837965,0.00983222
275,3.84839,2.93288,-505.844,-0.00205666,0.00498286,-0.00896563,0.0104733,4.033,3.03709,-505.638,-0.00201787,0.00496583,-0.00940313,0.0108252
276,3.84839,2.93288,-505.844,-0.00226735,0.00520272,-0.00991344,0.0114397,4.033,3.03709,-505.638,-0.0022565,0.0051517,-0.0101459,0.0116033
277,3.84839,2.93288,-505.844,-0.00252955,0.00531401,-0.00966422,0.0113212,4.033,3.03709,-505.638,-0.00251574,0.00529471,-0.00993846,0.0115394
278,3.84839,2.93288,-505.844,-0.00269426,0.00541063,-0.0100793,0.0117568,4.033,3.03709,-505.638,-0.00270044,0.00538511,-0.0103005,0.0119336
279,3.84839,2.93288,-505.844,-0.00288718,0.00546202,-0.0104992,0.0121878,4.033,3.03709,-505.638,-0.0028558,0.0054248,-0.0108437,0.0124575
280,3.84839,2.93288,-505.844,-0.00315755,0.00578754,-0.0112834,0.0130803,4.033,3.03709,-505.638,-0.00314675,0.00575528,-0.0116222,0.0133477
281,3.84839,2.93288,-505.844,-0.00330331,0.00590353,-0.0113723,0.0132375,4.033,3.03709,-505.638,-0.00328771,0.0059013,-0.0117027,0.0135135
282,3.84839,2.93288,-505.844,-0.00346029,0.00618275,-0.0115362,0.01355,4.033,3.03709,-505.638,-0.00344199,0.00617852,-0.011784,0.0137458
283,3.84839,2.93288,-505.844,-0.00352154,0.00648182,-0.0120984,0.0141774,4.033,3.03709,-505.638,-0.00347343,0.00649045,-0.0123117,0.0143463
284,3.84839,2.93288,-505.844,-0.00378936,0.00661582,-0.0119813,0.0142059,4.033,3.03709,-505.638,-0.00376385,0.00660794,-0.0122961,0.0144583
285,3.84839,2.93288,-505.844,-0.00385508,0.00698379,-0.0121285,0.0145315,4.033,3.03709,-505.638,-0.00381554,0.00699871,-0.0124694,0.0148025
286,3.84839,2.93288,-505.844,-0.00385589,0.00728493,-0.0118497,0.0144445,4.033,3.03709,-505.638,-0.00383214,0.00731001,-0.0121402,0.0146821
287,3.84839,2.93288,-505.844,-0.00401134,0.00757764,-0.0124317,0.015108,4.033,3.03709,-505.638,-0.00397183,0.0075954,-0.0126164,0.0152537
288,3.84839,2.93288,-505.844,-0.00424881,0.00781179,-0.0119371,0.0148945,4.033,3.03709,-505.638,-0.00422979,0.00781036,-0.0119948,0.0149279
289,3.84839,2.93288,-505.844,-0.00434324,0.00803145,-0.0125836,0.0155537,4.033,3.03709,-505.638,-0.00431067,0.00805139,-0.0129018,0.0158082
290,3.84839,2.93288,-505.844,-0.00444281,0.00793289,-0.0120165,0.0150764,4.033,3.03709,-505.638,-0.00441278,0.00795603,-0.0122284,0.0152433
291,3.84839,2.93288,-505.844,-0.00460503,0.00803986,-0.0121284,0.0152677,4.033,3.03709,-505.638,-0.00459163,0.00806661,-0.0123167,0.0154235
292,3.84839,2.93288,-505.844,-0.00454133,0.00794582,-0.0121455,0.0152172,4.033,3.03709,-505.638,-0.00450049,0.00796884,-0.0123341,0.0153608
293,3.84839,2.93288,-505.844,-0.0046718,0.00792553,-0.0121081,0.0152189,4.033,3.03709,-505.638,-0.00464994,0.00797127,-0.0122618,0.0153492
294,3.84839,2.93288,-505.844,-0.00468648,0.00793746,-0.0126618,0.0156687,4.033,3.03709,-505.638,-0.00466026,0.00795861,-0.0129566,0.0159051
295,3.84839,2.93288,-505.844,-0.00474162,0.00773796,-0.0121538,0.0151755,4.033,3.03709,-505.638,-0.00469776,0.00778555,-0.0124053,0.0153825
296,3.84839,2.93288,-505.844,-0.00479635,0.00761506,-0.0120438,0.0150384,4.033,3.03709,-505.638,-0.00479699,0.00764921,-0.0121742,0.0151578
297,3.84839,2.93288,-505.844,-0.00496372,0.00737084,-0.0120945,0.0150133,4.033,3.03709,-505.638,-0.00496019,0.00739541,-0.0123269,0.0152079
298,3.84839,2.93288,-505.844,-0.00498562,0.00706535,-0.0121754,0.0149399,4.033,3.03709,-505.638,-0.004994,0.00706141,-0.0122368,0.014986
299,3.84839,2.93288,-505.844,-0.0051156,0.00676728,-0.0123547,0.0149948,4.033,3.03709,-505.638,-0.00508631,0.00674678,-0.0124895,0.0150809
300,3.84839,2.93288,-505.844,-0.00499336,0.00651361,-0.0120615,0.0145983,4.033,3.03709,-505.638,-0.00496542,0.00650756,-0.0122047,0.0146975
301,3.84839,2.93288,-505.844,-0.00518194,0.00601228,-0.0111505,0.0136929,4.033,3.03709,-505.638,-0.00516063,0.00600914,-0.0113972,0.0138804
302,3.84839,2.93288,-505.844,-0.00510649,0.00566468,-0.0119057,0.014141,4.033,3.03709,-505.638,-0.00509908,0.00566275,-0.0120562,0.0142629
303,3.84839,2.93288,-505.844,-0.00513986,0.00541488,-0.0116534,0.0138438,4.033,3.03709,-505.638,-0.00510912,0.00541966,-0.0118334,0.013983
304,3.84839,2.93288,-505.844,-0.00516948,0.00499299,-0.0117471,0.0137748,4.033,3.03709,-505.638,-0.005173,0.0049993,-0.0120095,0.014
305,3.84839,2.93288,-505.844,-0.00535547,0.0047136,-0.0115995,0.0136236,4.033,3.03709,-505.638,-0.0053321,0.00472492,-0.0119872,0.0139453
306,3.84839,2.93288,-505.844,-0.00533304,0.00446165,-0.0116362,0.0135597,4.033,3.03709,-505.638,-0.00529754,0.00442913,-0.0117726,0.0136491
307,3.84839,2.93288,-505.844,-0.00536345,0.00393729,-0.0113502,0.0131592,4.033,3.03709,-505.638,-0.00533423,0.00388834,-0.0113354,0.0131182
308,3.84839,2.93288,-505.844,-0.00534417,0.0037519,-0.0113328,0.0130909,4.033,3.03709,-505.638,-0.00530231,0.00371757,-0.0113909,0.0131059
309,3.84839,2.93288,-505.844,-0.00545434,0.00348635,-0.0110151,0.0127825,4.033,3.03709,-505.638,-0.0054414,0.00344401,-0.0110669,0.0128052
310,3.84839,2.93288,-505.844,-0.00541991,0.00326605,-0.011147,0.012826,4.033,3.03709,-505.638,-0.00541609,0.00323031,-0.0112111,0.012865
311,3.84839,2.93288,-505.844,-0.0053262,0.0032364,-0.0102979,0.0120412,4.033,3.03709,-505.638,-0.0053009,0.00324735,-0.0102224,0.0119651
312,3.84839,2.93288,-505.844,-0.00523532,0.00323072,-0.0109301,0.0125479,4.033,3.03709,-505.638,-0.00519052,0.0032065,-0.0110301,0.0126064
313,3.84839,2.93288,-505.844,-0.00518194,0.00327453,-0.00994034,0.0116804,4.033,3.03709,-505.638,-0.00519136,0.00324893,-0.0100385,0.0117597
314,3.84839,2.93288,-505.844,-0.00528024,0.00341844,-0.00963255,0.0115092,4.033,3.03709,-505.638,-0.00525532,0.00339459,-0.0098081,0.0116344
315,3.84839,2.93288,-505.844,-0.0052332,0.00340768,-0.00925466,0.0111729,4.033,3.03709,-505.638,-0.00519839,0.00340138,-0.00940224,0.0112713
316,3.84839,2.93288,-505.844,-0.00522158,0.00356794,-0.00972899,0.0116146,4.033,3.03709,-505.638,-0.00518206,0.00355171,-0.00992597,0.0117497
317,3.84839,2.93288,-505.844,-0.00507793,0.00369504,-0.00917109,0.0111223,4.033,3.03709,-505.638,-0.00503937,0.00369815,-0.00926647,0.0111794
318,3.84839,2.93288,-505.844,-0.0050172,0.00391247,-0.00954278,0.0114874,4.033,3.03709,-505.638,-0.00498855,0.00390994,-0.00961828,0.0115235
319,3.84839,2.93288,-505.844,-0.00490193,0.00390554,-0.0089636,0.0109478,4.033,3.03709,-505.638,-0.00488132,0.00390469,-0.00912808,0.0110661
320,3.84839,2.93288,-505.844,-0.00477896,0.00387618,-0.00817346,0.0102389,4.033,3.03709,-505.638,-0.00476978,0.00387198,-0.00836844,0.0103829
321,3.84839,2.93288,-505.844,-0.0047331,0.00388645,-0.00855956,0.010537,4.033,3.03709,-505.638,-0.00469509,0.00392228,-0.00880031,0.0107206
322,3.84839,2.93288,-505.844,-0.00459222,0.00392477,-0.00800403,0.0100421,4.033,3.03709,-505.638,-0.00454487,0.00394848,-0.00828324,0.0102426
323,3.84839,2.93288,-505.844,-0.00440632,0.00387067,-0.00785122,0.00980899,4.033,3.03709,-505.638,-0.00439931,0.00389311,-0.00778564,0.00975591
324,3.84839,2.93288,-505.844,-0.00433275,0.00375252,-0.00808805,0.00992901,4.033,3.03709,-505.638,-0.00431424,0.00377763,-0.0083194,0.0101072
325,3.84839,2.93288,-505.844,-0.00428291,0.00349973,-0.00791487,0.00966048,4.033,3.03709,-505.638,-0.00427395,0.00351125,-0.00798741,0.00971681
326,3.84839,2.93288,-505.844,-0.00392227,0.00332721,-0.00824633,0.00973074,4.033,3.03709,-505.638,-0.00390048,0.00334058,-0.00830026,0.00976326
327,3.84839,2.93288,-505.844,-0.00380248,0.00292381,-0.00774592,0.00912016,4.033,3.03709,-505.638,-0.00379313,0.00295029,-0.00791226,0.00925947
328,3.84839,2.93288,-505.844,-0.00369434,0.00272461,-0.00755131,0.008845,4.033,3.03709,-505.638,-0.00367246,0.00269463,-0.00779062,0.00902626
329,3.84839,2.93288,-505.844,-0.0034497,0.00248171,-0.00782732,0.00891575,4.033,3.03709,-505.638,-0.0034442,0.00250218,-0.00792081,0.00899448
330,3.84839,2.93288,-505.844,-0.00311004,0.00215909,-0.00707887,0.00803401,4.033,3.03709,-505.638,-0.00307417,0.0021866,-0.00716842,0.0081019
331,3.84839,2.93288,-505.844,-0.00293578,0.00195428,-0.00706065,0.00790763,4.033,3.03709,-505.638,-0.0029484,0.00196223,-0.00749127,0.00828881
332,3.84839,2.93288,-505.844,-0.00277031,0.00165476,-0.00664409,0.00739392,4.033,3.03709,-505.638,-0.00276029,0.00163555,-0.00679969,0.00752022
333,3.84839,2.93288,-505.844,-0.00248716,0.00137687,-0.00691474,0.0074843,4.033,3.03709,-505.638,-0.00248447,0.00137536,-0.00727824,0.00781377
334,3.84839,2.93288,-505.844,-0.00225802,0.00129082,-0.00621896,0.0067502,4.033,3.03709,-505.638,-0.00224929,0.00129469,-0.00658498,0.0070794
335,3.84839,2.93288,-505.844,-0.00204529,0.00091104,-0.00601501,0.00642403,4.033,3.03709,-505.638,-0.00209386,0.000896092,-0.0062504,0.00665372
336,3.84839,2.93288,-505.844,-0.00197191,0.000833427,-0.00582051,0.00621414,4.033,3.03709,-505.638,-0.00195321,0.000823815,-0.00609495,0.00645518
337,3.84839,2.93288,-505.844,-0.00149292,0.000693267,-0.00541753,0.0056735,4.033,3.03709,-505.638,-0.00152246,0.000690998,-0.00586818,0.00610362
338,3.84839,2.93288,-505.844,-0.00127583,0.000522816,-0.00487593,0.00507847,4.033,3.03709,-505.638,-0.00128843,0.000493672,-0.00517493,0.00535796
339,3.84839,2.93288,-505.844,-0.00110322,0.000403753,-0.00387764,0.00406638,4.033,3.03709,-505.638,-0.00111941,0.00039795,-0.00429472,0.0044582
340,3.84839,2.93288,-505.844,-0.000806443,0.000396364,-0.00387116,0.00397713,4.033,3.03709,-505.638,-0.000809349,0.000373306,-0.00417019,0.00426494
341,3.84839,2.93288,-505.844,-0.000692831,0.000349048,-0.00310851,0.00321817,4.033,3.03709,-505.638,-0.000673509,0.000341331,-0.00330439,0.00339197
342,3.84839,2.93288,-505.844,-0.000414228,0.000256701,-0.00220389,0.00228163,4.033,3.03709,-505.638,-0.000455891,0.000291357,-0.00249994,0.00256187
343,3.84839,2.93288,-505.844,-0.000311333,6.32395e-05,-0.00246563,0.00251713,4.033,3.03709,-505.638,-0.000295255,9.74512e-05,-0.0029356,0.00295393
344,3.84839,2.93288,-505.844,-0.000265487,1.87102e-05,-0.00221062,0.00224276,4.033,3.03709,-505.638,-0.000284234,-2.71667e-05,-0.0026598,0.00267707
345,3.84839,2.93288,-505.844,-0.000157536,-0.000106068,-0.00160569,0.00167263,4.033,3.03709,-505.638,-0.000149232,-7.74604e-05,-0.002062,0.00207143
346,3.84839,2.93288,-505.844,-0.000179153,-0.000281346,-0.00112616,0.00124386,4.033,3.03709,-505.638,-0.00017072,-0.000279653,-0.00146673,0.00150737
347,3.84839,2.93288,-505.844,5.69613e-06,-0.00048207,-0.000778909,0.00117684,4.033,3.03709,-505.638,5.68492e-06,-0.000480927,-0.00112439,0.00123915
348,3.84839,2.93288,-505.844,0.000241748,-0.000738932,-8.56993e-05,0.00103759,4.033,3.03709,-505.638,0.000240704,-0.000732358,-0.000357296,0.000894516
349,3.84839,2.93288,-505.844,0.000235659,-0.000979422,0.000898335,0.00154653,4.033,3.03709,-505.638,0.000234498,-0.000975805,0.000727085,0.00126836
350,3.84839,2.93288,-505.844,0.000291953,-0.00122386,0.000274291,0.00170237,4.033,3.03709,-505.638,0.000296165,-0.00123108,-0.000240029,0.00136411
351,3.84839,2.93288,-505.844,0.000185308,-0.00143336,0.00102705,0.00181302,4.033,3.03709,-505.638,0.000188465,-0.0014074,0.000798707,0.00163704
352,3.84839,2.93288,-505.844,0.00023778,-0.00172678,0.00147636,0.00234804,4.033,3.03709,-505.638,0.000309374,-0.00173087,0.00127356,0.00218369
353,3.84839,2.93288,-505.844,0.0001447,-0.00203465,0.00153908,0.00262836,4.033,3.03709,-505.638,0.000171977,-0.00204392,0.00122662,0.00240822
354,3.84839,2.93288,-505.844,0.000201731,-0.00246431,0.00216482,0.00330231,4.033,3.03709,-505.638,0.000181294,-0.002463,0.00185408,0.00309033
355,3.84839,2.93288,-505.844,0.000208837,-0.00284819,0.001942,0.0034934,4.033,3.03709,-505.638,0.000225886,-0.00286274,0.00166947,0.00333158
356,3.84839,2.93288,-505.844,0.000109814,-0.00292911,0.00208304,0.00366409,4.033,3.03709,-505.638,0.000137871,-0.00294052,0.00178952,0.00345941
357,3.84839,2.93288,-505.844,-0.000144681,-0.00337607,0.00263038,0.00430798,4.033,3.03709,-505.638,-0.000109462,-0.00338079,0.00233412,0.00411394
358,3.84839,2.93288,-505.844,-0.000181718,-0.00373585,0.00249717,0.00452479,4.033,3.03709,-505.638,-0.000191525,-0.00379138,0.00217052,0.00437744
359,3.84839,2.93288,-505.844,-0.000213721,-0.00382384,0.00253752,0.0046252,4.033,3.03709,-505.638,-0.00019181,-0.00386837,0.00234292,0.00453399
360,3.84839,2.93288,-505.844,-0.000374546,-0.00412657,0.00194066,0.00461569,4.033,3.03709,-505.638,-0.000369806,-0.00415241,0.00157622,0.00446471
361,3.84839,2.93288,-505.844,-0.000634035,-0.00412719,0.00239068,0.00483665,4.033,3.03709,-505.638,-0.000641941,-0.00416275,0.00222357,0.00476811
362,3.84839,2.93288,-505.844,-0.000690375,-0.0041331,0.00246632,0.00490132,4.033,3.03709,-505.638,-0.000678375,-0.00418367,0.00212095,0.00474492
363,3.84839,2.93288,-505.844,-0.000848766,-0.00412658,0.00207169,0.00472205,4.033,3.03709,-505.638,-0.000814609,-0.00413825,0.00183826,0.00460577
364,3.84839,2.93288,-505.844,-0.000920445,-0.00419053,0.00188105,0.00473568,4.033,3.03709,-505.638,-0.000903303,-0.00422119,0.00155087,0.0045954
365,3.84839,2.93288,-505.844,-0.00108622,-0.0039962,0.00186241,0.00458652,4.033,3.03709,-505.638,-0.00104723,-0.00401522,0.0015677,0.00444435
366,3.84839,2.93288,-505.844,-0.00113586,-0.00395299,0.00222003,0.00471143,4.033,3.03709,-505.638,-0.00116276,-0.00397527,0.00204703,0.00462683
367,3.84839,2.93288,-505.844,-0.00104011,-0.00358051,0.00149569,0.00410703,4.033,3.03709,-505.638,-0.00104064,-0.00359867,0.0012042,0.00395426
368,3.84839,2.93288,-505.844,-0.00125042,-0.00341184,0.00214806,0.00426972,4.033,3.03709,-505.638,-0.00125191,-0.00343623,0.00178994,0.00407984
369,3.84839,2.93288,-505.844,-0.00129489,-0.0031135,0.00121584,0.00367091,4.033,3.03709,-505.638,-0.00126035,-0.0031055,0.000941206,0.00350012
370,3.84839,2.93288,-505.844,-0.0013671,-0.00283837,0.000903029,0.00344999,4.033,3.03709,-505.638,-0.00136607,-0.00280842,0.000319495,0.00317015
371,3.84839,2.93288,-505.844,-0.00143238,-0.00257265,0.00138295,0.00332596,4.033,3.03709,-505.638,-0.00141011,-0.00257089,0.0010318,0.00312097
372,3.84839,2.93288,-505.844,-0.00159657,-0.00232485,0.00122044,0.00319846,4.033,3.03709,-505.638,-0.00161479,-0.00230639,0.000904347,0.00298196
373,3.84839,2.93288,-505.844,-0.00162995,-0.00201652,0.00102714,0.00306768,4.033,3.03709,-505.638,-0.00164042,-0.002003,0.000546512,0.00270711
374,3.84839,2.93288,-505.844,-0.00168128,-0.00174711,0.000317323,0.00260236,4.033,3.03709,-505.638,-0.00170703,-0.00174531,-0.000110809,0.00247002
375,3.84839,2.93288,-505.844,-0.00158048,-0.00158699,0.0002996,0.00234641,4.033,3.03709,-505.638,-0.00157902,-0.00155353,5.37849e-05,0.00223602
376,3.84839,2.93288,-505.844,-0.00164076,-0.00123658,-0.000243595,0.00223244,4.033,3.03709,-505.638,-0.00166673,-0.00119518,-0.000621773,0.0021688
377,3.84839,2.93288,-505.844,-0.00159618,-0.000928243,-0.00189945,0.00275118,4.033,3.03709,-505.638,-0.00159764,-0.000908319,-0.00212764,0.00282904
378,3.84839,2.93288,-505.844,-0.00178384,-0.000648515,-0.00213466,0.00303712,4.033,3.03709,-505.638,-0.00177332,-0.000633127,-0.0025673,0.00320691
379,3.84839,2.93288,-505.844,-0.00169475,-0.00050097,-0.00234904,0.00300463,4.033,3.03709,-505.638,-0.00168393,-0.000495263,-0.00275549,0.00327561
380,3.84839,2.93288,-505.844,-0.00170015,-0.000315563,-0.00311895,0.00363423,4.033,3.03709,-505.638,-0.00170716,-0.00032229,-0.00351367,0.0039285
381,3.84839,2.93288,-505.844,-0.00176416,-0.000137449,-0.00388366,0.00430851,4.033,3.03709,-505.638,-0.00178163,-0.000131843,-0.00444567,0.00479566
382,3.84839,2.93288,-505.844,-0.00174231,0.000153536,-0.00442501,0.00478546,4.033,3.03709,-505.638,-0.00173379,0.000116979,-0.00489999,0.00520272
383,3.84839,2.93288,-505.844,-0.00186864,0.000194607,-0.00469653,0.00508174,4.033,3.03709,-505.638,-0.0018593,0.000190077,-0.00513221,0.0054654
384,3.84839,2.93288,-505.844,-0.00179043,0.000507166,-0.00582358,0.00613083,4.033,3.03709,-505.638,-0.00178147,0.000469236,-0.00631182,0.00657735
385,3.84839,2.93288,-505.844,-0.00177754,0.000711076,-0.00673977,0.00701473,4.033,3.03709,-505.638,-0.00180179,0.00067806,-0.00714831,0.0074046
386,3.84839,2.93288,-505.844,-0.00175387,0.00101695,-0.00732296,0.00760636,4.033,3.03709,-505.638,-0.00175429,0.000988688,-0.00779205,0.00804907
387,3.84839,2.93288,-505.844,-0.00182206,0.00131274,-0.00777828,0.00810455,4.033,3.03709,-505.638,-0.00183274,0.00127547,-0.00828964,0.0085864
388,3.84839,2.93288,-505.844,-0.00188839,0.00159872,-0.00754921,0.00795112,4.033,3.03709,-505.638,-0.0018931,0.00159025,-0.00796628,0.00834233
389,3.84839,2.93288,-505.844,-0.00194832,0.00180391,-0.00935014,0.00972228,4.033,3.03709,-505.638,-0.00197964,0.00176642,-0.00973376,0.0100892
390,3.84839,2.93288,-505.844,-0.00201731,0.00226339,-0.0096161,0.0100876,4.033,3.03709,-505.638,-0.00201237,0.0022364,-0.0100307,0.0104728
391,3.84839,2.93288,-505.844,-0.00192854,0.00259661,-0.010094,0.0106104,4.033,3.03709,-505.638,-0.00195428,0.00251541,-0.0105913,0.0110612
392,3.84839,2.93288,-505.844,-0.00205859,0.00293687,-0.0105962,0.0111922,4.033,3.03709,-505.638,-0.00205795,0.00293621,-0.0111852,0.0117466
393,3.84839,2.93288,-505.844,-0.00201912,0.00333639,-0.0109311,0.0116131,4.033,3.03709,-505.638,-0.00203555,0.00331524,-0.0116166,0.0122516
394,3.84839,2.93288,-505.844,-0.00208102,0.00381868,-0.0117537,0.0125381,4.033,3.03709,-505.638,-0.00211387,0.00376025,-0.0122285,0.0129679
395,3.84839,2.93288,-505.844,-0.00207588,0.00426854,-0.0119208,0.0128387,4.033,3.03709,-505.638,-0.00205759,0.00426108,-0.0123516,0.0132283
396,3.84839,2.93288,-505.844,-0.00216635,0.00484542,-0.0127863,0.0138543,4.033,3.03709,-505.638,-0.00216086,0.00481539,-0.0132591,0.0142726
397,3.84839,2.93288,-505.844,-0.00218511,0.00518249,-0.0124331,0.0136499,4.033,3.03709,-505.638,-0.00219479,0.00518353,-0.0127927,0.0139769
398,3.84839,2.93288,-505.844,-0.00224314,0.00573131,-0.0129082,0.0143049,4.033,3.03709,-505.638,-0.00226402,0.00569948,-0.0133369,0.0146798
399,3.84839,2.93288,-505.844,-0.0024092,0.00610046,-0.0130582,0.0146253,4.033,3.03709,-505.638,-0.00245009,0.0060804,-0.0136274,0.0151239
400,3.84839,2.93288,-505.844,-0.00252589,0.00638185,-0.0135711,0.0152146,4.033,3.03709,-505.638,-0.00252586,0.00637951,-0.014034,0.0156224
401,3.84839,2.93288,-505.844,-0.0023861,0.00671546,-0.0136768,0.015428,4.033,3.03709,-505.638,-0.00236795,0.00673782,-0.0140726,0.015782
402,3.84839,2.93288,-505.844,-0.00256727,0.00692617,-0.0137315,0.0156039,4.033,3.03709,-505.638,-0.00254666,0.00692681,-0.0141389,0.0159511
403,3.84839,2.93288,-505.844,-0.00258039,0.00709452,-0.01414,0.0160338,4.033,3.03709,-505.638,-0.00258138,0.00708835,-0.0146396,0.0164695
404,3.84839,2.93288,-505.844,-0.00267147,0.00734513,-0.0139344,0.0159865,4.033,3.03709,-505.638,-0.00264102,0.00736683,-0.0144405,0.0164265
405,3.84839,2.93288,-505.844,-0.00277334,0.00743321,-0.014376,0.0164315,4.033,3.03709,-505.638,-0.00276926,0.00743576,-0.014729,0.0167321
406,3.84839,2.93288,-505.844,-0.00288901,0.00748056,-0.0147237,0.0167727,4.033,3.03709,-505.638,-0.00288206,0.00750651,-0.0150941,0.0171035
407,3.84839,2.93288,-505.844,-0.00294749,0.00748399,-0.0149218,0.016956,4.033,3.03709,-505.638,-0.00295125,0.00748613,-0.0152379,0.017233
408,3.84839,2.93288,-505.844,-0.00318698,0.00736814,-0.0141573,0.0162841,4.033,3.03709,-505.638,-0.00321313,0.00733756,-0.0145373,0.0165996
409,3.84839,2.93288,-505.844,-0.00314073,0.0072372,-0.0136352,0.0157661,4.033,3.03709,-505.638,-0.00313137,0.007215,-0.0140387,0.0160942
410,3.84839,2.93288,-505.844,-0.00334091,0.00710075,-0.0136097,0.0157197,4.033,3.03709,-505.638,-0.00334123,0.007079,-0.0141734,0.0161931
411,3.84839,2.93288,-505.844,-0.00330261,0.00699706,-0.0140656,0.016061,4.033,3.03709,-505.638,-0.00334098,0.00696856,-0.0145083,0.0164393
412,3.84839,2.93288,-505.844,-0.00328698,0.00680652,-0.0141108,0.0160104,4.033,3.03709,-505.638,-0.00329486,0.00680048,-0.0145176,0.0163668
413,3.84839,2.93288,-505.844,-0.00322125,0.00668661,-0.0141694,0.0160058,4.033,3.03709,-505.638,-0.00322982,0.0066614,-0.0146028,0.0163739
414,3.84839,2.93288,-505.844,-0.00354114,0.00657981,-0.0141779,0.0160367,4.033,3.03709,-505.638,-0.00353533,0.00654798,-0.014597,0.016386
415,3.84839,2.93288,-505.844,-0.00348446,0.00633111,-0.0136605,0.0154649,4.033,3.03709,-505.638,-0.0034839,0.00629119,-0.0139636,0.0157087
416,3.84839,2.93288,-505.844,-0.00364087,0.00622653,-0.0129473,0.0148278,4.033,3.03709,-505.638,-0.00363373,0.00620515,-0.0131094,0.0149534
417,3.84839,2.93288,-505.844,-0.00376951,0.00593636,-0.0128113,0.0146194,4.033,3.03709,-505.638,-0.00376663,0.00592322,-0.013125,0.0148851
418,3.84839,2.93288,-505.844,-0.00370855,0.00565315,-0.0127635,0.0144603,4.033,3.03709,-505.638,-0.0037139,0.00561915,-0.0132665,0.0148811
419,3.84839,2.93288,-505.844,-0.00374938,0.00542934,-0.0124542,0.0141002,4.033,3.03709,-505.638,-0.00372256,0.00543075,-0.0128733,0.0144602
420,3.84839,2.93288,-505.844,-0.0037955,0.00526026,-0.0121778,0.0138065,4.033,3.03709,-505.638,-0.00384561,0.00522996,-0.0126518,0.0142215
421,3.84839,2.93288,-505.844,-0.00384389,0.00509394,-0.0123218,0.0138864,4.033,3.03709,-505.638,-0.00382537,0.0051108,-0.0127045,0.0142201
422,3.84839,2.93288,-505.844,-0.00376296,0.00480734,-0.0110814,0.0126629,4.033,3.03709,-505.638,-0.00373127,0.00479819,-0.0115564,0.0130591
423,3.84839,2.93288,-505.844,-0.00384192,0.00454972,-0.0115519,0.0130088,4.033,3.03709,-505.638,-0.00385869,0.00457072,-0.0120135,0.0134223
424,3.84839,2.93288,-505.844,-0.00387213,0.00436511,-0.0102415,0.0117963,4.033,3.03709,-505.638,-0.00387611,0.00436914,-0.0106931,0.0121859
425,3.84839,2.93288,-505.844,-0.00385181,0.00410334,-0.00980359,0.0113143,4.033,3.03709,-505.638,-0.00382957,0.00410484,-0.00999238,0.0114634
426,3.84839,2.93288,-505.844,-0.00390379,0.00374993,-0.0101611,0.0115309,4.033,3.03709,-505.638,-0.00393125,0.00376196,-0.0105698,0.0118917
427,3.84839,2.93288,-505.844,-0.00395346,0.00346898,-0.00895447,0.010406,4.033,3.03709,-505.638,-0.00395351,0.00346364,-0.00937723,0.0107529
428,3.84839,2.93288,-505.844,-0.00375073,0.00302579,-0.00796676,0.00932161,4.033,3.03709,-505.638,-0.00373236,0.00304193,-0.00840249,0.00968606
429,3.84839,2.93288,-505.844,-0.0038293,0.00265212,-0.00781596,0.00911581,4.033,3.03709,-505.638,-0.00382775,0.00265621,-0.00805759,0.00931094
430,3.84839,2.93288,-505.844,-0.00370247,0.00228136,-0.00775652,0.00891344,4.033,3.03709,-505.638,-0.00370196,0.00230649,-0.00822199,0.00931077
431,3.84839,2.93288,-505.844,-0.00367256,0.00181021,-0.00627148,0.00751899,4.033,3.03709,-505.638,-0.00366425,0.00182443,-0.00674806,0.00789641
432,3.84839,2.93288,-505.844,-0.00361225,0.0014635,-0.00602408,0.00719567,4.033,3.03709,-505.638,-0.00360701,0.00143905,-0.00632436,0.00742525
433,3.84839,2.93288,-505.844,-0.00357387,0.00107031,-0.00548185,0.00667082,4.033,3.03709,-505.638,-0.0035689,0.00106106,-0.00579579,0.00689536
434,3.84839,2.93288,-505.844,-0.00359667,0.000593029,-0.00484752,0.00608477,4.033,3.03709,-505.638,-0.00357253,0.000567481,-0.00501253,0.00618504
435,3.84839,2.93288,-505.844,-0.00362601,0.000162387,-0.00470359,0.00600676,4.033,3.03709,-505.638,-0.00363025,0.000153616,-0.00520562,0.00635704
436,3.84839,2.93288,-505.844,-0.00364138,-0.000112916,-0.00390848,0.00540625,4.033,3.03709,-505.638,-0.0036504,-0.000107411,-0.0042585,0.00562058
437,3.84839,2.93288,-505.844,-0.00338949,-0.000531597,-0.00242351,0.0043475,4.033,3.03709,-505.638,-0.00338549,-0.000544739,-0.00287917,0.00449903
438,3.84839,2.93288,-505.844,-0.0034157,-0.000880003,-0.00288125,0.00464572,4.033,3.03709,-505.638,-0.00339921,-0.000895641,-0.00326699,0.00481556
439,3.84839,2.93288,-505.844,-0.0032979,-0.00129912,-0.00164034,0.00399247,4.033,3.03709,-505.638,-0.0032667,-0.00132052,-0.00188566,0.00400877
440,3.84839,2.93288,-505.844,-0.00323901,-0.00148744,-0.00186174,0.00414306,4.033,3.03709,-505.638,-0.00323935,-0.00146969,-0.00221533,0.00420999
441,3.84839,2.93288,-505.844,-0.00318762,-0.00171916,-0.00108793,0.00393078,4.033,3.03709,-505.638,-0.00316973,-0.00171327,-0.00148889,0.00392545
442,3.84839,2.93288,-505.844,-0.00315162,-0.00186168,-0.000413685,0.00383249,4.033,3.03709,-505.638,-0.00315572,-0.00188243,-0.000822855,0.0037919
443,3.84839,2.93288,-505.844,-0.00298706,-0.00192745,-0.000450017,0.00371647,4.033,3.03709,-505.638,-0.00296888,-0.00193526,-0.000664046,0.00363461
444,3.84839,2.93288,-505.844,-0.00296045,-0.00206514,-0.000160699,0.00373321,4.033,3.03709,-505.638,-0.00295847,-0.00206567,-0.000412492,0.00365733
445,3.84839,2.93288,-505.844,-0.00290424,-0.00233073,0.000424598,0.00406146,4.033,3.03709,-505.638,-0.00289349,-0.00234047,-0.000161184,0.00377719
446,3.84839,2.93288,-505.844,-0.00265853,-0.00225515,0.00107338,0.00370734,4.033,3.03709,-505.638,-0.002639,-0.00225456,0.000870615,0.00358991
447,3.84839,2.93288,-505.844,-0.00254173,-0.00226793,0.000998338,0.0036348,4.033,3.03709,-505.638,-0.00255345,-0.00228476,0.000750441,0.00352443
448,3.84839,2.93288,-505.844,-0.00247696,-0.00237083,0.00144999,0.00377947,4.033,3.03709,-505.638,-0.0024626,-0.0023926,0.00112739,0.00362518
449,3.84839,2.93288,-505.844,-0.00223855,-0.00223947,0.00192693,0.00373757,4.033,3.03709,-505.638,-0.00218801,-0.00222105,0.00165089,0.00353335
450,3.84839,2.93288,-505.844,-0.00217521,-0.00224631,0.00217763,0.00391279,4.033,3.03709,-505.638,-0.00215313,-0.00221395,0.00176444,0.00357748
451,3.84839,2.93288,-505.844,-0.00192502,-0.00211185,0.00231588,0.00375087,4.033,3.03709,-505.638,-0.00189396,-0.00211033,0.00204144,0.00350711
452,3.84839,2.93288,-505.844,-0.00185135,-0.0022162,0.0020411,0.00364191,4.033,3.03709,-505.638,-0.00182063,-0.0021513,0.00158794,0.00325823
453,3.84839,2.93288,-505.844,-0.00161256,-0.0022148,0.00222813,0.0035716,4.033,3.03709,-505.638,-0.00158226,-0.00221274,0.00203914,0.00340887
454,3.84839,2.93288,-505.844,-0.0015503,-0.0023957,0.00250644,0.00383675,4.033,3.03709,-505.638,-0.00151888,-0.00236598,0.00225367,0.00361074
455,3.84839,2.93288,-505.844,-0.001316,-0.00245552,0.00300464,0.0041241,4.033,3.03709,-505.638,-0.00129622,-0.00245029,0.00264526,0.00383755
456,3.84839,2.93288,-505.844,-0.00124411,-0.00249366,0.00260284,0.00385042,4.033,3.03709,-505.638,-0.00124662,-0.00249753,0.00245389,0.00372425
457,3.84839,2.93288,-505.844,-0.000884633,-0.00253139,0.00235073,0.00360496,4.033,3.03709,-505.638,-0.000897049,-0.0025237,0.00214712,0.00343977
458,3.84839,2.93288,-505.844,-0.000632688,-0.00253161,0.00227694,0.0035738,4.033,3.03709,-505.638,-0.000616994,-0.0025207,0.00193961,0.00326174
459,3.84839,2.93288,-505.844,-0.000567368,-0.0024922,0.0021477,0.00337578,4.033,3.03709,-505.638,-0.000549986,-0.00247009,0.00186408,0.00315209
460,3.84839,2.93288,-505.844,-0.000309227,-0.00257857,0.00212587,0.00340024,4.033,3.03709,-505.638,-0.000274325,-0.0025719,0.0019861,0.0032701
461,3.84839,2.93288,-505.844,-0.000386007,-0.00259264,0.00211295,0.00342795,4.033,3.03709,-505.638,-0.000346118,-0.0025779,0.00192653,0.00324933
462,3.84839,2.93288,-505.844,-0.000111325,-0.00267031,0.00146775,0.00311163,4.033,3.03709,-505.638,-9.0805e-05,-0.00267314,0.00116479,0.00293107
463,3.84839,2.93288,-505.844,4.25727e-05,-0.00250169,0.00188491,0.00322093,4.033,3.03709,-505.638,7.12168e-05,-0.00254778,0.00167748,0.00307119
464,3.84839,2.93288,-505.844,0.000206273,-0.00259044,0.00138884,0.00305269,4.033,3.03709,-505.638,0.000217983,-0.00261424,0.000959166,0.00281676
465,3.84839,2.93288,-505.844,0.000340081,-0.00255194,0.00116618,0.00291975,4.033,3.03709,-505.638,0.000368074,-0.0025651,0.000845542,0.00274609
466,3.84839,2.93288,-505.844,0.000449408,-0.00260818,0.0012453,0.00306717,4.033,3.03709,-505.638,0.000463675,-0.00262768,0.000834028,0.00282463
467,3.84839,2.93288,-505.844,0.000699428,-0.00247302,0.000944764,0.00288368,4.033,3.03709,-505.638,0.000689396,-0.00249265,0.000738609,0.00271999
468,3.84839,2.93288,-505.844,0.00068236,-0.00231101,0.000822522,0.00265392,4.033,3.03709,-505.638,0.000696676,-0.00232516,0.00064545,0.00253282
469,3.84839,2.93288,-505.844,0.000960715,-0.00224443,0.000356206,0.00259532,4.033,3.03709,-505.638,0.000993897,-0.00228434,6.15251e-05,0.002515
470,3.84839,2.93288,-505.844,0.00103373,-0.00206478,0.000583003,0.00258615,4.033,3.03709,-505.638,0.00108618,-0.00207405,0.00012067,0.00238081
471,3.84839,2.93288,-505.844,0.000988577,-0.00195546,-0.000131521,0.00238213,4.033,3.03709,-505.638,0.000978367,-0.0019452,-0.000477515,0.00226374
472,3.84839,2.93288,-505.844,0.00118987,-0.00178901,-0.000279809,0.00227055,4.033,3.03709,-505.638,0.0011958,-0.00182416,-0.000462596,0.00224922
473,3.84839,2.93288,-505.844,0.00116381,-0.00161338,-0.000888901,0.00235656,4.033,3.03709,-505.638,0.00114604,-0.00159327,-0.0011308,0.00229918
474,3.84839,2.93288,-505.844,0.00128888,-0.0015929,-0.000661655,0.00241042,4.033,3.03709,-505.638,0.00133532,-0.00159799,-0.000944953,0.00233663
475,3.84839,2.93288,-505.844,0.00129035,-0.00137815,-0.000836321,0.00219589,4.033,3.03709,-505.638,0.00130054,-0.0014051,-0.00112175,0.00224332
476,3.84839,2.93288,-505.844,0.00131576,-0.00130943,-0.000442593,0.00202822,4.033,3.03709,-505.638,0.00131475,-0.00129341,-0.000642548,0.0019781
477,3.84839,2.93288,-505.844,0.00135511,-0.00114503,-0.000950373,0.00211886,4.033,3.03709,-505.638,0.00141451,-0.00117322,-0.00120838,0.00221515
478,3.84839,2.93288,-505.844,0.00136091,-0.00102365,-0.0016387,0.00242968,4.033,3.03709,-505.638,0.00136184,-0.00101883,-0.00192647,0.00257846
479,3.84839,2.93288,-505.844,0.00138041,-0.0009944,-0.00153046,0.0023551,4.033,3.03709,-505.638,0.0014115,-0.00100232,-0.00185036,0.00254184
480,3.84839,2.93288,-505.844,0.00121744,-0.000756236,-0.00126215,0.0019998,4.033,3.03709,-505.638,0.00120523,-0.000760328,-0.00146623,0.00206153
481,3.84839,2.93288,-505.844,0.00115392,-0.000640948,-0.00119794,0.00189501,4.033,3.03709,-505.638,0.00120588,-0.000601287,-0.00159169,0.00209449
482,3.84839,2.93288,-505.844,0.00111381,-0.000630927,-0.00220955,0.00258266,4.033,3.03709,-505.638,0.00112226,-0.000644932,-0.00255335,0.00286674
483,3.84839,2.93288,-505.844,0.000924991,-0.000525414,-0.00158458,0.00192013,4.033,3.03709,-505.638,0.000933574,-0.000529833,-0.00170918,0.00202049
484,3.84839,2.93288,-505.844,0.000830623,-0.000570604,-0.00255696,0.00276246,4.033,3.03709,-505.638,0.000817875,-0.000596759,-0.00277299,0.00295427
485,3.84839,2.93288,-505.844,0.000753446,-0.000357866,-0.00295169,0.00307668,4.033,3.03709,-505.638,0.000778446,-0.000315578,-0.00337493,0.00347891
486,3.84839,2.93288,-505.844,0.000761089,-0.000360634,-0.0030456,0.00316313,4.033,3.03709,-505.638,0.000763892,-0.00037819,-0.00326425,0.00337421
487,3.84839,2.93288,-505.844,0.000471767,-0.000294936,-0.00306427,0.00312372,4.033,3.03709,-505.638,0.00050545,-0.000290123,-0.00344344,0.00349408
488,3.84839,2.93288,-505.844,0.000526234,-0.000290044,-0.00327104,0.00332724,4.033,3.03709,-505.638,0.00055722,-0.000300467,-0.00346621,0.00352391
489,3.84839,2.93288,-505.844,0.000233423,-0.000330797,-0.00373305,0.00375936,4.033,3.03709,-505.638,0.000264269,-0.00029823,-0.0040779,0.004098
490,3.84839,2.93288,-505.844,0.000131696,-0.000184906,-0.00378011,0.00378956,4.033,3.03709,-505.638,0.000158755,-0.000181099,-0.00400701,0.00401483
491,3.84839,2.93288,-505.844,-0.000175626,-0.00017978,-0.0042865,0.00429688,4.033,3.03709,-505.638,-0.000160925,-0.000177808,-0.00455828,0.00456507
492,3.84839,2.93288,-505.844,-0.000243786,-0.000104339,-0.00460465,0.00461667,4.033,3.03709,-505.638,-0.000239644,-9.3184e-05,-0.00495248,0.00495995
493,3.84839,2.93288,-505.844,-0.000386141,-5.2106e-05,-0.00481314,0.00483308,4.033,3.03709,-505.638,-0.000335811,-4.3754e-05,-0.00498342,0.00499551
494,3.84839,2.93288,-505.844,-0.000639165,3.82518e-05,-0.00454395,0.00459249,4.033,3.03709,-505.638,-0.000627397,4.58222e-05,-0.00481075,0.00485235
495,3.84839,2.93288,-505.844,-0.000630311,0.000156874,-0.00493069,0.00497677,4.033,3.03709,-505.638,-0.000587297,0.000134657,-0.00493028,0.0049676
496,3.84839,2.93288,-505.844,-0.000888008,0.000203527,-0.00547399,0.00555104,4.033,3.03709,-505.638,-0.000862856,0.000212377,-0.00560773,0.00567803
497,3.84839,2.93288,-505.844,-0.000873899,0.00050063,-0.00582837,0.00591661,4.033,3.03709,-505.638,-0.000878351,0.000519869,-0.00600648,0.00609303
498,3.84839,2.93288,-505.844,-0.0010429,0.000685943,-0.00649484,0.00661624,4.033,3.03709,-505.638,-0.00100001,0.000703158,-0.00665562,0.0067674
499,3.84839,2.93288,-505.844,-0.00118815,0.000970343,-0.00602391,0.00621867,4.033,3.03709,-505.638,-0.00116876,0.000969933,-0.00611858,0.00630475
500,3.84839,2.93288,-505.844,-0.00147541,0.00114149,-0.00711147,0.00735762,4.033,3.03709,-505.638,-0.00142596,0.00112402,-0.00709321,0.00732308
501,3.84839,2.93288,-505.844,-0.0014712,0.00131191,-0.00770102,0.00795413,4.033,3.03709,-505.638,-0.00140934,0.00130842,-0.00781468,0.00804882
502,3.84839,2.93288,-505.844,-0.00177823,0.00156421,-0.00739004,0.00776186,4.033,3.03709,-505.638,-0.00173276,0.00153713,-0.00733713,0.00769436
503,3.84839,2.93288,-505.844,-0.00177261,0.00181478,-0.00829075,0.00867218,4.033,3.03709,-505.638,-0.00176958,0.00181149,-0.00834711,0.00872328
504,3.84839,2.93288,-505.844,-0.00176018,-0.000256287,-0.0104701,0.0106237,4.033,3.03709,-505.638,-0.00173735,-0.00035697,-0.01076,0.0109058
505,3.84839,2.93288,-505.844,-0.00191001,-0.0136708,-0.0185792,0.0231539,4.033,3.03709,-505.638,-0.00183543,-0.0143064,-0.0189419,0.0238095
506,3.84839,2.93288,-505.844,-0.0026387,-0.0456007,-0.0386418,0.0598364,4.033,3.03709,-505.638,-0.00251374,-0.0473653,-0.0393678,0.0616418
507,3.84839,2.93288,-505.844,-0.00522587,-0.0972664,-0.0700121,0.119962,4.033,3.03709,-505.638,-0.00504599,-0.100312,-0.0715108,0.123296
508,3.84839,2.93288,-505.844,-0.00996168,-0.16712,-0.110325,0.200503,4.033,3.03709,-505.638,-0.00976661,-0.171167,-0.112017,0.204796
509,3.84839,2.93288,-505.844,-0.0162007,-0.251225,-0.158482,0.29748,4.033,3.03709,-505.638,-0.0160251,-0.255181,-0.160352,0.301806
510,3.84839,2.93288,-505.844,-0.0226554,-0.33615,-0.206503,0.395164,4.033,3.03709,-505.638,-0.0224946,-0.33927,-0.207705,0.398436
511,3.84839,2.93288,-505.844,-0.0284028,-0.406687,-0.244237,0.475241,4.033,3.03709,-505.638,-0.0282489,-0.409019,-0.245505,0.477878
512,3.84839,2.93288,-505.844,-0.0322535,-0.455482,-0.268124,0.529525,4.033,3.03709,-505.638,-0.0321481,-0.457567,-0.269215,0.531862
513,3.84839,2.93288,-505.844,-0.0341203,-0.479512,-0.277611,0.555126,4.033,3.03709,-505.638,-0.0339115,-0.481629,-0.278622,0.557446
514,3.84839,2.93288,-505.844,-0.0342609,-0.478759,-0.274099,0.552735,4.033,3.03709,-505.638,-0.0341311,-0.480779,-0.274892,0.554868
515,3.84839,2.93288,-505.844,-0.0331937,-0.453863,-0.25691,0.522587,4.033,3.03709,-505.638,-0.0330467,-0.456082,-0.258082,0.52508
516,3.84839,2.93288,-505.844,-0.031296,-0.407113,-0.229908,0.468593,4.033,3.03709,-505.638,-0.0311745,-0.409851,-0.231136,0.471565
517,3.84839,2.93288,-505.844,-0.0279871,-0.341714,-0.194394,0.394134,4.033,3.03709,-505.638,-0.0278232,-0.345236,-0.196094,0.398014
518,3.84839,2.93288,-505.844,-0.0229721,-0.263543,-0.150995,0.304602,4.033,3.03709,-505.638,-0.0228587,-0.267336,-0.152801,0.308771
519,3.84839,2.93288,-505.844,-0.0172326,-0.178454,-0.104217,0.207375,4.033,3.03709,-505.638,-0.0171434,-0.181333,-0.105593,0.210536
520,3.84839,2.93288,-505.844,-0.0115083,-0.0915344,-0.0559047,0.107873,4.033,3.03709,-505.638,-0.0114255,-0.0925502,-0.0563771,0.10897
521,3.84839,2.93288,-505.844,-0.00626424,-0.00668587,-0.00762387,0.0119633,4.033,3.03709,-505.638,-0.00623961,-0.00553024,-0.00743864,0.0111773
522,3.84839,2.93288,-505.844,-0.00163257,0.0730192,0.0365403,0.0816734,4.033,3.03709,-505.638,-0.00166411,0.0761717,0.0378899,0.0850924
523,3.84839,2.93288,-505.844,0.0021921,0.144467,0.0765493,0.163512,4.033,3.03709,-505.638,0.00215067,0.148737,0.0782477,0.168078
524,3.84839,2.93288,-505.844,0.00600892,0.20572,0.107691,0.232281,4.033,3.03709,-505.638,0.00585828,0.210544,0.11001,0.237625
525,3.84839,2.93288,-505.844,0.00819837,0.259892,0.130953,0.291136,4.033,3.03709,-505.638,0.00808198,0.262726,0.132392,0.29431
526,3.84839,2.93288,-505.844,0.008795,0.301618,0.14732,0.33579,4.033,3.03709,-505.638,0.00883968,0.302959,0.147942,0.337267
527,3.84839,2.93288,-505.844,0.0087123,0.329748,0.160876,0.367002,4.033,3.03709,-505.638,0.00882355,0.330761,0.161207,0.36806
528,3.84839,2.93288,-505.844,0.00793735,0.344219,0.17164,0.384721,4.033,3.03709,-505.638,0.00807797,0.345028,0.171979,0.385598
529,3.84839,2.93288,-505.844,0.00877099,0.34741,0.178331,0.390606,4.033,3.03709,-505.638,0.00892479,0.348266,0.178518,0.391456
530,3.84839,2.93288,-505.844,0.0103475,0.341566,0.173578,0.383281,4.033,3.03709,-505.638,0.0104705,0.342391,0.173416,0.383946
531,3.84839,2.93288,-505.844,0.0114826,0.328316,0.158931,0.364942,4.033,3.03709,-505.638,0.0116408,0.329408,0.158952,0.365939
532,3.84839,2.93288,-505.844,0.0108079,0.304733,0.135384,0.333629,4.033,3.03709,-505.638,0.0108164,0.306456,0.13592,0.33542
533,3.84839,2.93288,-505.844,0.00697347,0.266991,0.108866,0.288423,4.033,3.03709,-505.638,0.00666533,0.270908,0.111341,0.292972
534,3.84839,2.93288,-505.844,0.00299357,0.218652,0.0821513,0.2336,4.033,3.03709,-505.638,0.00255533,0.222925,0.0845149,0.238422
535,3.84839,2.93288,-505.844,-0.000194647,0.165972,0.0494555,0.173192,4.033,3.03709,-505.638,-0.000622787,0.168726,0.0512224,0.176332
536,3.84839,2.93288,-505.844,-0.00348298,0.109136,0.0141186,0.110108,4.033,3.03709,-505.638,-0.00392974,0.11035,0.0150064,0.111436
537,3.84839,2.93288,-505.844,-0.00719551,0.0504175,-0.0209511,0.0550745,4.033,3.03709,-505.638,-0.00760051,0.0501012,-0.0208058,0.0547799
538,3.84839,2.93288,-505.844,-0.011099,-0.00828478,-0.052393,0.0542266,4.033,3.03709,-505.638,-0.0114768,-0.00991606,-0.0527944,0.0549318
539,3.84839,2.93288,-505.844,-0.0155824,-0.0642741,-0.0782869,0.102505,4.033,3.03709,-505.638,-0.0158726,-0.0670158,-0.0791356,0.104909
540,3.84839,2.93288,-505.844,-0.0196251,-0.114384,-0.0992236,0.152703,4.033,3.03709,-505.638,-0.0198536,-0.117816,-0.100327,0.156015
541,3.84839,2.93288,-505.844,-0.0232336,-0.154526,-0.118137,0.195905,4.033,3.03709,-505.638,-0.0233931,-0.15831,-0.119293,0.199601
542,3.84839,2.93288,-505.844,-0.0258928,-0.183462,-0.131767,0.227365,4.033,3.03709,-505.638,-0.0259547,-0.187373,-0.133086,0.231289
543,3.84839,2.93288,-505.844,-0.0274638,-0.201577,-0.13817,0.245932,4.033,3.03709,-505.638,-0.0275068,-0.205601,-0.139312,0.249873
544,3.84839,2.93288,-505.844,-0.0282261,-0.209006,-0.137795,0.251933,4.033,3.03709,-505.638,-0.0282874,-0.213042,-0.13928,0.256098
545,3.84839,2.93288,-505.844,-0.0285309,-0.204477,-0.130844,0.244434,4.033,3.03709,-505.638,-0.0285987,-0.208465,-0.132154,0.248477
546,3.84839,2.93288,-505.844,-0.0280364,-0.189029,-0.118583,0.224905,4.033,3.03709,-505.638,-0.0281304,-0.192674,-0.119679,0.228556
547,3.84839,2.93288,-505.844,-0.0262807,-0.164462,-0.101775,0.195187,4.033,3.03709,-505.638,-0.0263994,-0.167698,-0.102884,0.198507
548,3.84839,2.93288,-505.844,-0.0228098,-0.134128,-0.0802864,0.157981,4.033,3.03709,-505.638,-0.0230089,-0.136686,-0.0809681,0.160526
549,3.84839,2.93288,-505.844,-0.0183402,-0.100154,-0.0551317,0.115788,4.033,3.03709,-505.638,-0.0184954,-0.101759,-0.0558263,0.117531
550,3.84839,2.93288,-505.844,-0.0138313,-0.0635526,-0.0285993,0.0710524,4.033,3.03709,-505.638,-0.0140493,-0.0640934,-0.0287496,0.0716376
551,3.84839,2.93288,-505.844,-0.0098371,-0.0261166,-0.00467587,0.0283111,4.033,3.03709,-505.638,-0.0101406,-0.0255231,-0.00444213,0.0278222
552,3.84839,2.93288,-505.844,-0.00659091,0.00995614,0.0166528,0.020538,4.033,3.03709,-505.638,-0.00695322,0.0116148,0.017429,0.0220707
553,3.84839,2.93288,-505.844,-0.00354803,0.0425415,0.0357234,0.0556715,4.033,3.03709,-505.638,-0.00393016,0.0449873,0.037038,0.0584052
554,3.84839,2.93288,-505.844,-0.000902411,0.0700954,0.0510033,0.0866959,4.033,3.03709,-505.638,-0.001321,0.0730237,0.0524486,0.0899171
555,3.84839,2.93288,-505.844,0.000869489,0.092133,0.0617428,0.110915,4.033,3.03709,-505.638,0.000478685,0.0954117,0.0632279,0.114461
556,3.84839,2.93288,-505.844,0.00146289,0.108327,0.0667448,0.127249,4.033,3.03709,-505.638,0.0010632,0.111744,0.0685429,0.131095
557,3.84839,2.93288,-505.844,0.00118141,0.117367,0.0661902,0.134753,4.033,3.03709,-505.638,0.000741618,0.120784,0.0678453,0.138536
558,3.84839,2.93288,-505.844,0.000330826,0.118801,0.063065,0.134505,4.033,3.03709,-505.638,-7.50826e-05,0.122075,0.0646231,0.138125
559,3.84839,2.93288,-505.844,-0.000518507,0.112969,0.0556366,0.125929,4.033,3.03709,-505.638,-0.000946473,0.116021,0.057036,0.129286
560,3.84839,2.93288,-505.844,-0.0019695,0.1016,0.0455353,0.111358,4.033,3.03709,-505.638,-0.00236643,0.104225,0.0467335,0.114247
561,3.84839,2.93288,-505.844,-0.00360064,0.0854632,0.0308839,0.0909481,4.033,3.03709,-505.638,-0.00395994,0.087575,0.0317623,0.093242
562,3.84839,2.93288,-505.844,-0.00594344,0.065465,0.0162139,0.0677083,4.033,3.03709,-505.638,-0.00630875,0.0669236,0.0168381,0.0692976
563,3.84839,2.93288,-505.844,-0.00876387,0.042667,0.00137084,0.0435912,4.033,3.03709,-505.638,-0.00914511,0.0434365,0.00192577,0.0444322
564,3.84839,2.93288,-505.844,-0.0117613,0.0189361,-0.0136598,0.0261541,4.033,3.03709,-505.638,-0.0121514,0.0189336,-0.013481,0.0262285
565,3.84839,2.93288,-505.844,-0.0141912,-0.00403216,-0.0278071,0.0314945,4.033,3.03709,-505.638,-0.0145336,-0.00474512,-0.0278965,0.0318128
566,3.84839,2.93288,-505.844,-0.0161206,-0.0254789,-0.0414949,0.0513061,4.033,3.03709,-505.638,-0.0164599,-0.0267766,-0.0419487,0.052419
567,3.84839,2.93288,-505.844,-0.0172596,-0.0441663,-0.052939,0.0710853,4.033,3.03709,-505.638,-0.0175727,-0.0459559,-0.0536026,0.0727614
568,3.84839,2.93288,-505.844,-0.0182729,-0.0598284,-0.0600084,0.0867009,4.033,3.03709,-505.638,-0.0185013,-0.0619864,-0.06065,0.0886758
569,3.84839,2.93288,-505.844,-0.0190341,-0.0709854,-0.0639588,0.0974408,4.033,3.03709,-505.638,-0.0192742,-0.0733546,-0.0646479,0.09966
570,3.84839,2.93288,-505.844,-0.0191978,-0.0777314,-0.064991,0.103135,4.033,3.03709,-505.638,-0.0194818,-0.0801392,-0.065697,0.105443
571,3.84839,2.93288,-505.844,-0.0185185,-0.0796672,-0.0625703,0.102989,4.033,3.03709,-505.638,-0.0187806,-0.0819412,-0.0631941,0.10517
572,3.84839,2.93288,-505.844,-0.0174784,-0.077473,-0.0574043,0.0980017,4.033,3.03709,-505.638,-0.017687,-0.0795703,-0.0579542,0.100016
573,3.84839,2.93288,-505.844,-0.0161919,-0.0717486,-0.0484868,0.0881005,4.033,3.03709,-505.638,-0.0163756,-0.073566,-0.049138,0.089971
574,3.84839,2.93288,-505.844,-0.0149803,-0.0623942,-0.039279,0.0752397,4.033,3.03709,-505.638,-0.0152238,-0.0637759,-0.0396508,0.0766256
575,3.84839,2.93288,-505.844,-0.0136029,-0.0504333,-0.0286705,0.0595911,4.033,3.03709,-505.638,-0.0138794,-0.0513732,-0.0288387,0.0605284
576,3.84839,2.93288,-505.844,-0.012202,-0.0370907,-0.0169472,0.0425676,4.033,3.03709,-505.638,-0.0124683,-0.0374787,-0.0172768,0.0431119
577,3.84839,2.93288,-505.844,-0.0100372,-0.0231737,-0.00552901,0.0258561,4.033,3.03709,-505.638,-0.0103336,-0.0231247,-0.00551238,0.0259219
578,3.84839,2.93288,-505.844,-0.00754491,-0.00970091,0.00493516,0.0132734,4.033,3.03709,-505.638,-0.0078857,-0.00917867,0.00519652,0.013173
579,3.84839,2.93288,-505.844,-0.00483684,0.0029228,0.0140583,0.0151816,4.033,3.03709,-505.638,-0.00517428,0.00381559,0.0144317,0.0157999
580,3.84839,2.93288,-505.844,-0.00240491,0.0140137,0.0221949,0.0263793,4.033,3.03709,-505.638,-0.00276689,0.0152293,0.0225695,0.0273679
581,3.84839,2.93288,-505.844,-0.00064493,0.0229724,0.02811,0.0363244,4.033,3.03709,-505.638,-0.00100251,0.0244582,0.0285414,0.0376011
582,3.84839,2.93288,-505.844,0.000767562,0.0292879,0.0320369,0.0434245,4.033,3.03709,-505.638,0.000340448,0.0309462,0.0326652,0.0449979
583,3.84839,2.93288,-505.844,0.00210002,0.0327611,0.0338712,0.0471845,4.033,3.03709,-505.638,0.00168158,0.0344638,0.0343121,0.0486617
584,3.84839,2.93288,-505.844,0.00298667,0.0336904,0.0339165,0.0479111,4.033,3.03709,-505.638,0.00254961,0.0353302,0.0344465,0.0494097
585,3.84839,2.93288,-505.844,0.00309232,0.032066,0.0311138,0.0447998,4.033,3.03709,-505.638,0.00265914,0.0335939,0.0315696,0.0461774
586,3.84839,2.93288,-505.844,0.00255114,0.0278933,0.02765,0.0393735,4.033,3.03709,-505.638,0.00209457,0.0292298,0.0280106,0.0405393
587,3.84839,2.93288,-505.844,0.0013244,0.0222253,0.0228848,0.0319421,4.033,3.03709,-505.638,0.000929825,0.0233242,0.0231593,0.0328835
588,3.84839,2.93288,-505.844,6.99601e-05,0.014761,0.0159385,0.0217445,4.033,3.03709,-505.638,-0.000366201,0.0155264,0.0159583,0.0222699
589,3.84839,2.93288,-505.844,-0.00110712,0.00670484,0.00941459,0.0116286,4.033,3.03709,-505.638,-0.00150659,0.00712043,0.00952581,0.0119896
590,3.84839,2.93288,-505.844,-0.00230664,-0.0018806,0.00197048,0.00363338,4.033,3.03709,-505.638,-0.00265382,-0.0017817,0.00182735,0.0036939
591,3.84839,2.93288,-505.844,-0.00348205,-0.0101716,-0.00421817,0.0115694,4.033,3.03709,-505.638,-0.00382172,-0.0104012,-0.00440882,0.0119305
592,3.84839,2.93288,-505.844,-0.00495493,-0.017748,-0.0102931,0.0211139,4.033,3.03709,-505.638,-0.00527067,-0.0182192,-0.0105915,0.0217243
593,3.84839,2.93288,-505.844,-0.00637168,-0.0241318,-0.0159611,0.0296354,4.033,3.03709,-505.638,-0.0067346,-0.0248774,-0.0164354,0.0305694
594,3.84839,2.93288,-505.844,-0.00779181,-0.0291026,-0.020311,0.0363401,4.033,3.03709,-505.638,-0.00811496,-0.030035,-0.0206758,0.0373567
595,3.84839,2.93288,-505.844,-0.00874885,-0.0320847,-0.0227205,0.0402826,4.033,3.03709,-505.638,-0.00905085,-0.0330907,-0.0233612,0.0415061
596,3.84839,2.93288,-505.844,-0.00917258,-0.0335057,-0.0238426,0.0421371,4.033,3.03709,-505.638,-0.00945094,-0.034601,-0.0242181,0.0432795
597,3.84839,2.93288,-505.844,-0.00915171,-0.0326537,-0.0240828,0.0415987,4.033,3.03709,-505.638,-0.00940188,-0.0336985,-0.02437,0.0426377
598,3.84839,2.93288,-505.844,-0.00922403,-0.030123,-0.0236985,0.0394279,4.033,3.03709,-505.638,-0.00948284,-0.0311041,-0.0240057,0.0404195
599,3.84839,2.93288,-505.844,-0.0091554,-0.0257896,-0.0207696,0.0343597,4.033,3.03709,-505.638,-0.00942883,-0.0266462,-0.0210329,0.0352327
600,3.84839,2.93288,-505.844,-0.00864805,-0.0203324,-0.018111,0.0285737,4.033,3.03709,-505.638,-0.00893082,-0.0209957,-0.018366,0.0292905
601,3.84839,2.93288,-505.844,-0.00745817,-0.0138262,-0.0148503,0.0216277,4.033,3.03709,-505.638,-0.00775657,-0.0142689,-0.0148747,0.0220248
602,3.84839,2.93288,-505.844,-0.00627034,-0.00685727,-0.0104515,0.0139979,4.033,3.03709,-505.638,-0.00652784,-0.00710876,-0.0103615,0.014162
603,3.84839,2.93288,-505.844,-0.00494301,-4.66232e-05,-0.00621159,0.00794673,4.033,3.03709,-505.638,-0.00522972,-4.30842e-05,-0.00620341,0.00811454
604,3.84839,2.93288,-505.844,-0.00414901,0.00660943,-0.00262794,0.00824341,4.033,3.03709,-505.638,-0.00445553,0.00685787,-0.00258139,0.00857701
605,3.84839,2.93288,-505.844,-0.00360017,0.012516,0.000436485,0.0130496,4.033,3.03709,-505.638,-0.00394422,0.0129696,0.000654961,0.0135737
606,3.84839,2.93288,-505.844,-0.00282287,0.0173003,0.00385715,0.0179605,4.033,3.03709,-505.638,-0.00315785,0.0179745,0.00425588,0.018741
607,3.84839,2.93288,-505.844,-0.00206933,0.0204732,0.00582139,0.0213957,4.033,3.03709,-505.638,-0.00240612,0.0212187,0.00628938,0.0222628
608,3.84839,2.93288,-505.844,-0.00129572,0.0220575,0.00758033,0.0233669,4.033,3.03709,-505.638,-0.00164937,0.0229243,0.00794166,0.0243176
609,3.84839,2.93288,-505.844,-0.000864987,0.0223122,0.00766864,0.0236158,4.033,3.03709,-505.638,-0.00122198,0.023207,0.00808359,0.0246055
610,3.84839,2.93288,-505.844,-0.000514921,0.0209595,0.00765242,0.022329,4.033,3.03709,-505.638,-0.000866361,0.0218314,0.00803775,0.0232812
611,3.84839,2.93288,-505.844,-0.000618267,0.0184063,0.00564884,0.0192739,4.033,3.03709,-505.638,-0.0009963,0.0191935,0.00588055,0.0200998
612,3.84839,2.93288,-505.844,-0.000919064,0.0144611,0.00405978,0.0150692,4.033,3.03709,-505.638,-0.00127974,0.0150887,0.00438778,0.0157678
613,3.84839,2.93288,-505.844,-0.00116452,0.0100197,0.000746878,0.0101541,4.033,3.03709,-505.638,-0.00154482,0.0105255,0.000978746,0.0106882
614,3.84839,2.93288,-505.844,-0.00164146,0.00505075,-0.0032795,0.00627854,4.033,3.03709,-505.638,-0.0019736,0.00536026,-0.00320329,0.00655393
615,3.84839,2.93288,-505.844,-0.00240764,-0.000209731,-0.00639421,0.00686239,4.033,3.03709,-505.638,-0.00275784,-3.60393e-05,-0.00649307,0.00705748
616,3.84839,2.93288,-505.844,-0.00379397,-0.00512697,-0.009862,0.0117596,4.033,3.03709,-505.638,-0.00410997,-0.00511615,-0.00969927,0.0117126
617,3.84839,2.93288,-505.844,-0.00524064,-0.00958861,-0.013667,0.0175074,4.033,3.03709,-505.638,-0.00558159,-0.00968356,-0.0137583,0.0177272
618,3.84839,2.93288,-505.844,-0.0065393,-0.0134326,-0.0171083,0.0227209,4.033,3.03709,-505.638,-0.00688959,-0.0136863,-0.0173371,0.0231388
619,3.84839,2.93288,-505.844,-0.00738444,-0.0163273,-0.0208448,0.0274944,4.033,3.03709,-505.638,-0.00763826,-0.0166966,-0.0209596,0.0278653
620,3.84839,2.93288,-505.844,-0.00804319,-0.0181966,-0.0231496,0.0305276,4.033,3.03709,-505.638,-0.00835187,-0.0186278,-0.0233346,0.0310045
621,3.84839,2.93288,-505.844,-0.00866264,-0.0190248,-0.0245099,0.0322174,4.033,3.03709,-505.638,-0.00894265,-0.0195426,-0.024716,0.0327535
622,3.84839,2.93288,-505.844,-0.00929437,-0.0184824,-0.026302,0.0334683,4.033,3.03709,-505.638,-0.00958509,-0.0190157,-0.0267078,0.0341589
623,3.84839,2.93288,-505.844,-0.0098715,-0.0166714,-0.0265699,0.0328924,4.033,3.03709,-505.638,-0.0101298,-0.0172022,-0.0265217,0.0331965
624,3.84839,2.93288,-505.844,-0.0102472,-0.0139023,-0.0268302,0.0319149,4.033,3.03709,-505.638,-0.0105859,-0.0143684,-0.027147,0.0324891
625,3.84839,2.93288,-505.844,-0.0103482,-0.0103034,-0.0249623,0.0289262,4.033,3.03709,-505.638,-0.010642,-0.0107091,-0.0249674,0.0291779
626,3.84839,2.93288,-505.844,-0.0103768,-0.0059781,-0.0242901,0.0270869,4.033,3.03709,-505.638,-0.010717,-0.0062443,-0.0245277,0.0274862
627,3.84839,2.93288,-505.844,-0.0103474,-0.00125213,-0.02193,0.0242847,4.033,3.03709,-505.638,-0.0106495,-0.00143782,-0.0220357,0.0245168
628,3.84839,2.93288,-505.844,-0.010201,0.00376263,-0.0200362,0.0228022,4.033,3.03709,-505.638,-0.0104841,0.00370122,-0.0198173,0.0227238
629,3.84839,2.93288,-505.844,-0.0101505,0.00877793,-0.0177981,0.0222982,4.033,3.03709,-505.638,-0.0104818,0.008846,-0.017704,0.0223963
630,3.84839,2.93288,-505.844,-0.00983814,0.0132671,-0.0153353,0.0225493,4.033,3.03709,-505.638,-0.0101953,0.0134846,-0.0152665,0.0227798
631,3.84839,2.93288,-505.844,-0.00907121,0.0172878,-0.0133334,0.023651,4.033,3.03709,-505.638,-0.00936241,0.0176096,-0.0131918,0.0239129
632,3.84839,2.93288,-505.844,-0.00821415,0.0204016,-0.0113117,0.0247426,4.033,3.03709,-505.638,-0.00851506,0.0208033,-0.0112291,0.0251287
633,3.84839,2.93288,-505.844,-0.00743571,0.0224385,-0.0102085,0.0257615,4.033,3.03709,-505.638,-0.00776338,0.0229283,-0.0100567,0.0262149
634,3.84839,2.93288,-505.844,-0.00713065,0.0234041,-0.00965589,0.0263237,4.033,3.03709,-505.638,-0.00745989,0.0239543,-0.00937125,0.0267856
635,3.84839,2.93288,-505.844,-0.00690054,0.023413,-0.00816518,0.0257561,4.033,3.03709,-505.638,-0.00724904,0.0239675,-0.00780507,0.0262301
636,3.84839,2.93288,-505.844,-0.00660333,0.0221887,-0.00853254,0.0246861,4.033,3.03709,-505.638,-0.0069372,0.0227753,-0.00836017,0.0252353
637,3.84839,2.93288,-505.844,-0.00622377,0.0197528,-0.00853782,0.0224156,4.033,3.03709,-505.638,-0.00659168,0.0202999,-0.00825878,0.0228867
638,3.84839,2.93288,-505.844,-0.00608429,0.0166828,-0.00972786,0.0202671,4.033,3.03709,-505.638,-0.00642987,0.0171778,-0.00957824,0.0206956
639,3.84839,2.93288,-505.844,-0.005961,0.012757,-0.011255,0.0180447,4.033,3.03709,-505.638,-0.00634263,0.0131312,-0.0112404,0.0184153
640,3.84839,2.93288,-505.844,-0.0061631,0.00853726,-0.012283,0.0161959,4.033,3.03709,-505.638,-0.00653633,0.00880081,-0.0121016,0.016331
641,3.84839,2.93288,-505.844,-0.00648463,0.00440527,-0.014374,0.016383,4.033,3.03709,-505.638,-0.00686703,0.00459792,-0.0144243,0.0166252
642,3.84839,2.93288,-505.844,-0.00689031,0.000145816,-0.0161045,0.0175231,4.033,3.03709,-505.638,-0.00724127,0.000215747,-0.016235,0.0177786
643,3.84839,2.93288,-505.844,-0.00710233,-0.00383925,-0.0177855,0.0195383,4.033,3.03709,-505.638,-0.00745817,-0.00386374,-0.0177851,0.0196694
644,3.84839,2.93288,-505.844,-0.00776069,-0.00731349,-0.019766,0.022465,4.033,3.03709,-505.638,-0.00812306,-0.00746132,-0.0197888,0.0226558
645,3.84839,2.93288,-505.844,-0.00837179,-0.0101766,-0.0215498,0.0252652,4.033,3.03709,-505.638,-0.00870791,-0.0103434,-0.021523,0.0254183
646,3.84839,2.93288,-505.844,-0.00910403,-0.0122535,-0.0212455,0.0261656,4.033,3.03709,-505.638,-0.00940649,-0.0124921,-0.0212097,0.0263517
647,3.84839,2.93288,-505.844,-0.0103,-0.0133164,-0.0223924,0.0280173,4.033,3.03709,-505.638,-0.010635,-0.0136422,-0.0225143,0.0283922
648,3.84839,2.93288,-505.844,-0.0110999,-0.0136427,-0.0234152,0.0292905,4.033,3.03709,-505.638,-0.0114268,-0.0139331,-0.0234426,0.0295687
649,3.84839,2.93288,-505.844,-0.0114252,-0.0130884,-0.023488,0.0292193,4.033,3.03709,-505.638,-0.0117279,-0.0133792,-0.0237181,0.0296502
650,3.84839,2.93288,-505.844,-0.0115797,-0.0117285,-0.0229473,0.0282598,4.033,3.03709,-505.638,-0.0118764,-0.0120481,-0.0228926,0.0284665
651,3.84839,2.93288,-505.844,-0.0118434,-0.00984344,-0.0228841,0.0275892,4.033,3.03709,-505.638,-0.0121585,-0.0101074,-0.0228069,0.0277523
652,3.84839,2.93288,-505.844,-0.0120731,-0.00716406,-0.02072,0.0250317,4.033,3.03709,-505.638,-0.0123703,-0.00737115,-0.0206259,0.0251555
653,3.84839,2.93288,-505.844,-0.012238,-0.00395547,-0.0206648,0.0243455,4.033,3.03709,-505.638,-0.0125722,-0.00406535,-0.0207184,0.0245739
654,3.84839,2.93288,-505.844,-0.012145,-0.000503827,-0.0197198,0.0231717,4.033,3.03709,-505.638,-0.0124646,-0.000617543,-0.019709,0.023329
655,3.84839,2.93288,-505.844,-0.0120348,0.00287478,-0.0174251,0.0213752,4.033,3.03709,-505.638,-0.0123387,0.00287477,-0.0174132,0.0215347
656,3.84839,2.93288,-505.844,-0.0116437,0.00621342,-0.0155516,0.0204045,4.033,3.03709,-505.638,-0.0119586,0.0063268,-0.0153503,0.020462
657,3.84839,2.93288,-505.844,-0.011494,0.00950734,-0.0149348,0.0211165,4.033,3.03709,-505.638,-0.011808,0.00966471,-0.0148501,0.0212936
658,3.84839,2.93288,-505.844,-0.011187,0.0124115,-0.0135468,0.0215355,4.033,3.03709,-505.638,-0.0115197,0.012657,-0.0131131,0.0215642
659,3.84839,2.93288,-505.844,-0.0108937,0.0148745,-0.0127359,0.0224154,4.033,3.03709,-505.638,-0.0112305,0.015186,-0.0126631,0.0227403
660,3.84839,2.93288,-505.844,-0.010365,0.0166484,-0.0117569,0.0228746,4.033,3.03709,-505.638,-0.0106531,0.0170306,-0.0116457,0.0232207
661,3.84839,2.93288,-505.844,-0.00974215,0.017773,-0.0112572,0.023201,4.033,3.03709,-505.638,-0.0100614,0.0181423,-0.0109903,0.0234795
662,3.84839,2.93288,-505.844,-0.0091457,0.0180933,-0.0114258,0.0232972,4.033,3.03709,-505.638,-0.00947115,0.018476,-0.0109668,0.0234835
663,3.84839,2.93288,-505.844,-0.00851711,0.017678,-0.011693,0.0228616,4.033,3.03709,-505.638,-0.00883944,0.0180225,-0.011383,0.0230792
664,3.84839,2.93288,-505.844,-0.00812424,0.0164275,-0.0121269,0.021991,4.033,3.03709,-505.638,-0.00843169,0.0168,-0.0118565,0.0222257
665,3.84839,2.93288,-505.844,-0.00774637,0.0145723,-0.012898,0.0209628,4.033,3.03709,-505.638,-0.00806538,0.0148976,-0.0125657,0.0210943
666,3.84839,2.93288,-505.844,-0.0072444,0.012256,-0.0140556,0.0200197,4.033,3.03709,-505.638,-0.00757105,0.0125712,-0.0137978,0.0201442
667,3.84839,2.93288,-505.844,-0.00682274,0.00918905,-0.0149944,0.0188736,4.033,3.03709,-505.638,-0.00715486,0.00939548,-0.0148274,0.0189566
668,3.84839,2.93288,-505.844,-0.00623357,0.00604144,-0.0162202,0.0184107,4.033,3.03709,-505.638,-0.0065522,0.00621951,-0.0159079,0.0182956
669,3.84839,2.93288,-505.844,-0.00591599,0.00281778,-0.0178737,0.0190466,4.033,3.03709,-505.638,-0.00625721,0.00292861,-0.0178209,0.0191143
670,3.84839,2.93288,-505.844,-0.005931,-0.000409489,-0.0188567,0.0197778,4.033,3.03709,-505.638,-0.00626325,-0.000370023,-0.0187304,0.0197537
671,3.84839,2.93288,-505.844,-0.00565566,-0.00344143,-0.0204937,0.0215434,4.033,3.03709,-505.638,-0.00600013,-0.00346761,-0.0204732,0.021615
672,3.84839,2.93288,-505.844,-0.00569541,-0.00611096,-0.0209083,0.0225232,4.033,3.03709,-505.638,-0.00605384,-0.00617979,-0.0208349,0.0225604
673,3.84839,2.93288,-505.844,-0.00553836,-0.00851128,-0.0216101,0.0238846,4.033,3.03709,-505.638,-0.00585816,-0.00864541,-0.0214934,0.023897
674,3.84839,2.93288,-505.844,-0.0057271,-0.0104044,-0.0220127,0.0250212,4.033,3.03709,-505.638,-0.00607087,-0.010576,-0.0218964,0.0250645
675,3.84839,2.93288,-505.844,-0.00587944,-0.011772,-0.0220246,0.0256643,4.033,3.03709,-505.638,-0.0062045,-0.0119484,-0.0218426,0.0256597
676,3.84839,2.93288,-505.844,-0.00624764,-0.0125653,-0.0211556,0.0253941,4.033,3.03709,-505.638,-0.00662768,-0.0127428,-0.0211062,0.0255309
677,3.84839,2.93288,-505.844,-0.00668643,-0.0127423,-0.0208488,0.0253402,4.033,3.03709,-505.638,-0.00699358,-0.0128977,-0.0208356,0.0254843
678,3.84839,2.93288,-505.844,-0.00722262,-0.0122425,-0.0201177,0.0246399,4.033,3.03709,-505.638,-0.00754804,-0.0124041,-0.0201695,0.0248538
679,3.84839,2.93288,-505.844,-0.00738581,-0.0115061,-0.0186283,0.0231151,4.033,3.03709,-505.638,-0.00773102,-0.0115937,-0.0185167,0.0231752
680,3.84839,2.93288,-505.844,-0.00773368,-0.0100818,-0.0179792,0.0220226,4.033,3.03709,-505.638,-0.00804869,-0.0101696,-0.0180866,0.0222571
681,3.84839,2.93288,-505.844,-0.00801223,-0.00844737,-0.016666,0.0203406,4.033,3.03709,-505.638,-0.00833192,-0.00848806,-0.0164643,0.0203127
682,3.84839,2.93288,-505.844,-0.00849748,-0.00657431,-0.0152863,0.0186904,4.033,3.03709,-505.638,-0.00881308,-0.00658825,-0.0153113,0.0188558
683,3.84839,2.93288,-505.844,-0.0088126,-0.00454869,-0.0133519,0.0166396,4.033,3.03709,-505.638,-0.00913773,-0.00446036,-0.0132277,0.0166849
684,3.84839,2.93288,-505.844,-0.00878291,-0.00245646,-0.0124639,0.0154531,4.033,3.03709,-505.638,-0.00906664,-0.00231781,-0.0125084,0.0156228
685,3.84839,2.93288,-505.844,-0.00886893,-0.000297517,-0.0111726,0.0142801,4.033,3.03709,-505.638,-0.00920435,-0.000172755,-0.010974,0.0143258
686,3.84839,2.93288,-505.844,-0.00881947,0.00142933,-0.00996685,0.0133963,4.033,3.03709,-505.638,-0.00914873,0.00160391,-0.00987413,0.0135573
687,3.84839,2.93288,-505.844,-0.00891577,0.00330775,-0.00971016,0.0136107,4.033,3.03709,-505.638,-0.00923571,0.00349786,-0.00955877,0.0137473
688,3.84839,2.93288,-505.844,-0.00890779,0.00478381,-0.00876877,0.0134042,4.033,3.03709,-505.638,-0.00924285,0.00497802,-0.00841073,0.0134538
689,3.84839,2.93288,-505.844,-0.00883792,0.0059494,-0.00791415,0.0132874,4.033,3.03709,-505.638,-0.00916987,0.00622024,-0.00775416,0.0135258
690,3.84839,2.93288,-505.844,-0.00865742,0.00655309,-0.00807613,0.0135492,4.033,3.03709,-505.638,-0.00896755,0.00678558,-0.00780806,0.0136924
691,3.84839,2.93288,-505.844,-0.00830924,0.00664989,-0.00777945,0.0132074,4.033,3.03709,-505.638,-0.00862154,0.00690532,-0.00747361,0.0133404
692,3.84839,2.93288,-505.844,-0.00791243,0.0061628,-0.00795288,0.0128138,4.033,3.03709,-505.638,-0.0082628,0.00641196,-0.00786125,0.0130855
693,3.84839,2.93288,-505.844,-0.00744838,0.00541119,-0.00876288,0.0127283,4.033,3.03709,-505.638,-0.00778075,0.00565277,-0.0087188,0.0129836
694,3.84839,2.93288,-505.844,-0.00710774,0.00408697,-0.00874374,0.0120022,4.033,3.03709,-505.638,-0.00744184,0.00427132,-0.00862051,0.0121649
695,3.84839,2.93288,-505.844,-0.0066975,0.00244542,-0.0088774,0.0114045,4.033,3.03709,-505.638,-0.00706451,0.00257581,-0.00868735,0.0114919
696,3.84839,2.93288,-505.844,-0.00619369,0.00057,-0.00968492,0.011525,4.033,3.03709,-505.638,-0.0065524,0.000681987,-0.00970411,0.0117313
697,3.84839,2.93288,-505.844,-0.00561004,-0.00154527,-0.00964254,0.0112727,4.033,3.03709,-505.638,-0.0059626,-0.00146814,-0.00959064,0.0113888
698,3.84839,2.93288,-505.844,-0.00516564,-0.00353906,-0.010791,0.0124902,4.033,3.03709,-505.638,-0.00553141,-0.00346199,-0.0109243,0.0127266
699,3.84839,2.93288,-505.844,-0.00477997,-0.00570002,-0.010788,0.0131202,4.033,3.03709,-505.638,-0.0051414,-0.00567754,-0.0107733,0.0132208
700,3.84839,2.93288,-505.844,-0.00458891,-0.00748589,-0.0114138,0.0144118,4.033,3.03709,-505.638,-0.00495649,-0.00750678,-0.0114954,0.0145985
701,3.84839,2.93288,-505.844,-0.00436335,-0.00925196,-0.0115307,0.0154297,4.033,3.03709,-505.638,-0.0047298,-0.00926789,-0.0115252,0.01553
702,3.84839,2.93288,-505.844,-0.00421069,-0.0107783,-0.0110532,0.0160123,4.033,3.03709,-505.638,-0.00457686,-0.0108055,-0.0111884,0.016215
703,3.84839,2.93288,-505.844,-0.00396836,-0.0118298,-0.0112697,0.0168249,4.033,3.03709,-505.638,-0.0043335,-0.0119017,-0.0112399,0.0169361
704,3.84839,2.93288,-505.844,-0.00383614,-0.0125683,-0.0110114,0.0171562,4.033,3.03709,-505.638,-0.00422362,-0.0126217,-0.0111152,0.0173424
705,3.84839,2.93288,-505.844,-0.00400055,-0.0127953,-0.0103946,0.0169731,4.033,3.03709,-505.638,-0.00435934,-0.0128414,-0.0104932,0.0171481
706,3.84839,2.93288,-505.844,-0.00423888,-0.0125078,-0.010765,0.0170524,4.033,3.03709,-505.638,-0.00462838,-0.0125708,-0.0108415,0.0172357
707,3.84839,2.93288,-505.844,-0.00446598,-0.0118473,-0.00951881,0.0158488,4.033,3.03709,-505.638,-0.00482755,-0.0119073,-0.00962019,0.0160519
708,3.84839,2.93288,-505.844,-0.00488267,-0.0109013,-0.00930202,0.0151495,4.033,3.03709,-505.638,-0.00524643,-0.0109359,-0.00926352,0.0152637
709,3.84839,2.93288,-505.844,-0.00506734,-0.00961645,-0.00862858,0.0138905,4.033,3.03709,-505.638,-0.00541032,-0.00962632,-0.00853535,0.0139591
710,3.84839,2.93288,-505.844,-0.00545433,-0.00802912,-0.00845597,0.0128808,4.033,3.03709,-505.638,-0.00580292,-0.00798982,-0.00853862,0.0130552
711,3.84839,2.93288,-505.844,-0.00573643,-0.00638886,-0.00819518,0.0118859,4.033,3.03709,-505.638,-0.00610227,-0.00634632,-0.0084151,0.0121812
712,3.84839,2.93288,-505.844,-0.00614382,-0.00439907,-0.00753281,0.0106814,4.033,3.03709,-505.638,-0.00647407,-0.00432201,-0.00738103,0.0107283
713,3.84839,2.93288,-505.844,-0.00634623,-0.00253165,-0.00775085,0.0103413,4.033,3.03709,-505.638,-0.00668181,-0.00242761,-0.0077149,0.0104915
714,3.84839,2.93288,-505.844,-0.0065156,-0.000589645,-0.00724183,0.00978018,4.033,3.03709,-505.638,-0.00684122,-0.000478356,-0.00708447,0.00986308
715,3.84839,2.93288,-505.844,-0.00657091,0.00131771,-0.00783369,0.0103301,4.033,3.03709,-505.638,-0.00692377,0.00146982,-0.00797195,0.0106645
716,3.84839,2.93288,-505.844,-0.00661422,0.00292947,-0.00778279,0.0106376,4.033,3.03709,-505.638,-0.0070021,0.00309759,-0.00785003,0.0109672
717,3.84839,2.93288,-505.844,-0.00650705,0.00449324,-0.00801718,0.011277,4.033,3.03709,-505.638,-0.00684868,0.00464005,-0.00803319,0.0115334
718,3.84839,2.93288,-505.844,-0.00667923,0.00575521,-0.00899026,0.012605,4.033,3.03709,-505.638,-0.00702405,0.00594649,-0.00904741,0.0129078
719,3.84839,2.93288,-505.844,-0.00658689,0.00660355,-0.00874603,0.012796,4.033,3.03709,-505.638,-0.00692364,0.00679166,-0.00862084,0.0129769
720,3.84839,2.93288,-505.844,-0.00656569,0.00723283,-0.00984818,0.0138866,4.033,3.03709,-505.638,-0.00691083,0.00744488,-0.0100028,0.0142588
721,3.84839,2.93288,-505.844,-0.00610393,0.00749211,-0.0103147,0.0141493,4.033,3.03709,-505.638,-0.00643923,0.00767116,-0.0101774,0.0142807
722,3.84839,2.93288,-505.844,-0.0057538,0.00744326,-0.011199,0.0146393,4.033,3.03709,-505.638,-0.00606629,0.007618,-0.0110845,0.0147559
723,3.84839,2.93288,-505.844,-0.00541589,0.00720673,-0.0117038,0.0147897,4.033,3.03709,-505.638,-0.00572981,0.00736523,-0.0114674,0.0147865
724,3.84839,2.93288,-505.844,-0.00524281,0.00668179,-0.0129276,0.0154801,4.033,3.03709,-505.638,-0.00558022,0.00681441,-0.0128548,0.0155844
725,3.84839,2.93288,-505.844,-0.00485792,0.00581002,-0.0132964,0.015313,4.033,3.03709,-505.638,-0.00525981,0.00592766,-0.0132672,0.0154548
726,3.84839,2.93288,-505.844,-0.00461145,0.0050148,-0.014377,0.0159243,4.033,3.03709,-505.638,-0.00499503,0.00511215,-0.0144248,0.0161005
727,3.84839,2.93288,-505.844,-0.00432354,0.0039105,-0.0152618,0.0163474,4.033,3.03709,-505.638,-0.00468782,0.00398604,-0.0152725,0.0164667
728,3.84839,2.93288,-505.844,-0.00425334,0.00285907,-0.0151571,0.0160097,4.033,3.03709,-505.638,-0.00464064,0.00293069,-0.0151677,0.0161311
729,3.84839,2.93288,-505.844,-0.00420696,0.00188541,-0.0165801,0.0172196,4.033,3.03709,-505.638,-0.00459651,0.00193137,-0.016811,0.0175359
730,3.84839,2.93288,-505.844,-0.00445422,0.00105094,-0.0161362,0.0167816,4.033,3.03709,-505.638,-0.00482704,0.00106457,-0.0161095,0.0168516
731,3.84839,2.93288,-505.844,-0.00487955,0.000310691,-0.016605,0.0173187,4.033,3.03709,-505.638,-0.0052229,0.000326306,-0.0167027,0.0175043
732,3.84839,2.93288,-505.844,-0.00500947,-4.7777e-05,-0.0173406,0.0180613,4.033,3.03709,-505.638,-0.00539392,-2.78266e-05,-0.0173945,0.0182131
733,3.84839,2.93288,-505.844,-0.00533345,-0.000561758,-0.0173592,0.0181793,4.033,3.03709,-505.638,-0.0057026,-0.000586051,-0.0173874,0.0183094
734,3.84839,2.93288,-505.844,-0.00572788,-0.0005528,-0.0174797,0.0184082,4.033,3.03709,-505.638,-0.00608342,-0.000559775,-0.0174977,0.0185339
735,3.84839,2.93288,-505.844,-0.00635604,-0.000481616,-0.0180315,0.0191324,4.033,3.03709,-505.638,-0.00675893,-0.000502506,-0.0180578,0.0192887
736,3.84839,2.93288,-505.844,-0.0069342,-9.26669e-05,-0.0180283,0.0193236,4.033,3.03709,-505.638,-0.00729775,-0.000111835,-0.0181626,0.019575
737,3.84839,2.93288,-505.844,-0.00745464,0.000361549,-0.0176418,0.0191616,4.033,3.03709,-505.638,-0.0077921,0.000329704,-0.0177266,0.0193671
738,3.84839,2.93288,-505.844,-0.00788201,0.00107036,-0.0176813,0.019395,4.033,3.03709,-505.638,-0.00824019,0.0010778,-0.0177537,0.0196033
739,3.84839,2.93288,-505.844,-0.00837881,0.00186698,-0.0179156,0.0198754,4.033,3.03709,-505.638,-0.00876079,0.00188325,-0.0178261,0.0199529
740,3.84839,2.93288,-505.844,-0.00880994,0.00270586,-0.017227,0.0195457,4.033,3.03709,-505.638,-0.00916224,0.00274195,-0.0171814,0.0196648
741,3.84839,2.93288,-505.844,-0.00911015,0.00373916,-0.0169907,0.0196501,4.033,3.03709,-505.638,-0.00943276,0.00376538,-0.0169837,0.0197908
742,3.84839,2.93288,-505.844,-0.00962663,0.00490118,-0.016375,0.019623,4.033,3.03709,-505.638,-0.00995996,0.00493164,-0.016431,0.0198375
743,3.84839,2.93288,-505.844,-0.00992107,0.00600083,-0.0170133,0.0205959,4.033,3.03709,-505.638,-0.010286,0.00604748,-0.0169994,0.02077
744,3.84839,2.93288,-505.844,-0.00997868,0.00713903,-0.0161926,0.0203204,4.033,3.03709,-505.638,-0.0103543,0.00720903,-0.0162158,0.0205462
745,3.84839,2.93288,-505.844,-0.0100557,0.00816632,-0.0165413,0.0210219,4.033,3.03709,-505.638,-0.0104238,0.00830373,-0.0163794,0.021118
746,3.84839,2.93288,-505.844,-0.0100684,0.0090358,-0.0162106,0.0211217,4.033,3.03709,-505.638,-0.0103759,0.00914855,-0.016005,0.0211553
747,3.84839,2.93288,-505.844,-0.0101209,0.00979413,-0.0160969,0.0213926,4.033,3.03709,-505.638,-0.0104365,0.00993296,-0.0161364,0.021633
748,3.84839,2.93288,-505.844,-0.0100943,0.0102816,-0.0162083,0.0216925,4.033,3.03709,-505.638,-0.0104471,0.0104122,-0.0161896,0.0219017
749,3.84839,2.93288,-505.844,-0.00991515,0.0106751,-0.0164494,0.0219784,4.033,3.03709,-505.638,-0.0102704,0.0108488,-0.0165151,0.0222698
750,3.84839,2.93288,-505.844,-0.00954131,0.0108552,-0.0163574,0.0218325,4.033,3.03709,-505.638,-0.00988634,0.0109985,-0.0165499,0.0221954
751,3.84839,2.93288,-505.844,-0.0093095,0.0106874,-0.0161615,0.0215025,4.033,3.03709,-505.638,-0.00966928,0.010827,-0.016228,0.0217738
752,3.84839,2.93288,-505.844,-0.00890922,0.0105614,-0.0167439,0.0217195,4.033,3.03709,-505.638,-0.00924205,0.0106634,-0.0165392,0.0217424
753,3.84839,2.93288,-505.844,-0.00868058,0.0100417,-0.0171204,0.0216723,4.033,3.03709,-505.638,-0.00903345,0.0101863,-0.0171289,0.0218819
754,3.84839,2.93288,-505.844,-0.00839932,0.00937363,-0.0174232,0.0215004,4.033,3.03709,-505.638,-0.00877567,0.00947146,-0.0174082,0.0216748
755,3.84839,2.93288,-505.844,-0.00818932,0.00858912,-0.0172053,0.0209085,4.033,3.03709,-505.638,-0.00856595,0.00870827,-0.017347,0.0212171
756,3.84839,2.93288,-505.844,-0.00806255,0.00748061,-0.0175036,0.0206825,4.033,3.03709,-505.638,-0.00841626,0.00757228,-0.0175573,0.0208923
757,3.84839,2.93288,-505.844,-0.00781784,0.00645558,-0.0174506,0.0201885,4.033,3.03709,-505.638,-0.00819206,0.00654871,-0.0176368,0.0205202
758,3.84839,2.93288,-505.844,-0.007787,0.00529401,-0.0177885,0.0201325,4.033,3.03709,-505.638,-0.00814713,0.00535743,-0.0178619,0.0203504
759,3.84839,2.93288,-505.844,-0.00785684,0.00424348,-0.018147,0.0202327,4.033,3.03709,-505.638,-0.00824965,0.00424718,-0.0182095,0.0204382
760,3.84839,2.93288,-505.844,-0.00796766,0.00322482,-0.0171663,0.0192062,4.033,3.03709,-505.638,-0.00836322,0.0032432,-0.0172037,0.0194027
761,3.84839,2.93288,-505.844,-0.00817463,0.00236144,-0.0172605,0.0192501,4.033,3.03709,-505.638,-0.00854768,0.00234514,-0.0174911,0.0196095
762,3.84839,2.93288,-505.844,-0.00844551,0.00155351,-0.0175016,0.0195058,4.033,3.03709,-505.638,-0.00882844,0.00158145,-0.0173922,0.01957
763,3.84839,2.93288,-505.844,-0.00868266,0.000983986,-0.0170478,0.0191658,4.033,3.03709,-505.638,-0.00905796,0.000980364,-0.0172874,0.0195427
764,3.84839,2.93288,-505.844,-0.00905829,0.000339043,-0.0164991,0.0188317,4.033,3.03709,-505.638,-0.00944649,0.000332406,-0.0165284,0.019041
765,3.84839,2.93288,-505.844,-0.00955518,1.10906e-05,-0.0154305,0.0181601,4.033,3.03709,-505.638,-0.00992682,3.97747e-05,-0.0154605,0.0183745
766,3.84839,2.93288,-505.844,-0.00988318,-0.000295846,-0.0148711,0.0178639,4.033,3.03709,-505.638,-0.010236,-0.000294052,-0.0149277,0.0181031
767,3.84839,2.93288,-505.844,-0.0101435,-0.000341837,-0.014211,0.0174684,4.033,3.03709,-505.638,-0.0105157,-0.000323309,-0.0142382,0.0177039
768,3.84839,2.93288,-505.844,-0.0102587,-0.000196634,-0.0144775,0.0177542,4.033,3.03709,-505.638,-0.0106452,-0.000160777,-0.0146658,0.0181244
769,3.84839,2.93288,-505.844,-0.0103473,3.24761e-05,-0.0129587,0.0165893,4.033,3.03709,-505.638,-0.01068,4.45296e-05,-0.0128636,0.01672
770,3.84839,2.93288,-505.844,-0.0106286,0.00035363,-0.0127037,0.0165743,4.033,3.03709,-505.638,-0.0109381,0.000397448,-0.0126399,0.0167213
771,3.84839,2.93288,-505.844,-0.0108068,0.00109015,-0.0118976,0.0161214,4.033,3.03709,-505.638,-0.0111208,0.00114531,-0.0119712,0.0163817
772,3.84839,2.93288,-505.844,-0.0109484,0.00165566,-0.0116399,0.0160721,4.033,3.03709,-505.638,-0.0112771,0.00175207,-0.0116366,0.0162999
773,3.84839,2.93288,-505.844,-0.011036,0.00222642,-0.0117615,0.0162909,4.033,3.03709,-505.638,-0.0113978,0.00232216,-0.0117961,0.0165682
774,3.84839,2.93288,-505.844,-0.0109112,0.0028536,-0.0105669,0.015462,4.033,3.03709,-505.638,-0.0112777,0.00297791,-0.0105777,0.0157471
775,3.84839,2.93288,-505.844,-0.0107801,0.00357132,-0.0109642,0.015794,4.033,3.03709,-505.638,-0.0111324,0.00368938,-0.0110727,0.0161302
776,3.84839,2.93288,-505.844,-0.0107102,0.00400947,-0.0105579,0.0155822,4.033,3.03709,-505.638,-0.0110713,0.00410126,-0.0106705,0.0159172
777,3.84839,2.93288,-505.844,-0.0104199,0.00452181,-0.0103516,0.0153789,4.033,3.03709,-505.638,-0.0107631,0.00466581,-0.0104271,0.0156969
778,3.84839,2.93288,-505.844,-0.0103571,0.00494453,-0.00979445,0.015096,4.033,3.03709,-505.638,-0.0107036,0.00503262,-0.00991396,0.0154341
779,3.84839,2.93288,-505.844,-0.00986953,0.00504397,-0.00996326,0.0149146,4.033,3.03709,-505.638,-0.010217,0.0051611,-0.010069,0.0152468
780,3.84839,2.93288,-505.844,-0.00956321,0.00517344,-0.00937623,0.0143662,4.033,3.03709,-505.638,-0.00990945,0.00533364,-0.00954986,0.0147609
781,3.84839,2.93288,-505.844,-0.00909312,0.00505972,-0.010844,0.0150433,4.033,3.03709,-505.638,-0.00944252,0.00518477,-0.0107235,0.0152023
782,3.84839,2.93288,-505.844,-0.0088898,0.00483412,-0.0100326,0.0142625,4.033,3.03709,-505.638,-0.00923341,0.0049661,-0.00991012,0.0144284
783,3.84839,2.93288,-505.844,-0.00843282,0.00431073,-0.010894,0.0144465,4.033,3.03709,-505.638,-0.00876022,0.00441719,-0.0108772,0.0146496
784,3.84839,2.93288,-505.844,-0.00820511,0.00375314,-0.0103279,0.0137245,4.033,3.03709,-505.638,-0.00857038,0.0038403,-0.0103494,0.0139766
785,3.84839,2.93288,-505.844,-0.00771411,0.00302029,-0.0109979,0.0137875,4.033,3.03709,-505.638,-0.00806202,0.00306362,-0.0111112,0.0140693
786,3.84839,2.93288,-505.844,-0.0071867,0.00220551,-0.0103739,0.0128279,4.033,3.03709,-505.638,-0.00751782,0.00228979,-0.0103845,0.0130255
787,3.84839,2.93288,-505.844,-0.00677649,0.00129818,-0.0101615,0.0123033,4.033,3.03709,-505.638,-0.00713868,0.00138801,-0.0104577,0.0127416
788,3.84839,2.93288,-505.844,-0.0064917,0.000491283,-0.0101486,0.0120691,4.033,3.03709,-505.638,-0.00687091,0.000519641,-0.0102646,0.012364
789,3.84839,2.93288,-505.844,-0.00613003,-0.000358189,-0.00992556,0.0116852,4.033,3.03709,-505.638,-0.00651674,-0.000291684,-0.0102248,0.0121302
790,3.84839,2.93288,-505.844,-0.006043,-0.00101066,-0.00909182,0.0109747,4.033,3.03709,-505.638,-0.00640746,-0.00098166,-0.00922187,0.0112735
791,3.84839,2.93288,-505.844,-0.00591987,-0.00172496,-0.00961587,0.011439,4.033,3.03709,-505.638,-0.00626803,-0.00169727,-0.009833,0.0117863
792,3.84839,2.93288,-505.844,-0.00587639,-0.00232693,-0.00928211,0.0112416,4.033,3.03709,-505.638,-0.00625804,-0.00228113,-0.00945107,0.0115635
793,3.84839,2.93288,-505.844,-0.00589748,-0.00275869,-0.0089772,0.0111083,4.033,3.03709,-505.638,-0.00625636,-0.00272012,-0.00888959,0.0112086
794,3.84839,2.93288,-505.844,-0.00583016,-0.00311003,-0.00842863,0.0107273,4.033,3.03709,-505.638,-0.00618887,-0.00306005,-0.00855538,0.0109955
795,3.84839,2.93288,-505.844,-0.00593728,-0.00336272,-0.00781337,0.0103957,4.033,3.03709,-505.638,-0.00629685,-0.00331761,-0.00818135,0.0108466
796,3.84839,2.93288,-505.844,-0.00591794,-0.00353008,-0.00763327,0.0103058,4.033,3.03709,-505.638,-0.00628007,-0.00348503,-0.00800732,0.0107598
797,3.84839,2.93288,-505.844,-0.00599278,-0.00343693,-0.0076399,0.0103187,4.033,3.03709,-505.638,-0.00635782,-0.00336695,-0.00794802,0.0107235
798,3.84839,2.93288,-505.844,-0.00600508,-0.00329675,-0.00688581,0.00972825,4.033,3.03709,-505.638,-0.00632739,-0.00322626,-0.00708062,0.0100309
799,3.84839,2.93288,-505.844,-0.00587064,-0.00290627,-0.00669403,0.00940555,4.033,3.03709,-505.638,-0.00621024,-0.00281942,-0.00691508,0.0097186
800,3.84839,2.93288,-505.844,-0.00591745,-0.00251253,-0.00583451,0.00869931,4.033,3.03709,-505.638,-0.00625116,-0.0024493,-0.00601483,0.00901719
801,3.84839,2.93288,-505.844,-0.00603119,-0.00198684,-0.00585325,0.00867128,4.033,3.03709,-505.638,-0.00639005,-0.00191642,-0.00616965,0.00909147
802,3.84839,2.93288,-505.844,-0.00602161,-0.00150883,-0.00488463,0.00792399,4.033,3.03709,-505.638,-0.00635793,-0.00142046,-0.00510228,0.00827795
803,3.84839,2.93288,-505.844,-0.00611953,-0.00102011,-0.00461122,0.00774813,4.033,3.03709,-505.638,-0.00646118,-0.000966215,-0.00473143,0.00806853
804,3.84839,2.93288,-505.844,-0.00598243,-0.000316509,-0.00507663,0.00787356,4.033,3.03709,-505.638,-0.00633164,-0.000234243,-0.00521137,0.00820731
805,3.84839,2.93288,-505.844,-0.00594124,0.000154485,-0.00410084,0.00722904,4.033,3.03709,-505.638,-0.00626876,0.000224289,-0.00428102,0.00759497
806,3.84839,2.93288,-505.844,-0.00583249,0.000681589,-0.00395257,0.00710672,4.033,3.03709,-505.638,-0.006201,0.000780253,-0.00397938,0.00741537
807,3.84839,2.93288,-505.844,-0.00569332,0.0012942,-0.00403965,0.00713095,4.033,3.03709,-505.638,-0.00604177,0.00138857,-0.00408643,0.0074293
808,3.84839,2.93288,-505.844,-0.00569646,0.00151496,-0.00356457,0.00690081,4.033,3.03709,-505.638,-0.00604812,0.00160494,-0.00373391,0.0072886
809,3.84839,2.93288,-505.844,-0.00556649,0.00189791,-0.00341611,0.00685589,4.033,3.03709,-505.638,-0.00588672,0.00202589,-0.00358071,0.00719124
810,3.84839,2.93288,-505.844,-0.00522582,0.00203263,-0.00362089,0.00670454,4.033,3.03709,-505.638,-0.0055711,0.00214167,-0.00377601,0.00706756
811,3.84839,2.93288,-505.844,-0.00513193,0.00199676,-0.00338925,0.00650763,4.033,3.03709,-505.638,-0.00550736,0.00209764,-0.00355396,0.00688874
812,3.84839,2.93288,-505.844,-0.00506449,0.00186724,-0.00349211,0.00646411,4.033,3.03709,-505.638,-0.00541943,0.00199747,-0.00367038,0.00684996
813,3.84839,2.93288,-505.844,-0.00500337,0.00161368,-0.00298789,0.00607412,4.033,3.03709,-505.638,-0.00533702,0.00169937,-0.00292337,0.00632199
814,3.84839,2.93288,-505.844,-0.00487121,0.00126454,-0.00373562,0.00631218,4.033,3.03709,-505.638,-0.00523028,0.00137151,-0.00385813,0.00665118
815,3.84839,2.93288,-505.844,-0.00487873,0.000762019,-0.00303482,0.00583712,4.033,3.03709,-505.638,-0.00524195,0.000847825,-0.00316146,0.00618652
816,3.84839,2.93288,-505.844,-0.00447475,0.000143524,-0.00368497,0.00584793,4.033,3.03709,-505.638,-0.00480697,0.000239594,-0.00385758,0.00617642
817,3.84839,2.93288,-505.844,-0.00454849,-0.000355835,-0.00331542,0.00566948,4.033,3.03709,-505.638,-0.00486416,-0.000247475,-0.00331388,0.00589479
818,3.84839,2.93288,-505.844,-0.00450964,-0.00100279,-0.00328415,0.00571627,4.033,3.03709,-505.638,-0.00487017,-0.000938552,-0.00360192,0.00613719
819,3.84839,2.93288,-505.844,-0.00458065,-0.00146634,-0.00385613,0.00619407,4.033,3.03709,-505.638,-0.00495375,-0.00138452,-0.00403438,0.00654102
820,3.84839,2.93288,-505.844,-0.00466597,-0.00224514,-0.00373415,0.00640882,4.033,3.03709,-505.638,-0.00505697,-0.00216675,-0.00371979,0.00664427
821,3.84839,2.93288,-505.844,-0.00483343,-0.00266428,-0.00391804,0.00680596,4.033,3.03709,-505.638,-0.00516183,-0.0025771,-0.00414786,0.00711159
822,3.84839,2.93288,-505.844,-0.00492482,-0.00325504,-0.00376764,0.007056,4.033,3.03709,-505.638,-0.00528604,-0.00316567,-0.00388263,0.007291
823,3.84839,2.93288,-505.844,-0.00513596,-0.0035087,-0.00374191,0.00729121,4.033,3.03709,-505.638,-0.0054663,-0.00346797,-0.00386927,0.00754779
824,3.84839,2.93288,-505.844,-0.00527096,-0.00389264,-0.00346474,0.00743987,4.033,3.03709,-505.638,-0.00560604,-0.00385847,-0.00360644,0.00770538
825,3.84839,2.93288,-505.844,-0.00554567,-0.00388791,-0.0037911,0.00778442,4.033,3.03709,-505.638,-0.00591068,-0.00387578,-0.00394247,0.00809673
826,3.84839,2.93288,-505.844,-0.00585752,-0.00396716,-0.00332266,0.00784519,4.033,3.03709,-505.638,-0.00619453,-0.0039125,-0.00339077,0.00807681
827,3.84839,2.93288,-505.844,-0.00596648,-0.00382016,-0.00340927,0.00788423,4.033,3.03709,-505.638,-0.00629824,-0.00376319,-0.00364549,0.00819552
828,3.84839,2.93288,-505.844,-0.00617319,-0.0035879,-0.00312544,0.00780489,4.033,3.03709,-505.638,-0.00651358,-0.00352934,-0.00327613,0.00810082
829,3.84839,2.93288,-505.844,-0.00640747,-0.00287366,-0.00395346,0.00807722,4.033,3.03709,-505.638,-0.00674118,-0.00283625,-0.00403347,0.00835484
830,3.84839,2.93288,-505.844,-0.006623,-0.00231813,-0.0033107,0.00778118,4.033,3.03709,-505.638,-0.00692376,-0.00225177,-0.00342413,0.00804925
831,3.84839,2.93288,-505.844,-0.00678461,-0.00168239,-0.00390404,0.00803464,4.033,3.03709,-505.638,-0.00715961,-0.00161156,-0.00415821,0.00844062
832,3.84839,2.93288,-505.844,-0.00692983,-0.00108346,-0.003331,0.00777432,4.033,3.03709,-505.638,-0.00725427,-0.00101079,-0.00349511,0.00811683
833,3.84839,2.93288,-505.844,-0.00701647,-0.000111596,-0.00431732,0.00825131,4.033,3.03709,-505.638,-0.0073584,-6.32016e-05,-0.00448432,0.00862008
834,3.84839,2.93288,-505.844,-0.0071588,0.000788395,-0.00390054,0.0082088,4.033,3.03709,-505.638,-0.00747054,0.000884974,-0.00407491,0.00855865
835,3.84839,2.93288,-505.844,-0.00724491,0.00158754,-0.00482969,0.00888061,4.033,3.03709,-505.638,-0.0075682,0.00170092,-0.00488083,0.00917124
836,3.84839,2.93288,-505.844,-0.00728975,0.00238916,-0.00468635,0.00901303,4.033,3.03709,-505.638,-0.00764274,0.00252147,-0.00471411,0.00933138
837,3.84839,2.93288,-505.844,-0.00731431,0.0032408,-0.00457018,0.00921903,4.033,3.03709,-505.638,-0.0076327,0.00335116,-0.00476786,0.00960367
838,3.84839,2.93288,-505.844,-0.00730226,0.0039983,-0.00477668,0.00960739,4.033,3.03709,-505.638,-0.0076873,0.00414089,-0.00486724,0.0099978
839,3.84839,2.93288,-505.844,-0.00720872,0.00448773,-0.00565851,0.0102256,4.033,3.03709,-505.638,-0.00753833,0.00460846,-0.0055027,0.0104125
840,3.84839,2.93288,-505.844,-0.00712114,0.00489551,-0.0065351,0.0108511,4.033,3.03709,-505.638,-0.00744142,0.00502976,-0.0064427,0.0110564
841,3.84839,2.93288,-505.844,-0.00709395,0.00533019,-0.00689012,0.0112531,4.033,3.03709,-505.638,-0.00740216,0.00545508,-0.00708556,0.0116119
842,3.84839,2.93288,-505.844,-0.00689931,0.00554317,-0.00745353,0.0115893,4.033,3.03709,-505.638,-0.00723242,0.00569063,-0.0077598,0.0120406
843,3.84839,2.93288,-505.844,-0.00677867,0.00551722,-0.00810429,0.0119381,4.033,3.03709,-505.638,-0.0070991,0.0056518,-0.00842029,0.0123828
844,3.84839,2.93288,-505.844,-0.00674238,0.00555079,-0.00864579,0.0123018,4.033,3.03709,-505.638,-0.00709553,0.00568158,-0.00876882,0.0126322
845,3.84839,2.93288,-505.844,-0.00674356,0.00538486,-0.00914267,0.0125845,4.033,3.03709,-505.638,-0.00707796,0.00548588,-0.00927141,0.0128915
846,3.84839,2.93288,-505.844,-0.00663062,0.00515136,-0.00990332,0.012997,4.033,3.03709,-505.638,-0.0069602,0.00528604,-0.00993364,0.0132331
847,3.84839,2.93288,-505.844,-0.0064699,0.00483774,-0.0106393,0.0133703,4.033,3.03709,-505.638,-0.00684437,0.00496674,-0.0106958,0.0136363
848,3.84839,2.93288,-505.844,-0.00663528,0.00452128,-0.0114552,0.0139994,4.033,3.03709,-505.638,-0.00700472,0.00461324,-0.0115458,0.0142719
849,3.84839,2.93288,-505.844,-0.00665745,0.00410602,-0.0113138,0.0137626,4.033,3.03709,-505.638,-0.00701866,0.00416943,-0.0113961,0.0140193
850,3.84839,2.93288,-505.844,-0.00668185,0.00385911,-0.0115703,0.0139174,4.033,3.03709,-505.638,-0.00702925,0.00393235,-0.0116729,0.0141833
851,3.84839,2.93288,-505.844,-0.00667728,0.00352909,-0.0124845,0.0146025,4.033,3.03709,-505.638,-0.00704989,0.00358565,-0.0125026,0.0147959
852,3.84839,2.93288,-505.844,-0.00688546,0.00335937,-0.0126833,0.0148272,4.033,3.03709,-505.638,-0.00722158,0.00341915,-0.0126984,0.0150042
853,3.84839,2.93288,-505.844,-0.00711765,0.00321808,-0.0129083,0.0150989,4.033,3.03709,-505.638,-0.00745433,0.0032888,-0.0130167,0.015358
854,3.84839,2.93288,-505.844,-0.00737822,0.00323192,-0.0128927,0.0152128,4.033,3.03709,-505.638,-0.00774733,0.00329011,-0.0128318,0.0153471
855,3.84839,2.93288,-505.844,-0.00757337,0.00320846,-0.0132484,0.0155988,4.033,3.03709,-505.638,-0.00794896,0.00326464,-0.0134375,0.0159507
856,3.84839,2.93288,-505.844,-0.00792198,0.00345897,-0.0132344,0.0158185,4.033,3.03709,-505.638,-0.00825939,0.00349702,-0.0134798,0.0161927
857,3.84839,2.93288,-505.844,-0.00837355,0.00368104,-0.013607,0.0164033,4.033,3.03709,-505.638,-0.00872136,0.00374648,-0.0137001,0.0166679
858,3.84839,2.93288,-505.844,-0.00847108,0.00397765,-0.0139835,0.0168317,4.033,3.03709,-505.638,-0.00884531,0.00403063,-0.0140792,0.0171093
859,3.84839,2.93288,-505.844,-0.0087445,0.00446269,-0.01399,0.0170971,4.033,3.03709,-505.638,-0.00909955,0.0045259,-0.0141027,0.0173838
860,3.84839,2.93288,-505.844,-0.0089948,0.00481152,-0.0137654,0.0171368,4.033,3.03709,-505.638,-0.00934249,0.00483935,-0.0138183,0.0173681
861,3.84839,2.93288,-505.844,-0.00933493,0.00556105,-0.0144728,0.018101,4.033,3.03709,-505.638,-0.00968038,0.00565076,-0.014732,0.0185118
862,3.84839,2.93288,-505.844,-0.00953823,0.00616989,-0.0147438,0.018618,4.033,3.03709,-505.638,-0.00988214,0.00623577,-0.0149268,0.0189572
863,3.84839,2.93288,-505.844,-0.00962525,0.00685943,-0.0141323,0.0184289,4.033,3.03709,-505.638,-0.00997285,0.00694572,-0.0141793,0.0186755
864,3.84839,2.93288,-505.844,-0.00971194,0.00760667,-0.0149434,0.019382,4.033,3.03709,-505.638,-0.010072,0.00769153,-0.0151652,0.0197638
865,3.84839,2.93288,-505.844,-0.00993018,0.00814717,-0.0152076,0.0199111,4.033,3.03709,-505.638,-0.0102745,0.0082473,-0.0151537,0.0200807
866,3.84839,2.93288,-505.844,-0.0100804,0.00867027,-0.0151017,0.0201315,4.033,3.03709,-505.638,-0.0104085,0.00880145,-0.0151201,0.020359
867,3.84839,2.93288,-505.844,-0.0101127,0.00912268,-0.0150324,0.0202919,4.033,3.03709,-505.638,-0.0104511,0.00926344,-0.0149975,0.0204938
868,3.84839,2.93288,-505.844,-0.0100047,0.00937771,-0.0148046,0.0201853,4.033,3.03709,-505.638,-0.0103623,0.00947659,-0.0147758,0.0203847
869,3.84839,2.93288,-505.844,-0.00991105,0.0095737,-0.0154512,0.0207087,4.033,3.03709,-505.638,-0.010269,0.00969485,-0.0153698,0.0208732
870,3.84839,2.93288,-505.844,-0.00978638,0.00959507,-0.0149897,0.020316,4.033,3.03709,-505.638,-0.0101064,0.00973043,-0.0149597,0.0205093
871,3.84839,2.93288,-505.844,-0.00964468,0.00954696,-0.0152287,0.0204055,4.033,3.03709,-505.638,-0.00999942,0.00969211,-0.0152197,0.0206302
872,3.84839,2.93288,-505.844,-0.00945634,0.00928187,-0.0151149,0.0201068,4.033,3.03709,-505.638,-0.00980871,0.00941674,-0.0152026,0.0203969
873,3.84839,2.93288,-505.844,-0.00940269,0.00895144,-0.0156155,0.0203134,4.033,3.03709,-505.638,-0.00976555,0.0090889,-0.0156531,0.0205676
874,3.84839,2.93288,-505.844,-0.0092256,0.00852836,-0.0157149,0.0201267,4.033,3.03709,-505.638,-0.00957281,0.0086278,-0.0156948,0.0203087
875,3.84839,2.93288,-505.844,-0.00912013,0.00778961,-0.0155097,0.0196143,4.033,3.03709,-505.638,-0.00948424,0.00788194,-0.0157119,0.0199747
876,3.84839,2.93288,-505.844,-0.00893515,0.00720273,-0.0158835,0.0196036,4.033,3.03709,-505.638,-0.00929909,0.00732805,-0.0158576,0.0197907
877,3.84839,2.93288,-505.844,-0.00877589,0.00629833,-0.0157072,0.01907,4.033,3.03709,-505.638,-0.00911617,0.00637531,-0.0158093,0.0193318
878,3.84839,2.93288,-505.844,-0.00868487,0.00551399,-0.0152665,0.0184195,4.033,3.03709,-505.638,-0.00903755,0.00558185,-0.0151932,0.0185398
879,3.84839,2.93288,-505.844,-0.00864483,0.00467849,-0.0151994,0.0181072,4.033,3.03709,-505.638,-0.00903854,0.00473267,-0.015247,0.0183462
880,3.84839,2.93288,-505.844,-0.00851497,0.00390146,-0.0143852,0.0171728,4.033,3.03709,-505.638,-0.00891102,0.0039706,-0.0143908,0.0173866
881,3.84839,2.93288,-505.844,-0.00856783,0.00321901,-0.0144743,0.017133,4.033,3.03709,-505.638,-0.00896572,0.00327403,-0.0145531,0.0174049
882,3.84839,2.93288,-505.844,-0.00860212,0.00253597,-0.0141994,0.0168019,4.033,3.03709,-505.638,-0.00898135,0.00257899,-0.0142303,0.017025
883,3.84839,2.93288,-505.844,-0.00859742,0.00192562,-0.0137085,0.0163044,4.033,3.03709,-505.638,-0.00894934,0.00195835,-0.0136112,0.0164083
884,3.84839,2.93288,-505.844,-0.0087698,0.00150302,-0.0139927,0.0165944,4.033,3.03709,-505.638,-0.00913669,0.00157501,-0.0140665,0.0168492
885,3.84839,2.93288,-505.844,-0.00890723,0.00108073,-0.0129014,0.0157222,4.033,3.03709,-505.638,-0.00929077,0.00113384,-0.0128818,0.0159239
886,3.84839,2.93288,-505.844,-0.00901273,0.000764587,-0.0126352,0.0155458,4.033,3.03709,-505.638,-0.00939439,0.000826536,-0.0126697,0.015795
887,3.84839,2.93288,-505.844,-0.00913384,0.000626436,-0.0118886,0.0150108,4.033,3.03709,-505.638,-0.00948835,0.000677754,-0.0118695,0.0152112
888,3.84839,2.93288,-505.844,-0.00914666,0.000554042,-0.0117999,0.014952,4.033,3.03709,-505.638,-0.00949932,0.000613841,-0.0117858,0.0151518
889,3.84839,2.93288,-505.844,-0.00933042,0.000560137,-0.0108406,0.0143215,4.033,3.03709,-505.638,-0.00968684,0.000597008,-0.011008,0.0146764
890,3.84839,2.93288,-505.844,-0.00935208,0.000803837,-0.0111473,0.0145801,4.033,3.03709,-505.638,-0.00970636,0.000851192,-0.0112154,0.0148577
891,3.84839,2.93288,-505.844,-0.00942261,0.00116856,-0.00987954,0.0137104,4.033,3.03709,-505.638,-0.00975934,0.00123054,-0.00986299,0.013931
892,3.84839,2.93288,-505.844,-0.00955778,0.00141488,-0.00909183,0.013279,4.033,3.03709,-505.638,-0.0099131,0.00146858,-0.00899368,0.0134669
893,3.84839,2.93288,-505.844,-0.00943314,0.00172999,-0.00891082,0.0131,4.033,3.03709,-505.638,-0.00979818,0.00183004,-0.00890214,0.0133652
894,3.84839,2.93288,-505.844,-0.00951994,0.00204454,-0.00802306,0.0126255,4.033,3.03709,-505.638,-0.00984506,0.00210395,-0.0080472,0.01289
895,3.84839,2.93288,-505.844,-0.00949392,0.00237759,-0.00749309,0.0123407,4.033,3.03709,-505.638,-0.0098522,0.00248298,-0.00728496,0.0125046
896,3.84839,2.93288,-505.844,-0.00946221,0.00241625,-0.00743158,0.0122815,4.033,3.03709,-505.638,-0.00983527,0.00254248,-0.00742391,0.0125834
897,3.84839,2.93288,-505.844,-0.00929391,0.00258058,-0.006926,0.0118835,4.033,3.03709,-505.638,-0.00965201,0.00268309,-0.00704654,0.0122493
898,3.84839,2.93288,-505.844,-0.00897384,0.00259056,-0.00693769,0.0116541,4.033,3.03709,-505.638,-0.00933758,0.00267974,-0.0067677,0.0118421
899,3.84839,2.93288,-505.844,-0.00862929,0.00255287,-0.00604988,0.010861,4.033,3.03709,-505.638,-0.00898499,0.00268238,-0.00594176,0.0111042
900,3.84839,2.93288,-505.844,-0.00861423,0.00231616,-0.00589125,0.0106996,4.033,3.03709,-505.638,-0.00897873,0.00245174,-0.00589947,0.0110212
901,3.84839,2.93288,-505.844,-0.00821905,0.00208637,-0.00540349,0.0100724,4.033,3.03709,-505.638,-0.00855874,0.0022351,-0.00533228,0.0103318
902,3.84839,2.93288,-505.844,-0.00816875,0.00179328,-0.00536748,0.00994848,4.033,3.03709,-505.638,-0.00852252,0.0018914,-0.00533661,0.0102332
903,3.84839,2.93288,-505.844,-0.00788284,0.00118887,-0.00516009,0.00950649,4.033,3.03709,-505.638,-0.00828359,0.00130439,-0.00508831,0.00980971
904,3.84839,2.93288,-505.844,-0.00764673,0.000619006,-0.00555012,0.00948641,4.033,3.03709,-505.638,-0.00802149,0.0006971,-0.00578364,0.00991624
905,3.84839,2.93288,-505.844,-0.00753221,-5.6487e-05,-0.00509356,0.00909951,4.033,3.03709,-505.638,-0.00789893,3.3237e-05,-0.00536147,0.00954754
906,3.84839,2.93288,-505.844,-0.00723305,-0.000585228,-0.00544401,0.00908885,4.033,3.03709,-505.638,-0.00762439,-0.000500587,-0.00543186,0.0093779
907,3.84839,2.93288,-505.844,-0.00711196,-0.00120374,-0.00492228,0.00874638,4.033,3.03709,-505.638,-0.00749012,-0.00113207,-0.00506229,0.00911304
908,3.84839,2.93288,-505.844,-0.00690388,-0.00176912,-0.00495808,0.00869025,4.033,3.03709,-505.638,-0.00729418,-0.00170214,-0.00506561,0.00904339
909,3.84839,2.93288,-505.844,-0.00678784,-0.00240894,-0.00503262,0.0088107,4.033,3.03709,-505.638,-0.00715814,-0.00234474,-0.0050732,0.00908527
910,3.84839,2.93288,-505.844,-0.00669329,-0.00278529,-0.00548927,0.0091121,4.033,3.03709,-505.638,-0.0070863,-0.00279132,-0.00560522,0.00946026
911,3.84839,2.93288,-505.844,-0.00668177,-0.00321058,-0.0044219,0.00864243,4.033,3.03709,-505.638,-0.00702487,-0.00316502,-0.00448001,0.008914
912,3.84839,2.93288,-505.844,-0.00669449,-0.00355819,-0.00453231,0.0088524,4.033,3.03709,-505.638,-0.00706074,-0.00348273,-0.00443719,0.00904029
913,3.84839,2.93288,-505.844,-0.00673829,-0.00380996,-0.00430759,0.00887361,4.033,3.03709,-505.638,-0.00710132,-0.00376367,-0.00455508,0.00923962
914,3.84839,2.93288,-505.844,-0.00672865,-0.00400323,-0.0039345,0.00877452,4.033,3.03709,-505.638,-0.0070977,-0.00401003,-0.00403708,0.0090985
915,3.84839,2.93288,-505.844,-0.00673193,-0.00398003,-0.0032886,0.00849007,4.033,3.03709,-505.638,-0.00708187,-0.00395094,-0.00340838,0.00879672
916,3.84839,2.93288,-505.844,-0.00670068,-0.00396361,-0.00326626,0.00846419,4.033,3.03709,-505.638,-0.00708405,-0.00389123,-0.00340026,0.00877106
917,3.84839,2.93288,-505.844,-0.00677824,-0.00369183,-0.00295979,0.00827748,4.033,3.03709,-505.638,-0.00711944,-0.00366409,-0.00307782,0.00857947
918,3.84839,2.93288,-505.844,-0.00670982,-0.00349518,-0.00381381,0.00849915,4.033,3.03709,-505.638,-0.00706557,-0.00345968,-0.00387211,0.00877465
919,3.84839,2.93288,-505.844,-0.00680573,-0.00318131,-0.00278017,0.00802905,4.033,3.03709,-505.638,-0.0071442,-0.00314774,-0.00296549,0.00835335
920,3.84839,2.93288,-505.844,-0.00670305,-0.00286751,-0.00303155,0.00790781,4.033,3.03709,-505.638,-0.00709835,-0.00283847,-0.00313907,0.00826662
921,3.84839,2.93288,-505.844,-0.00671604,-0.00230682,-0.00293121,0.00770462,4.033,3.03709,-505.638,-0.00703032,-0.00227353,-0.00306453,0.00800375
922,3.84839,2.93288,-505.844,-0.00676238,-0.00199367,-0.00282582,0.00762121,4.033,3.03709,-505.638,-0.00714472,-0.0019504,-0.0029045,0.00795997
923,3.84839,2.93288,-505.844,-0.00663837,-0.00151465,-0.00259557,0.00729818,4.033,3.03709,-505.638,-0.0070041,-0.00145801,-0.00257836,0.00760595
924,3.84839,2.93288,-505.844,-0.00637334,-0.00109607,-0.00264648,0.00700121,4.033,3.03709,-505.638,-0.00670132,-0.001033,-0.00282944,0.00734989
925,3.84839,2.93288,-505.844,-0.00637771,-0.000628834,-0.00249695,0.00690113,4.033,3.03709,-505.638,-0.00671846,-0.000591828,-0.0024431,0.00717741
926,3.84839,2.93288,-505.844,-0.0061205,-0.000351707,-0.00257687,0.0066579,4.033,3.03709,-505.638,-0.00645337,-0.000263099,-0.00258308,0.00695673
927,3.84839,2.93288,-505.844,-0.00605355,6.58358e-05,-0.00218042,0.00644106,4.033,3.03709,-505.638,-0.0064021,0.000154134,-0.00219435,0.00677062
928,3.84839,2.93288,-505.844,-0.005811,0.000425036,-0.00320056,0.00668388,4.033,3.03709,-505.638,-0.00614883,0.000476647,-0.00320363,0.00695713
929,3.84839,2.93288,-505.844,-0.00567243,0.0005224,-0.00299298,0.00645509,4.033,3.03709,-505.638,-0.00603762,0.000585109,-0.00290975,0.00673078
930,3.84839,2.93288,-505.844,-0.00554808,0.000734879,-0.00285775,0.0063064,4.033,3.03709,-505.638,-0.00590296,0.000797867,-0.00279126,0.00658223
931,3.84839,2.93288,-505.844,-0.00543634,0.000758203,-0.0041335,0.00690012,4.033,3.03709,-505.638,-0.00578944,0.00082671,-0.00417378,0.00719038
932,3.84839,2.93288,-505.844,-0.00541661,0.000694981,-0.00399879,0.00677897,4.033,3.03709,-505.638,-0.00578763,0.000746373,-0.00402964,0.00709311
933,3.84839,2.93288,-505.844,-0.0052374,0.000554352,-0.00490013,0.00722286,4.033,3.03709,-505.638,-0.00557572,0.000642195,-0.00499675,0.00752008
934,3.84839,2.93288,-505.844,-0.00498819,0.000364046,-0.00472114,0.00689904,4.033,3.03709,-505.638,-0.00538855,0.000421117,-0.0047226,0.00718048
935,3.84839,2.93288,-505.844,-0.00490263,0.000130801,-0.00489131,0.00694513,4.033,3.03709,-505.638,-0.00527511,0.00021065,-0.00508765,0.00733474
936,3.84839,2.93288,-505.844,-0.00480673,-1.85265e-05,-0.00517058,0.00709124,4.033,3.03709,-505.638,-0.00514059,2.7775e-05,-0.00510021,0.00724684
937,3.84839,2.93288,-505.844,-0.00492098,-0.000302378,-0.00517484,0.00716753,4.033,3.03709,-505.638,-0.00527649,-0.000244471,-0.00528631,0.00747608
938,3.84839,2.93288,-505.844,-0.00505326,-0.000530438,-0.00604063,0.00791759,4.033,3.03709,-505.638,-0.00545493,-0.00048723,-0.00618938,0.00826866
939,3.84839,2.93288,-505.844,-0.00518849,-0.000719697,-0.00561773,0.00769635,4.033,3.03709,-505.638,-0.00555023,-0.000661252,-0.00576385,0.00803079
940,3.84839,2.93288,-505.844,-0.00536743,-0.00106478,-0.00648436,0.00850063,4.033,3.03709,-505.638,-0.00574874,-0.00102124,-0.00648563,0.00872892
941,3.84839,2.93288,-505.844,-0.00554241,-0.00119178,-0.00673523,0.00882902,4.033,3.03709,-505.638,-0.005908,-0.00118522,-0.00670154,0.00901766
942,3.84839,2.93288,-505.844,-0.00564126,-0.0013699,-0.00607835,0.0084112,4.033,3.03709,-505.638,-0.00599951,-0.00134024,-0.00620577,0.0087357
943,3.84839,2.93288,-505.844,-0.00595441,-0.00140132,-0.00690562,0.00923803,4.033,3.03709,-505.638,-0.00632961,-0.00135449,-0.0069934,0.00953058
944,3.84839,2.93288,-505.844,-0.00617443,-0.00128634,-0.0069073,0.00937674,4.033,3.03709,-505.638,-0.0064891,-0.00124427,-0.00695331,0.00959518
945,3.84839,2.93288,-505.844,-0.00635627,-0.00119813,-0.00721946,0.00971497,4.033,3.03709,-505.638,-0.00673555,-0.0011814,-0.00733948,0.0100353
946,3.84839,2.93288,-505.844,-0.00669423,-0.00100712,-0.00773386,0.0103021,4.033,3.03709,-505.638,-0.00706077,-0.000961114,-0.0078236,0.0105869
947,3.84839,2.93288,-505.844,-0.00688191,-0.000796795,-0.00777968,0.0104308,4.033,3.03709,-505.638,-0.00725851,-0.000762697,-0.00772655,0.0106301
948,3.84839,2.93288,-505.844,-0.00717649,-0.00048802,-0.00733155,0.0102773,4.033,3.03709,-505.638,-0.00753808,-0.00044764,-0.00741411,0.010583
949,3.84839,2.93288,-505.844,-0.00749764,-8.43722e-05,-0.00764805,0.0107179,4.033,3.03709,-505.638,-0.0078475,-5.65863e-05,-0.00766432,0.0109701
950,3.84839,2.93288,-505.844,-0.00762213,0.000437765,-0.00738892,0.0106334,4.033,3.03709,-505.638,-0.00797408,0.000497925,-0.00736305,0.0108658
951,3.84839,2.93288,-505.844,-0.00779902,0.000849326,-0.00874944,0.0117641,4.033,3.03709,-505.638,-0.00817403,0.000897507,-0.00886809,0.0120961
952,3.84839,2.93288,-505.844,-0.00792201,0.00122525,-0.00789593,0.0112577,4.033,3.03709,-505.638,-0.00828844,0.00127664,-0.0079489,0.0115553
953,3.84839,2.93288,-505.844,-0.00801985,0.00173447,-0.00915082,0.0123023,4.033,3.03709,-505.638,-0.00841935,0.00178683,-0.00920129,0.012601
954,3.84839,2.93288,-505.844,-0.0081549,0.00232213,-0.00920602,0.0125268,4.033,3.03709,-505.638,-0.00850711,0.0024416,-0.00933762,0.0128673
955,3.84839,2.93288,-505.844,-0.00821455,0.00280269,-0.00919609,0.0126593,4.033,3.03709,-505.638,-0.00854894,0.00288798,-0.00930658,0.0129652
956,3.84839,2.93288,-505.844,-0.00830957,0.00308125,-0.00955042,0.0130406,4.033,3.03709,-505.638,-0.00863224,0.00314719,-0.00958034,0.013276
957,3.84839,2.93288,-505.844,-0.00846099,0.00355308,-0.00966552,0.013336,4.033,3.03709,-505.638,-0.00882198,0.00365941,-0.00982193,0.0137011
958,3.84839,2.93288,-505.844,-0.00856147,0.00382964,-0.00970574,0.0135001,4.033,3.03709,-505.638,-0.00894933,0.00393537,-0.00982632,0.0138614
959,3.84839,2.93288,-505.844,-0.00857111,0.00400432,-0.0105783,0.0142083,4.033,3.03709,-505.638,-0.00895738,0.00409339,-0.0105951,0.0144681
960,3.84839,2.93288,-505.844,-0.00849166,0.00393929,-0.0103185,0.0139422,4.033,3.03709,-505.638,-0.00885956,0.00402195,-0.0103276,0.0141904
961,3.84839,2.93288,-505.844,-0.00856465,0.00398906,-0.010134,0.0138631,4.033,3.03709,-505.638,-0.00891172,0.00405873,-0.0101994,0.0141401
962,3.84839,2.93288,-505.844,-0.00859709,0.00394844,-0.0106296,0.0142397,4.033,3.03709,-505.638,-0.00896024,0.0040403,-0.0106489,0.0144928
963,3.84839,2.93288,-505.844,-0.00842181,0.00374512,-0.0113952,0.0146652,4.033,3.03709,-505.638,-0.00877833,0.00381719,-0.0114,0.0148869
964,3.84839,2.93288,-505.844,-0.00872018,0.00376157,-0.0111251,0.0146411,4.033,3.03709,-505.638,-0.00909016,0.00384339,-0.0111715,0.0149086
965,3.84839,2.93288,-505.844,-0.00868229,0.00358661,-0.0116329,0.0149643,4.033,3.03709,-505.638,-0.00906243,0.00366488,-0.0116059,0.0151757
966,3.84839,2.93288,-505.844,-0.00873272,0.00337938,-0.0117787,0.0150605,4.033,3.03709,-505.638,-0.00908882,0.00344527,-0.0116649,0.0151855
967,3.84839,2.93288,-505.844,-0.00889996,0.00310927,-0.0118637,0.015162,4.033,3.03709,-505.638,-0.00924794,0.00317431,-0.0118999,0.0154027
968,3.84839,2.93288,-505.844,-0.00899349,0.00290444,-0.012055,0.0153228,4.033,3.03709,-505.638,-0.0093384,0.00296504,-0.0121406,0.0156014
969,3.84839,2.93288,-505.844,-0.00898231,0.00274152,-0.0118046,0.0150911,4.033,3.03709,-505.638,-0.00930139,0.00281538,-0.0118375,0.0153163
970,3.84839,2.93288,-505.844,-0.00916845,0.00262296,-0.0121302,0.0154373,4.033,3.03709,-505.638,-0.00951403,0.002672,-0.012241,0.0157329
971,3.84839,2.93288,-505.844,-0.00933495,0.00253107,-0.0122589,0.0156247,4.033,3.03709,-505.638,-0.00970896,0.0025709,-0.0122628,0.0158522
972,3.84839,2.93288,-505.844,-0.00946556,0.0025824,-0.0121002,0.015587,4.033,3.03709,-505.638,-0.00979844,0.00261129,-0.0120361,0.0157395
973,3.84839,2.93288,-505.844,-0.00957047,0.00261622,-0.0124398,0.0159218,4.033,3.03709,-505.638,-0.00991899,0.0026672,-0.0123876,0.0160933
974,3.84839,2.93288,-505.844,-0.00973654,0.0027375,-0.012469,0.0160685,4.033,3.03709,-505.638,-0.0100922,0.00279543,-0.0125322,0.016334
975,3.84839,2.93288,-505.844,-0.00982814,0.00281581,-0.0123004,0.0160093,4.033,3.03709,-505.638,-0.0101852,0.00285931,-0.0122365,0.0161777
976,3.84839,2.93288,-505.844,-0.01001,0.00313139,-0.01201,0.0159574,4.033,3.03709,-505.638,-0.0103187,0.00319379,-0.0120643,0.0161953
977,3.84839,2.93288,-505.844,-0.0102087,0.00314644,-0.0114037,0.0156336,4.033,3.03709,-505.638,-0.0105568,0.00318124,-0.0116746,0.0160593
978,3.84839,2.93288,-505.844,-0.010242,0.00355486,-0.0111686,0.0155691,4.033,3.03709,-505.638,-0.0105774,0.00362931,-0.0112204,0.0158419
979,3.84839,2.93288,-505.844,-0.0104441,0.0039258,-0.0115529,0.0160631,4.033,3.03709,-505.638,-0.010786,0.00399632,-0.011699,0.0164067
980,3.84839,2.93288,-505.844,-0.0104217,0.00431696,-0.0114879,0.016108,4.033,3.03709,-505.638,-0.0107757,0.00439295,-0.0115535,0.0163991
981,3.84839,2.93288,-505.844,-0.0105098,0.00454787,-0.0117717,0.0164291,4.033,3.03709,-505.638,-0.0108854,0.00462726,-0.0117919,0.0167024
982,3.84839,2.93288,-505.844,-0.010585,0.00485036,-0.0116303,0.0164651,4.033,3.03709,-505.638,-0.0109662,0.00495332,-0.0117004,0.016785
983,3.84839,2.93288,-505.844,-0.0106675,0.00522261,-0.0119635,0.0168626,4.033,3.03709,-505.638,-0.01104,0.00530821,-0.0121556,0.0172578
984,3.84839,2.93288,-505.844,-0.0105901,0.00543385,-0.0121179,0.0169932,4.033,3.03709,-505.638,-0.0109728,0.00553978,-0.0121771,0.0173034
985,3.84839,2.93288,-505.844,-0.0105354,0.00552631,-0.0112764,0.0163986,4.033,3.03709,-505.638,-0.0108589,0.0055953,-0.0112843,0.016631
986,3.84839,2.93288,-505.844,-0.010612,0.00576796,-0.011591,0.0167438,4.033,3.03709,-505.638,-0.0109495,0.0058913,-0.0116604,0.0170462
987,3.84839,2.93288,-505.844,-0.0106454,0.00579814,-0.0112064,0.0165114,4.033,3.03709,-505.638,-0.0110265,0.00588638,-0.0112966,0.0168478
988,3.84839,2.93288,-505.844,-0.01052,0.00581723,-0.011668,0.0167618,4.033,3.03709,-505.638,-0.010897,0.00588924,-0.0116297,0.0169918
989,3.84839,2.93288,-505.844,-0.0104159,0.00561691,-0.0116444,0.0166111,4.033,3.03709,-505.638,-0.0108079,0.00570699,-0.0118748,0.0170422
990,3.84839,2.93288,-505.844,-0.0103201,0.00552171,-0.0111987,0.0162074,4.033,3.03709,-505.638,-0.0106944,0.00561225,-0.0114372,0.0166352
991,3.84839,2.93288,-505.844,-0.0102583,0.00540906,-0.0113153,0.0162166,4.033,3.03709,-505.638,-0.0106292,0.00550981,-0.011271,0.0164451
992,3.84839,2.93288,-505.844,-0.0101275,0.00522068,-0.0108979,0.0157754,4.033,3.03709,-505.638,-0.0105029,0.00530367,-0.0109218,0.016055
993,3.84839,2.93288,-505.844,-0.010216,0.00483635,-0.0106309,0.015523,4.033,3.03709,-505.638,-0.0105695,0.004917,-0.0107046,0.0158271
994,3.84839,2.93288,-505.844,-0.0100866,0.00462591,-0.0107957,0.0154865,4.033,3.03709,-505.638,-0.0104417,0.00470567,-0.0109821,0.0158683
995,3.84839,2.93288,-505.844,-0.0100463,0.00415317,-0.010869,0.015384,4.033,3.03709,-505.638,-0.0103762,0.00422038,-0.0108693,0.01561
996,3.84839,2.93288,-505.844,-0.0099731,0.00380556,-0.0101537,0.0147419,4.033,3.03709,-505.638,-0.0103173,0.00383592,-0.010137,0.0149654
997,3.84839,2.93288,-505.844,-0.00982709,0.00332624,-0.00968356,0.014201,4.033,3.03709,-505.638,-0.0102081,0.00340734,-0.00967857,0.0144748
998,3.84839,2.93288,-505.844,-0.00993036,0.0030131,-0.00910414,0.0138117,4.033,3.03709,-505.638,-0.0103018,0.0031035,-0.00906487,0.0140695
999,3.84839,2.93288,-505.844,-0.00987372,0.00260179,-0.00908081,0.0136768,4.033,3.03709,-505.638,-0.0102514,0.00263097,-0.00897615,0.0138793
1000,3.84839,2.93288,-505.844,-0.00975592,0.00216121,-0.00896467,0.0134429,4.033,3.03709,-505.638,-0.0100938,0.00221173,-0.008823,0.0135907
1001,3.84839,2.93288,-505.844,-0.00967971,0.00173039,-0.00830397,0.0128771,4.033,3.03709,-505.638,-0.0100981,0.0017872,-0.00853809,0.0133453
1002,3.84839,2.93288,-505.844,-0.00974243,0.00140865,-0.00768306,0.0125009,4.033,3.03709,-505.638,-0.0101147,0.00147147,-0.00757413,0.0127237
1003,3.84839,2.93288,-505.844,-0.00968354,0.00112033,-0.0072761,0.0121771,4.033,3.03709,-505.638,-0.0100619,0.00115997,-0.00713971,0.0123939
1004,3.84839,2.93288,-505.844,-0.0096157,0.00081422,-0.00666781,0.0117353,4.033,3.03709,-505.638,-0.00998188,0.00088286,-0.0069297,0.0121845
1005,3.84839,2.93288,-505.844,-0.00962099,0.000489101,-0.00638466,0.0115732,4.033,3.03709,-505.638,-0.0100015,0.000540644,-0.00639214,0.0118852
1006,3.84839,2.93288,-505.844,-0.00949063,0.000267328,-0.00602972,0.011255,4.033,3.03709,-505.638,-0.00981264,0.000323593,-0.00615588,0.0115901
1007,3.84839,2.93288,-505.844,-0.00944395,0.000258536,-0.00495701,0.0106801,4.033,3.03709,-505.638,-0.0097972,0.000284736,-0.00482475,0.0109259
1008,3.84839,2.93288,-505.844,-0.00950023,0.000107117,-0.00384288,0.0102623,4.033,3.03709,-505.638,-0.00985039,0.000188263,-0.00369054,0.0105223
1009,3.84839,2.93288,-505.844,-0.00933472,-9.61697e-05,-0.00426426,0.0102756,4.033,3.03709,-505.638,-0.00971262,-1.90652e-05,-0.00417899,0.0105761
1010,3.84839,2.93288,-505.844,-0.00933266,-0.000126979,-0.00368684,0.010063,4.033,3.03709,-505.638,-0.00968882,-6.39047e-05,-0.00345114,0.0102897
1011,3.84839,2.93288,-505.844,-0.0091903,-0.000178465,-0.00318759,0.0097391,4.033,3.03709,-505.638,-0.00956221,-9.53468e-05,-0.00318017,0.010079
1012,3.84839,2.93288,-505.844,-0.00919473,-0.000150607,-0.00303844,0.00971108,4.033,3.03709,-505.638,-0.00956962,-0.000103376,-0.00288166,0.00999922
1013,3.84839,2.93288,-505.844,-0.00918797,-0.000197423,-0.00208932,0.00942741,4.033,3.03709,-505.638,-0.00956297,-0.000127114,-0.00217411,0.00980796
1014,3.84839,2.93288,-505.844,-0.00905899,-0.000260287,-0.00128973,0.00917829,4.033,3.03709,-505.638,-0.00942404,-0.000181267,-0.00114069,0.00949906
1015,3.84839,2.93288,-505.844,-0.00886627,-0.000327919,-0.00174473,0.00905509,4.033,3.03709,-505.638,-0.00921322,-0.00024203,-0.00175018,0.00938504
1016,3.84839,2.93288,-505.844,-0.0088996,-0.000469877,-0.00101363,0.00898061,4.033,3.03709,-505.638,-0.00925064,-0.000369767,-0.000927886,0.0093068
1017,3.84839,2.93288,-505.844,-0.00862096,-0.000545158,-0.000457382,0.00866378,4.033,3.03709,-505.638,-0.00898309,-0.000450848,-0.00037017,0.00900544
1018,3.84839,2.93288,-505.844,-0.00870926,-0.000663452,-0.000282065,0.00874525,4.033,3.03709,-505.638,-0.00907,-0.000597291,-0.000310589,0.00909622
1019,3.84839,2.93288,-505.844,-0.00848953,-0.000833238,-0.000117928,0.0085739,4.033,3.03709,-505.638,-0.00883947,-0.000739526,0.000221172,0.00887959
1020,3.84839,2.93288,-505.844,-0.00838406,-0.0010023,-0.000270401,0.00849194,4.033,3.03709,-505.638,-0.0087468,-0.000926307,-5.69038e-05,0.00880446
1021,3.84839,2.93288,-505.844,-0.00825324,-0.00128791,0.000450256,0.00838478,4.033,3.03709,-505.638,-0.00860322,-0.00119582,0.000700297,0.00871765
1022,3.84839,2.93288,-505.844,-0.00833233,-0.00161054,0.00061539,0.00853556,4.033,3.03709,-505.638,-0.00869352,-0.00151786,0.000758912,0.00886369
1023,3.84839,2.93288,-505.844,-0.00823338,-0.00200044,0.000961734,0.00854336,4.033,3.03709,-505.638,-0.00861581,-0.00192576,0.000982744,0.00888598
1024,3.84839,2.93288,-505.844,-0.00805819,-0.00238306,0.000867339,0.00846992,4.033,3.03709,-505.638,-0.00842822,-0.00229867,0.000946149,0.00879022
1025,3.84839,2.93288,-505.844,-0.00800986,-0.00272702,0.000806953,0.00851319,4.033,3.03709,-505.638,-0.00837373,-0.00263211,0.000811036,0.00881835
1026,3.84839,2.93288,-505.844,-0.00786704,-0.00308861,0.000750911,0.00850418,4.033,3.03709,-505.638,-0.00820341,-0.00301531,0.000829747,0.00878348
1027,3.84839,2.93288,-505.844,-0.00777112,-0.00347659,0.0013775,0.00865206,4.033,3.03709,-505.638,-0.0081569,-0.00341509,0.00165342,0.00900182
1028,3.84839,2.93288,-505.844,-0.00769997,-0.0037392,0.000854246,0.00862827,4.033,3.03709,-505.638,-0.00804621,-0.00368228,0.000915225,0.00890122
1029,3.84839,2.93288,-505.844,-0.00764363,-0.00407174,0.001271,0.00878241,4.033,3.03709,-505.638,-0.00802623,-0.00402908,0.00141392,0.0090979
1030,3.84839,2.93288,-505.844,-0.00770799,-0.00432878,0.00164735,0.00900699,4.033,3.03709,-505.638,-0.00808741,-0.00427269,0.00164921,0.00929616
1031,3.84839,2.93288,-505.844,-0.00764109,-0.00450691,0.00192352,0.00911107,4.033,3.03709,-505.638,-0.00802657,-0.00443636,0.00213218,0.00942145
1032,3.84839,2.93288,-505.844,-0.00761467,-0.00468088,0.00106581,0.00902067,4.033,3.03709,-505.638,-0.00798902,-0.00465083,0.00122065,0.00932848
1033,3.84839,2.93288,-505.844,-0.00757791,-0.00489562,0.00195987,0.00924766,4.033,3.03709,-505.638,-0.00792686,-0.00483337,0.00195197,0.0094892
1034,3.84839,2.93288,-505.844,-0.00768739,-0.00498659,0.00164956,0.00932158,4.033,3.03709,-505.638,-0.00803557,-0.00494985,0.00171322,0.00959355
1035,3.84839,2.93288,-505.844,-0.00761702,-0.00481623,0.00135764,0.00912854,4.033,3.03709,-505.638,-0.00799537,-0.00475339,0.00148893,0.00942191
1036,3.84839,2.93288,-505.844,-0.0075707,-0.00470701,0.00190769,0.00913571,4.033,3.03709,-505.638,-0.0079279,-0.00462966,0.0019409,0.00938673
1037,3.84839,2.93288,-505.844,-0.00764015,-0.00445208,0.00193593,0.00906689,4.033,3.03709,-505.638,-0.00796909,-0.00436125,0.00207284,0.0093202
1038,3.84839,2.93288,-505.844,-0.00767028,-0.00394199,0.00161412,0.00878907,4.033,3.03709,-505.638,-0.00805616,-0.00388154,0.00164128,0.00909376
1039,3.84839,2.93288,-505.844,-0.0077389,-0.00383542,0.00175457,0.00883045,4.033,3.03709,-505.638,-0.00812011,-0.00376485,0.00182731,0.00913778
1040,3.84839,2.93288,-505.844,-0.00772726,-0.00335004,0.00110071,0.00852987,4.033,3.03709,-505.638,-0.00811914,-0.00328524,0.00127352,0.00885618
1041,3.84839,2.93288,-505.844,-0.00772563,-0.0030373,0.00114051,0.00839014,4.033,3.03709,-505.638,-0.00806334,-0.00296807,0.0010126,0.00865334
1042,3.84839,2.93288,-505.844,-0.007732,-0.00254004,0.000960995,0.00820634,4.033,3.03709,-505.638,-0.00808752,-0.00246287,0.000947838,0.00850875
1043,3.84839,2.93288,-505.844,-0.00755944,-0.00222136,0.00119965,0.00800473,4.033,3.03709,-505.638,-0.00788374,-0.0021506,0.00143295,0.008303
1044,3.84839,2.93288,-505.844,-0.00749462,-0.00176028,0.00098129,0.00777899,4.033,3.03709,-505.638,-0.00784635,-0.00164,0.00112642,0.00809767
1045,3.84839,2.93288,-505.844,-0.00753842,-0.00142396,0.00019971,0.00769126,4.033,3.03709,-505.638,-0.00785408,-0.00136033,0.000304804,0.00798063
1046,3.84839,2.93288,-505.844,-0.00741319,-0.00112769,6.69701e-05,0.00752273,4.033,3.03709,-505.638,-0.00776785,-0.00104447,0.00015759,0.00784399
1047,3.84839,2.93288,-505.844,-0.0072617,-0.000772832,0.000213888,0.00731955,4.033,3.03709,-505.638,-0.00763408,-0.000678069,0.000304343,0.00767243
1048,3.84839,2.93288,-505.844,-0.00731494,-0.000542157,-0.000801985,0.00739337,4.033,3.03709,-505.638,-0.00769341,-0.000483839,-0.000807178,0.00775488
1049,3.84839,2.93288,-505.844,-0.00722318,-0.000307805,-0.000741471,0.00728918,4.033,3.03709,-505.638,-0.00756867,-0.000231094,-0.000625287,0.00760356
1050,3.84839,2.93288,-505.844,-0.00706018,-0.000275815,-0.00105636,0.00716664,4.033,3.03709,-505.638,-0.00741744,-0.000155489,-0.000965212,0.0074866
1051,3.84839,2.93288,-505.844,-0.00705534,-9.69288e-05,-0.00164949,0.0072607,4.033,3.03709,-505.638,-0.00739804,-1.53103e-05,-0.00162549,0.00757818
1052,3.84839,2.93288,-505.844,-0.00691013,-7.62982e-05,-0.0018639,0.00716724,4.033,3.03709,-505.638,-0.00724533,1.04242e-05,-0.00185285,0.00748004
1053,3.84839,2.93288,-505.844,-0.00679998,-5.67117e-05,-0.00167098,0.00700702,4.033,3.03709,-505.638,-0.00716043,4.43758e-05,-0.0016592,0.00735039
1054,3.84839,2.93288,-505.844,-0.00655402,-5.69279e-05,-0.00271029,0.00710352,4.033,3.03709,-505.638,-0.00695389,3.04981e-05,-0.00266999,0.00745026
1055,3.84839,2.93288,-505.844,-0.00647993,0.000133901,-0.00331558,0.00728919,4.033,3.03709,-505.638,-0.00683185,0.000203418,-0.00339265,0.00763206
1056,3.84839,2.93288,-505.844,-0.00666196,0.000129995,-0.00379644,0.00768213,4.033,3.03709,-505.638,-0.00704849,0.000197535,-0.00383954,0.00803083
1057,3.84839,2.93288,-505.844,-0.00668708,0.000256742,-0.00456398,0.00812885,4.033,3.03709,-505.638,-0.00704615,0.000343131,-0.00452307,0.0083844
1058,3.84839,2.93288,-505.844,-0.00666372,0.000170654,-0.00464813,0.00814207,4.033,3.03709,-505.638,-0.0070111,0.000259522,-0.0047196,0.00845801
1059,3.84839,2.93288,-505.844,-0.00666561,0.000272182,-0.00508129,0.00840135,4.033,3.03709,-505.638,-0.00700924,0.000321019,-0.00498853,0.00861121
1060,3.84839,2.93288,-505.844,-0.00670483,0.000286046,-0.00545339,0.00866458,4.033,3.03709,-505.638,-0.00702366,0.000358008,-0.00545435,0.00890256
1061,3.84839,2.93288,-505.844,-0.00679617,0.000538043,-0.0057992,0.00896228,4.033,3.03709,-505.638,-0.00715727,0.000598621,-0.00569066,0.00916464
1062,3.84839,2.93288,-505.844,-0.00697365,0.000639467,-0.00582045,0.00911337,4.033,3.03709,-505.638,-0.00731383,0.000674812,-0.00578673,0.00935123
1063,3.84839,2.93288,-505.844,-0.00705348,0.000895999,-0.00690577,0.00993869,4.033,3.03709,-505.638,-0.00739278,0.000937949,-0.00665129,0.00999292
1064,3.84839,2.93288,-505.844,-0.00722618,0.00112725,-0.00699722,0.0101355,4.033,3.03709,-505.638,-0.00759451,0.00118772,-0.0068893,0.0103239
1065,3.84839,2.93288,-505.844,-0.00743097,0.00153035,-0.00719083,0.010466,4.033,3.03709,-505.638,-0.00781856,0.00157742,-0.00717998,0.0107338
1066,3.84839,2.93288,-505.844,-0.0074912,0.0018041,-0.00761446,0.0108478,4.033,3.03709,-505.638,-0.0078723,0.00187903,-0.0074608,0.0110095
1067,3.84839,2.93288,-505.844,-0.00771226,0.00209182,-0.00819751,0.0114609,4.033,3.03709,-505.638,-0.0080586,0.00212697,-0.00813062,0.0116455
1068,3.84839,2.93288,-505.844,-0.00800369,0.00240958,-0.00908541,0.0123577,4.033,3.03709,-505.638,-0.00836262,0.00247902,-0.00906169,0.0125793
1069,3.84839,2.93288,-505.844,-0.00822387,0.00284396,-0.00869179,0.0123085,4.033,3.03709,-505.638,-0.00855391,0.00289735,-0.00856611,0.0124487
1070,3.84839,2.93288,-505.844,-0.00826357,0.00318176,-0.00875151,0.0124556,4.033,3.03709,-505.638,-0.00860888,0.00326574,-0.00880279,0.0127388
1071,3.84839,2.93288,-505.844,-0.00838774,0.00344211,-0.00914524,0.0128826,4.033,3.03709,-505.638,-0.00874422,0.00353557,-0.0093004,0.0132464
1072,3.84839,2.93288,-505.844,-0.00841828,0.00387203,-0.00939281,0.013203,4.033,3.03709,-505.638,-0.00878304,0.00396486,-0.00927629,0.0133764
1073,3.84839,2.93288,-505.844,-0.00848763,0.00405946,-0.00997273,0.013724,4.033,3.03709,-505.638,-0.00886256,0.00415835,-0.00985597,0.0138939
1074,3.84839,2.93288,-505.844,-0.00866509,0.0043624,-0.0106516,0.01442,4.033,3.03709,-505.638,-0.00901111,0.00441897,-0.0104489,0.0144897
1075,3.84839,2.93288,-505.844,-0.00878398,0.00452297,-0.0109661,0.014772,4.033,3.03709,-505.638,-0.00914562,0.00463234,-0.0107845,0.0148806
1076,3.84839,2.93288,-505.844,-0.0088446,0.00483979,-0.0112373,0.0151124,4.033,3.03709,-505.638,-0.00921923,0.0049377,-0.0110134,0.0151895
1077,3.84839,2.93288,-505.844,-0.00907227,0.00496462,-0.0111516,0.0152174,4.033,3.03709,-505.638,-0.00940968,0.00505235,-0.011057,0.0153739
1078,3.84839,2.93288,-505.844,-0.00904212,0.00492014,-0.0120338,0.0158447,4.033,3.03709,-505.638,-0.0094307,0.00503529,-0.0120561,0.0161147
1079,3.84839,2.93288,-505.844,-0.00922825,0.00500417,-0.0118158,0.0158166,4.033,3.03709,-505.638,-0.00955951,0.00512589,-0.0116885,0.0159475
1080,3.84839,2.93288,-505.844,-0.00927598,0.0050323,-0.0119569,0.0159569,4.033,3.03709,-505.638,-0.00964608,0.00511921,-0.0120259,0.0162454
1081,3.84839,2.93288,-505.844,-0.0091545,0.00486762,-0.0119973,0.0158616,4.033,3.03709,-505.638,-0.00952691,0.00496325,-0.0120231,0.0161233
1082,3.84839,2.93288,-505.844,-0.00916807,0.00494108,-0.0127583,0.0164837,4.033,3.03709,-505.638,-0.00953888,0.00502893,-0.0126192,0.0166012
1083,3.84839,2.93288,-505.844,-0.00930816,0.00477291,-0.013393,0.01701,4.033,3.03709,-505.638,-0.00966929,0.00485174,-0.0132596,0.0171158
1084,3.84839,2.93288,-505.844,-0.00944274,0.00466579,-0.0134015,0.0170578,4.033,3.03709,-505.638,-0.00980597,0.00474384,-0.0131772,0.0170986
1085,3.84839,2.93288,-505.844,-0.00953239,0.00452944,-0.0135183,0.0171571,4.033,3.03709,-505.638,-0.00988167,0.00461231,-0.0135007,0.0173555
1086,3.84839,2.93288,-505.844,-0.00968712,0.00428982,-0.0133431,0.0170513,4.033,3.03709,-505.638,-0.0100531,0.00434097,-0.0130937,0.0170709
1087,3.84839,2.93288,-505.844,-0.00975353,0.00408789,-0.0135013,0.0171599,4.033,3.03709,-505.638,-0.0101013,0.00412834,-0.0133714,0.0172605
1088,3.84839,2.93288,-505.844,-0.00979776,0.00386349,-0.0130179,0.0167553,4.033,3.03709,-505.638,-0.010162,0.00393467,-0.0128441,0.0168451
1089,3.84839,2.93288,-505.844,-0.00994488,0.00360222,-0.0135081,0.017164,4.033,3.03709,-505.638,-0.0103379,0.00367061,-0.0134824,0.0173826
1090,3.84839,2.93288,-505.844,-0.00992348,0.00355282,-0.0133474,0.0170148,4.033,3.03709,-505.638,-0.0102679,0.00358007,-0.0132239,0.0171213
1091,3.84839,2.93288,-505.844,-0.0101112,0.00340654,-0.0133965,0.0171399,4.033,3.03709,-505.638,-0.0104591,0.00346204,-0.0131191,0.0171331
1092,3.84839,2.93288,-505.844,-0.0101787,0.00328868,-0.0134362,0.0171796,4.033,3.03709,-505.638,-0.0105441,0.00335355,-0.01352,0.0174711
1093,3.84839,2.93288,-505.844,-0.0102598,0.00343481,-0.0134634,0.0172789,4.033,3.03709,-505.638,-0.010616,0.00348466,-0.0134374,0.0174767
1094,3.84839,2.93288,-505.844,-0.0102834,0.00335838,-0.0131565,0.0170384,4.033,3.03709,-505.638,-0.0106303,0.00345532,-0.0131721,0.0172762
1095,3.84839,2.93288,-505.844,-0.0104106,0.00335495,-0.0131935,0.017148,4.033,3.03709,-505.638,-0.0107804,0.00340456,-0.013129,0.0173272
1096,3.84839,2.93288,-505.844,-0.0106593,0.00342632,-0.0139903,0.01793,4.033,3.03709,-505.638,-0.0110356,0.00348545,-0.0138894,0.0180808
1097,3.84839,2.93288,-505.844,-0.0105923,0.00352717,-0.0130974,0.0172195,4.033,3.03709,-505.638,-0.0109378,0.00356005,-0.0129153,0.0172961
1098,3.84839,2.93288,-505.844,-0.010731,0.00376588,-0.0131049,0.0173583,4.033,3.03709,-505.638,-0.0111038,0.00381822,-0.0131114,0.0176016
1099,3.84839,2.93288,-505.844,-0.0108117,0.00378874,-0.0130613,0.0173797,4.033,3.03709,-505.638,-0.0111637,0.00385463,-0.013045,0.0175979
1100,3.84839,2.93288,-505.844,-0.0106679,0.00395124,-0.0129709,0.0172636,4.033,3.03709,-505.638,-0.0110402,0.00405426,-0.012854,0.0174243
1101,3.84839,2.93288,-505.844,-0.0106815,0.00407365,-0.0128386,0.017198,4.033,3.03709,-505.638,-0.0110467,0.00416025,-0.0127547,0.0173795
1102,3.84839,2.93288,-505.844,-0.0107221,0.00426695,-0.0123978,0.0169504,4.033,3.03709,-505.638,-0.0110781,0.00437142,-0.0122235,0.0170682
1103,3.84839,2.93288,-505.844,-0.0106509,0.00446706,-0.0126919,0.0171682,4.033,3.03709,-505.638,-0.0109815,0.00455503,-0.0125727,0.0173043
1104,3.84839,2.93288,-505.844,-0.0106546,0.00451798,-0.0128207,0.0172802,4.033,3.03709,-505.638,-0.0110161,0.00458294,-0.0126943,0.0174223
1105,3.84839,2.93288,-505.844,-0.0106033,0.00443315,-0.0123499,0.0168868,4.033,3.03709,-505.638,-0.0109271,0.00455792,-0.0120441,0.0168917
1106,3.84839,2.93288,-505.844,-0.0104988,0.0045215,-0.0122107,0.0167343,4.033,3.03709,-505.638,-0.0108658,0.00460367,-0.0121219,0.0169182
1107,3.84839,2.93288,-505.844,-0.0104486,0.00437212,-0.0126112,0.0169596,4.033,3.03709,-505.638,-0.0108032,0.00444673,-0.0126259,0.0172031
1108,3.84839,2.93288,-505.844,-0.0103271,0.00429402,-0.0115017,0.016051,4.033,3.03709,-505.638,-0.0106711,0.00435492,-0.0113495,0.0161766
1109,3.84839,2.93288,-505.844,-0.0102982,0.00418127,-0.011801,0.0162226,4.033,3.03709,-505.638,-0.0106318,0.0042604,-0.0115841,0.0162918
1110,3.84839,2.93288,-505.844,-0.0100584,0.0039847,-0.0109581,0.0154059,4.033,3.03709,-505.638,-0.0104113,0.0040334,-0.0107774,0.0155187
1111,3.84839,2.93288,-505.844,-0.00995047,0.00380919,-0.0116489,0.0158005,4.033,3.03709,-505.638,-0.0103289,0.00388621,-0.0114497,0.0159042
1112,3.84839,2.93288,-505.844,-0.00991628,0.00351308,-0.0115133,0.0156096,4.033,3.03709,-505.638,-0.0102727,0.00359304,-0.0113367,0.0157169
1113,3.84839,2.93288,-505.844,-0.00988378,0.0031979,-0.0104282,0.0147309,4.033,3.03709,-505.638,-0.0102727,0.00328286,-0.0101888,0.0148375
1114,3.84839,2.93288,-505.844,-0.00973447,0.00298052,-0.0110819,0.0150636,4.033,3.03709,-505.638,-0.0101132,0.00305255,-0.010787,0.0151002
1115,3.84839,2.93288,-505.844,-0.0097288,0.00266477,-0.010554,0.0146095,4.033,3.03709,-505.638,-0.0100778,0.00272827,-0.0103885,0.0147298
1116,3.84839,2.93288,-505.844,-0.00967862,0.00230783,-0.0101991,0.0142633,4.033,3.03709,-505.638,-0.0100417,0.00235192,-0.00997488,0.0143499
1117,3.84839,2.93288,-505.844,-0.00953014,0.00204566,-0.00937966,0.0135399,4.033,3.03709,-505.638,-0.0098662,0.00211096,-0.00916891,0.0136348
1118,3.84839,2.93288,-505.844,-0.00944392,0.00179192,-0.0099109,0.0138154,4.033,3.03709,-505.638,-0.00979463,0.00187315,-0.00984317,0.0140128
1119,3.84839,2.93288,-505.844,-0.00932866,0.00160793,-0.0092265,0.0132257,4.033,3.03709,-505.638,-0.00968372,0.00164289,-0.00925848,0.0134986
1120,3.84839,2.93288,-505.844,-0.00937611,0.00150955,-0.00912449,0.0131819,4.033,3.03709,-505.638,-0.00973146,0.00159739,-0.00898147,0.0133402
1121,3.84839,2.93288,-505.844,-0.0092248,0.00132182,-0.00887785,0.01288,4.033,3.03709,-505.638,-0.00961267,0.00136841,-0.00878746,0.0130967
1122,3.84839,2.93288,-505.844,-0.00925177,0.00122717,-0.00874458,0.0128052,4.033,3.03709,-505.638,-0.00962289,0.00127167,-0.00854602,0.0129343
1123,3.84839,2.93288,-505.844,-0.00918576,0.00106803,-0.00837997,0.0124852,4.033,3.03709,-505.638,-0.0095504,0.00113853,-0.00849654,0.0128342
1124,3.84839,2.93288,-505.844,-0.00919753,0.00106252,-0.00758773,0.0119903,4.033,3.03709,-505.638,-0.00954569,0.00114533,-0.00740566,0.0121389
1125,3.84839,2.93288,-505.844,-0.00913465,0.000983051,-0.00770764,0.0120026,4.033,3.03709,-505.638,-0.00949918,0.00103769,-0.00766607,0.0122515
1126,3.84839,2.93288,-505.844,-0.00896033,0.00105407,-0.00670841,0.0112514,4.033,3.03709,-505.638,-0.0093148,0.00113101,-0.00675262,0.0115622
1127,3.84839,2.93288,-505.844,-0.00880332,0.00110226,-0.00626558,0.0108769,4.033,3.03709,-505.638,-0.00920255,0.0011627,-0.00611046,0.0111093
1128,3.84839,2.93288,-505.844,-0.00883771,0.00134511,-0.00614642,0.0108622,4.033,3.03709,-505.638,-0.00921248,0.00140884,-0.00609717,0.0111389
1129,3.84839,2.93288,-505.844,-0.00870351,0.0013316,-0.00553955,0.0104081,4.033,3.03709,-505.638,-0.00907479,0.00141797,-0.00561037,0.0107634
1130,3.84839,2.93288,-505.844,-0.00864477,0.00153837,-0.0058857,0.0105962,4.033,3.03709,-505.638,-0.00895972,0.00163927,-0.00569526,0.0107471
1131,3.84839,2.93288,-505.844,-0.00847613,0.00151782,-0.00502643,0.00998601,4.033,3.03709,-505.638,-0.00882477,0.00160108,-0.00492616,0.0102355
1132,3.84839,2.93288,-505.844,-0.00831889,0.00158181,-0.00535975,0.0100338,4.033,3.03709,-505.638,-0.00863676,0.00168257,-0.00524217,0.0102441
1133,3.84839,2.93288,-505.844,-0.00829376,0.00148066,-0.00387058,0.00927974,4.033,3.03709,-505.638,-0.00866741,0.00158645,-0.00393523,0.00965097
1134,3.84839,2.93288,-505.844,-0.00808111,0.00141933,-0.00399135,0.00914163,4.033,3.03709,-505.638,-0.00842409,0.00150883,-0.00387346,0.00939708
1135,3.84839,2.93288,-505.844,-0.00797103,0.00116231,-0.00466279,0.00931727,4.033,3.03709,-505.638,-0.00834236,0.00128124,-0.00481169,0.00971721
1136,3.84839,2.93288,-505.844,-0.00802758,0.00112218,-0.00382555,0.00897241,4.033,3.03709,-505.638,-0.0084129,0.00120567,-0.00379556,0.00930908
1137,3.84839,2.93288,-505.844,-0.00757242,0.000712304,-0.00395675,0.00859655,4.033,3.03709,-505.638,-0.00789304,0.000796423,-0.003753,0.00878007
1138,3.84839,2.93288,-505.844,-0.00737969,0.000539832,-0.00343323,0.00816965,4.033,3.03709,-505.638,-0.00775888,0.000608509,-0.00339104,0.00849171
1139,3.84839,2.93288,-505.844,-0.00745848,0.000276295,-0.00341938,0.00823176,4.033,3.03709,-505.638,-0.00782873,0.000373946,-0.00324064,0.00848436
1140,3.84839,2.93288,-505.844,-0.00721168,-0.000281938,-0.00282856,0.00777444,4.033,3.03709,-505.638,-0.00758402,-0.000214931,-0.0026905,0.00805345
1141,3.84839,2.93288,-505.844,-0.00729159,-0.000680234,-0.00287301,0.00787492,4.033,3.03709,-505.638,-0.0076627,-0.000590924,-0.00294198,0.00823051
1142,3.84839,2.93288,-505.844,-0.00711814,-0.00113713,-0.00283564,0.00775874,4.033,3.03709,-505.638,-0.00748081,-0.00107657,-0.00280897,0.00806477
1143,3.84839,2.93288,-505.844,-0.00691733,-0.0015372,-0.00231768,0.00747971,4.033,3.03709,-505.638,-0.00726108,-0.00148401,-0.00210872,0.00770971
1144,3.84839,2.93288,-505.844,-0.00692898,-0.0018358,-0.002329,0.00754447,4.033,3.03709,-505.638,-0.00725897,-0.00177076,-0.00233552,0.00782893
1145,3.84839,2.93288,-505.844,-0.00685571,-0.00212217,-0.00285523,0.00775589,4.033,3.03709,-505.638,-0.00723815,-0.00206252,-0.00269407,0.00799872
1146,3.84839,2.93288,-505.844,-0.0068526,-0.00220475,-0.00285366,0.00776715,4.033,3.03709,-505.638,-0.0072265,-0.00216672,-0.00267842,0.00800933
1147,3.84839,2.93288,-505.844,-0.00681116,-0.00244447,-0.00237303,0.00764322,4.033,3.03709,-505.638,-0.00717529,-0.00236177,-0.00220953,0.00787507
1148,3.84839,2.93288,-505.844,-0.00677163,-0.0023859,-0.00255487,0.00765096,4.033,3.03709,-505.638,-0.00715212,-0.00234475,-0.00233394,0.00788563
1149,3.84839,2.93288,-505.844,-0.00677966,-0.0024646,-0.00224747,0.00756697,4.033,3.03709,-505.638,-0.00713884,-0.00239733,-0.00224381,0.00785947
1150,3.84839,2.93288,-505.844,-0.00675167,-0.00238138,-0.00172477,0.00737807,4.033,3.03709,-505.638,-0.00712884,-0.00231523,-0.00171436,0.00769117
1151,3.84839,2.93288,-505.844,-0.00687995,-0.00224196,-0.00184624,0.00749458,4.033,3.03709,-505.638,-0.00726181,-0.00214895,-0.00177741,0.00778438
1152,3.84839,2.93288,-505.844,-0.00678517,-0.00218872,-0.00110255,0.00722516,4.033,3.03709,-505.638,-0.00713341,-0.00211475,-0.00101518,0.00751055
1153,3.84839,2.93288,-505.844,-0.00685215,-0.00205345,-0.00150221,0.00731785,4.033,3.03709,-505.638,-0.00720404,-0.00196548,-0.00159796,0.00763739
1154,3.84839,2.93288,-505.844,-0.00674305,-0.00183878,-0.00134301,0.00713764,4.033,3.03709,-505.638,-0.00708461,-0.00174753,-0.00126415,0.0074095
1155,3.84839,2.93288,-505.844,-0.00680749,-0.00157881,-0.00150181,0.00716783,4.033,3.03709,-505.638,-0.00716692,-0.00149,-0.00151251,0.00747894
1156,3.84839,2.93288,-505.844,-0.00679124,-0.00130333,-0.00160232,0.00711172,4.033,3.03709,-505.638,-0.0071048,-0.00120619,-0.00163076,0.00739167
1157,3.84839,2.93288,-505.844,-0.00667993,-0.00110029,-0.00201049,0.00707513,4.033,3.03709,-505.638,-0.00704162,-0.000976921,-0.00210683,0.00741708
1158,3.84839,2.93288,-505.844,-0.00694754,-0.00077028,-0.00168661,0.0072131,4.033,3.03709,-505.638,-0.00729722,-0.00063172,-0.00156564,0.00749326
1159,3.84839,2.93288,-505.844,-0.0068355,-0.000661893,-0.00184385,0.00716221,4.033,3.03709,-505.638,-0.00719639,-0.000556804,-0.00150579,0.00738487
1160,3.84839,2.93288,-505.844,-0.00690231,-0.000457555,-0.00195808,0.00721101,4.033,3.03709,-505.638,-0.00725764,-0.000348249,-0.00185591,0.00750379
1161,3.84839,2.93288,-505.844,-0.00686782,-0.000410917,-0.00227174,0.00726662,4.033,3.03709,-505.638,-0.00722685,-0.000308657,-0.00221394,0.00756852
1162,3.84839,2.93288,-505.844,-0.00694281,-0.000236158,-0.00248753,0.00740856,4.033,3.03709,-505.638,-0.00728658,-0.000127786,-0.00232526,0.00765451
1163,3.84839,2.93288,-505.844,-0.00689421,-0.000135583,-0.00290289,0.00749947,4.033,3.03709,-505.638,-0.00724565,-6.80054e-06,-0.00292953,0.00781968
1164,3.84839,2.93288,-505.844,-0.00693154,0.000118366,-0.0028881,0.00752692,4.033,3.03709,-505.638,-0.0072827,0.000204729,-0.00277401,0.0077994
1165,3.84839,2.93288,-505.844,-0.00696239,1.98849e-05,-0.003168,0.00766448,4.033,3.03709,-505.638,-0.00727582,7.58685e-05,-0.0033405,0.00800986
1166,3.84839,2.93288,-505.844,-0.00699009,9.72219e-05,-0.00370129,0.0079295,4.033,3.03709,-505.638,-0.00735616,0.00021087,-0.00361407,0.00820166
1167,3.84839,2.93288,-505.844,-0.00692933,0.000160429,-0.00465485,0.00836915,4.033,3.03709,-505.638,-0.00728313,0.000258281,-0.00465776,0.00865212
1168,3.84839,2.93288,-505.844,-0.00681309,3.30917e-05,-0.00527838,0.00863701,4.033,3.03709,-505.638,-0.00717127,0.000127898,-0.00522827,0.0088786
1169,3.84839,2.93288,-505.844,-0.00703231,2.85902e-05,-0.00539336,0.00889068,4.033,3.03709,-505.638,-0.00739832,9.71309e-05,-0.0052149,0.00905619
1170,3.84839,2.93288,-505.844,-0.00703378,1.1523e-05,-0.00550357,0.00894403,4.033,3.03709,-505.638,-0.00737032,8.54643e-05,-0.00535647,0.00911295
1171,3.84839,2.93288,-505.844,-0.00706151,-5.88719e-05,-0.00568713,0.00907131,4.033,3.03709,-505.638,-0.00736053,-1.38283e-05,-0.00570376,0.00931223
1172,3.84839,2.93288,-505.844,-0.00704795,2.86349e-05,-0.00680297,0.00980582,4.033,3.03709,-505.638,-0.00737625,6.45677e-05,-0.0067193,0.00997947
1173,3.84839,2.93288,-505.844,-0.00705721,-4.00044e-05,-0.00774984,0.0104998,4.033,3.03709,-505.638,-0.00741942,1.60202e-05,-0.00778933,0.0107611
1174,3.84839,2.93288,-505.844,-0.00714292,0.000172218,-0.0073253,0.0102402,4.033,3.03709,-505.638,-0.00747919,0.000237574,-0.00727177,0.010435
1175,3.84839,2.93288,-505.844,-0.00722145,0.000313455,-0.00773221,0.0105974,4.033,3.03709,-505.638,-0.00758324,0.000347668,-0.00762172,0.0107588
1176,3.84839,2.93288,-505.844,-0.00730338,0.000434056,-0.00759281,0.0105472,4.033,3.03709,-505.638,-0.007619,0.000514883,-0.00765961,0.010816
1177,3.84839,2.93288,-505.844,-0.00727664,0.00086763,-0.00842378,0.0111745,4.033,3.03709,-505.638,-0.00764837,0.000929031,-0.00838268,0.0113864
1178,3.84839,2.93288,-505.844,-0.00738356,0.0012952,-0.0084451,0.011305,4.033,3.03709,-505.638,-0.00776425,0.00139338,-0.00833117,0.0114744
1179,3.84839,2.93288,-505.844,-0.00736296,0.00168199,-0.00932055,0.0120007,4.033,3.03709,-505.638,-0.00773077,0.00170765,-0.0094359,0.0123177
1180,3.84839,2.93288,-505.844,-0.00736337,0.00213948,-0.00933748,0.0120903,4.033,3.03709,-505.638,-0.00773186,0.00223024,-0.00932471,0.0123177
1181,3.84839,2.93288,-505.844,-0.0075506,0.00258505,-0.00994988,0.0127648,4.033,3.03709,-505.638,-0.00791938,0.00267899,-0.00991785,0.0129724
1182,3.84839,2.93288,-505.844,-0.00740621,0.00326298,-0.00999021,0.0128651,4.033,3.03709,-505.638,-0.00776846,0.00337535,-0.00999227,0.0130999
1183,3.84839,2.93288,-505.844,-0.00766384,0.00366187,-0.0107447,0.0137099,4.033,3.03709,-505.638,-0.00798985,0.00375436,-0.0106436,0.0138304
1184,3.84839,2.93288,-505.844,-0.00761877,0.00415148,-0.0106805,0.0137699,4.033,3.03709,-505.638,-0.0079609,0.0042358,-0.0105105,0.0138494
1185,3.84839,2.93288,-505.844,-0.00776735,0.00464233,-0.0115755,0.0147102,4.033,3.03709,-505.638,-0.00810448,0.00476204,-0.0113523,0.0147415
1186,3.84839,2.93288,-505.844,-0.00785592,0.00505861,-0.0120798,0.0152857,4.033,3.03709,-505.638,-0.00818885,0.00515123,-0.0120467,0.0154528
1187,3.84839,2.93288,-505.844,-0.00807616,0.00538464,-0.0118826,0.0153543,4.033,3.03709,-505.638,-0.00844919,0.00548631,-0.0117678,0.015492
1188,3.84839,2.93288,-505.844,-0.00825619,0.00563787,-0.0115905,0.0153139,4.033,3.03709,-505.638,-0.00860064,0.00574049,-0.0114931,0.0154608
1189,3.84839,2.93288,-505.844,-0.00825948,0.00597402,-0.0128579,0.016419,4.033,3.03709,-505.638,-0.00859131,0.00608685,-0.0127264,0.0165186
1190,3.84839,2.93288,-505.844,-0.00838272,0.00605864,-0.0124128,0.0161639,4.033,3.03709,-505.638,-0.00870272,0.00613979,-0.012328,0.016292
1191,3.84839,2.93288,-505.844,-0.00838187,0.00622631,-0.013398,0.0169948,4.033,3.03709,-505.638,-0.00873561,0.00631555,-0.0132849,0.0171088
1192,3.84839,2.93288,-505.844,-0.00848857,0.00621395,-0.0135833,0.017189,4.033,3.03709,-505.638,-0.00883694,0.00630784,-0.0135211,0.0173417
1193,3.84839,2.93288,-505.844,-0.00858128,0.00628591,-0.0138313,0.0174522,4.033,3.03709,-505.638,-0.00892196,0.00637762,-0.0138515,0.0176675
1194,3.84839,2.93288,-505.844,-0.00883842,0.00621439,-0.014041,0.0177254,4.033,3.03709,-505.638,-0.00922065,0.00632208,-0.0139376,0.0178683
1195,3.84839,2.93288,-505.844,-0.00893623,0.00635782,-0.0144247,0.0181271,4.033,3.03709,-505.638,-0.00922474,0.00647074,-0.0143059,0.0182112
1196,3.84839,2.93288,-505.844,-0.00901515,0.00618977,-0.0146589,0.0182985,4.033,3.03709,-505.638,-0.00936172,0.00627326,-0.0144786,0.0183484
1197,3.84839,2.93288,-505.844,-0.00918209,0.00622999,-0.0153839,0.0189772,4.033,3.03709,-505.638,-0.00955914,0.00629999,-0.0153511,0.0191512
1198,3.84839,2.93288,-505.844,-0.00922144,0.00612118,-0.0155174,0.019068,4.033,3.03709,-505.638,-0.00954395,0.0061858,-0.0154443,0.019181
1199,3.84839,2.93288,-505.844,-0.00919657,0.00595186,-0.015327,0.0188469,4.033,3.03709,-505.638,-0.00954591,0.0060267,-0.0152363,0.0189638
1200,3.84839,2.93288,-505.844,-0.00942902,0.00605736,-0.0153854,0.0190434,4.033,3.03709,-505.638,-0.00976533,0.00613081,-0.0152102,0.0190876
1201,3.84839,2.93288,-505.844,-0.00945458,0.0058432,-0.0152471,0.0188759,4.033,3.03709,-505.638,-0.00982993,0.00594132,-0.015156,0.0190174
1202,3.84839,2.93288,-505.844,-0.00956528,0.00583363,-0.0151667,0.0188608,4.033,3.03709,-505.638,-0.00989708,0.00590502,-0.0151719,0.0190533
1203,3.84839,2.93288,-505.844,-0.00968375,0.00592186,-0.0155914,0.0192924,4.033,3.03709,-505.638,-0.0100237,0.00600788,-0.0155258,0.019433
1204,3.84839,2.93288,-505.844,-0.00971296,0.00580202,-0.0155701,0.0192579,4.033,3.03709,-505.638,-0.0100432,0.00588109,-0.0154579,0.0193512
1205,3.84839,2.93288,-505.844,-0.00995268,0.005865,-0.0152517,0.0191379,4.033,3.03709,-505.638,-0.0102854,0.00594856,-0.0151853,0.0192817
1206,3.84839,2.93288,-505.844,-0.0100834,0.00577972,-0.0150915,0.0190577,4.033,3.03709,-505.638,-0.0104596,0.00589602,-0.0150232,0.019233
1207,3.84839,2.93288,-505.844,-0.0101077,0.00574982,-0.0149052,0.0189147,4.033,3.03709,-505.638,-0.0104436,0.00584116,-0.0146817,0.0189415
1208,3.84839,2.93288,-505.844,-0.0101595,0.00569746,-0.0147077,0.018768,4.033,3.03709,-505.638,-0.0104691,0.0057704,-0.0145468,0.0188289
1209,3.84839,2.93288,-505.844,-0.0102459,0.00564767,-0.0146996,0.018797,4.033,3.03709,-505.638,-0.0105653,0.00575418,-0.0146123,0.0189294
1210,3.84839,2.93288,-505.844,-0.0103612,0.00557951,-0.0146286,0.0187803,4.033,3.03709,-505.638,-0.0106838,0.00567091,-0.0145528,0.0189236
1211,3.84839,2.93288,-505.844,-0.0104606,0.00556273,-0.014779,0.018951,4.033,3.03709,-505.638,-0.0108287,0.00565802,-0.0147232,0.0191336
1212,3.84839,2.93288,-505.844,-0.0105501,0.00549865,-0.0144527,0.0187279,4.033,3.03709,-505.638,-0.0109296,0.00559302,-0.0143342,0.0188743
1213,3.84839,2.93288,-505.844,-0.0105872,0.00537766,-0.0147672,0.0189604,4.033,3.03709,-505.638,-0.010966,0.00548631,-0.0146594,0.0191132
1214,3.84839,2.93288,-505.844,-0.0107478,0.00526837,-0.0141458,0.0185362,4.033,3.03709,-505.638,-0.0110872,0.00537248,-0.0140661,0.0186994
1215,3.84839,2.93288,-505.844,-0.0107193,0.00507243,-0.0139109,0.0182906,4.033,3.03709,-505.638,-0.0110512,0.00519816,-0.0137164,0.018367
1216,3.84839,2.93288,-505.844,-0.0108189,0.0048442,-0.013924,0.0182964,4.033,3.03709,-505.638,-0.0111843,0.00494795,-0.0138043,0.018444
1217,3.84839,2.93288,-505.844,-0.010956,0.00475508,-0.0140783,0.0184768,4.033,3.03709,-505.638,-0.0112831,0.00485613,-0.0138539,0.0185181
1218,3.84839,2.93288,-505.844,-0.0108336,0.00445469,-0.0134471,0.0178465,4.033,3.03709,-505.638,-0.0111636,0.00457415,-0.013205,0.0178881
1219,3.84839,2.93288,-505.844,-0.010717,0.00430011,-0.012638,0.0171235,4.033,3.03709,-505.638,-0.0110384,0.00440708,-0.0126024,0.0173233
1220,3.84839,2.93288,-505.844,-0.010873,0.00424782,-0.01274,0.0172864,4.033,3.03709,-505.638,-0.0112405,0.00433828,-0.0126667,0.0174825
1221,3.84839,2.93288,-505.844,-0.0107656,0.00403586,-0.0127164,0.0171499,4.033,3.03709,-505.638,-0.011115,0.00410884,-0.0126233,0.0173146
1222,3.84839,2.93288,-505.844,-0.0108187,0.00396298,-0.0126111,0.0170933,4.033,3.03709,-505.638,-0.0111333,0.00407722,-0.0124643,0.0172044
1223,3.84839,2.93288,-505.844,-0.0107538,0.0038153,-0.0125847,0.016998,4.033,3.03709,-505.638,-0.0110932,0.00389503,-0.0124863,0.0171522
1224,3.84839,2.93288,-505.844,-0.0107082,0.00361056,-0.0113852,0.0160497,4.033,3.03709,-505.638,-0.0110537,0.00369797,-0.0113476,0.0162684
1225,3.84839,2.93288,-505.844,-0.0107641,0.00338193,-0.0110962,0.015829,4.033,3.03709,-505.638,-0.0111138,0.00348019,-0.0111225,0.0161044
1226,3.84839,2.93288,-505.844,-0.0106967,0.00322676,-0.0110133,0.0156962,4.033,3.03709,-505.638,-0.0110439,0.00328383,-0.0109252,0.015879
1227,3.84839,2.93288,-505.844,-0.0105409,0.00301079,-0.0102916,0.0150432,4.033,3.03709,-505.638,-0.0108759,0.00309067,-0.0102024,0.0152298
1228,3.84839,2.93288,-505.844,-0.0103472,0.00272281,-0.0108627,0.0152567,4.033,3.03709,-505.638,-0.0107086,0.00278647,-0.0107095,0.0154002
1229,3.84839,2.93288,-505.844,-0.0101404,0.00253239,-0.0107041,0.0149669,4.033,3.03709,-505.638,-0.0104912,0.00259652,-0.0107396,0.0152372
1230,3.84839,2.93288,-505.844,-0.0101788,0.00231451,-0.0108062,0.0150346,4.033,3.03709,-505.638,-0.0105107,0.00240839,-0.010806,0.0152678
1231,3.84839,2.93288,-505.844,-0.00996246,0.00192943,-0.0103279,0.0144894,4.033,3.03709,-505.638,-0.010318,0.00202925,-0.0103295,0.0147421
1232,3.84839,2.93288,-505.844,-0.00998044,0.00156578,-0.0103567,0.0144818,4.033,3.03709,-505.638,-0.0103452,0.00167022,-0.0102951,0.0146926
1233,3.84839,2.93288,-505.844,-0.00983195,0.00124478,-0.00981597,0.0139599,4.033,3.03709,-505.638,-0.0101881,0.00130066,-0.00972833,0.0141485
1234,3.84839,2.93288,-505.844,-0.00976948,0.000997132,-0.00988882,0.0139514,4.033,3.03709,-505.638,-0.01009,0.00105968,-0.010021,0.0142627
1235,3.84839,2.93288,-505.844,-0.00966173,0.000640186,-0.0102279,0.0140916,4.033,3.03709,-505.638,-0.0100001,0.000755138,-0.0102604,0.0143483
1236,3.84839,2.93288,-505.844,-0.00950219,0.000291315,-0.00937507,0.0133546,4.033,3.03709,-505.638,-0.00985276,0.000333188,-0.00951159,0.013699
1237,3.84839,2.93288,-505.844,-0.00929713,5.39074e-05,-0.00891787,0.0128888,4.033,3.03709,-505.638,-0.00962217,0.000132598,-0.00879078,0.0130343
1238,3.84839,2.93288,-505.844,-0.00916354,-0.00016691,-0.00873977,0.0126705,4.033,3.03709,-505.638,-0.00951062,-8.7061e-05,-0.00872754,0.0129093
1239,3.84839,2.93288,-505.844,-0.00905507,-0.000342979,-0.00887955,0.0126906,4.033,3.03709,-505.638,-0.00939002,-0.000284522,-0.00902653,0.0130285
1240,3.84839,2.93288,-505.844,-0.00902287,-0.00041288,-0.00846201,0.0123841,4.033,3.03709,-505.638,-0.00937672,-0.000319105,-0.00865826,0.0127679
1241,3.84839,2.93288,-505.844,-0.00888315,-0.000489212,-0.0085427,0.0123427,4.033,3.03709,-505.638,-0.0092356,-0.000426982,-0.00849189,0.0125544
1242,3.84839,2.93288,-505.844,-0.0087968,-0.000546788,-0.0087509,0.0124303,4.033,3.03709,-505.638,-0.00916141,-0.000459499,-0.00882857,0.0127327
1243,3.84839,2.93288,-505.844,-0.00864338,-0.00065588,-0.00748657,0.0114598,4.033,3.03709,-505.638,-0.00898157,-0.000606949,-0.00747362,0.0117008
1244,3.84839,2.93288,-505.844,-0.00855465,-0.000579795,-0.00710193,0.0111458,4.033,3.03709,-505.638,-0.00888701,-0.000545137,-0.00691554,0.0112758
1245,3.84839,2.93288,-505.844,-0.00838742,-0.000556063,-0.00676319,0.0107978,4.033,3.03709,-505.638,-0.00874583,-0.000483156,-0.00685959,0.0111268
1246,3.84839,2.93288,-505.844,-0.00827661,-0.000501439,-0.00691531,0.0108091,4.033,3.03709,-505.638,-0.00865089,-0.000436173,-0.00691777,0.0110872
1247,3.84839,2.93288,-505.844,-0.00808022,-0.000446082,-0.00667847,0.0105028,4.033,3.03709,-505.638,-0.00844802,-0.000391235,-0.00681248,0.0108613
1248,3.84839,2.93288,-505.844,-0.00816398,-0.000358725,-0.00688911,0.0106953,4.033,3.03709,-505.638,-0.00849876,-0.000305801,-0.00703119,0.0110356
1249,3.84839,2.93288,-505.844,-0.0079777,-0.000270031,-0.00612461,0.0100715,4.033,3.03709,-505.638,-0.00832606,-0.000168623,-0.00609146,0.0103192
1250,3.84839,2.93288,-505.844,-0.00781728,-0.000308957,-0.00611892,0.00995633,4.033,3.03709,-505.638,-0.00818411,-0.000227957,-0.00626183,0.0103111
1251,3.84839,2.93288,-505.844,-0.00766328,-0.000251188,-0.00624205,0.00990224,4.033,3.03709,-505.638,-0.00804227,-0.000175849,-0.0063611,0.0102576
1252,3.84839,2.93288,-505.844,-0.00758811,-0.000169926,-0.00582635,0.00957977,4.033,3.03709,-505.638,-0.00795988,-9.56959e-05,-0.00575679,0.0098257
1253,3.84839,2.93288,-505.844,-0.00748113,-0.000238364,-0.00507461,0.00905072,4.033,3.03709,-505.638,-0.00782532,-0.000155798,-0.00515303,0.00937191
1254,3.84839,2.93288,-505.844,-0.00732482,-0.000272681,-0.00553656,0.00919932,4.033,3.03709,-505.638,-0.00764079,-0.000220609,-0.0056483,0.00950597
1255,3.84839,2.93288,-505.844,-0.0071628,-0.000488701,-0.00525401,0.00892121,4.033,3.03709,-505.638,-0.00749875,-0.000428118,-0.00528223,0.00918711
1256,3.84839,2.93288,-505.844,-0.00693062,-0.000555716,-0.00574024,0.00902657,4.033,3.03709,-505.638,-0.00727417,-0.000482606,-0.00567845,0.00924181
1257,3.84839,2.93288,-505.844,-0.00684717,-0.000520368,-0.00505002,0.00854257,4.033,3.03709,-505.638,-0.00722003,-0.000418475,-0.00517449,0.00889561
1258,3.84839,2.93288,-505.844,-0.00674501,-0.000610887,-0.00536323,0.00865133,4.033,3.03709,-505.638,-0.00709515,-0.000537053,-0.00535544,0.00890758
1259,3.84839,2.93288,-505.844,-0.00670331,-0.000839872,-0.00521469,0.00854817,4.033,3.03709,-505.638,-0.0070347,-0.000769256,-0.00534383,0.00886958
1260,3.84839,2.93288,-505.844,-0.00654174,-0.000894414,-0.00513466,0.00837542,4.033,3.03709,-505.638,-0.00691995,-0.000841267,-0.00524334,0.00872402
1261,3.84839,2.93288,-505.844,-0.00640941,-0.0010672,-0.00515431,0.00830917,4.033,3.03709,-505.638,-0.00676709,-0.00100383,-0.00535211,0.00868897
1262,3.84839,2.93288,-505.844,-0.00635134,-0.00115145,-0.00510945,0.00824649,4.033,3.03709,-505.638,-0.00670679,-0.00106312,-0.00510924,0.00849986
1263,3.84839,2.93288,-505.844,-0.00622878,-0.00136335,-0.00537919,0.0083663,4.033,3.03709,-505.638,-0.00657722,-0.00129565,-0.00545491,0.00864724
1264,3.84839,2.93288,-505.844,-0.00613437,-0.00143546,-0.00470875,0.00788023,4.033,3.03709,-505.638,-0.00648558,-0.00136991,-0.00487995,0.00823364
1265,3.84839,2.93288,-505.844,-0.00614357,-0.00146625,-0.00508598,0.00812948,4.033,3.03709,-505.638,-0.00648014,-0.00141352,-0.00512861,0.00838687
1266,3.84839,2.93288,-505.844,-0.00591405,-0.00149657,-0.00512793,0.00799372,4.033,3.03709,-505.638,-0.00626734,-0.00143082,-0.00507542,0.00819557
1267,3.84839,2.93288,-505.844,-0.00601379,-0.0015303,-0.00435604,0.00760538,4.033,3.03709,-505.638,-0.00636437,-0.00148157,-0.00436542,0.00786312
1268,3.84839,2.93288,-505.844,-0.00605706,-0.00154984,-0.00479765,0.00788771,4.033,3.03709,-505.638,-0.00641275,-0.0014764,-0.00489211,0.0082002
1269,3.84839,2.93288,-505.844,-0.00599114,-0.00252294,-0.00548712,0.00852384,4.033,3.03709,-505.638,-0.00635181,-0.00251605,-0.00566886,0.00887927
1270,3.84839,2.93288,-505.844,-0.00581023,-0.0115204,-0.0108862,0.0168896,4.033,3.03709,-505.638,-0.0061412,-0.0119079,-0.0110215,0.0173502
1271,3.84839,2.93288,-505.844,-0.00623489,-0.0374821,-0.0267669,0.0464841,4.033,3.03709,-505.638,-0.00648068,-0.0387871,-0.0275159,0.0479964
1272,3.84839,2.93288,-505.844,-0.00805906,-0.0831567,-0.0538351,0.0993923,4.033,3.03709,-505.638,-0.00828727,-0.0857391,-0.0550674,0.102237
1273,3.84839,2.93288,-505.844,-0.0120726,-0.147727,-0.0919415,0.174424,4.033,3.03709,-505.638,-0.0121581,-0.15152,-0.0935019,0.178462
1274,3.84839,2.93288,-505.844,-0.0180281,-0.228128,-0.13751,0.266979,4.033,3.03709,-505.638,-0.0180091,-0.232293,-0.139307,0.271461
1275,3.84839,2.93288,-505.844,-0.0246354,-0.314847,-0.185515,0.366268,4.033,3.03709,-505.638,-0.0245963,-0.318199,-0.187131,0.369965
1276,3.84839,2.93288,-505.844,-0.0307102,-0.391252,-0.227105,0.45343,4.033,3.03709,-505.638,-0.0305639,-0.3939,-0.228338,0.456322
1277,3.84839,2.93288,-505.844,-0.0351821,-0.447561,-0.254653,0.516138,4.033,3.03709,-505.638,-0.0350553,-0.449763,-0.255921,0.518663
1278,3.84839,2.93288,-505.844,-0.037786,-0.479529,-0.26943,0.551333,4.033,3.03709,-505.638,-0.037618,-0.481622,-0.270499,0.553665
1279,3.84839,2.93288,-505.844,-0.038273,-0.48682,-0.269302,0.557659,4.033,3.03709,-505.638,-0.0381147,-0.488952,-0.27045,0.560062
1280,3.84839,2.93288,-505.844,-0.0375065,-0.469896,-0.256751,0.536778,4.033,3.03709,-505.638,-0.0373931,-0.472006,-0.257867,0.53915
1281,3.84839,2.93288,-505.844,-0.0359728,-0.429712,-0.232687,0.489991,4.033,3.03709,-505.638,-0.0358593,-0.432233,-0.233953,0.492793
1282,3.84839,2.93288,-505.844,-0.0330476,-0.369751,-0.199491,0.421432,4.033,3.03709,-505.638,-0.032978,-0.372955,-0.201018,0.424961
1283,3.84839,2.93288,-505.844,-0.0284055,-0.295256,-0.158368,0.336249,4.033,3.03709,-505.638,-0.0284503,-0.298986,-0.159978,0.340286
1284,3.84839,2.93288,-505.844,-0.0227138,-0.211755,-0.112301,0.240766,4.033,3.03709,-505.638,-0.0228787,-0.215042,-0.113567,0.244262
1285,3.84839,2.93288,-505.844,-0.0165448,-0.125337,-0.0648903,0.142106,4.033,3.03709,-505.638,-0.0167551,-0.126933,-0.0655951,0.143859
1286,3.84839,2.93288,-505.844,-0.0109875,-0.0392545,-0.016241,0.0438836,4.033,3.03709,-505.638,-0.0112767,-0.0387054,-0.0160985,0.0434103
1287,3.84839,2.93288,-505.844,-0.00633719,0.0419975,0.0291425,0.0515175,4.033,3.03709,-505.638,-0.00667985,0.0446616,0.0300988,0.0542704
1288,3.84839,2.93288,-505.844,-0.00246918,0.116932,0.0704073,0.136516,4.033,3.03709,-505.638,-0.00277515,0.121007,0.0724071,0.141043
1289,3.84839,2.93288,-505.844,0.00216401,0.182581,0.102907,0.209597,4.033,3.03709,-505.638,0.00182879,0.187412,0.105177,0.214916
1290,3.84839,2.93288,-505.844,0.00752924,0.240069,0.129175,0.27272,4.033,3.03709,-505.638,0.00736303,0.24333,0.130995,0.276448
1291,3.84839,2.93288,-505.844,0.00936368,0.286489,0.149108,0.323106,4.033,3.03709,-505.638,0.00939359,0.287858,0.149574,0.324535
1292,3.84839,2.93288,-505.844,0.010894,0.317868,0.166391,0.35895,4.033,3.03709,-505.638,0.0110068,0.318809,0.166715,0.359937
1293,3.84839,2.93288,-505.844,0.0101021,0.336505,0.180968,0.382214,4.033,3.03709,-505.638,0.010249,0.337249,0.181149,0.382959
1294,3.84839,2.93288,-505.844,0.0105169,0.344858,0.189017,0.393403,4.033,3.03709,-505.638,0.0106201,0.345668,0.188984,0.394099
1295,3.84839,2.93288,-505.844,0.0111438,0.344741,0.1877,0.392686,4.033,3.03709,-505.638,0.0112947,0.3455,0.187774,0.393392
1296,3.84839,2.93288,-505.844,0.0121243,0.337256,0.173943,0.379664,4.033,3.03709,-505.638,0.0122513,0.338034,0.173762,0.380277
1297,3.84839,2.93288,-505.844,0.0129606,0.318653,0.153989,0.354148,4.033,3.03709,-505.638,0.0130307,0.319857,0.154243,0.355344
1298,3.84839,2.93288,-505.844,0.00962571,0.28623,0.13083,0.314862,4.033,3.03709,-505.638,0.00955212,0.288596,0.13201,0.317499
1299,3.84839,2.93288,-505.844,0.00656385,0.239618,0.106981,0.262501,4.033,3.03709,-505.638,0.00612437,0.244127,0.109486,0.267625
1300,3.84839,2.93288,-505.844,0.00252396,0.188136,0.0789945,0.204068,4.033,3.03709,-505.638,0.00199869,0.191637,0.0811314,0.208113
1301,3.84839,2.93288,-505.844,-0.000618425,0.133147,0.0428556,0.139883,4.033,3.03709,-505.638,-0.00112284,0.135094,0.0441561,0.142133
1302,3.84839,2.93288,-505.844,-0.00411446,0.0752402,0.00485476,0.0755196,4.033,3.03709,-505.638,-0.00459801,0.0756948,0.00529116,0.0760202
1303,3.84839,2.93288,-505.844,-0.00772593,0.0156594,-0.0294713,0.034281,4.033,3.03709,-505.638,-0.00817495,0.014639,-0.0296673,0.0340787
1304,3.84839,2.93288,-505.844,-0.0121949,-0.043039,-0.0578757,0.073171,4.033,3.03709,-505.638,-0.0125985,-0.0452653,-0.0587672,0.0752433
1305,3.84839,2.93288,-505.844,-0.0164143,-0.0973343,-0.0812078,0.127832,4.033,3.03709,-505.638,-0.0166958,-0.100484,-0.0822235,0.130908
1306,3.84839,2.93288,-505.844,-0.0205,-0.142611,-0.102938,0.177079,4.033,3.03709,-505.638,-0.0207729,-0.146278,-0.104326,0.180867
1307,3.84839,2.93288,-505.844,-0.0237982,-0.176835,-0.121812,0.216051,4.033,3.03709,-505.638,-0.0239345,-0.180723,-0.12327,0.220067
1308,3.84839,2.93288,-505.844,-0.0258175,-0.200482,-0.132921,0.241932,4.033,3.03709,-505.638,-0.025927,-0.204578,-0.134404,0.246149
1309,3.84839,2.93288,-505.844,-0.0269042,-0.213605,-0.135243,0.254252,4.033,3.03709,-505.638,-0.0269691,-0.217618,-0.136811,0.258462
1310,3.84839,2.93288,-505.844,-0.0271542,-0.214893,-0.131499,0.253398,4.033,3.03709,-505.638,-0.0272428,-0.218907,-0.132922,0.257548
1311,3.84839,2.93288,-505.844,-0.0272621,-0.203722,-0.122999,0.239535,4.033,3.03709,-505.638,-0.0273687,-0.207578,-0.124316,0.2435
1312,3.84839,2.93288,-505.844,-0.0260424,-0.18222,-0.109297,0.214079,4.033,3.03709,-505.638,-0.0262147,-0.18575,-0.110586,0.217761
1313,3.84839,2.93288,-505.844,-0.0230847,-0.153706,-0.0899568,0.179588,4.033,3.03709,-505.638,-0.0232893,-0.156667,-0.0909733,0.182656
1314,3.84839,2.93288,-505.844,-0.0189679,-0.120577,-0.0662864,0.138899,4.033,3.03709,-505.638,-0.0192156,-0.122771,-0.067238,0.14129
1315,3.84839,2.93288,-505.844,-0.0143466,-0.0841725,-0.0395161,0.0940875,4.033,3.03709,-505.638,-0.014648,-0.0852921,-0.040142,0.0953976
1316,3.84839,2.93288,-505.844,-0.0100246,-0.0455785,-0.0146979,0.0489298,4.033,3.03709,-505.638,-0.0103804,-0.0455641,-0.0148115,0.0490227
1317,3.84839,2.93288,-505.844,-0.00656952,-0.00740181,0.00800002,0.0128127,4.033,3.03709,-505.638,-0.00695148,-0.00629924,0.00835427,0.0125682
1318,3.84839,2.93288,-505.844,-0.00353584,0.0278924,0.0280103,0.0397047,4.033,3.03709,-505.638,-0.00399535,0.0299018,0.0287069,0.0416435
1319,3.84839,2.93288,-505.844,-0.000701246,0.0589861,0.0463044,0.0749998,4.033,3.03709,-505.638,-0.00116692,0.0616655,0.0474739,0.0778319
1320,3.84839,2.93288,-505.844,0.00136702,0.0850457,0.0594409,0.103774,4.033,3.03709,-505.638,0.000881725,0.0881694,0.0607733,0.107089
1321,3.84839,2.93288,-505.844,0.00227089,0.105368,0.0661404,0.124432,4.033,3.03709,-505.638,0.00181365,0.108722,0.0674644,0.127966
1322,3.84839,2.93288,-505.844,0.00215485,0.118813,0.0684692,0.13715,4.033,3.03709,-505.638,0.00166661,0.122217,0.0698896,0.140799
1323,3.84839,2.93288,-505.844,0.00153522,0.124354,0.0666238,0.141087,4.033,3.03709,-505.638,0.00108141,0.127686,0.0681887,0.144757
1324,3.84839,2.93288,-505.844,0.000449929,0.122405,0.0604821,0.136536,4.033,3.03709,-505.638,-2.34903e-05,0.125524,0.0621461,0.140066
1325,3.84839,2.93288,-505.844,-0.000875105,0.11392,0.0506532,0.12468,4.033,3.03709,-505.638,-0.00135722,0.116706,0.0518488,0.127713
1326,3.84839,2.93288,-505.844,-0.0024322,0.100155,0.0372599,0.106893,4.033,3.03709,-505.638,-0.00283643,0.102548,0.0385027,0.109575
1327,3.84839,2.93288,-505.844,-0.00469444,0.0820423,0.0216386,0.0849864,4.033,3.03709,-505.638,-0.00511096,0.0838375,0.022561,0.086972
1328,3.84839,2.93288,-505.844,-0.00748416,0.0601743,0.00652903,0.0610008,4.033,3.03709,-505.638,-0.00788987,0.06122,0.00729975,0.0621581
1329,3.84839,2.93288,-505.844,-0.0106173,0.036405,-0.00932182,0.0390617,4.033,3.03709,-505.638,-0.011072,0.0367404,-0.00906293,0.0394294
1330,3.84839,2.93288,-505.844,-0.013572,0.0127648,-0.0246141,0.030881,4.033,3.03709,-505.638,-0.0140125,0.0123793,-0.0245464,0.0308573
1331,3.84839,2.93288,-505.844,-0.0158414,-0.00971241,-0.039278,0.0434721,4.033,3.03709,-505.638,-0.0162317,-0.0108048,-0.0395496,0.044097
1332,3.84839,2.93288,-505.844,-0.0174452,-0.0300421,-0.0522159,0.0627366,4.033,3.03709,-505.638,-0.0178153,-0.0317195,-0.0528287,0.0641453
1333,3.84839,2.93288,-505.844,-0.0186424,-0.0477996,-0.061776,0.0803224,4.033,3.03709,-505.638,-0.0189536,-0.0498867,-0.0624256,0.082129
1334,3.84839,2.93288,-505.844,-0.0197987,-0.0615159,-0.0676148,0.0935474,4.033,3.03709,-505.638,-0.0201157,-0.0639173,-0.0683637,0.0957286
1335,3.84839,2.93288,-505.844,-0.0202567,-0.0706113,-0.0704712,0.101811,4.033,3.03709,-505.638,-0.0205238,-0.0731013,-0.0712234,0.104106
1336,3.84839,2.93288,-505.844,-0.0202544,-0.074877,-0.0704843,0.104824,4.033,3.03709,-505.638,-0.0205356,-0.0773181,-0.071211,0.107104
1337,3.84839,2.93288,-505.844,-0.019504,-0.0749394,-0.0660139,0.101766,4.033,3.03709,-505.638,-0.0197527,-0.0772527,-0.0667801,0.104009
1338,3.84839,2.93288,-505.844,-0.0184871,-0.0708553,-0.0593206,0.0942486,4.033,3.03709,-505.638,-0.0187541,-0.0729225,-0.0599891,0.0962722
1339,3.84839,2.93288,-505.844,-0.0173729,-0.063114,-0.0498626,0.0822985,4.033,3.03709,-505.638,-0.0176217,-0.0648149,-0.0502387,0.0838789
1340,3.84839,2.93288,-505.844,-0.0163337,-0.0521943,-0.0397897,0.0676388,4.033,3.03709,-505.638,-0.0166123,-0.0534406,-0.0401574,0.0688813
1341,3.84839,2.93288,-505.844,-0.0151016,-0.0391269,-0.0282657,0.0505802,4.033,3.03709,-505.638,-0.0154234,-0.0398806,-0.0284264,0.0513467
1342,3.84839,2.93288,-505.844,-0.0133593,-0.0252867,-0.0167902,0.0331675,4.033,3.03709,-505.638,-0.0136924,-0.0255282,-0.0167394,0.0334578
1343,3.84839,2.93288,-505.844,-0.0113063,-0.0114529,-0.0051611,0.0169153,4.033,3.03709,-505.638,-0.0117074,-0.0112581,-0.00498716,0.0169924
1344,3.84839,2.93288,-505.844,-0.00863984,0.00174546,0.00466811,0.0100073,4.033,3.03709,-505.638,-0.00904183,0.00239644,0.00480256,0.0105183
1345,3.84839,2.93288,-505.844,-0.0062046,0.0138043,0.0136696,0.0204031,4.033,3.03709,-505.638,-0.00660727,0.0148077,0.0140565,0.0214598
1346,3.84839,2.93288,-505.844,-0.00422303,0.024028,0.0210645,0.032242,4.033,3.03709,-505.638,-0.00461505,0.0253475,0.0213935,0.0334888
1347,3.84839,2.93288,-505.844,-0.00264985,0.031581,0.0262395,0.04115,4.033,3.03709,-505.638,-0.00309412,0.0331293,0.0270338,0.0428716
1348,3.84839,2.93288,-505.844,-0.00146566,0.0364258,0.029627,0.0469832,4.033,3.03709,-505.638,-0.00190486,0.0380674,0.030277,0.0486773
1349,3.84839,2.93288,-505.844,-0.000625443,0.038572,0.0305625,0.0492234,4.033,3.03709,-505.638,-0.00107243,0.0402191,0.0311886,0.0509067
1350,3.84839,2.93288,-505.844,-0.000378919,0.0380122,0.0295282,0.048143,4.033,3.03709,-505.638,-0.000875054,0.0396142,0.0301865,0.0498127
1351,3.84839,2.93288,-505.844,-0.000840102,0.034822,0.0262355,0.0436153,4.033,3.03709,-505.638,-0.00131839,0.0362046,0.0267698,0.0450463
1352,3.84839,2.93288,-505.844,-0.00215195,0.0294958,0.0204991,0.0359907,4.033,3.03709,-505.638,-0.00260395,0.0306809,0.0210271,0.0372866
1353,3.84839,2.93288,-505.844,-0.00350067,0.0224309,0.0148985,0.0271617,4.033,3.03709,-505.638,-0.00392815,0.0233214,0.0152778,0.0281564
1354,3.84839,2.93288,-505.844,-0.00481445,0.0140673,0.00830633,0.0170425,4.033,3.03709,-505.638,-0.00526633,0.0146409,0.00868643,0.0178218
1355,3.84839,2.93288,-505.844,-0.00602518,0.00511778,0.000603687,0.00794748,4.033,3.03709,-505.638,-0.00645271,0.00532726,0.000723919,0.00840262
1356,3.84839,2.93288,-505.844,-0.00749584,-0.00386046,-0.00645008,0.010623,4.033,3.03709,-505.638,-0.00786882,-0.00401813,-0.00645578,0.0109433
1357,3.84839,2.93288,-505.844,-0.00896009,-0.0123278,-0.0140416,0.0207318,4.033,3.03709,-505.638,-0.00931399,-0.0127321,-0.014128,0.0211785
1358,3.84839,2.93288,-505.844,-0.0107612,-0.0197597,-0.0196581,0.0298817,4.033,3.03709,-505.638,-0.0111547,-0.0204295,-0.0199816,0.0306771
1359,3.84839,2.93288,-505.844,-0.0123235,-0.0259807,-0.0252087,0.0382508,4.033,3.03709,-505.638,-0.0126775,-0.026848,-0.0252951,0.0390066
1360,3.84839,2.93288,-505.844,-0.0136766,-0.030432,-0.028738,0.0440419,4.033,3.03709,-505.638,-0.014036,-0.0314456,-0.0289899,0.0450148
1361,3.84839,2.93288,-505.844,-0.0144788,-0.0331235,-0.0304386,0.0472649,4.033,3.03709,-505.638,-0.0147707,-0.0342177,-0.0308309,0.0483702
1362,3.84839,2.93288,-505.844,-0.0149199,-0.0338594,-0.0305669,0.0480019,4.033,3.03709,-505.638,-0.0152383,-0.034964,-0.0307552,0.0489968
1363,3.84839,2.93288,-505.844,-0.0148406,-0.0326305,-0.029083,0.0461676,4.033,3.03709,-505.638,-0.0151387,-0.0336759,-0.0292516,0.047106
1364,3.84839,2.93288,-505.844,-0.014956,-0.0294893,-0.0272572,0.0428584,4.033,3.03709,-505.638,-0.0153055,-0.0304458,-0.0275283,0.0438075
1365,3.84839,2.93288,-505.844,-0.014565,-0.0248425,-0.0235044,0.0371802,4.033,3.03709,-505.638,-0.0148555,-0.0256535,-0.0235467,0.0378595
1366,3.84839,2.93288,-505.844,-0.0133292,-0.0190462,-0.0201097,0.0307485,4.033,3.03709,-505.638,-0.0136462,-0.0196931,-0.0202083,0.0313454
1367,3.84839,2.93288,-505.844,-0.0120285,-0.0126184,-0.0149088,0.022946,4.033,3.03709,-505.638,-0.0123382,-0.0130755,-0.0149843,0.0234048
1368,3.84839,2.93288,-505.844,-0.0106028,-0.00587211,-0.00996121,0.0156941,4.033,3.03709,-505.638,-0.0109102,-0.00600426,-0.0100609,0.0160106
1369,3.84839,2.93288,-505.844,-0.00956206,0.000738616,-0.00545699,0.0110473,4.033,3.03709,-505.638,-0.00989756,0.000797632,-0.00532218,0.011268
1370,3.84839,2.93288,-505.844,-0.00863929,0.0066582,-0.00106923,0.010974,4.033,3.03709,-505.638,-0.00900132,0.00698364,-0.000915153,0.0114321
1371,3.84839,2.93288,-505.844,-0.00759726,0.0116008,0.00342785,0.0142945,4.033,3.03709,-505.638,-0.00799879,0.0121178,0.00382959,0.0150174
1372,3.84839,2.93288,-505.844,-0.00669138,0.0152596,0.00696009,0.0180635,4.033,3.03709,-505.638,-0.00707714,0.0159473,0.0073608,0.0189376
1373,3.84839,2.93288,-505.844,-0.00559347,0.0174909,0.00942796,0.020653,4.033,3.03709,-505.638,-0.00597291,0.0182586,0.00987263,0.0216009
1374,3.84839,2.93288,-505.844,-0.00451566,0.0180584,0.0116357,0.0219596,4.033,3.03709,-505.638,-0.00490278,0.0188708,0.0120728,0.0229332
1375,3.84839,2.93288,-505.844,-0.00374064,0.0172468,0.0116609,0.0211603,4.033,3.03709,-505.638,-0.00416283,0.0180416,0.0121318,0.0221373
1376,3.84839,2.93288,-505.844,-0.00338398,0.0150315,0.0114936,0.0192319,4.033,3.03709,-505.638,-0.00382104,0.0157971,0.0117873,0.0200779
1377,3.84839,2.93288,-505.844,-0.00316851,0.0117025,0.00990655,0.0156673,4.033,3.03709,-505.638,-0.00360721,0.0123893,0.0100844,0.0163776
1378,3.84839,2.93288,-505.844,-0.00325095,0.00721363,0.00794508,0.0112275,4.033,3.03709,-505.638,-0.00367583,0.00773745,0.00804884,0.0117547
1379,3.84839,2.93288,-505.844,-0.00343661,0.00213419,0.00485451,0.00634546,4.033,3.03709,-505.638,-0.0038862,0.00251985,0.00508271,0.00687845
1380,3.84839,2.93288,-505.844,-0.00380726,-0.00307965,0.00264319,0.00560317,4.033,3.03709,-505.638,-0.00423605,-0.00285643,0.00260356,0.0057365
1381,3.84839,2.93288,-505.844,-0.00481913,-0.00841268,-0.00103686,0.00977401,4.033,3.03709,-505.638,-0.00520428,-0.00837797,-0.00106213,0.00992218
1382,3.84839,2.93288,-505.844,-0.00584143,-0.0132905,-0.00514949,0.0154149,4.033,3.03709,-505.638,-0.00625478,-0.0134162,-0.00539891,0.0157571
1383,3.84839,2.93288,-505.844,-0.00692897,-0.0175054,-0.00800376,0.0204683,4.033,3.03709,-505.638,-0.00727334,-0.0177314,-0.0081003,0.0208089
1384,3.84839,2.93288,-505.844,-0.00769384,-0.0209422,-0.0113341,0.0250285,4.033,3.03709,-505.638,-0.00806425,-0.0213225,-0.0115584,0.0255596
1385,3.84839,2.93288,-505.844,-0.00822502,-0.0233677,-0.0144467,0.0286825,4.033,3.03709,-505.638,-0.00857154,-0.0238461,-0.0145448,0.0292182
1386,3.84839,2.93288,-505.844,-0.00871855,-0.02462,-0.0168486,0.0310844,4.033,3.03709,-505.638,-0.00904363,-0.025186,-0.0171432,0.0317812
1387,3.84839,2.93288,-505.844,-0.00916396,-0.0247557,-0.018079,0.0319979,4.033,3.03709,-505.638,-0.00949395,-0.0253677,-0.018329,0.0327053
1388,3.84839,2.93288,-505.844,-0.00954984,-0.0235259,-0.0190419,0.0317423,4.033,3.03709,-505.638,-0.00991715,-0.0241263,-0.0191944,0.0323869
1389,3.84839,2.93288,-505.844,-0.00978692,-0.0212794,-0.0191998,0.0302903,4.033,3.03709,-505.638,-0.0101675,-0.021847,-0.0193867,0.0309285
1390,3.84839,2.93288,-505.844,-0.010058,-0.0181333,-0.0178693,0.027378,4.033,3.03709,-505.638,-0.0104481,-0.0186626,-0.0180617,0.0279952
1391,3.84839,2.93288,-505.844,-0.00999033,-0.0137756,-0.0168105,0.0239277,4.033,3.03709,-505.638,-0.0103063,-0.0142239,-0.0169186,0.0243894
1392,3.84839,2.93288,-505.844,-0.00978415,-0.00916399,-0.0156203,0.0205915,4.033,3.03709,-505.638,-0.0101368,-0.00949899,-0.0156868,0.0209549
1393,3.84839,2.93288,-505.844,-0.00942144,-0.00416244,-0.0135547,0.0170342,4.033,3.03709,-505.638,-0.00978445,-0.00437226,-0.0135856,0.0173053
1394,3.84839,2.93288,-505.844,-0.00908357,0.00113704,-0.0110612,0.014365,4.033,3.03709,-505.638,-0.00945179,0.0010915,-0.0111606,0.0146666
1395,3.84839,2.93288,-505.844,-0.00871755,0.00597583,-0.00839731,0.0135113,4.033,3.03709,-505.638,-0.00910259,0.00606361,-0.0082508,0.0137016
1396,3.84839,2.93288,-505.844,-0.00795686,0.0103353,-0.00698444,0.0148077,4.033,3.03709,-505.638,-0.0083325,0.0105319,-0.00686906,0.0150857
1397,3.84839,2.93288,-505.844,-0.00733245,0.0140246,-0.00489781,0.0165792,4.033,3.03709,-505.638,-0.00771098,0.0143356,-0.00469583,0.0169429
1398,3.84839,2.93288,-505.844,-0.00630451,0.0167151,-0.00377626,0.018272,4.033,3.03709,-505.638,-0.00668093,0.0171049,-0.00361876,0.0187179
1399,3.84839,2.93288,-505.844,-0.00576542,0.0182161,-0.00193524,0.0192175,4.033,3.03709,-505.638,-0.00613457,0.0186276,-0.00171304,0.0196885
1400,3.84839,2.93288,-505.844,-0.00547669,0.0188331,-0.00150085,0.0196873,4.033,3.03709,-505.638,-0.0058465,0.0193561,-0.00132272,0.0202659
1401,3.84839,2.93288,-505.844,-0.00513254,0.0182187,-0.000382066,0.0189442,4.033,3.03709,-505.638,-0.0055477,0.0187445,-9.34988e-05,0.0195499
1402,3.84839,2.93288,-505.844,-0.00477061,0.0164311,-0.00165573,0.0172187,4.033,3.03709,-505.638,-0.00523939,0.0169046,-0.00136726,0.0177556
1403,3.84839,2.93288,-505.844,-0.00441671,0.0138276,-0.00202285,0.0146706,4.033,3.03709,-505.638,-0.00480705,0.0142576,-0.00182763,0.0151586
1404,3.84839,2.93288,-505.844,-0.00436783,0.0102928,-0.0027371,0.0115351,4.033,3.03709,-505.638,-0.00475842,0.010672,-0.00271582,0.0119998
1405,3.84839,2.93288,-505.844,-0.00443083,0.00652611,-0.00481348,0.00926993,4.033,3.03709,-505.638,-0.004857,0.00678935,-0.00472926,0.00959861
1406,3.84839,2.93288,-505.844,-0.00477937,0.00237477,-0.00683908,0.00869536,4.033,3.03709,-505.638,-0.00522235,0.0025358,-0.00682125,0.00895928
1407,3.84839,2.93288,-505.844,-0.00522703,-0.00195503,-0.00872895,0.0103767,4.033,3.03709,-505.638,-0.00566554,-0.00189189,-0.00875477,0.0105998
1408,3.84839,2.93288,-505.844,-0.00584717,-0.00607895,-0.0101337,0.0131988,4.033,3.03709,-505.638,-0.00626513,-0.00612524,-0.010022,0.0133132
1409,3.84839,2.93288,-505.844,-0.00629683,-0.00968115,-0.0122193,0.0168228,4.033,3.03709,-505.638,-0.00668007,-0.00982165,-0.0123331,0.017124
1410,3.84839,2.93288,-505.844,-0.00704264,-0.0127964,-0.0137635,0.0200765,4.033,3.03709,-505.638,-0.00745433,-0.0130267,-0.0138396,0.0204165
1411,3.84839,2.93288,-505.844,-0.00782266,-0.0151716,-0.0146602,0.0225058,4.033,3.03709,-505.638,-0.0082066,-0.0154745,-0.014831,0.0229519
1412,3.84839,2.93288,-505.844,-0.00883888,-0.0166416,-0.0165097,0.0250562,4.033,3.03709,-505.638,-0.00924443,-0.0169917,-0.0167169,0.0255664
1413,3.84839,2.93288,-505.844,-0.00996132,-0.0173358,-0.0174822,0.0265633,4.033,3.03709,-505.638,-0.0103736,-0.01767,-0.0177303,0.0270968
1414,3.84839,2.93288,-505.844,-0.0105987,-0.0171697,-0.0173995,0.0266471,4.033,3.03709,-505.638,-0.0109914,-0.0175456,-0.0175583,0.0271473
1415,3.84839,2.93288,-505.844,-0.0111178,-0.0161316,-0.0181386,0.026704,4.033,3.03709,-505.638,-0.0114732,-0.0164668,-0.0181627,0.0270687
1416,3.84839,2.93288,-505.844,-0.011531,-0.0142163,-0.0176031,0.0254009,4.033,3.03709,-505.638,-0.0119121,-0.0145528,-0.0177097,0.0258332
1417,3.84839,2.93288,-505.844,-0.0119527,-0.0119336,-0.0171742,0.0240957,4.033,3.03709,-505.638,-0.0122993,-0.0122479,-0.017158,0.0244079
1418,3.84839,2.93288,-505.844,-0.0122571,-0.00893353,-0.0161825,0.0221887,4.033,3.03709,-505.638,-0.0126719,-0.00918129,-0.0161426,0.0224836
1419,3.84839,2.93288,-505.844,-0.0124274,-0.00554347,-0.0148258,0.020129,4.033,3.03709,-505.638,-0.0128192,-0.00568878,-0.0148817,0.0204495
1420,3.84839,2.93288,-505.844,-0.0123748,-0.00195935,-0.0132016,0.0182085,4.033,3.03709,-505.638,-0.0127678,-0.00206723,-0.0132257,0.0185003
1421,3.84839,2.93288,-505.844,-0.0122788,0.00176131,-0.0110733,0.016632,4.033,3.03709,-505.638,-0.0126502,0.00173229,-0.0111227,0.0169338
1422,3.84839,2.93288,-505.844,-0.0120188,0.00518052,-0.0101165,0.016549,4.033,3.03709,-505.638,-0.0123768,0.00526176,-0.0100116,0.0167669
1423,3.84839,2.93288,-505.844,-0.0118666,0.00864527,-0.00943822,0.0174725,4.033,3.03709,-505.638,-0.0122654,0.00882633,-0.00922001,0.0177051
1424,3.84839,2.93288,-505.844,-0.0117725,0.0115439,-0.00838374,0.0185088,4.033,3.03709,-505.638,-0.0121988,0.0117823,-0.00825088,0.0188616
1425,3.84839,2.93288,-505.844,-0.0116018,0.013959,-0.0067164,0.0193659,4.033,3.03709,-505.638,-0.0119749,0.0142449,-0.00653467,0.019725
1426,3.84839,2.93288,-505.844,-0.0113288,0.0155089,-0.00671396,0.0203551,4.033,3.03709,-505.638,-0.0117292,0.0158373,-0.00661654,0.0207899
1427,3.84839,2.93288,-505.844,-0.010787,0.0165743,-0.00642576,0.0208015,4.033,3.03709,-505.638,-0.0111482,0.0168688,-0.00619569,0.0211485
1428,3.84839,2.93288,-505.844,-0.0101923,0.0167828,-0.00709281,0.0208921,4.033,3.03709,-505.638,-0.010586,0.0171146,-0.00685266,0.0212607
1429,3.84839,2.93288,-505.844,-0.00970752,0.0160262,-0.00724312,0.020112,4.033,3.03709,-505.638,-0.0100902,0.0163245,-0.00684786,0.0203795
1430,3.84839,2.93288,-505.844,-0.0093494,0.0148614,-0.00764251,0.019158,4.033,3.03709,-505.638,-0.00976192,0.0151527,-0.00752081,0.0195317
1431,3.84839,2.93288,-505.844,-0.0091086,0.0130786,-0.00934291,0.0184971,4.033,3.03709,-505.638,-0.00953734,0.0133546,-0.00907602,0.0187561
1432,3.84839,2.93288,-505.844,-0.00873306,0.0104933,-0.0102354,0.0170745,4.033,3.03709,-505.638,-0.00911874,0.0107092,-0.010155,0.0173496
1433,3.84839,2.93288,-505.844,-0.00831087,0.00777098,-0.0115127,0.0161959,4.033,3.03709,-505.638,-0.00871188,0.00794001,-0.0115171,0.0164805
1434,3.84839,2.93288,-505.844,-0.00805356,0.00482886,-0.0120293,0.0152714,4.033,3.03709,-505.638,-0.00848143,0.00488879,-0.0120275,0.015509
1435,3.84839,2.93288,-505.844,-0.00773939,0.00177774,-0.0142097,0.0162884,4.033,3.03709,-505.638,-0.00813591,0.00178748,-0.0142388,0.0164975
1436,3.84839,2.93288,-505.844,-0.00784411,-0.000953643,-0.0146624,0.0166673,4.033,3.03709,-505.638,-0.00826115,-0.00101086,-0.014715,0.0169067
1437,3.84839,2.93288,-505.844,-0.00775673,-0.00364793,-0.0159146,0.0180832,4.033,3.03709,-505.638,-0.00815712,-0.00375576,-0.0161789,0.0185049
1438,3.84839,2.93288,-505.844,-0.00776588,-0.00605378,-0.0167392,0.0194282,4.033,3.03709,-505.638,-0.00822057,-0.00622277,-0.0168108,0.0197213
1439,3.84839,2.93288,-505.844,-0.00765202,-0.00793439,-0.0175114,0.0207004,4.033,3.03709,-505.638,-0.00807782,-0.00811457,-0.017741,0.021116
1440,3.84839,2.93288,-505.844,-0.00777482,-0.00919733,-0.0169903,0.0208339,4.033,3.03709,-505.638,-0.00818338,-0.00943034,-0.0171155,0.021187
1441,3.84839,2.93288,-505.844,-0.00811776,-0.00996875,-0.017641,0.0218379,4.033,3.03709,-505.638,-0.00856151,-0.0101847,-0.01767,0.0221202
1442,3.84839,2.93288,-505.844,-0.00869611,-0.0100918,-0.0171839,0.0217478,4.033,3.03709,-505.638,-0.00908928,-0.0103318,-0.0173317,0.0221307
1443,3.84839,2.93288,-505.844,-0.00928328,-0.00973267,-0.017147,0.0218043,4.033,3.03709,-505.638,-0.00967036,-0.00994023,-0.017003,0.0219433
1444,3.84839,2.93288,-505.844,-0.00955417,-0.00885626,-0.0161178,0.0207325,4.033,3.03709,-505.638,-0.0099658,-0.00902012,-0.0161976,0.0210499
1445,3.84839,2.93288,-505.844,-0.0101338,-0.00739815,-0.0147782,0.0193941,4.033,3.03709,-505.638,-0.0105397,-0.00754298,-0.0146889,0.0195903
1446,3.84839,2.93288,-505.844,-0.0104803,-0.0056419,-0.0143802,0.0186733,4.033,3.03709,-505.638,-0.0108584,-0.00574616,-0.0144127,0.0189388
1447,3.84839,2.93288,-505.844,-0.0109764,-0.00380011,-0.0130015,0.017439,4.033,3.03709,-505.638,-0.0113377,-0.00385698,-0.0131976,0.0178219
1448,3.84839,2.93288,-505.844,-0.0114905,-0.00148637,-0.0113906,0.0162585,4.033,3.03709,-505.638,-0.0118826,-0.00155713,-0.011318,0.0164857
1449,3.84839,2.93288,-505.844,-0.0117599,0.000918718,-0.0110719,0.0161904,4.033,3.03709,-505.638,-0.0121615,0.000916938,-0.0109048,0.0163621
1450,3.84839,2.93288,-505.844,-0.0118564,0.00319527,-0.0100162,0.0158548,4.033,3.03709,-505.638,-0.0122398,0.00324041,-0.00996744,0.0161152
1451,3.84839,2.93288,-505.844,-0.0117944,0.00547077,-0.00933042,0.0160223,4.033,3.03709,-505.638,-0.0122065,0.00559295,-0.00923962,0.0163022
1452,3.84839,2.93288,-505.844,-0.0119271,0.00742368,-0.0088543,0.0166297,4.033,3.03709,-505.638,-0.0123318,0.00758277,-0.00857256,0.0168286
1453,3.84839,2.93288,-505.844,-0.0121713,0.00908213,-0.00796971,0.0171608,4.033,3.03709,-505.638,-0.0125664,0.00927341,-0.00784314,0.0174776
1454,3.84839,2.93288,-505.844,-0.0123847,0.0105693,-0.00755491,0.0179627,4.033,3.03709,-505.638,-0.0128062,0.0107522,-0.00738746,0.0182824
1455,3.84839,2.93288,-505.844,-0.0123155,0.0112955,-0.00790997,0.0185002,4.033,3.03709,-505.638,-0.0127211,0.0114985,-0.00774345,0.0188167
1456,3.84839,2.93288,-505.844,-0.0119609,0.0117794,-0.00751107,0.0184016,4.033,3.03709,-505.638,-0.01235,0.0119758,-0.0074598,0.0187523
1457,3.84839,2.93288,-505.844,-0.0116248,0.0114307,-0.00769273,0.0180504,4.033,3.03709,-505.638,-0.0120108,0.0116382,-0.00744885,0.0183127
1458,3.84839,2.93288,-505.844,-0.0111745,0.0109615,-0.00807887,0.0176275,4.033,3.03709,-505.638,-0.0115419,0.0111286,-0.00799916,0.01792
1459,3.84839,2.93288,-505.844,-0.0108738,0.00984436,-0.00906997,0.0172576,4.033,3.03709,-505.638,-0.0112411,0.0100086,-0.00902964,0.0175541
1460,3.84839,2.93288,-505.844,-0.0106671,0.00833375,-0.00956653,0.0165879,4.033,3.03709,-505.638,-0.0111344,0.00845901,-0.00957109,0.0169467
1461,3.84839,2.93288,-505.844,-0.010086,0.00648376,-0.00964242,0.0154019,4.033,3.03709,-505.638,-0.0104977,0.00658045,-0.00955952,0.0156513
1462,3.84839,2.93288,-505.844,-0.0097267,0.00427634,-0.010563,0.0150007,4.033,3.03709,-505.638,-0.0101373,0.0043214,-0.0105065,0.0152286
1463,3.84839,2.93288,-505.844,-0.00919831,0.00202247,-0.0102683,0.0139479,4.033,3.03709,-505.638,-0.0095809,0.00203116,-0.010118,0.0140832
1464,3.84839,2.93288,-505.844,-0.00864278,-0.00040482,-0.0104573,0.0135778,4.033,3.03709,-505.638,-0.00903247,-0.000432576,-0.0105597,0.0139028
1465,3.84839,2.93288,-505.844,-0.00843001,-0.00270315,-0.0108593,0.0140195,4.033,3.03709,-505.638,-0.00885746,-0.00274461,-0.0109486,0.0143488
1466,3.84839,2.93288,-505.844,-0.00821284,-0.00443813,-0.0107871,0.0142779,4.033,3.03709,-505.638,-0.00858324,-0.00451451,-0.0105903,0.0143613
1467,3.84839,2.93288,-505.844,-0.00797456,-0.00633486,-0.010467,0.0146141,4.033,3.03709,-505.638,-0.00836649,-0.00642254,-0.0104436,0.0148441
1468,3.84839,2.93288,-505.844,-0.00768503,-0.00774863,-0.010558,0.0151947,4.033,3.03709,-505.638,-0.0081026,-0.00788235,-0.010566,0.0154746
1469,3.84839,2.93288,-505.844,-0.00745886,-0.00896574,-0.00987206,0.0152884,4.033,3.03709,-505.638,-0.00786876,-0.00906545,-0.00992082,0.0155741
1470,3.84839,2.93288,-505.844,-0.00755786,-0.00971004,-0.00961589,0.0156241,4.033,3.03709,-505.638,-0.00800458,-0.00982479,-0.00976656,0.016
1471,3.84839,2.93288,-505.844,-0.00776718,-0.0100623,-0.00923594,0.0157214,4.033,3.03709,-505.638,-0.00816462,-0.0101744,-0.00936371,0.0160594
1472,3.84839,2.93288,-505.844,-0.00800619,-0.00994787,-0.0080711,0.0151115,4.033,3.03709,-505.638,-0.00841842,-0.0100473,-0.008162,0.0154417
1473,3.84839,2.93288,-505.844,-0.0081858,-0.00946608,-0.00771264,0.0147078,4.033,3.03709,-505.638,-0.00861167,-0.00955524,-0.0077457,0.0150163
1474,3.84839,2.93288,-505.844,-0.00844044,-0.00889687,-0.00668257,0.0139741,4.033,3.03709,-505.638,-0.0088433,-0.00895308,-0.00674627,0.0142793
1475,3.84839,2.93288,-505.844,-0.00862351,-0.00779557,-0.00644356,0.0132971,4.033,3.03709,-505.638,-0.00900805,-0.00783163,-0.00656111,0.0136216
1476,3.84839,2.93288,-505.844,-0.00891779,-0.00646475,-0.00537237,0.0122623,4.033,3.03709,-505.638,-0.00932246,-0.00648036,-0.00534665,0.0125502
1477,3.84839,2.93288,-505.844,-0.00937864,-0.00503678,-0.00479368,0.0116802,4.033,3.03709,-505.638,-0.00977408,-0.00503097,-0.00501681,0.0120842
1478,3.84839,2.93288,-505.844,-0.00953165,-0.00354163,-0.00483913,0.0112771,4.033,3.03709,-505.638,-0.00992773,-0.00351712,-0.00470552,0.0115383
1479,3.84839,2.93288,-505.844,-0.00973604,-0.00206484,-0.0031157,0.0104341,4.033,3.03709,-505.638,-0.0101001,-0.00201632,-0.00313164,0.0107656
1480,3.84839,2.93288,-505.844,-0.00977061,-0.000477744,-0.00337868,0.010355,4.033,3.03709,-505.638,-0.0101724,-0.000353869,-0.00346133,0.010752
1481,3.84839,2.93288,-505.844,-0.00973981,0.000737907,-0.00337221,0.0103572,4.033,3.03709,-505.638,-0.010154,0.000825953,-0.0031859,0.0106798
1482,3.84839,2.93288,-505.844,-0.00985739,0.00182973,-0.00335587,0.0105845,4.033,3.03709,-505.638,-0.0102614,0.00197249,-0.00336633,0.0109809
1483,3.84839,2.93288,-505.844,-0.00982129,0.00281717,-0.00225983,0.0104734,4.033,3.03709,-505.638,-0.0102319,0.00293613,-0.0021392,0.0108587
1484,3.84839,2.93288,-505.844,-0.00962478,0.00342206,-0.00273454,0.0105932,4.033,3.03709,-505.638,-0.0100372,0.00357159,-0.00256113,0.0109608
1485,3.84839,2.93288,-505.844,-0.00942834,0.00384711,-0.0025707,0.0105104,4.033,3.03709,-505.638,-0.00979663,0.00394969,-0.00246039,0.0108466
1486,3.84839,2.93288,-505.844,-0.00895623,0.00386399,-0.00319205,0.010283,4.033,3.03709,-505.638,-0.00935521,0.00399332,-0.00299812,0.0106087
1487,3.84839,2.93288,-505.844,-0.00873648,0.00370665,-0.00353355,0.0101352,4.033,3.03709,-505.638,-0.00918542,0.00384546,-0.0035966,0.0105887
1488,3.84839,2.93288,-505.844,-0.00836285,0.00311833,-0.00404884,0.00982146,4.033,3.03709,-505.638,-0.00875264,0.00323163,-0.00396518,0.0101423
1489,3.84839,2.93288,-505.844,-0.00804446,0.00236104,-0.00441961,0.00949145,4.033,3.03709,-505.638,-0.00845037,0.00243458,-0.00454862,0.00990402
1490,3.84839,2.93288,-505.844,-0.00777519,0.00129758,-0.00459757,0.00913629,4.033,3.03709,-505.638,-0.00818154,0.00136728,-0.00466402,0.00951778
1491,3.84839,2.93288,-505.844,-0.00719387,-1.2677e-05,-0.00437051,0.00842602,4.033,3.03709,-505.638,-0.00759693,5.38465e-06,-0.00440413,0.00878272
1492,3.84839,2.93288,-505.844,-0.00680793,-0.00137536,-0.00494628,0.00853864,4.033,3.03709,-505.638,-0.00724936,-0.00136113,-0.00503287,0.00893111
1493,3.84839,2.93288,-505.844,-0.00656437,-0.0026358,-0.00529719,0.00885759,4.033,3.03709,-505.638,-0.00701451,-0.00264592,-0.0053895,0.00923662
1494,3.84839,2.93288,-505.844,-0.00635124,-0.00397533,-0.00510784,0.00908128,4.033,3.03709,-505.638,-0.00679848,-0.00400814,-0.00508777,0.0093912
1495,3.84839,2.93288,-505.844,-0.0063099,-0.00506876,-0.00635943,0.0103098,4.033,3.03709,-505.638,-0.00676978,-0.00508125,-0.00637306,0.0105976
1496,3.84839,2.93288,-505.844,-0.00640644,-0.00606573,-0.0068597,0.0111925,4.033,3.03709,-505.638,-0.00681509,-0.00608963,-0.00680745,0.0113986
1497,3.84839,2.93288,-505.844,-0.00662921,-0.00687154,-0.00727319,0.0120162,4.033,3.03709,-505.638,-0.00705652,-0.00694517,-0.00724966,0.0122731
1498,3.84839,2.93288,-505.844,-0.00668417,-0.00748774,-0.00769512,0.0126629,4.033,3.03709,-505.638,-0.00711157,-0.00754267,-0.00781446,0.012985
1499,3.84839,2.93288,-505.844,-0.00706135,-0.00806129,-0.00713753,0.0128866,4.033,3.03709,-505.638,-0.00746743,-0.00811699,-0.00741768,0.0132926
1500,3.84839,2.93288,-505.844,-0.00756652,-0.00806058,-0.00691082,0.0130483,4.033,3.03709,-505.638,-0.00799127,-0.00811387,-0.00685983,0.0132961
1501,3.84839,2.93288,-505.844,-0.00777737,-0.0080603,-0.00747986,0.0134824,4.033,3.03709,-505.638,-0.00819403,-0.00811898,-0.00761451,0.0138243
1502,3.84839,2.93288,-505.844,-0.00824123,-0.00773164,-0.00760353,0.0136328,4.033,3.03709,-505.638,-0.00866432,-0.00778396,-0.00767307,0.0139493
1503,3.84839,2.93288,-505.844,-0.00850429,-0.00732076,-0.00673387,0.0130954,4.033,3.03709,-505.638,-0.00890101,-0.00738347,-0.00676642,0.0133997
1504,3.84839,2.93288,-505.844,-0.00876409,-0.00648896,-0.00660242,0.0127547,4.033,3.03709,-505.638,-0.00913798,-0.00652808,-0.0066038,0.0130285
1505,3.84839,2.93288,-505.844,-0.00903513,-0.00551964,-0.0067305,0.0125577,4.033,3.03709,-505.638,-0.0094183,-0.00552252,-0.00698408,0.012962
1506,3.84839,2.93288,-505.844,-0.00937013,-0.0044065,-0.0071351,0.0125816,4.033,3.03709,-505.638,-0.00977611,-0.00443162,-0.00720461,0.0129284
1507,3.84839,2.93288,-505.844,-0.00960582,-0.00319355,-0.00685539,0.0122363,4.033,3.03709,-505.638,-0.0100268,-0.00320889,-0.00694947,0.0126163
1508,3.84839,2.93288,-505.844,-0.00989439,-0.00194259,-0.00638247,0.0119388,4.033,3.03709,-505.638,-0.0103009,-0.0019198,-0.00646122,0.0123107
1509,3.84839,2.93288,-505.844,-0.00999368,-0.000726542,-0.00677229,0.0121,4.033,3.03709,-505.638,-0.0103986,-0.000684401,-0.00691439,0.0125072
1510,3.84839,2.93288,-505.844,-0.0100536,0.000354684,-0.00671665,0.0121007,4.033,3.03709,-505.638,-0.0104566,0.000401237,-0.00676324,0.0124599
1511,3.84839,2.93288,-505.844,-0.00980501,0.00154636,-0.00706728,0.0121975,4.033,3.03709,-505.638,-0.0101876,0.00160893,-0.00711367,0.0125316
1512,3.84839,2.93288,-505.844,-0.00956495,0.00262589,-0.00701031,0.0121549,4.033,3.03709,-505.638,-0.00993329,0.00267032,-0.00704448,0.0124682
1513,3.84839,2.93288,-505.844,-0.00943931,0.00345054,-0.00725258,0.012399,4.033,3.03709,-505.638,-0.00983173,0.00355748,-0.00728699,0.0127447
1514,3.84839,2.93288,-505.844,-0.0091867,0.00435473,-0.00852375,0.0132845,4.033,3.03709,-505.638,-0.00958541,0.00444953,-0.00862055,0.013641
1515,3.84839,2.93288,-505.844,-0.00880285,0.00480824,-0.00847238,0.0131383,4.033,3.03709,-505.638,-0.00920735,0.00493024,-0.00846916,0.0134472
1516,3.84839,2.93288,-505.844,-0.0086004,0.00516744,-0.00956702,0.0138758,4.033,3.03709,-505.638,-0.00900992,0.00524967,-0.00954914,0.0141409
1517,3.84839,2.93288,-505.844,-0.00828486,0.00525717,-0.00999534,0.0140183,4.033,3.03709,-505.638,-0.00865901,0.005325,-0.00998033,0.014247
1518,3.84839,2.93288,-505.844,-0.00783724,0.00508747,-0.0105923,0.0141359,4.033,3.03709,-505.638,-0.00822741,0.00517656,-0.0105638,0.014357
1519,3.84839,2.93288,-505.844,-0.0074733,0.00467919,-0.0111255,0.0142038,4.033,3.03709,-505.638,-0.00788518,0.00476645,-0.011145,0.0144611
1520,3.84839,2.93288,-505.844,-0.00711028,0.00416302,-0.0114511,0.0141149,4.033,3.03709,-505.638,-0.00754263,0.0041863,-0.0116042,0.0144601
1521,3.84839,2.93288,-505.844,-0.00673103,0.00354289,-0.0122318,0.0144143,4.033,3.03709,-505.638,-0.00712542,0.00360044,-0.012321,0.0146825
1522,3.84839,2.93288,-505.844,-0.00647928,0.00282509,-0.0128233,0.014651,4.033,3.03709,-505.638,-0.00689934,0.00281773,-0.0130148,0.0149982
1523,3.84839,2.93288,-505.844,-0.00639938,0.00208985,-0.013798,0.015362,4.033,3.03709,-505.638,-0.00682557,0.00207308,-0.0140552,0.0157628
1524,3.84839,2.93288,-505.844,-0.00638814,0.00138927,-0.0142815,0.015714,4.033,3.03709,-505.638,-0.0068045,0.00137477,-0.0144002,0.0159866
1525,3.84839,2.93288,-505.844,-0.00656009,0.000687511,-0.015055,0.0164458,4.033,3.03709,-505.638,-0.00694492,0.000666976,-0.0150673,0.0166051
1526,3.84839,2.93288,-505.844,-0.00682849,-2.81635e-05,-0.015466,0.0169134,4.033,3.03709,-505.638,-0.00721916,-3.07105e-05,-0.015666,0.01725
1527,3.84839,2.93288,-505.844,-0.00721063,-0.000489844,-0.0154289,0.0170452,4.033,3.03709,-505.638,-0.00763325,-0.000496761,-0.0155522,0.0173322
1528,3.84839,2.93288,-505.844,-0.00748392,-0.000978239,-0.0155734,0.017312,4.033,3.03709,-505.638,-0.00790703,-0.000989837,-0.0157834,0.0176814
1529,3.84839,2.93288,-505.844,-0.00784596,-0.00117306,-0.0166245,0.0184294,4.033,3.03709,-505.638,-0.00828271,-0.00122823,-0.0168278,0.0187971
1530,3.84839,2.93288,-505.844,-0.00826845,-0.00135082,-0.0153103,0.0174592,4.033,3.03709,-505.638,-0.00870871,-0.00136141,-0.0154547,0.0177922
1531,3.84839,2.93288,-505.844,-0.00890412,-0.00132539,-0.0154397,0.0178776,4.033,3.03709,-505.638,-0.00930932,-0.00135647,-0.0156802,0.0182864
1532,3.84839,2.93288,-505.844,-0.0091952,-0.00115745,-0.0153413,0.0179274,4.033,3.03709,-505.638,-0.00958937,-0.00117403,-0.0156798,0.0184175
1533,3.84839,2.93288,-505.844,-0.00959271,-0.000678265,-0.0150647,0.0178762,4.033,3.03709,-505.638,-0.00996607,-0.000686659,-0.0152841,0.0182596
1534,3.84839,2.93288,-505.844,-0.00995671,-8.78991e-05,-0.0153611,0.0183118,4.033,3.03709,-505.638,-0.0103606,-9.47048e-05,-0.0155577,0.0186928
1535,3.84839,2.93288,-505.844,-0.01028,0.000408351,-0.0147245,0.0179673,4.033,3.03709,-505.638,-0.0106729,0.00042302,-0.0149084,0.0183403
1536,3.84839,2.93288,-505.844,-0.0106938,0.00109308,-0.0144061,0.0179816,4.033,3.03709,-505.638,-0.0110733,0.00112202,-0.014531,0.0183048
1537,3.84839,2.93288,-505.844,-0.0110346,0.00189297,-0.0151239,0.0188258,4.033,3.03709,-505.638,-0.011449,0.00190947,-0.0153192,0.0192213
1538,3.84839,2.93288,-505.844,-0.0113432,0.00275958,-0.0149624,0.0189865,4.033,3.03709,-505.638,-0.0117538,0.00278395,-0.0148293,0.019127
1539,3.84839,2.93288,-505.844,-0.0115029,0.00351256,-0.0147374,0.019031,4.033,3.03709,-505.638,-0.0118902,0.00358227,-0.0148486,0.0193582
1540,3.84839,2.93288,-505.844,-0.0115976,0.00428027,-0.0148807,0.0193535,4.033,3.03709,-505.638,-0.0119989,0.0043439,-0.0151083,0.0197775
1541,3.84839,2.93288,-505.844,-0.0116012,0.00508661,-0.0146794,0.019396,4.033,3.03709,-505.638,-0.0120155,0.00515289,-0.0146987,0.0196724
1542,3.84839,2.93288,-505.844,-0.0116135,0.00584827,-0.0145323,0.0195124,4.033,3.03709,-505.638,-0.0119771,0.00592293,-0.0146047,0.0197967
1543,3.84839,2.93288,-505.844,-0.0116262,0.00631646,-0.0146646,0.0197592,4.033,3.03709,-505.638,-0.0120266,0.0064172,-0.0147355,0.0200748
1544,3.84839,2.93288,-505.844,-0.0117057,0.00666413,-0.0152759,0.0203701,4.033,3.03709,-505.638,-0.0121182,0.00674763,-0.01543,0.0207479
1545,3.84839,2.93288,-505.844,-0.0116445,0.00694502,-0.0155663,0.020656,4.033,3.03709,-505.638,-0.0120428,0.00702487,-0.0157127,0.0210085
1546,3.84839,2.93288,-505.844,-0.0114146,0.0069927,-0.0156879,0.0206308,4.033,3.03709,-505.638,-0.0118194,0.00708465,-0.0156683,0.0208668
1547,3.84839,2.93288,-505.844,-0.0112412,0.00686707,-0.0158339,0.0206037,4.033,3.03709,-505.638,-0.0116547,0.00692853,-0.0159003,0.0208971
1548,3.84839,2.93288,-505.844,-0.0110027,0.00650696,-0.0163485,0.0207645,4.033,3.03709,-505.638,-0.0114383,0.00657895,-0.0163943,0.0210466
1549,3.84839,2.93288,-505.844,-0.0108159,0.00615737,-0.0165733,0.0207347,4.033,3.03709,-505.638,-0.0112097,0.00627408,-0.0166177,0.0210051
1550,3.84839,2.93288,-505.844,-0.0106297,0.00555179,-0.0163871,0.0203158,4.033,3.03709,-505.638,-0.0110583,0.005613,-0.0164907,0.0206345
1551,3.84839,2.93288,-505.844,-0.0103185,0.00488953,-0.0163188,0.019922,4.033,3.03709,-505.638,-0.0107167,0.00495703,-0.0165569,0.0203365
1552,3.84839,2.93288,-505.844,-0.010061,0.00402583,-0.0165759,0.019808,4.033,3.03709,-505.638,-0.010442,0.00408243,-0.0168597,0.0202476
1553,3.84839,2.93288,-505.844,-0.00990993,0.00335402,-0.0171101,0.0200639,4.033,3.03709,-505.638,-0.0103634,0.00337317,-0.0171853,0.0203509
1554,3.84839,2.93288,-505.844,-0.00987039,0.00237716,-0.0160342,0.0189834,4.033,3.03709,-505.638,-0.0103277,0.00237821,-0.016142,0.0193105
1555,3.84839,2.93288,-505.844,-0.00982067,0.00176687,-0.0166296,0.0194032,4.033,3.03709,-505.638,-0.0102273,0.00180375,-0.0169593,0.0198879
1556,3.84839,2.93288,-505.844,-0.00986792,0.00103645,-0.0165569,0.019316,4.033,3.03709,-505.638,-0.0103048,0.00104996,-0.0166287,0.0195928
1557,3.84839,2.93288,-505.844,-0.00994221,0.00034572,-0.0167569,0.0194936,4.033,3.03709,-505.638,-0.0103765,0.000350132,-0.0170828,0.0199912
1558,3.84839,2.93288,-505.844,-0.00987501,-0.000187434,-0.0165293,0.0192633,4.033,3.03709,-505.638,-0.0102996,-0.000177226,-0.0167711,0.019683
1559,3.84839,2.93288,-505.844,-0.00995655,-0.000567331,-0.0158389,0.0187222,4.033,3.03709,-505.638,-0.0103916,-0.000545359,-0.0160854,0.0191583
1560,3.84839,2.93288,-505.844,-0.0102221,-0.000913257,-0.0157475,0.0188043,4.033,3.03709,-505.638,-0.0106379,-0.0009176,-0.0158336,0.0190982
1561,3.84839,2.93288,-505.844,-0.0104344,-0.00105431,-0.0157487,0.0189261,4.033,3.03709,-505.638,-0.0108554,-0.00105348,-0.0159362,0.0193113
1562,3.84839,2.93288,-505.844,-0.0105302,-0.00111689,-0.0151224,0.0184674,4.033,3.03709,-505.638,-0.0109522,-0.00111399,-0.015269,0.0188243
1563,3.84839,2.93288,-505.844,-0.0106235,-0.000907443,-0.0153152,0.0186716,4.033,3.03709,-505.638,-0.0110147,-0.000879984,-0.0154898,0.0190286
1564,3.84839,2.93288,-505.844,-0.0107222,-0.000764993,-0.0150224,0.018479,4.033,3.03709,-505.638,-0.0111467,-0.00074976,-0.0153034,0.0189484
1565,3.84839,2.93288,-505.844,-0.0108441,-0.000548217,-0.0139574,0.0176892,4.033,3.03709,-505.638,-0.0112328,-0.000542732,-0.014007,0.0179634
1566,3.84839,2.93288,-505.844,-0.0108353,-4.38903e-05,-0.013953,0.0176696,4.033,3.03709,-505.638,-0.0112425,-4.49257e-05,-0.0141277,0.0180554
1567,3.84839,2.93288,-505.844,-0.0109711,0.000535374,-0.0142294,0.0179816,4.033,3.03709,-505.638,-0.0114087,0.000574256,-0.0144162,0.018394
1568,3.84839,2.93288,-505.844,-0.0110084,0.0010768,-0.013664,0.0175868,4.033,3.03709,-505.638,-0.0114245,0.00111783,-0.0137531,0.0179149
1569,3.84839,2.93288,-505.844,-0.0108435,0.00154232,-0.0133256,0.0172582,4.033,3.03709,-505.638,-0.011238,0.00157866,-0.0135826,0.0177009
1570,3.84839,2.93288,-505.844,-0.0107173,0.00233498,-0.0137531,0.0176016,4.033,3.03709,-505.638,-0.0111429,0.00238687,-0.0137634,0.01787
1571,3.84839,2.93288,-505.844,-0.0107998,0.00276855,-0.0133502,0.0174069,4.033,3.03709,-505.638,-0.011189,0.00283895,-0.0134422,0.0177208
1572,3.84839,2.93288,-505.844,-0.0106864,0.00330617,-0.0130967,0.0172343,4.033,3.03709,-505.638,-0.0110744,0.00335831,-0.0131611,0.0175268
1573,3.84839,2.93288,-505.844,-0.0105415,0.00370865,-0.0130056,0.0171568,4.033,3.03709,-505.638,-0.0109738,0.00379619,-0.0130727,0.0174863
1574,3.84839,2.93288,-505.844,-0.0104753,0.00389248,-0.0125007,0.0167786,4.033,3.03709,-505.638,-0.0108733,0.00392086,-0.0126141,0.0171108
1575,3.84839,2.93288,-505.844,-0.0102686,0.00395076,-0.0128251,0.0169094,4.033,3.03709,-505.638,-0.0107049,0.00402367,-0.0130747,0.0173723
1576,3.84839,2.93288,-505.844,-0.0100346,0.00401631,-0.0127093,0.0166947,4.033,3.03709,-505.638,-0.0104566,0.00410057,-0.012914,0.0171168
1577,3.84839,2.93288,-505.844,-0.00977062,0.00388036,-0.013142,0.0168429,4.033,3.03709,-505.638,-0.0101657,0.00393949,-0.0131393,0.0170757
1578,3.84839,2.93288,-505.844,-0.00958002,0.00357105,-0.012094,0.0158484,4.033,3.03709,-505.638,-0.00997023,0.00365856,-0.0123293,0.0162747
1579,3.84839,2.93288,-505.844,-0.00946008,0.00331446,-0.0124583,0.0160003,4.033,3.03709,-505.638,-0.00985321,0.00338433,-0.0125709,0.0163283
1580,3.84839,2.93288,-505.844,-0.00925858,0.00274014,-0.0122547,0.0156091,4.033,3.03709,-505.638,-0.00963275,0.00279863,-0.0122311,0.0158191
1581,3.84839,2.93288,-505.844,-0.00907311,0.0021656,-0.0126481,0.0157278,4.033,3.03709,-505.638,-0.00951724,0.00220781,-0.0127525,0.0160661
1582,3.84839,2.93288,-505.844,-0.00878932,0.00133501,-0.0122006,0.0151046,4.033,3.03709,-505.638,-0.00921045,0.00136639,-0.0123712,0.0154848
1583,3.84839,2.93288,-505.844,-0.00873527,0.000590871,-0.0128646,0.01557,4.033,3.03709,-505.638,-0.00916762,0.000611084,-0.0129307,0.0158634
1584,3.84839,2.93288,-505.844,-0.00866469,-0.000212193,-0.0119614,0.0147875,4.033,3.03709,-505.638,-0.00907666,-0.000165526,-0.0121469,0.0151668
1585,3.84839,2.93288,-505.844,-0.00844349,-0.000948697,-0.011696,0.0144687,4.033,3.03709,-505.638,-0.00888413,-0.000919811,-0.0119143,0.0148919
1586,3.84839,2.93288,-505.844,-0.00840563,-0.00175709,-0.0112207,0.0141375,4.033,3.03709,-505.638,-0.00880302,-0.00172582,-0.0115072,0.0145915
1587,3.84839,2.93288,-505.844,-0.00838897,-0.00228799,-0.0117733,0.0146433,4.033,3.03709,-505.638,-0.00881732,-0.00224983,-0.0121716,0.0151978
1588,3.84839,2.93288,-505.844,-0.00836821,-0.00289138,-0.0121392,0.0150468,4.033,3.03709,-505.638,-0.00878391,-0.00285501,-0.0122918,0.0153786
1589,3.84839,2.93288,-505.844,-0.00848574,-0.00333366,-0.0112434,0.0144837,4.033,3.03709,-505.638,-0.00888183,-0.00331383,-0.0113536,0.0147919
1590,3.84839,2.93288,-505.844,-0.00855785,-0.00372736,-0.0110001,0.0144361,4.033,3.03709,-505.638,-0.00898006,-0.00370411,-0.0112067,0.0148318
1591,3.84839,2.93288,-505.844,-0.00864109,-0.00403379,-0.0102299,0.0139952,4.033,3.03709,-505.638,-0.00902971,-0.0040026,-0.0103859,0.0143339
1592,3.84839,2.93288,-505.844,-0.00865249,-0.00421988,-0.0105486,0.0142914,4.033,3.03709,-505.638,-0.00907359,-0.00423648,-0.0106208,0.0145984
1593,3.84839,2.93288,-505.844,-0.00855504,-0.00426222,-0.00938375,0.0134015,4.033,3.03709,-505.638,-0.00892324,-0.00425312,-0.00938154,0.0136287
1594,3.84839,2.93288,-505.844,-0.00875198,-0.00416968,-0.00934512,0.0134759,4.033,3.03709,-505.638,-0.00915883,-0.00419195,-0.0094634,0.0138221
1595,3.84839,2.93288,-505.844,-0.00869493,-0.00392253,-0.00916373,0.0132417,4.033,3.03709,-505.638,-0.00910734,-0.0038987,-0.00943112,0.0136801
1596,3.84839,2.93288,-505.844,-0.00863057,-0.00349347,-0.00872299,0.0127687,4.033,3.03709,-505.638,-0.00903211,-0.00346667,-0.00888317,0.0131358
1597,3.84839,2.93288,-505.844,-0.00872008,-0.0031051,-0.00790367,0.0121798,4.033,3.03709,-505.638,-0.00911154,-0.00307942,-0.00811043,0.0125819
1598,3.84839,2.93288,-505.844,-0.00869333,-0.00242817,-0.00809032,0.0121346,4.033,3.03709,-505.638,-0.00908767,-0.00236265,-0.00818336,0.0124576
1599,3.84839,2.93288,-505.844,-0.00853116,-0.00192377,-0.00739455,0.0114601,4.033,3.03709,-505.638,-0.00891102,-0.00185668,-0.00740749,0.0117361
1600,3.84839,2.93288,-505.844,-0.00858745,-0.00134403,-0.00685658,0.0110775,4.033,3.03709,-505.638,-0.00895548,-0.00127336,-0.00700574,0.0114418
1601,3.84839,2.93288,-505.844,-0.00845822,-0.000906934,-0.00676706,0.0108792,4.033,3.03709,-505.638,-0.00886262,-0.000850217,-0.00689093,0.0112598
1602,3.84839,2.93288,-505.844,-0.00833203,-0.000489969,-0.00665729,0.010692,4.033,3.03709,-505.638,-0.00869358,-0.000409266,-0.0067804,0.0110351
1603,3.84839,2.93288,-505.844,-0.00822316,1.17729e-05,-0.00646295,0.0104713,4.033,3.03709,-505.638,-0.00858218,9.87208e-05,-0.00650392,0.0107705
1604,3.84839,2.93288,-505.844,-0.00794431,0.000149363,-0.00640882,0.0102247,4.033,3.03709,-505.638,-0.00832212,0.000227692,-0.00649397,0.0105607
1605,3.84839,2.93288,-505.844,-0.0076798,0.000485044,-0.00689337,0.0103523,4.033,3.03709,-505.638,-0.00806432,0.000565799,-0.00694035,0.0106581
1606,3.84839,2.93288,-505.844,-0.00763991,0.000632408,-0.00674574,0.0102206,4.033,3.03709,-505.638,-0.00803821,0.000716815,-0.00685181,0.0105874
1607,3.84839,2.93288,-505.844,-0.0073404,0.000744736,-0.00695016,0.0101539,4.033,3.03709,-505.638,-0.00775619,0.000819813,-0.00687299,0.0103978
1608,3.84839,2.93288,-505.844,-0.00724053,0.000550705,-0.0074459,0.010425,4.033,3.03709,-505.638,-0.00763079,0.000642558,-0.00739566,0.0106494
1609,3.84839,2.93288,-505.844,-0.00708256,0.000334497,-0.00709067,0.0100437,4.033,3.03709,-505.638,-0.00748587,0.00041469,-0.00714166,0.0103568
1610,3.84839,2.93288,-505.844,-0.00696761,7.49439e-05,-0.0068772,0.00980887,4.033,3.03709,-505.638,-0.00735246,0.000151404,-0.00680295,0.0100204
1611,3.84839,2.93288,-505.844,-0.00662471,-0.000467938,-0.00693876,0.00961986,4.033,3.03709,-505.638,-0.00703878,-0.000413511,-0.00694264,0.00989708
1612,3.84839,2.93288,-505.844,-0.00659881,-0.000831256,-0.00749862,0.0100412,4.033,3.03709,-505.638,-0.00699264,-0.000756455,-0.00746911,0.0102618
1613,3.84839,2.93288,-505.844,-0.00645711,-0.00140657,-0.00730818,0.00986615,4.033,3.03709,-505.638,-0.00686571,-0.00135611,-0.00738782,0.0101776
1614,3.84839,2.93288,-505.844,-0.00636268,-0.00197222,-0.00751477,0.0100519,4.033,3.03709,-505.638,-0.00676942,-0.0019769,-0.00767764,0.0104261
1615,3.84839,2.93288,-505.844,-0.00634634,-0.00252119,-0.00818719,0.0106799,4.033,3.03709,-505.638,-0.00673969,-0.002486,-0.00832354,0.0109971
1616,3.84839,2.93288,-505.844,-0.00631467,-0.00282187,-0.00762785,0.0103096,4.033,3.03709,-505.638,-0.0067247,-0.00276646,-0.0076851,0.0105813
1617,3.84839,2.93288,-505.844,-0.00641988,-0.00335638,-0.00746825,0.0104195,4.033,3.03709,-505.638,-0.00684865,-0.0033008,-0.00754694,0.010714
1618,3.84839,2.93288,-505.844,-0.00651727,-0.00365743,-0.00807653,0.0110126,4.033,3.03709,-505.638,-0.00688663,-0.00361063,-0.00826764,0.0113509
1619,3.84839,2.93288,-505.844,-0.00669399,-0.0040161,-0.00778113,0.0110408,4.033,3.03709,-505.638,-0.00708862,-0.00398227,-0.00803033,0.01143
1620,3.84839,2.93288,-505.844,-0.00687537,-0.00410095,-0.00722037,0.0107925,4.033,3.03709,-505.638,-0.0072552,-0.00411143,-0.00718705,0.01101
1621,3.84839,2.93288,-505.844,-0.00700088,-0.00413902,-0.0081607,0.0115392,4.033,3.03709,-505.638,-0.00741105,-0.00409981,-0.00841123,0.0119391
1622,3.84839,2.93288,-505.844,-0.00717247,-0.00415812,-0.00771554,0.0113358,4.033,3.03709,-505.638,-0.00760057,-0.00414885,-0.00788274,0.0117105
1623,3.84839,2.93288,-505.844,-0.00741202,-0.00376616,-0.00783053,0.0114338,4.033,3.03709,-505.638,-0.00780879,-0.00375766,-0.00792074,0.0117423
1624,3.84839,2.93288,-505.844,-0.00757523,-0.00343597,-0.00837271,0.0118125,4.033,3.03709,-505.638,-0.00799331,-0.00339488,-0.00850669,0.0121576
1625,3.84839,2.93288,-505.844,-0.00787422,-0.00295691,-0.00844657,0.0119342,4.033,3.03709,-505.638,-0.00828839,-0.00293704,-0.00876085,0.0124143
1626,3.84839,2.93288,-505.844,-0.00809626,-0.00232988,-0.00870206,0.0121182,4.033,3.03709,-505.638,-0.00848211,-0.00231638,-0.00880243,0.0124421
1627,3.84839,2.93288,-505.844,-0.00835323,-0.0016438,-0.00893375,0.0123716,4.033,3.03709,-505.638,-0.00875966,-0.00159733,-0.00892968,0.0126162
1628,3.84839,2.93288,-505.844,-0.00859462,-0.000802378,-0.00852725,0.0121406,4.033,3.03709,-505.638,-0.00898076,-0.000772056,-0.00872309,0.0125443
1629,3.84839,2.93288,-505.844,-0.00874041,-0.00011346,-0.00939159,0.0128424,4.033,3.03709,-505.638,-0.00911432,-9.55137e-05,-0.00928402,0.0130124
1630,3.84839,2.93288,-505.844,-0.00875122,0.00058042,-0.00910261,0.0126505,4.033,3.03709,-505.638,-0.00914267,0.000623315,-0.00921685,0.0129985
1631,3.84839,2.93288,-505.844,-0.00888359,0.0014036,-0.0100018,0.0134632,4.033,3.03709,-505.638,-0.00924478,0.00143673,-0.0099599,0.0136664
1632,3.84839,2.93288,-505.844,-0.00886165,0.00210401,-0.0101456,0.0136441,4.033,3.03709,-505.638,-0.00926579,0.00217858,-0.0102192,0.0139668
1633,3.84839,2.93288,-505.844,-0.00891961,0.002733,-0.0101748,0.0138145,4.033,3.03709,-505.638,-0.00934994,0.00280855,-0.0102001,0.0141204
1634,3.84839,2.93288,-505.844,-0.00892372,0.00328355,-0.010508,0.0141873,4.033,3.03709,-505.638,-0.00931275,0.003346,-0.0105749,0.0144853
1635,3.84839,2.93288,-505.844,-0.00877323,0.00363571,-0.011114,0.0146285,4.033,3.03709,-505.638,-0.00913444,0.00373221,-0.0112042,0.0149312
1636,3.84839,2.93288,-505.844,-0.00869586,0.00399862,-0.0116737,0.0151049,4.033,3.03709,-505.638,-0.0091006,0.0041201,-0.0117342,0.0154117
1637,3.84839,2.93288,-505.844,-0.0085546,0.00407116,-0.011665,0.0150355,4.033,3.03709,-505.638,-0.00892262,0.00414365,-0.0116335,0.0152362
1638,3.84839,2.93288,-505.844,-0.00854055,0.00417595,-0.0119384,0.0152689,4.033,3.03709,-505.638,-0.00896423,0.00425976,-0.0119782,0.0155562
1639,3.84839,2.93288,-505.844,-0.00841075,0.00407496,-0.0130134,0.0160304,4.033,3.03709,-505.638,-0.00883237,0.00418894,-0.0131979,0.0164248
1640,3.84839,2.93288,-505.844,-0.00824081,0.00392741,-0.0133004,0.0161447,4.033,3.03709,-505.638,-0.00864978,0.00399371,-0.0133431,0.016397
1641,3.84839,2.93288,-505.844,-0.00807511,0.0036004,-0.0138429,0.0164324,4.033,3.03709,-505.638,-0.00847625,0.0037057,-0.0139643,0.0167512
1642,3.84839,2.93288,-505.844,-0.00797069,0.00325492,-0.0138948,0.016352,4.033,3.03709,-505.638,-0.00836323,0.0033072,-0.013983,0.0166259
1643,3.84839,2.93288,-505.844,-0.00784147,0.00297059,-0.014092,0.0164038,4.033,3.03709,-505.638,-0.00823405,0.0030517,-0.0141578,0.0166603
1644,3.84839,2.93288,-505.844,-0.00780484,0.00243316,-0.0152966,0.0173523,4.033,3.03709,-505.638,-0.0082041,0.00248833,-0.0153698,0.0176
1645,3.84839,2.93288,-505.844,-0.00786522,0.00210057,-0.0152687,0.0173105,4.033,3.03709,-505.638,-0.00826099,0.00212015,-0.0152782,0.017498
1646,3.84839,2.93288,-505.844,-0.00800238,0.00180213,-0.0155783,0.0176165,4.033,3.03709,-505.638,-0.00843424,0.00183857,-0.0158574,0.0180562
1647,3.84839,2.93288,-505.844,-0.00797466,0.0013597,-0.0161168,0.0180399,4.033,3.03709,-505.638,-0.00840902,0.00139328,-0.0164029,0.018486
1648,3.84839,2.93288,-505.844,-0.00822641,0.00118711,-0.0164132,0.0184011,4.033,3.03709,-505.638,-0.00864334,0.0012038,-0.0165739,0.018731
1649,3.84839,2.93288,-505.844,-0.00829267,0.00105933,-0.0162552,0.0182857,4.033,3.03709,-505.638,-0.00869412,0.00105532,-0.0163804,0.0185754
1650,3.84839,2.93288,-505.844,-0.00844115,0.0010352,-0.0165916,0.0186494,4.033,3.03709,-505.638,-0.00886264,0.00106723,-0.016776,0.0190036
1651,3.84839,2.93288,-505.844,-0.00862986,0.00116051,-0.0169746,0.0190845,4.033,3.03709,-505.638,-0.00901432,0.00119494,-0.0171768,0.0194361
1652,3.84839,2.93288,-505.844,-0.00894808,0.00135987,-0.017011,0.0192745,4.033,3.03709,-505.638,-0.00934596,0.00136042,-0.017308,0.0197177
1653,3.84839,2.93288,-505.844,-0.00903506,0.00171031,-0.017259,0.0195624,4.033,3.03709,-505.638,-0.00945869,0.00173008,-0.0173518,0.0198385
1654,3.84839,2.93288,-505.844,-0.00945939,0.00203024,-0.0173861,0.0199035,4.033,3.03709,-505.638,-0.00986592,0.00207322,-0.0176323,0.0203117
1655,3.84839,2.93288,-505.844,-0.00958031,0.00246059,-0.0174462,0.0200598,4.033,3.03709,-505.638,-0.00996696,0.00248478,-0.0175567,0.0203413
1656,3.84839,2.93288,-505.844,-0.00981684,0.00309852,-0.0171475,0.0200062,4.033,3.03709,-505.638,-0.0102161,0.00309648,-0.0171786,0.0202257
1657,3.84839,2.93288,-505.844,-0.0101038,0.00344232,-0.016784,0.0198929,4.033,3.03709,-505.638,-0.0105169,0.00347955,-0.017051,0.0203335
1658,3.84839,2.93288,-505.844,-0.0102744,0.00400744,-0.0172745,0.020502,4.033,3.03709,-505.638,-0.0106777,0.00408372,-0.0173693,0.0207947
1659,3.84839,2.93288,-505.844,-0.0103067,0.00467205,-0.0175508,0.0208887,4.033,3.03709,-505.638,-0.010684,0.00472357,-0.017739,0.0212404
1660,3.84839,2.93288,-505.844,-0.0104014,0.00507946,-0.0175842,0.0210579,4.033,3.03709,-505.638,-0.0107985,0.00515115,-0.0176704,0.0213403
1661,3.84839,2.93288,-505.844,-0.0105876,0.00565028,-0.0173672,0.0211208,4.033,3.03709,-505.638,-0.0110079,0.00571112,-0.0174754,0.0214299
1662,3.84839,2.93288,-505.844,-0.0105686,0.00604525,-0.0168283,0.0207759,4.033,3.03709,-505.638,-0.0109519,0.00611944,-0.0167966,0.020965
1663,3.84839,2.93288,-505.844,-0.0105668,0.00616756,-0.0172724,0.0211738,4.033,3.03709,-505.638,-0.0109779,0.00622234,-0.0173455,0.0214507
1664,3.84839,2.93288,-505.844,-0.010721,0.00640815,-0.0175498,0.0215491,4.033,3.03709,-505.638,-0.0110926,0.00649021,-0.0174336,0.0216596
1665,3.84839,2.93288,-505.844,-0.0105345,0.00630083,-0.0170574,0.0210217,4.033,3.03709,-505.638,-0.0109287,0.00639563,-0.0170235,0.0212171
1666,3.84839,2.93288,-505.844,-0.0106179,0.00614828,-0.0171578,0.0211042,4.033,3.03709,-505.638,-0.0110167,0.00623454,-0.0173723,0.0214965
1667,3.84839,2.93288,-505.844,-0.0102896,0.00585293,-0.0167988,0.0205568,4.033,3.03709,-505.638,-0.0107113,0.00593994,-0.0169226,0.0208906
1668,3.84839,2.93288,-505.844,-0.0104982,0.00544924,-0.0172933,0.0209587,4.033,3.03709,-505.638,-0.0108905,0.00551747,-0.0173493,0.0212152
1669,3.84839,2.93288,-505.844,-0.0103099,0.00500287,-0.0168676,0.0203946,4.033,3.03709,-505.638,-0.0107376,0.00507875,-0.0170271,0.0207609
1670,3.84839,2.93288,-505.844,-0.0102489,0.00450528,-0.0170619,0.0204124,4.033,3.03709,-505.638,-0.0106463,0.00458141,-0.0170785,0.0206404
1671,3.84839,2.93288,-505.844,-0.0103283,0.00388237,-0.0173219,0.0205426,4.033,3.03709,-505.638,-0.0107449,0.00391037,-0.0174705,0.0208802
1672,3.84839,2.93288,-505.844,-0.0103251,0.00336571,-0.0167841,0.0199979,4.033,3.03709,-505.638,-0.0107292,0.00340431,-0.0167254,0.0201609
1673,3.84839,2.93288,-505.844,-0.0102314,0.00271375,-0.0163784,0.0195053,4.033,3.03709,-505.638,-0.0106185,0.00277511,-0.0163936,0.0197284
1674,3.84839,2.93288,-505.844,-0.0102987,0.00204167,-0.0172056,0.020162,4.033,3.03709,-505.638,-0.0107245,0.0020731,-0.0173074,0.0204666
1675,3.84839,2.93288,-505.844,-0.0104132,0.00140446,-0.0170892,0.0200676,4.033,3.03709,-505.638,-0.0108193,0.00143969,-0.0172088,0.0203789
1676,3.84839,2.93288,-505.844,-0.0105078,0.000922601,-0.0161777,0.0193175,4.033,3.03709,-505.638,-0.0109074,0.000907163,-0.0161698,0.019526
1677,3.84839,2.93288,-505.844,-0.0105493,0.000438887,-0.016295,0.0194264,4.033,3.03709,-505.638,-0.0109448,0.000407664,-0.0162473,0.0195954
1678,3.84839,2.93288,-505.844,-0.0107291,-2.91209e-05,-0.0157691,0.0190775,4.033,3.03709,-505.638,-0.0111185,-2.94551e-05,-0.015701,0.0192393
1679,3.84839,2.93288,-505.844,-0.0106936,-0.000269519,-0.0158348,0.0191162,4.033,3.03709,-505.638,-0.0110812,-0.000251278,-0.0158572,0.0193479
1680,3.84839,2.93288,-505.844,-0.0109358,-0.000283592,-0.0155118,0.0189922,4.033,3.03709,-505.638,-0.0113586,-0.000279929,-0.0154287,0.0191625
1681,3.84839,2.93288,-505.844,-0.0111635,-0.000412694,-0.0148549,0.01859,4.033,3.03709,-505.638,-0.0115606,-0.000414803,-0.0151059,0.0190267
1682,3.84839,2.93288,-505.844,-0.0111573,-0.000540821,-0.0149792,0.018692,4.033,3.03709,-505.638,-0.0115738,-0.000537178,-0.0151806,0.0190978
1683,3.84839,2.93288,-505.844,-0.0111403,-0.000398799,-0.0135954,0.017589,4.033,3.03709,-505.638,-0.0115651,-0.000365423,-0.0135402,0.0178114
1684,3.84839,2.93288,-505.844,-0.0114192,-0.0002357,-0.0141739,0.0182156,4.033,3.03709,-505.638,-0.011803,-0.000200416,-0.0139521,0.0182775
1685,3.84839,2.93288,-505.844,-0.0112415,5.95533e-05,-0.0138754,0.0178704,4.033,3.03709,-505.638,-0.0116437,9.74684e-05,-0.0138618,0.0181057
1686,3.84839,2.93288,-505.844,-0.0113581,0.000321065,-0.0124974,0.0168981,4.033,3.03709,-505.638,-0.0117425,0.000343981,-0.0124911,0.0171481
1687,3.84839,2.93288,-505.844,-0.0111944,0.000580638,-0.0121935,0.016571,4.033,3.03709,-505.638,-0.0115981,0.000642458,-0.0122843,0.0169077
1688,3.84839,2.93288,-505.844,-0.0111848,0.000897011,-0.0116696,0.0161953,4.033,3.03709,-505.638,-0.0115818,0.000919195,-0.0117191,0.016503
1689,3.84839,2.93288,-505.844,-0.0110522,0.00123916,-0.0113759,0.0159141,4.033,3.03709,-505.638,-0.0114481,0.00128439,-0.0114461,0.01624
1690,3.84839,2.93288,-505.844,-0.0109351,0.00143453,-0.0113144,0.015808,4.033,3.03709,-505.638,-0.0113547,0.00150561,-0.0115397,0.0162601
1691,3.84839,2.93288,-505.844,-0.0107851,0.00172444,-0.0110398,0.0155395,4.033,3.03709,-505.638,-0.0111753,0.00180771,-0.0110455,0.0158178
1692,3.84839,2.93288,-505.844,-0.0106597,0.0018386,-0.0112577,0.0156185,4.033,3.03709,-505.638,-0.0110956,0.00193299,-0.0112997,0.0159544
1693,3.84839,2.93288,-505.844,-0.010407,0.00193613,-0.0107266,0.0150734,4.033,3.03709,-505.638,-0.0108168,0.00201861,-0.0109629,0.0155328
1694,3.84839,2.93288,-505.844,-0.0100559,0.00190166,-0.0107002,0.0148197,4.033,3.03709,-505.638,-0.0104427,0.00197029,-0.0105999,0.0150116
1695,3.84839,2.93288,-505.844,-0.00978034,0.00183036,-0.0114255,0.0151589,4.033,3.03709,-505.638,-0.0102095,0.0019139,-0.0115998,0.015572
1696,3.84839,2.93288,-505.844,-0.00956257,0.00176687,-0.0099169,0.0138954,4.033,3.03709,-505.638,-0.00996414,0.00186681,-0.0100877,0.0143022
1697,3.84839,2.93288,-505.844,-0.00936229,0.00143471,-0.010679,0.0142866,4.033,3.03709,-505.638,-0.00974597,0.0015174,-0.0108707,0.0146801
1698,3.84839,2.93288,-505.844,-0.00910227,0.00106193,-0.0103746,0.0138516,4.033,3.03709,-505.638,-0.00947889,0.00111857,-0.0101694,0.0139478
1699,3.84839,2.93288,-505.844,-0.00879062,0.000681798,-0.010446,0.0136798,4.033,3.03709,-505.638,-0.00919668,0.000720249,-0.0106207,0.0140691
1700,3.84839,2.93288,-505.844,-0.00872757,0.000285161,-0.0108261,0.0139182,4.033,3.03709,-505.638,-0.00911582,0.00033866,-0.0109519,0.0142544
1701,3.84839,2.93288,-505.844,-0.00857994,-3.58171e-05,-0.0101772,0.0133189,4.033,3.03709,-505.638,-0.00899903,1.86888e-05,-0.0104176,0.0137669
1702,3.84839,2.93288,-505.844,-0.00842784,-0.000691709,-0.0109025,0.0138077,4.033,3.03709,-505.638,-0.0088402,-0.000659499,-0.0109487,0.014089
1703,3.84839,2.93288,-505.844,-0.0083419,-0.001115,-0.0100044,0.0130821,4.033,3.03709,-505.638,-0.00872876,-0.00107164,-0.0102094,0.0134758
1704,3.84839,2.93288,-505.844,-0.00829325,-0.00153091,-0.0105084,0.0134892,4.033,3.03709,-505.638,-0.00871044,-0.00152472,-0.0105994,0.0138057
1705,3.84839,2.93288,-505.844,-0.0083353,-0.00204572,-0.0102172,0.0133503,4.033,3.03709,-505.638,-0.00873166,-0.00203238,-0.0102352,0.0136069
1706,3.84839,2.93288,-505.844,-0.00814366,-0.00232264,-0.0106848,0.0136432,4.033,3.03709,-505.638,-0.00853567,-0.00230424,-0.010779,0.0139421
1707,3.84839,2.93288,-505.844,-0.00818328,-0.00259129,-0.0103047,0.0134207,4.033,3.03709,-505.638,-0.00859045,-0.00260279,-0.0105445,0.0138493
1708,3.84839,2.93288,-505.844,-0.00825422,-0.00276864,-0.0108626,0.0139336,4.033,3.03709,-505.638,-0.00867628,-0.0027595,-0.0109574,0.014248
1709,3.84839,2.93288,-505.844,-0.00817526,-0.00288486,-0.0101514,0.0133607,4.033,3.03709,-505.638,-0.00854733,-0.00286627,-0.0101251,0.0135583
1710,3.84839,2.93288,-505.844,-0.00859942,-0.00278307,-0.010057,0.0135334,4.033,3.03709,-505.638,-0.00898604,-0.00273724,-0.010148,0.0138304
1711,3.84839,2.93288,-505.844,-0.0085967,-0.00277645,-0.0101611,0.0136028,4.033,3.03709,-505.638,-0.008989,-0.00277862,-0.0103376,0.0139788
1712,3.84839,2.93288,-505.844,-0.0086439,-0.00264025,-0.0100129,0.0134956,4.033,3.03709,-505.638,-0.00903921,-0.00263196,-0.0101216,0.0138238
1713,3.84839,2.93288,-505.844,-0.00862361,-0.00250365,-0.00958395,0.0131421,4.033,3.03709,-505.638,-0.00902065,-0.00248299,-0.00969162,0.013472
1714,3.84839,2.93288,-505.844,-0.00865863,-0.00217973,-0.00962357,0.013139,4.033,3.03709,-505.638,-0.00905433,-0.00217402,-0.00960426,0.0133787
1715,3.84839,2.93288,-505.844,-0.0087641,-0.00181499,-0.00945948,0.0130346,4.033,3.03709,-505.638,-0.00915779,-0.00179543,-0.00947251,0.0132987
1716,3.84839,2.93288,-505.844,-0.00872555,-0.00139738,-0.0100906,0.0134289,4.033,3.03709,-505.638,-0.00915175,-0.00138249,-0.0101882,0.0137672
1717,3.84839,2.93288,-505.844,-0.00866176,-0.0009863,-0.00931896,0.0127765,4.033,3.03709,-505.638,-0.00904164,-0.000949002,-0.0093858,0.0130688
1718,3.84839,2.93288,-505.844,-0.0085879,-0.000764839,-0.00915298,0.0125804,4.033,3.03709,-505.638,-0.0089679,-0.000722469,-0.00917506,0.0128506
1719,3.84839,2.93288,-505.844,-0.00848498,-0.000250754,-0.00927994,0.0125887,4.033,3.03709,-505.638,-0.00887633,-0.000182378,-0.0093735,0.0129124
1720,3.84839,2.93288,-505.844,-0.00854298,-1.603e-05,-0.00931034,0.0126449,4.033,3.03709,-505.638,-0.00893607,3.71158e-05,-0.0095252,0.013062
1721,3.84839,2.93288,-505.844,-0.00850102,0.000172441,-0.00926888,0.0125885,4.033,3.03709,-505.638,-0.00888712,0.000207904,-0.00929652,0.0128641
1722,3.84839,2.93288,-505.844,-0.00821408,0.000481141,-0.00973309,0.0127555,4.033,3.03709,-505.638,-0.00864286,0.0005426,-0.0100235,0.0132481
1723,3.84839,2.93288,-505.844,-0.0081754,0.000586564,-0.0105715,0.0133897,4.033,3.03709,-505.638,-0.00859473,0.000652688,-0.0106154,0.0136758
1724,3.84839,2.93288,-505.844,-0.00797868,0.000622996,-0.00984431,0.0126971,4.033,3.03709,-505.638,-0.00838128,0.000685477,-0.00999854,0.0130658
1725,3.84839,2.93288,-505.844,-0.00786987,0.000684164,-0.00938068,0.0122718,4.033,3.03709,-505.638,-0.00828326,0.000727487,-0.00953221,0.0126501
1726,3.84839,2.93288,-505.844,-0.0076583,0.000654239,-0.0101663,0.0127555,4.033,3.03709,-505.638,-0.00807403,0.000706198,-0.0103718,0.0131643
1727,3.84839,2.93288,-505.844,-0.00759464,0.000496312,-0.0104369,0.0129261,4.033,3.03709,-505.638,-0.00802019,0.00051919,-0.0104844,0.0132113
1728,3.84839,2.93288,-505.844,-0.00751946,0.000217847,-0.0104837,0.0129143,4.033,3.03709,-505.638,-0.00792354,0.000276526,-0.0105857,0.0132269
1729,3.84839,2.93288,-505.844,-0.00737302,0.000105816,-0.0113105,0.0135157,4.033,3.03709,-505.638,-0.00777367,0.000117485,-0.0113532,0.0137619
1730,3.84839,2.93288,-505.844,-0.00736782,-0.000311996,-0.011252,0.0134646,4.033,3.03709,-505.638,-0.00779009,-0.000293782,-0.0113638,0.0137819
1731,3.84839,2.93288,-505.844,-0.00725127,-0.000491168,-0.0113679,0.0135079,4.033,3.03709,-505.638,-0.0076481,-0.000446948,-0.0115916,0.0138968
1732,3.84839,2.93288,-505.844,-0.00717904,-0.000820316,-0.0110814,0.0132377,4.033,3.03709,-505.638,-0.00761382,-0.000794023,-0.0112104,0.0135754
1733,3.84839,2.93288,-505.844,-0.00711027,-0.000995691,-0.0116882,0.0137287,4.033,3.03709,-505.638,-0.00751665,-0.000947056,-0.0117034,0.0139427
1734,3.84839,2.93288,-505.844,-0.00728918,-0.00120135,-0.0117571,0.0138955,4.033,3.03709,-505.638,-0.00769598,-0.00120261,-0.0119073,0.0142303
1735,3.84839,2.93288,-505.844,-0.00728149,-0.0013357,-0.0120392,0.0141419,4.033,3.03709,-505.638,-0.00766408,-0.00133028,-0.0120277,0.0143246
1736,3.84839,2.93288,-505.844,-0.00729955,-0.00154996,-0.0117564,0.0139364,4.033,3.03709,-505.638,-0.00771472,-0.0015368,-0.011878,0.0142478
1737,3.84839,2.93288,-505.844,-0.0073397,-0.00157059,-0.0127085,0.0147734,4.033,3.03709,-505.638,-0.00775447,-0.0015528,-0.0128013,0.015049
1738,3.84839,2.93288,-505.844,-0.00754936,-0.00167905,-0.0128668,0.0150245,4.033,3.03709,-505.638,-0.00798169,-0.00165014,-0.0129859,0.0153338
1739,3.84839,2.93288,-505.844,-0.00768381,-0.00163864,-0.0120591,0.0143998,4.033,3.03709,-505.638,-0.00812532,-0.00160326,-0.0123318,0.0148555
1740,3.84839,2.93288,-505.844,-0.00779978,-0.00143303,-0.0121082,0.0144837,4.033,3.03709,-505.638,-0.00825166,-0.00142374,-0.0123097,0.0148888
1741,3.84839,2.93288,-505.844,-0.00793437,-0.00136829,-0.012513,0.0148912,4.033,3.03709,-505.638,-0.00835292,-0.00134785,-0.0127361,0.015292
1742,3.84839,2.93288,-505.844,-0.00791494,-0.00109473,-0.0119378,0.014373,4.033,3.03709,-505.638,-0.00834607,-0.001091,-0.0120222,0.0146765
1743,3.84839,2.93288,-505.844,-0.00815549,-0.000734506,-0.012083,0.0146097,4.033,3.03709,-505.638,-0.00858928,-0.000710283,-0.0121738,0.0149175
1744,3.84839,2.93288,-505.844,-0.00824057,-0.000452174,-0.0120279,0.0145949,4.033,3.03709,-505.638,-0.00860192,-0.000412982,-0.0121037,0.0148557
1745,3.84839,2.93288,-505.844,-0.00851581,-0.000116528,-0.0128598,0.0154317,4.033,3.03709,-505.638,-0.00893919,-8.70939e-05,-0.01308,0.0158439
1746,3.84839,2.93288,-505.844,-0.00849222,0.00018508,-0.012096,0.0147893,4.033,3.03709,-505.638,-0.00890893,0.000232927,-0.0121434,0.0150638
1747,3.84839,2.93288,-505.844,-0.00867354,0.00070189,-0.0130287,0.0156764,4.033,3.03709,-505.638,-0.00909141,0.000755647,-0.0131559,0.0160105
1748,3.84839,2.93288,-505.844,-0.00883828,0.000948655,-0.0130578,0.0158044,4.033,3.03709,-505.638,-0.00925948,0.00098737,-0.0133313,0.0162627
1749,3.84839,2.93288,-505.844,-0.00892749,0.00130416,-0.0126961,0.0155793,4.033,3.03709,-505.638,-0.00933881,0.00133157,-0.0127671,0.0158741
1750,3.84839,2.93288,-505.844,-0.00894368,0.00169265,-0.0129539,0.015843,4.033,3.03709,-505.638,-0.0093495,0.00169227,-0.0131249,0.0162046
1751,3.84839,2.93288,-505.844,-0.00905409,0.00202975,-0.0145178,0.0172446,4.033,3.03709,-505.638,-0.0094446,0.0020635,-0.0143288,0.0172872
1752,3.84839,2.93288,-505.844,-0.00907372,0.0022424,-0.0130927,0.016092,4.033,3.03709,-505.638,-0.00945762,0.0022974,-0.0131396,0.0163519
1753,3.84839,2.93288,-505.844,-0.00923829,0.00253711,-0.0140116,0.0169841,4.033,3.03709,-505.638,-0.00962394,0.00259476,-0.014179,0.0173335
1754,3.84839,2.93288,-505.844,-0.00917344,0.00270471,-0.014474,0.01736,4.033,3.03709,-505.638,-0.00957497,0.00276842,-0.0144794,0.01758
1755,3.84839,2.93288,-505.844,-0.00929689,0.00276371,-0.0144971,0.0174512,4.033,3.03709,-505.638,-0.00971216,0.00283451,-0.0147686,0.0179029
1756,3.84839,2.93288,-505.844,-0.00927515,0.00274931,-0.0148963,0.0177691,4.033,3.03709,-505.638,-0.00967062,0.0027972,-0.0149222,0.0180011
1757,3.84839,2.93288,-505.844,-0.00934113,0.00280687,-0.0147864,0.0177188,4.033,3.03709,-505.638,-0.00972764,0.00283417,-0.0149079,0.0180254
1758,3.84839,2.93288,-505.844,-0.009422,0.00268054,-0.0158179,0.018613,4.033,3.03709,-505.638,-0.00982644,0.00273928,-0.0158675,0.0188644
1759,3.84839,2.93288,-505.844,-0.00952197,0.00276392,-0.0162599,0.0190541,4.033,3.03709,-505.638,-0.00993726,0.00281971,-0.0163791,0.0193654
1760,3.84839,2.93288,-505.844,-0.00949258,0.00253314,-0.0160671,0.0188398,4.033,3.03709,-505.638,-0.00992144,0.0025815,-0.0161849,0.0191592
1761,3.84839,2.93288,-505.844,-0.00957669,0.00257434,-0.0164236,0.0191958,4.033,3.03709,-505.638,-0.0100088,0.00262591,-0.0163795,0.0193754
1762,3.84839,2.93288,-505.844,-0.00945046,0.00239226,-0.0164749,0.0191476,4.033,3.03709,-505.638,-0.00987162,0.00240074,-0.0166658,0.0195186
1763,3.84839,2.93288,-505.844,-0.00965088,0.00232296,-0.0163714,0.0191502,4.033,3.03709,-505.638,-0.0100317,0.00234678,-0.0164096,0.0193759
1764,3.84839,2.93288,-505.844,-0.00964472,0.00218566,-0.0169401,0.0196239,4.033,3.03709,-505.638,-0.0100797,0.00223725,-0.0169393,0.0198388
1765,3.84839,2.93288,-505.844,-0.00986107,0.00214785,-0.017388,0.0201088,4.033,3.03709,-505.638,-0.0102782,0.00217749,-0.0175773,0.0204782
1766,3.84839,2.93288,-505.844,-0.00998964,0.00208991,-0.0175525,0.0203123,4.033,3.03709,-505.638,-0.0103712,0.00210944,-0.0177261,0.0206463
1767,3.84839,2.93288,-505.844,-0.00981962,0.00189351,-0.0169719,0.0197059,4.033,3.03709,-505.638,-0.0102452,0.0018964,-0.0170163,0.0199534
1768,3.84839,2.93288,-505.844,-0.00994291,0.00196525,-0.0168938,0.0197069,4.033,3.03709,-505.638,-0.0103789,0.00199349,-0.0169788,0.0199999
1769,3.84839,2.93288,-505.844,-0.00993292,0.00174024,-0.0171808,0.0199282,4.033,3.03709,-505.638,-0.0103415,0.00177057,-0.0171509,0.0201062
1770,3.84839,2.93288,-505.844,-0.0099808,0.00198565,-0.0176299,0.0203638,4.033,3.03709,-505.638,-0.0104031,0.0020245,-0.0178017,0.0207187
1771,3.84839,2.93288,-505.844,-0.0101067,0.00208095,-0.0169031,0.0198088,4.033,3.03709,-505.638,-0.010539,0.00209476,-0.0170408,0.020146
1772,3.84839,2.93288,-505.844,-0.0102091,0.00237286,-0.017352,0.0202784,4.033,3.03709,-505.638,-0.0106129,0.00237065,-0.017306,0.0204395
1773,3.84839,2.93288,-505.844,-0.0100736,0.00243659,-0.0171972,0.0200859,4.033,3.03709,-505.638,-0.0104704,0.00248433,-0.0171213,0.0202229
1774,3.84839,2.93288,-505.844,-0.0101976,0.00262697,-0.0173783,0.0203288,4.033,3.03709,-505.638,-0.0106278,0.00267318,-0.0173405,0.020514
1775,3.84839,2.93288,-505.844,-0.0101639,0.00295341,-0.0165941,0.0196898,4.033,3.03709,-505.638,-0.0106011,0.00298201,-0.0165588,0.0198871
1776,3.84839,2.93288,-505.844,-0.0103295,0.0030877,-0.0174343,0.0205068,4.033,3.03709,-505.638,-0.0107777,0.00310721,-0.0175342,0.0208158
1777,3.84839,2.93288,-505.844,-0.0102361,0.00332672,-0.0173725,0.0204461,4.033,3.03709,-505.638,-0.0106465,0.00337023,-0.0174259,0.0206983
1778,3.84839,2.93288,-505.844,-0.0101882,0.0035315,-0.0166543,0.0198457,4.033,3.03709,-505.638,-0.0105885,0.00355987,-0.0168174,0.0201899
1779,3.84839,2.93288,-505.844,-0.0101958,0.00376458,-0.0167241,0.0199552,4.033,3.03709,-505.638,-0.0106104,0.00381423,-0.0167299,0.020176
1780,3.84839,2.93288,-505.844,-0.0101273,0.00401005,-0.0172695,0.0204279,4.033,3.03709,-505.638,-0.0105347,0.00404654,-0.0173535,0.0207018
1781,3.84839,2.93288,-505.844,-0.0101462,0.00422181,-0.0167981,0.0200808,4.033,3.03709,-505.638,-0.0105734,0.00426323,-0.0168854,0.0203745
1782,3.84839,2.93288,-505.844,-0.0100749,0.00437052,-0.017085,0.020321,4.033,3.03709,-505.638,-0.0105014,0.00441305,-0.0170627,0.0205169
1783,3.84839,2.93288,-505.844,-0.0101698,0.00434227,-0.01649,0.0198646,4.033,3.03709,-505.638,-0.0106148,0.00439082,-0.0164267,0.0200459
1784,3.84839,2.93288,-505.844,-0.0101313,0.00440023,-0.0170142,0.0202921,4.033,3.03709,-505.638,-0.0105395,0.00446599,-0.017202,0.0206632
1785,3.84839,2.93288,-505.844,-0.009905,0.00433565,-0.016065,0.0193711,4.033,3.03709,-505.638,-0.0103114,0.00441917,-0.0163694,0.0198455
1786,3.84839,2.93288,-505.844,-0.0099993,0.00426158,-0.0157283,0.0191257,4.033,3.03709,-505.638,-0.010423,0.00429455,-0.0157753,0.0193899
1787,3.84839,2.93288,-505.844,-0.00997821,0.00389236,-0.0161224,0.0193639,4.033,3.03709,-505.638,-0.0103984,0.00389714,-0.0161572,0.0196063
1788,3.84839,2.93288,-505.844,-0.00979913,0.00365319,-0.0157619,0.0189229,4.033,3.03709,-505.638,-0.0102192,0.0036938,-0.0158428,0.0192119
1789,3.84839,2.93288,-505.844,-0.00974155,0.00341638,-0.0161805,0.0191995,4.033,3.03709,-505.638,-0.0101898,0.00346312,-0.0163383,0.019565
1790,3.84839,2.93288,-505.844,-0.00968166,0.0030711,-0.0154752,0.0185218,4.033,3.03709,-505.638,-0.0100907,0.00308855,-0.0155644,0.018806
1791,3.84839,2.93288,-505.844,-0.00973999,0.00268364,-0.0151792,0.0182409,4.033,3.03709,-505.638,-0.0101902,0.00271579,-0.0151818,0.0184856
1792,3.84839,2.93288,-505.844,-0.00959076,0.00229746,-0.0152324,0.0181568,4.033,3.03709,-505.638,-0.0100223,0.0023535,-0.0152687,0.0184165
1793,3.84839,2.93288,-505.844,-0.00973837,0.00177532,-0.0149972,0.0179795,4.033,3.03709,-505.638,-0.010161,0.00180852,-0.0151744,0.0183531
1794,3.84839,2.93288,-505.844,-0.00969814,0.00138383,-0.0147524,0.0177216,4.033,3.03709,-505.638,-0.0101062,0.00142147,-0.0147878,0.0179694
1795,3.84839,2.93288,-505.844,-0.00972835,0.00104393,-0.014287,0.0173205,4.033,3.03709,-505.638,-0.0101405,0.00105993,-0.0143726,0.0176219
1796,3.84839,2.93288,-505.844,-0.00969864,0.000688229,-0.0138462,0.0169267,4.033,3.03709,-505.638,-0.0101028,0.000724558,-0.0141317,0.0173876
1797,3.84839,2.93288,-505.844,-0.0095909,0.000339821,-0.0131681,0.0163024,4.033,3.03709,-505.638,-0.00999174,0.000349254,-0.0133162,0.0166527
1798,3.84839,2.93288,-505.844,-0.00967571,-3.74972e-06,-0.0127205,0.015991,4.033,3.03709,-505.638,-0.0100528,2.1293e-05,-0.0127806,0.0162616
1799,3.84839,2.93288,-505.844,-0.00976909,-0.000175868,-0.0132806,0.0164943,4.033,3.03709,-505.638,-0.0102103,-0.000173942,-0.0135793,0.0169912
1800,3.84839,2.93288,-505.844,-0.00969676,-0.000276089,-0.0117676,0.0152591,4.033,3.03709,-505.638,-0.01014,-0.000262958,-0.0117395,0.0155151
1801,3.84839,2.93288,-505.844,-0.00994596,-0.000398557,-0.0115554,0.0152578,4.033,3.03709,-505.638,-0.0103788,-0.000386338,-0.0116547,0.0156114
1802,3.84839,2.93288,-505.844,-0.0098518,-0.000365255,-0.0113485,0.0150403,4.033,3.03709,-505.638,-0.0102477,-0.000349109,-0.0112698,0.0152369
1803,3.84839,2.93288,-505.844,-0.0099565,-0.00057465,-0.0112772,0.0150675,4.033,3.03709,-505.638,-0.0103706,-0.000520258,-0.0113088,0.0153543
1804,3.84839,2.93288,-505.844,-0.00984102,-0.000626473,-0.0107283,0.0145808,4.033,3.03709,-505.638,-0.0102747,-0.000618621,-0.011046,0.0150998
1805,3.84839,2.93288,-505.844,-0.00983819,-0.000503873,-0.0105746,0.0144675,4.033,3.03709,-505.638,-0.0102447,-0.000476721,-0.0104851,0.0146691
1806,3.84839,2.93288,-505.844,-0.00969407,-0.000349051,-0.00998838,0.0139303,4.033,3.03709,-505.638,-0.0101136,-0.00030744,-0.0100667,0.0142736
1807,3.84839,2.93288,-505.844,-0.00975273,-0.000377072,-0.00968808,0.0137635,4.033,3.03709,-505.638,-0.010156,-0.00032287,-0.00988958,0.0141812
1808,3.84839,2.93288,-505.844,-0.00970044,-0.000280151,-0.0101115,0.0140232,4.033,3.03709,-505.638,-0.0100943,-0.000232251,-0.0101906,0.0143467
1809,3.84839,2.93288,-505.844,-0.00960992,-0.000133838,-0.00892021,0.0131241,4.033,3.03709,-505.638,-0.0100443,-0.000102249,-0.00882988,0.013375
1810,3.84839,2.93288,-505.844,-0.00959994,-0.000111554,-0.00898544,0.0131664,4.033,3.03709,-505.638,-0.0100029,-5.68844e-05,-0.00902098,0.0134727
1811,3.84839,2.93288,-505.844,-0.00933344,-0.000129473,-0.00826151,0.0124775,4.033,3.03709,-505.638,-0.00973106,-9.50747e-05,-0.00842927,0.0128765
1812,3.84839,2.93288,-505.844,-0.00924369,-0.000140309,-0.00830396,0.0124366,4.033,3.03709,-505.638,-0.00965792,-8.42429e-05,-0.00845465,0.0128375
1813,3.84839,2.93288,-505.844,-0.00913559,-0.000274816,-0.00802942,0.0121739,4.033,3.03709,-505.638,-0.0095549,-0.000252017,-0.0080759,0.0125139
1814,3.84839,2.93288,-505.844,-0.00895614,-0.000387396,-0.00815175,0.0121337,4.033,3.03709,-505.638,-0.00936244,-0.000333753,-0.0082785,0.0125048
1815,3.84839,2.93288,-505.844,-0.00864332,-0.000661499,-0.00696638,0.011133,4.033,3.03709,-505.638,-0.00908546,-0.000606731,-0.00712436,0.0115637
1816,3.84839,2.93288,-505.844,-0.0085528,-0.000842104,-0.00683418,0.0109927,4.033,3.03709,-505.638,-0.00899265,-0.000793322,-0.0069173,0.0113743
1817,3.84839,2.93288,-505.844,-0.0083033,-0.00101682,-0.00712918,0.0110081,4.033,3.03709,-505.638,-0.0087074,-0.000979654,-0.00715,0.0113121
1818,3.84839,2.93288,-505.844,-0.00822088,-0.00131142,-0.00747689,0.0112047,4.033,3.03709,-505.638,-0.0086125,-0.00127472,-0.00740775,0.0114331
1819,3.84839,2.93288,-505.844,-0.00790521,-0.00146963,-0.00602727,0.0100579,4.033,3.03709,-505.638,-0.00828736,-0.00142105,-0.00621648,0.0104581
1820,3.84839,2.93288,-505.844,-0.00787684,-0.00190473,-0.00584038,0.0100009,4.033,3.03709,-505.638,-0.00826613,-0.00183305,-0.00611402,0.0104446
1821,3.84839,2.93288,-505.844,-0.00790558,-0.00207605,-0.00604953,0.0101804,4.033,3.03709,-505.638,-0.00830302,-0.00203853,-0.00623651,0.0105839
1822,3.84839,2.93288,-505.844,-0.00760037,-0.00237664,-0.00641897,0.0102445,4.033,3.03709,-505.638,-0.00801493,-0.00236153,-0.0065363,0.0106109
1823,3.84839,2.93288,-505.844,-0.00741813,-0.00258055,-0.00581161,0.00978448,4.033,3.03709,-505.638,-0.00780496,-0.00252908,-0.00594531,0.0101344
1824,3.84839,2.93288,-505.844,-0.00732082,-0.00289747,-0.00566421,0.00971338,4.033,3.03709,-505.638,-0.00773454,-0.00288769,-0.00581486,0.0101002
1825,3.84839,2.93288,-505.844,-0.00716048,-0.00291543,-0.00592586,0.00977018,4.033,3.03709,-505.638,-0.00752501,-0.00289647,-0.00621037,0.0101821
1826,3.84839,2.93288,-505.844,-0.0071893,-0.00309842,-0.00558107,0.00963073,4.033,3.03709,-505.638,-0.00760586,-0.00305333,-0.00581124,0.0100494
1827,3.84839,2.93288,-505.844,-0.0071475,-0.00311221,-0.00520173,0.00938675,4.033,3.03709,-505.638,-0.00753994,-0.00308152,-0.00548256,0.00982022
1828,3.84839,2.93288,-505.844,-0.00712053,-0.00327936,-0.00543324,0.00957158,4.033,3.03709,-505.638,-0.0075142,-0.00327169,-0.00583778,0.0100658
1829,3.84839,2.93288,-505.844,-0.00718609,-0.00321107,-0.00493767,0.00930479,4.033,3.03709,-505.638,-0.00761609,-0.00319283,-0.0049871,0.00964891
1830,3.84839,2.93288,-505.844,-0.00713343,-0.00316802,-0.00531613,0.0094493,4.033,3.03709,-505.638,-0.00753669,-0.00314882,-0.00549188,0.0098429
1831,3.84839,2.93288,-505.844,-0.00708339,-0.00320998,-0.00523698,0.00938198,4.033,3.03709,-505.638,-0.00747662,-0.00320574,-0.00546448,0.00980037
1832,3.84839,2.93288,-505.844,-0.00721663,-0.00299726,-0.00460695,0.00908734,4.033,3.03709,-505.638,-0.00760316,-0.00296951,-0.00478859,0.00946555
1833,3.84839,2.93288,-505.844,-0.00716256,-0.00282471,-0.00486031,0.00913229,4.033,3.03709,-505.638,-0.00758481,-0.00277781,-0.00523916,0.00963184
1834,3.84839,2.93288,-505.844,-0.00719064,-0.0025834,-0.00438791,0.00882338,4.033,3.03709,-505.638,-0.00762247,-0.00256222,-0.00434973,0.0091434
1835,3.84839,2.93288,-505.844,-0.00714195,-0.0023496,-0.00505176,0.00907056,4.033,3.03709,-505.638,-0.00754811,-0.002311,-0.00508836,0.00939311
1836,3.84839,2.93288,-505.844,-0.00717242,-0.00189481,-0.00562999,0.00933465,4.033,3.03709,-505.638,-0.00755975,-0.00186058,-0.00569089,0.00964656
1837,3.84839,2.93288,-505.844,-0.00719614,-0.00165117,-0.0052741,0.00908538,4.033,3.03709,-505.638,-0.00760661,-0.00159135,-0.00525119,0.00938058
1838,3.84839,2.93288,-505.844,-0.0071968,-0.00135186,-0.00574848,0.00932633,4.033,3.03709,-505.638,-0.00760144,-0.00130672,-0.0060055,0.00977806
1839,3.84839,2.93288,-505.844,-0.0072221,-0.00106522,-0.00515653,0.00895173,4.033,3.03709,-505.638,-0.00761395,-0.00099297,-0.00534917,0.00935985
1840,3.84839,2.93288,-505.844,-0.00722247,-0.000765026,-0.00587888,0.0093637,4.033,3.03709,-505.638,-0.00761607,-0.000724649,-0.00589365,0.00966052
1841,3.84839,2.93288,-505.844,-0.00727128,-0.000526752,-0.00556888,0.00918338,4.033,3.03709,-505.638,-0.0076984,-0.000514885,-0.00568275,0.00958394
1842,3.84839,2.93288,-505.844,-0.00713941,-0.000370702,-0.00608224,0.00940308,4.033,3.03709,-505.638,-0.00754615,-0.000314511,-0.00605015,0.00967969
1843,3.84839,2.93288,-505.844,-0.00706396,-0.000153067,-0.00623717,0.00942949,4.033,3.03709,-505.638,-0.00746651,-0.000111078,-0.00640398,0.00983755
1844,3.84839,2.93288,-505.844,-0.00699875,1.74553e-06,-0.00567115,0.00902253,4.033,3.03709,-505.638,-0.00740422,8.53385e-05,-0.00594207,0.00949516
1845,3.84839,2.93288,-505.844,-0.00690865,7.94404e-05,-0.00600899,0.00916993,4.033,3.03709,-505.638,-0.00730021,0.000121376,-0.00616574,0.00955842
1846,3.84839,2.93288,-505.844,-0.00701823,0.000221178,-0.0064366,0.00954084,4.033,3.03709,-505.638,-0.00741155,0.000282245,-0.00650837,0.00986943
1847,3.84839,2.93288,-505.844,-0.00682512,0.000181884,-0.00738636,0.0100799,4.033,3.03709,-505.638,-0.00722587,0.000204217,-0.00764985,0.0105279
1848,3.84839,2.93288,-505.844,-0.00684306,0.000205381,-0.0080165,0.0105501,4.033,3.03709,-505.638,-0.00725052,0.000277573,-0.00822535,0.0109691
1849,3.84839,2.93288,-505.844,-0.00683269,0.000153258,-0.00736516,0.0100597,4.033,3.03709,-505.638,-0.00724095,0.000236456,-0.00743894,0.0103849
1850,3.84839,2.93288,-505.844,-0.0068048,8.70768e-05,-0.00789619,0.0104401,4.033,3.03709,-505.638,-0.00718094,0.000143394,-0.00811041,0.0108355
1851,3.84839,2.93288,-505.844,-0.00668234,4.80715e-06,-0.00775025,0.0102429,4.033,3.03709,-505.638,-0.00705017,1.4642e-05,-0.00783212,0.0105389
1852,3.84839,2.93288,-505.844,-0.00669251,2.03776e-05,-0.00849376,0.0108239,4.033,3.03709,-505.638,-0.00713892,5.99579e-05,-0.00857822,0.0111615
1853,3.84839,2.93288,-505.844,-0.006621,-6.47533e-05,-0.00838392,0.0106917,4.033,3.03709,-505.638,-0.00700303,-3.22548e-05,-0.00845318,0.010978
1854,3.84839,2.93288,-505.844,-0.00684049,-2.13178e-05,-0.00931446,0.0115696,4.033,3.03709,-505.638,-0.00723126,4.9463e-05,-0.00942055,0.0118776
1855,3.84839,2.93288,-505.844,-0.00689861,-0.000119752,-0.00849528,0.0109568,4.033,3.03709,-505.638,-0.00731016,-7.75592e-05,-0.00872303,0.0113832
1856,3.84839,2.93288,-505.844,-0.00683811,-8.62478e-05,-0.00942572,0.0116547,4.033,3.03709,-505.638,-0.00728303,-3.75154e-05,-0.00974789,0.0121694
1857,3.84839,2.93288,-505.844,-0.00706912,4.97362e-05,-0.00946992,0.0118279,4.033,3.03709,-505.638,-0.00747563,9.10587e-05,-0.00978345,0.0123147
1858,3.84839,2.93288,-505.844,-0.00714912,0.000142855,-0.00923582,0.0116866,4.033,3.03709,-505.638,-0.00756376,0.000171112,-0.00940754,0.0120728
1859,3.84839,2.93288,-505.844,-0.0072437,0.000293908,-0.00979172,0.0121926,4.033,3.03709,-505.638,-0.0076427,0.000301835,-0.0100224,0.0126085
1860,3.84839,2.93288,-505.844,-0.00727388,0.000387523,-0.00953324,0.012008,4.033,3.03709,-505.638,-0.0076811,0.000393124,-0.00971077,0.0123889
1861,3.84839,2.93288,-505.844,-0.00737367,0.000668855,-0.0099366,0.0124035,4.033,3.03709,-505.638,-0.00777753,0.000676635,-0.0101201,0.0127832
1862,3.84839,2.93288,-505.844,-0.00746643,0.000947098,-0.00950122,0.0121274,4.033,3.03709,-505.638,-0.0078393,0.000985739,-0.00967236,0.0124899
1863,3.84839,2.93288,-505.844,-0.0075736,0.00134132,-0.0106078,0.013113,4.033,3.03709,-505.638,-0.00797052,0.00137671,-0.0106315,0.0133597
1864,3.84839,2.93288,-505.844,-0.00789872,0.00163382,-0.0101313,0.0129568,4.033,3.03709,-505.638,-0.00832369,0.00167713,-0.0103183,0.0133633
1865,3.84839,2.93288,-505.844,-0.0079165,0.00189427,-0.00989517,0.0128188,4.033,3.03709,-505.638,-0.00832959,0.00192358,-0.00987533,0.0130618
1866,3.84839,2.93288,-505.844,-0.00800963,0.00225146,-0.0113719,0.0141095,4.033,3.03709,-505.638,-0.00842272,0.00233184,-0.0113883,0.0143584
1867,3.84839,2.93288,-505.844,-0.00807091,0.00256667,-0.0104663,0.0134732,4.033,3.03709,-505.638,-0.00850078,0.00262425,-0.0107564,0.0139603
1868,3.84839,2.93288,-505.844,-0.00820708,0.00280604,-0.01086,0.0139082,4.033,3.03709,-505.638,-0.00862836,0.00284255,-0.0109881,0.0142584
1869,3.84839,2.93288,-505.844,-0.00828668,0.00304399,-0.0108071,0.0139615,4.033,3.03709,-505.638,-0.00870416,0.00307362,-0.0108464,0.0142431
1870,3.84839,2.93288,-505.844,-0.0083502,0.00320638,-0.01105,0.0142333,4.033,3.03709,-505.638,-0.00871531,0.0032473,-0.0111498,0.0145219
1871,3.84839,2.93288,-505.844,-0.00827073,0.00336367,-0.0115794,0.0146335,4.033,3.03709,-505.638,-0.00867188,0.00342715,-0.0116924,0.0149568
1872,3.84839,2.93288,-505.844,-0.00836392,0.00356901,-0.0116869,0.0148159,4.033,3.03709,-505.638,-0.00876987,0.00360198,-0.0116989,0.0150587
1873,3.84839,2.93288,-505.844,-0.00838415,0.00368949,-0.0115802,0.0147728,4.033,3.03709,-505.638,-0.00878843,0.00375209,-0.0115963,0.0150271
1874,3.84839,2.93288,-505.844,-0.00859702,0.00357932,-0.0122903,0.015431,4.033,3.03709,-505.638,-0.00904982,0.00366618,-0.0124443,0.0158192
1875,3.84839,2.93288,-505.844,-0.00867735,0.0037087,-0.0119472,0.0152359,4.033,3.03709,-505.638,-0.00908025,0.00377323,-0.0120535,0.0155571
1876,3.84839,2.93288,-505.844,-0.00862478,0.00354298,-0.0121114,0.0152926,4.033,3.03709,-505.638,-0.0090328,0.00356814,-0.0122488,0.0156327
1877,3.84839,2.93288,-505.844,-0.00867412,0.00328751,-0.0120842,0.0152436,4.033,3.03709,-505.638,-0.00908925,0.00334214,-0.0121277,0.0155207
1878,3.84839,2.93288,-505.844,-0.00867608,0.00332081,-0.0121705,0.0153222,4.033,3.03709,-505.638,-0.00910323,0.00338426,-0.012225,0.0156147
1879,3.84839,2.93288,-505.844,-0.00867081,0.00302264,-0.0119964,0.0151174,4.033,3.03709,-505.638,-0.0090763,0.0030718,-0.0120072,0.015363
1880,3.84839,2.93288,-505.844,-0.00882577,0.00300705,-0.0122032,0.0153684,4.033,3.03709,-505.638,-0.0092644,0.00303436,-0.0122737,0.0156756
1881,3.84839,2.93288,-505.844,-0.00890562,0.00295202,-0.0124059,0.0155622,4.033,3.03709,-505.638,-0.00934748,0.00300072,-0.0124784,0.0158781
1882,3.84839,2.93288,-505.844,-0.00893913,0.00278747,-0.0119739,0.0152078,4.033,3.03709,-505.638,-0.00934799,0.00285818,-0.0122168,0.0156472
1883,3.84839,2.93288,-505.844,-0.00919777,0.00284396,-0.0122188,0.015563,4.033,3.03709,-505.638,-0.0095994,0.0029023,-0.0124906,0.0160193
1884,3.84839,2.93288,-505.844,-0.00927898,0.00274,-0.0118528,0.0153096,4.033,3.03709,-505.638,-0.00966672,0.00277597,-0.0120521,0.0156984
1885,3.84839,2.93288,-505.844,-0.00942974,0.00261425,-0.011981,0.0154763,4.033,3.03709,-505.638,-0.00984055,0.0026357,-0.0121543,0.0158599
1886,3.84839,2.93288,-505.844,-0.00950285,0.00264494,-0.0124199,0.0158649,4.033,3.03709,-505.638,-0.00991867,0.00269452,-0.0125943,0.0162564
1887,3.84839,2.93288,-505.844,-0.0095553,0.0026472,-0.0120376,0.015601,4.033,3.03709,-505.638,-0.00996375,0.00265358,-0.0123095,0.0160582
1888,3.84839,2.93288,-505.844,-0.00976802,0.00260716,-0.0122919,0.0159191,4.033,3.03709,-505.638,-0.0102018,0.00265152,-0.0126178,0.0164417
1889,3.84839,2.93288,-505.844,-0.00977455,0.00265813,-0.0121129,0.0157963,4.033,3.03709,-505.638,-0.0101663,0.00271327,-0.0122152,0.0161229
1890,3.84839,2.93288,-505.844,-0.00987274,0.00293737,-0.0120475,0.0158628,4.033,3.03709,-505.638,-0.0102924,0.00299696,-0.0122533,0.0162825
1891,3.84839,2.93288,-505.844,-0.00998868,0.00295953,-0.0118207,0.0157635,4.033,3.03709,-505.638,-0.0104126,0.00299562,-0.0119877,0.0161592
1892,3.84839,2.93288,-505.844,-0.0100907,0.00301623,-0.0117845,0.0158106,4.033,3.03709,-505.638,-0.0105477,0.00306362,-0.012043,0.0163002
1893,3.84839,2.93288,-505.844,-0.0101094,0.00310564,-0.0114672,0.0156053,4.033,3.03709,-505.638,-0.0105278,0.00313707,-0.0115174,0.0159167
1894,3.84839,2.93288,-505.844,-0.0101494,0.00325066,-0.0115707,0.0157362,4.033,3.03709,-505.638,-0.0105826,0.00330729,-0.0117771,0.0161754
1895,3.84839,2.93288,-505.844,-0.0102086,0.00329175,-0.0117272,0.0158981,4.033,3.03709,-505.638,-0.0106412,0.00328398,-0.0117537,0.016192
1896,3.84839,2.93288,-505.844,-0.0100033,0.00341654,-0.0115478,0.0156639,4.033,3.03709,-505.638,-0.0104452,0.00343459,-0.0116247,0.0160019
1897,3.84839,2.93288,-505.844,-0.0100823,0.00345869,-0.0114352,0.015644,4.033,3.03709,-505.638,-0.0104767,0.00348009,-0.01126,0.0157703
1898,3.84839,2.93288,-505.844,-0.00992391,0.00361402,-0.0108782,0.0151684,4.033,3.03709,-505.638,-0.0103049,0.00367044,-0.0110118,0.0155222
1899,3.84839,2.93288,-505.844,-0.00994817,0.00366184,-0.0112071,0.0154332,4.033,3.03709,-505.638,-0.01038,0.00366902,-0.0112551,0.015745
1900,3.84839,2.93288,-505.844,-0.00986519,0.00374573,-0.0114024,0.0155418,4.033,3.03709,-505.638,-0.0102649,0.00380882,-0.0115568,0.0159204
1901,3.84839,2.93288,-505.844,-0.00985193,0.0036962,-0.0113331,0.0154774,4.033,3.03709,-505.638,-0.0102957,0.00375309,-0.0112978,0.0157409
1902,3.84839,2.93288,-505.844,-0.0097538,0.00366737,-0.0114393,0.0154844,4.033,3.03709,-505.638,-0.0101946,0.00372073,-0.0114345,0.0157659
1903,3.84839,2.93288,-505.844,-0.00968741,0.00361401,-0.0102848,0.0145895,4.033,3.03709,-505.638,-0.0101132,0.00366582,-0.0103435,0.0149236
1904,3.84839,2.93288,-505.844,-0.00964651,0.00349055,-0.0106969,0.0148335,4.033,3.03709,-505.638,-0.0100361,0.00350254,-0.0105799,0.0149992
1905,3.84839,2.93288,-505.844,-0.00948983,0.00336611,-0.0106716,0.0146809,4.033,3.03709,-505.638,-0.00993626,0.0034045,-0.0107059,0.0149987
1906,3.84839,2.93288,-505.844,-0.00940989,0.00317281,-0.0105404,0.0144882,4.033,3.03709,-505.638,-0.00982458,0.00320219,-0.0105921,0.014798
1907,3.84839,2.93288,-505.844,-0.00922394,0.00305515,-0.00968048,0.0137194,4.033,3.03709,-505.638,-0.00964985,0.00310828,-0.00977295,0.0140817
1908,3.84839,2.93288,-505.844,-0.00910257,0.00290555,-0.0103131,0.0140677,4.033,3.03709,-505.638,-0.00951572,0.00295728,-0.0103824,0.0143916
1909,3.84839,2.93288,-505.844,-0.00907551,0.00274441,-0.0106372,0.0142632,4.033,3.03709,-505.638,-0.00948935,0.00279592,-0.0107576,0.0146168
1910,3.84839,2.93288,-505.844,-0.00907573,0.00266235,-0.0101404,0.0138823,4.033,3.03709,-505.638,-0.00949538,0.00268501,-0.00999804,0.0140496
1911,3.84839,2.93288,-505.844,-0.00902447,0.00247967,-0.00987802,0.0136154,4.033,3.03709,-505.638,-0.00942927,0.00251288,-0.0100116,0.0139817
1912,3.84839,2.93288,-505.844,-0.00911036,0.00234955,-0.00908178,0.0130842,4.033,3.03709,-505.638,-0.00952777,0.00237415,-0.00927888,0.0135107
1913,3.84839,2.93288,-505.844,-0.00884634,0.00222074,-0.0090749,0.0128757,4.033,3.03709,-505.638,-0.00929358,0.0022683,-0.00909833,0.0132034
1914,3.84839,2.93288,-505.844,-0.00891622,0.00212938,-0.00891538,0.0127929,4.033,3.03709,-505.638,-0.00935752,0.0021568,-0.00906883,0.0132086
1915,3.84839,2.93288,-505.844,-0.00887014,0.00204173,-0.0084003,0.0123964,4.033,3.03709,-505.638,-0.00928785,0.00206842,-0.00832597,0.0126447
1916,3.84839,2.93288,-505.844,-0.00878652,0.00200344,-0.0088224,0.0126221,4.033,3.03709,-505.638,-0.00918932,0.00202339,-0.00881698,0.0128961
1917,3.84839,2.93288,-505.844,-0.00865916,0.00192423,-0.00886796,0.0125637,4.033,3.03709,-505.638,-0.00906986,0.00198155,-0.0089517,0.0129005
1918,3.84839,2.93288,-505.844,-0.00868768,0.00191546,-0.00821533,0.012123,4.033,3.03709,-505.638,-0.00911062,0.00197671,-0.00837013,0.0125308
1919,3.84839,2.93288,-505.844,-0.00867429,0.00193011,-0.00843848,0.0122702,4.033,3.03709,-505.638,-0.00913269,0.00201403,-0.00839859,0.0125721
1920,3.84839,2.93288,-505.844,-0.00873637,0.00192357,-0.00728677,0.0115475,4.033,3.03709,-505.638,-0.00913953,0.00196733,-0.00727721,0.0118483
1921,3.84839,2.93288,-505.844,-0.00871855,0.00182888,-0.00709768,0.0113978,4.033,3.03709,-505.638,-0.00913056,0.00188406,-0.00713788,0.0117424
1922,3.84839,2.93288,-505.844,-0.00870926,0.0017957,-0.0068627,0.011248,4.033,3.03709,-505.638,-0.00910582,0.00186586,-0.00676188,0.0114969
1923,3.84839,2.93288,-505.844,-0.00861512,0.00158342,-0.00688573,0.0111543,4.033,3.03709,-505.638,-0.00904157,0.00163909,-0.00690349,0.0114953
1924,3.84839,2.93288,-505.844,-0.00848951,0.00169615,-0.00673109,0.0109847,4.033,3.03709,-505.638,-0.00893328,0.00176011,-0.00674473,0.0113341
1925,3.84839,2.93288,-505.844,-0.00856883,0.00158441,-0.00578077,0.0104655,4.033,3.03709,-505.638,-0.00900029,0.0016348,-0.00568659,0.0107715
1926,3.84839,2.93288,-505.844,-0.00850808,0.001525,-0.00622257,0.0106648,4.033,3.03709,-505.638,-0.0089571,0.00158944,-0.00617445,0.0109962
1927,3.84839,2.93288,-505.844,-0.00843718,0.00146528,-0.00577549,0.010341,4.033,3.03709,-505.638,-0.00886967,0.00152972,-0.00575588,0.0106857
1928,3.84839,2.93288,-505.844,-0.00841739,0.00143343,-0.00582116,0.0103456,4.033,3.03709,-505.638,-0.00883625,0.0015002,-0.0057468,0.0106484
1929,3.84839,2.93288,-505.844,-0.00839317,0.00125879,-0.00558978,0.0101765,4.033,3.03709,-505.638,-0.00880509,0.00128305,-0.0055112,0.010469
1930,3.84839,2.93288,-505.844,-0.00834527,0.000907835,-0.00537573,0.00997081,4.033,3.03709,-505.638,-0.0087869,0.000965054,-0.00557578,0.0104514
1931,3.84839,2.93288,-505.844,-0.00832895,0.000849399,-0.00512833,0.00982942,4.033,3.03709,-505.638,-0.00877133,0.000890205,-0.00516175,0.0102186
1932,3.84839,2.93288,-505.844,-0.00825338,0.000456129,-0.0052256,0.00978674,4.033,3.03709,-505.638,-0.00869524,0.000507416,-0.00534909,0.0102225
1933,3.84839,2.93288,-505.844,-0.00824809,0.000286599,-0.00501748,0.0096685,4.033,3.03709,-505.638,-0.00867042,0.000271164,-0.00528417,0.0101589
1934,3.84839,2.93288,-505.844,-0.00798967,-9.63008e-05,-0.00522367,0.00954922,4.033,3.03709,-505.638,-0.00840334,-5.94303e-05,-0.00543472,0.010008
1935,3.84839,2.93288,-505.844,-0.00804714,-0.000406648,-0.005771,0.00992264,4.033,3.03709,-505.638,-0.00850995,-0.00038024,-0.0059014,0.0103648
1936,3.84839,2.93288,-505.844,-0.00795395,-0.000584953,-0.00519462,0.00953512,4.033,3.03709,-505.638,-0.00840258,-0.000574492,-0.00512931,0.00986344
1937,3.84839,2.93288,-505.844,-0.00787325,-0.000891823,-0.00468505,0.00921362,4.033,3.03709,-505.638,-0.008313,-0.000870921,-0.00471174,0.00959603
1938,3.84839,2.93288,-505.844,-0.00782581,-0.00109269,-0.00504944,0.00939134,4.033,3.03709,-505.638,-0.00824723,-0.00109405,-0.00509134,0.00975665
1939,3.84839,2.93288,-505.844,-0.00779228,-0.00133552,-0.00448059,0.00909037,4.033,3.03709,-505.638,-0.00820332,-0.00132691,-0.00460469,0.00950053
1940,3.84839,2.93288,-505.844,-0.00775357,-0.00140467,-0.00492872,0.00930059,4.033,3.03709,-505.638,-0.00816228,-0.00137791,-0.00502525,0.00968458
1941,3.84839,2.93288,-505.844,-0.00778767,-0.0015992,-0.00477261,0.0092878,4.033,3.03709,-505.638,-0.00819506,-0.00160464,-0.0049773,0.00972354
1942,3.84839,2.93288,-505.844,-0.00759776,-0.00156696,-0.0045443,0.00900158,4.033,3.03709,-505.638,-0.00803015,-0.00155924,-0.00472922,0.00945062
1943,3.84839,2.93288,-505.844,-0.007555,-0.00149363,-0.0040366,0.00869838,4.033,3.03709,-505.638,-0.00800485,-0.00148606,-0.00421207,0.00916698
1944,3.84839,2.93288,-505.844,-0.0074626,-0.00133286,-0.00430935,0.00872956,4.033,3.03709,-505.638,-0.00789763,-0.00131631,-0.00432117,0.00909919
1945,3.84839,2.93288,-505.844,-0.00745809,-0.00111956,-0.00425195,0.00866353,4.033,3.03709,-505.638,-0.00788105,-0.00109442,-0.00434114,0.00906458
1946,3.84839,2.93288,-505.844,-0.00751143,-0.00101426,-0.00416283,0.00865658,4.033,3.03709,-505.638,-0.00793981,-0.000975612,-0.00422942,0.00905021
1947,3.84839,2.93288,-505.844,-0.00755125,-0.000722042,-0.00441719,0.00878649,4.033,3.03709,-505.638,-0.00798299,-0.000686464,-0.00452816,0.00920474
1948,3.84839,2.93288,-505.844,-0.00745802,-0.000522372,-0.00401797,0.00850651,4.033,3.03709,-505.638,-0.00791479,-0.000465729,-0.00397084,0.00886965
1949,3.84839,2.93288,-505.844,-0.00769992,-0.000296878,-0.00415317,0.00876088,4.033,3.03709,-505.638,-0.00814726,-0.000261833,-0.00436616,0.00924816
1950,3.84839,2.93288,-505.844,-0.00745208,-8.88275e-05,-0.00392004,0.00842935,4.033,3.03709,-505.638,-0.00788918,-3.50301e-05,-0.00398603,0.00883971
1951,3.84839,2.93288,-505.844,-0.00741465,2.95938e-05,-0.00462174,0.00876837,4.033,3.03709,-505.638,-0.0078691,6.84262e-05,-0.00454297,0.00909318
1952,3.84839,2.93288,-505.844,-0.00737073,0.000162429,-0.00402959,0.00840508,4.033,3.03709,-505.638,-0.00781041,0.000241034,-0.00418364,0.00886368
1953,3.84839,2.93288,-505.844,-0.00727213,0.000360565,-0.00416881,0.00840021,4.033,3.03709,-505.638,-0.00768699,0.000435095,-0.00421619,0.00878013
1954,3.84839,2.93288,-505.844,-0.00752266,0.000555963,-0.0043641,0.00871983,4.033,3.03709,-505.638,-0.00793435,0.00061587,-0.00447368,0.00913012
1955,3.84839,2.93288,-505.844,-0.00739431,0.000640303,-0.00508192,0.00900936,4.033,3.03709,-505.638,-0.00782846,0.000735535,-0.00516727,0.00941092
1956,3.84839,2.93288,-505.844,-0.00752531,0.00066839,-0.00544841,0.00932877,4.033,3.03709,-505.638,-0.0079431,0.000757637,-0.00536561,0.00961731
1957,3.84839,2.93288,-505.844,-0.0074348,0.000836339,-0.00466171,0.0088227,4.033,3.03709,-505.638,-0.00785111,0.00089859,-0.00467424,0.0091818
1958,3.84839,2.93288,-505.844,-0.00753441,0.000819071,-0.00527316,0.00923737,4.033,3.03709,-505.638,-0.00799613,0.000868812,-0.00535082,0.0096608
1959,3.84839,2.93288,-505.844,-0.00754898,0.000748726,-0.00539992,0.00932042,4.033,3.03709,-505.638,-0.00795075,0.00079651,-0.00549295,0.00969779
1960,3.84839,2.93288,-505.844,-0.00758944,0.00083613,-0.00571554,0.00954005,4.033,3.03709,-505.638,-0.00800355,0.000913648,-0.00592118,0.00999772
1961,3.84839,2.93288,-505.844,-0.00756955,0.000760591,-0.00614104,0.00978181,4.033,3.03709,-505.638,-0.00799304,0.000805513,-0.00629416,0.0102059
1962,3.84839,2.93288,-505.844,-0.00751716,0.000505414,-0.00718649,0.0104248,4.033,3.03709,-505.638,-0.00792567,0.000536064,-0.00714584,0.0106866
1963,3.84839,2.93288,-505.844,-0.00752754,0.000559971,-0.00647524,0.00997057,4.033,3.03709,-505.638,-0.00796129,0.000600036,-0.00623997,0.0101366
1964,3.84839,2.93288,-505.844,-0.00746353,0.000561577,-0.00689956,0.0101845,4.033,3.03709,-505.638,-0.0078848,0.000626854,-0.00700962,0.0105689
1965,3.84839,2.93288,-505.844,-0.00752369,0.00050272,-0.00769598,0.0107887,4.033,3.03709,-505.638,-0.00799733,0.000521312,-0.00764736,0.0110793
1966,3.84839,2.93288,-505.844,-0.00761705,0.000444627,-0.00793744,0.0110227,4.033,3.03709,-505.638,-0.00806618,0.000449417,-0.00792838,0.0113205
1967,3.84839,2.93288,-505.844,-0.0076736,0.000468416,-0.00817512,0.011239,4.033,3.03709,-505.638,-0.00809778,0.000493269,-0.00802575,0.0114139
1968,3.84839,2.93288,-505.844,-0.00761924,0.000417962,-0.00846588,0.0114102,4.033,3.03709,-505.638,-0.00800985,0.000407513,-0.00839284,0.0116105
1969,3.84839,2.93288,-505.844,-0.00778706,0.000334466,-0.00907734,0.0119735,4.033,3.03709,-505.638,-0.00818581,0.000359374,-0.00921283,0.0123306
1970,3.84839,2.93288,-505.844,-0.00785195,0.000534785,-0.00910557,0.0120452,4.033,3.03709,-505.638,-0.00829062,0.000542556,-0.00915645,0.0123655
1971,3.84839,2.93288,-505.844,-0.00762345,0.000642196,-0.00886314,0.0117143,4.033,3.03709,-505.638,-0.00805413,0.000647125,-0.00891799,0.0120343
1972,3.84839,2.93288,-505.844,-0.00788309,0.000946757,-0.00957328,0.0124487,4.033,3.03709,-505.638,-0.00829366,0.000931871,-0.00960053,0.0127223
1973,3.84839,2.93288,-505.844,-0.00782916,0.0012154,-0.00980261,0.0126122,4.033,3.03709,-505.638,-0.00827219,0.00123759,-0.0098125,0.0128941
1974,3.84839,2.93288,-505.844,-0.00807404,0.00149764,-0.00968409,0.0127043,4.033,3.03709,-505.638,-0.00848002,0.00154723,-0.00965053,0.0129403
1975,3.84839,2.93288,-505.844,-0.00793214,0.00178026,-0.00948317,0.0125004,4.033,3.03709,-505.638,-0.0083613,0.00181731,-0.00944578,0.0127458
1976,3.84839,2.93288,-505.844,-0.00818563,0.00213731,-0.0101534,0.0132215,4.033,3.03709,-505.638,-0.00864897,0.00218195,-0.0103128,0.0136356
1977,3.84839,2.93288,-505.844,-0.00835995,0.00239651,-0.00992035,0.0132012,4.033,3.03709,-505.638,-0.00880154,0.00246051,-0.00992056,0.0134889
1978,3.84839,2.93288,-505.844,-0.0083239,0.00265714,-0.00962188,0.0130067,4.033,3.03709,-505.638,-0.00878454,0.00274174,-0.00958875,0.0132909
1979,3.84839,2.93288,-505.844,-0.00832132,0.00294094,-0.0104879,0.0137225,4.033,3.03709,-505.638,-0.00875374,0.00301291,-0.010375,0.0139075
1980,3.84839,2.93288,-505.844,-0.00853779,0.00332974,-0.0102045,0.0137238,4.033,3.03709,-505.638,-0.00896947,0.00338909,-0.0101889,0.0139919
1981,3.84839,2.93288,-505.844,-0.008465,0.00352346,-0.010266,0.0137745,4.033,3.03709,-505.638,-0.0089005,0.00358556,-0.0102428,0.0140364
1982,3.84839,2.93288,-505.844,-0.00857914,0.00381666,-0.0110841,0.014537,4.033,3.03709,-505.638,-0.00900264,0.00384523,-0.0110947,0.0147975
1983,3.84839,2.93288,-505.844,-0.00874139,0.00401611,-0.0105188,0.0142624,4.033,3.03709,-505.638,-0.00915419,0.0040854,-0.0104201,0.0144598
1984,3.84839,2.93288,-505.844,-0.00877446,0.00418613,-0.0107802,0.0145257,4.033,3.03709,-505.638,-0.00919505,0.00424592,-0.0106323,0.0146847
1985,3.84839,2.93288,-505.844,-0.00889852,0.00426622,-0.0113789,0.0150709,4.033,3.03709,-505.638,-0.00930377,0.00431843,-0.0113384,0.0152904
1986,3.84839,2.93288,-505.844,-0.00902749,0.0043024,-0.0113252,0.0151138,4.033,3.03709,-505.638,-0.00948225,0.00436487,-0.0115103,0.0155392
1987,3.84839,2.93288,-505.844,-0.00895062,0.00431718,-0.0114809,0.0151932,4.033,3.03709,-505.638,-0.00940723,0.00440096,-0.0115422,0.015528
1988,3.84839,2.93288,-505.844,-0.00913264,0.00439456,-0.0118319,0.0155852,4.033,3.03709,-505.638,-0.009561,0.00444137,-0.0119979,0.015972
1989,3.84839,2.93288,-505.844,-0.00916279,0.00432793,-0.0117345,0.0155097,4.033,3.03709,-505.638,-0.00959072,0.00434836,-0.0118425,0.0158478
1990,3.84839,2.93288,-505.844,-0.00911237,0.00418475,-0.0115583,0.0153069,4.033,3.03709,-505.638,-0.00949902,0.00421552,-0.0115954,0.0155714
1991,3.84839,2.93288,-505.844,-0.00918368,0.00407489,-0.012079,0.0157164,4.033,3.03709,-505.638,-0.00960544,0.00409444,-0.0121304,0.0160057
1992,3.84839,2.93288,-505.844,-0.00935039,0.00398476,-0.0122062,0.0158941,4.033,3.03709,-505.638,-0.00979389,0.00401131,-0.0120952,0.0160729
1993,3.84839,2.93288,-505.844,-0.00935348,0.00392795,-0.0124777,0.0160929,4.033,3.03709,-505.638,-0.00977095,0.00393082,-0.0123643,0.0162431
1994,3.84839,2.93288,-505.844,-0.00957515,0.003711,-0.0126647,0.0163143,4.033,3.03709,-505.638,-0.0100183,0.00374519,-0.0125495,0.0164895
1995,3.84839,2.93288,-505.844,-0.00952719,0.00353942,-0.0121279,0.015838,4.033,3.03709,-505.638,-0.00997511,0.0035168,-0.0118137,0.0158579
1996,3.84839,2.93288,-505.844,-0.009579,0.00327229,-0.0124934,0.016085,4.033,3.03709,-505.638,-0.0100047,0.00329787,-0.0125378,0.0163761
1997,3.84839,2.93288,-505.844,-0.00967943,0.00304014,-0.0124772,0.0160877,4.033,3.03709,-505.638,-0.0101274,0.00303598,-0.0125053,0.0163761
1998,3.84839,2.93288,-505.844,-0.00957639,0.00287752,-0.0130227,0.0164311,4.033,3.03709,-505.638,-0.0100424,0.00288231,-0.0128722,0.0165799
1999,3.84839,2.93288,-505.844,-0.0096108,0.00284674,-0.0134621,0.0167915,4.033,3.03709,-505.638,-0.0100518,0.00283091,-0.0134524,0.0170308
2000,3.84839,2.93288,-505.844,-0.00971791,0.00266365,-0.012249,0.0158645,4.033,3.03709,-505.638,-0.0101653,0.00270785,-0.0124336,0.016287
2001,3.84839,2.93288,-505.844,-0.00983447,0.00276369,-0.0129725,0.0165185,4.033,3.03709,-505.638,-0.0102712,0.00275381,-0.01294,0.0167495
2002,3.84839,2.93288,-505.844,-0.00983872,0.00270529,-0.0127659,0.0163509,4.033,3.03709,-505.638,-0.0102977,0.00272249,-0.0128351,0.0166801
2003,3.84839,2.93288,-505.844,-0.0099008,0.00277506,-0.0127456,0.0163841,4.033,3.03709,-505.638,-0.0103394,0.00279298,-0.0126791,0.0165977
2004,3.84839,2.93288,-505.844,-0.0100023,0.00287275,-0.0121446,0.0159993,4.033,3.03709,-505.638,-0.010415,0.00290759,-0.0120846,0.0162165
2005,3.84839,2.93288,-505.844,-0.0100357,0.00299274,-0.0114581,0.01553,4.033,3.03709,-505.638,-0.0104695,0.00303999,-0.0113305,0.015724
2006,3.84839,2.93288,-505.844,-0.0100852,0.00314355,-0.011866,0.0158957,4.033,3.03709,-505.638,-0.0105232,0.00319267,-0.0118313,0.0161537
2007,3.84839,2.93288,-505.844,-0.010067,0.00332501,-0.0113922,0.0155726,4.033,3.03709,-505.638,-0.0104867,0.00334286,-0.0112712,0.0157548
2008,3.84839,2.93288,-505.844,-0.0101544,0.00365087,-0.0113256,0.0156535,4.033,3.03709,-505.638,-0.0105888,0.00370168,-0.0112339,0.0158763
2009,3.84839,2.93288,-505.844,-0.0102477,0.00373284,-0.0105826,0.0152065,4.033,3.03709,-505.638,-0.0106622,0.00375715,-0.0104429,0.015391
2010,3.84839,2.93288,-505.844,-0.0102683,0.00388054,-0.0102301,0.0150122,4.033,3.03709,-505.638,-0.010669,0.00394449,-0.0101352,0.0152356
2011,3.84839,2.93288,-505.844,-0.0103316,0.00395594,-0.0100757,0.0149748,4.033,3.03709,-505.638,-0.0107881,0.00401294,-0.00991292,0.0151917
2012,3.84839,2.93288,-505.844,-0.0103092,0.00409831,-0.0102823,0.0151377,4.033,3.03709,-505.638,-0.0107549,0.0041473,-0.0102513,0.0154271
2013,3.84839,2.93288,-505.844,-0.0102813,0.00400572,-0.00983077,0.0147861,4.033,3.03709,-505.638,-0.0107192,0.00406926,-0.00971616,0.0150292
2014,3.84839,2.93288,-505.844,-0.0104546,0.00391905,-0.00944708,0.0146315,4.033,3.03709,-505.638,-0.0109014,0.00397309,-0.00944936,0.0149643
2015,3.84839,2.93288,-505.844,-0.0104646,0.0038522,-0.00893446,0.0142956,4.033,3.03709,-505.638,-0.0108765,0.00391602,-0.00887134,0.014572
2016,3.84839,2.93288,-505.844,-0.0105119,0.00370549,-0.0101137,0.0150683,4.033,3.03709,-505.638,-0.0109484,0.00376546,-0.00986999,0.015216
2017,3.84839,2.93288,-505.844,-0.0104339,0.00351588,-0.00922387,0.0143676,4.033,3.03709,-505.638,-0.010836,0.00360205,-0.0092738,0.0147107
2018,3.84839,2.93288,-505.844,-0.0104142,0.00344594,-0.0102626,0.0150424,4.033,3.03709,-505.638,-0.0108421,0.00347238,-0.0101075,0.0152272
2019,3.84839,2.93288,-505.844,-0.0104438,0.00317442,-0.00990878,0.0147533,4.033,3.03709,-505.638,-0.0108493,0.00321509,-0.00974101,0.0149323
2020,3.84839,2.93288,-505.844,-0.0103612,0.0029133,-0.00969825,0.0144933,4.033,3.03709,-505.638,-0.0108035,0.00295825,-0.00977955,0.0148701
2021,3.84839,2.93288,-505.844,-0.0103798,0.0025822,-0.00972567,0.01447,4.033,3.03709,-505.638,-0.0107982,0.00260463,-0.00958441,0.0146732
2022,3.84839,2.93288,-505.844,-0.0103488,0.0023217,-0.00915214,0.0140166,4.033,3.03709,-505.638,-0.01077,0.00237323,-0.00900906,0.0142409
2023,3.84839,2.93288,-505.844,-0.0102376,0.00191187,-0.0091339,0.0138567,4.033,3.03709,-505.638,-0.0106759,0.00192444,-0.00914166,0.0141863
2024,3.84839,2.93288,-505.844,-0.0102732,0.00164619,-0.00920863,0.0139069,4.033,3.03709,-505.638,-0.0107149,0.00167934,-0.00908827,0.0141518
2025,3.84839,2.93288,-505.844,-0.0102635,0.00131126,-0.0092858,0.0139147,4.033,3.03709,-505.638,-0.0106617,0.00131083,-0.00911621,0.0140902
2026,3.84839,2.93288,-505.844,-0.0100608,0.00115317,-0.0091989,0.0136886,4.033,3.03709,-505.638,-0.0104755,0.00117711,-0.00923275,0.0140141
2027,3.84839,2.93288,-505.844,-0.00999057,0.00083466,-0.00932119,0.0136979,4.033,3.03709,-505.638,-0.0103802,0.000836242,-0.00927727,0.0139481
2028,3.84839,2.93288,-505.844,-0.0100698,0.000701914,-0.00992756,0.0141713,4.033,3.03709,-505.638,-0.0104573,0.000682597,-0.00986124,0.0143917
2029,3.84839,2.93288,-505.844,-0.00995176,0.000435634,-0.00903108,0.0134527,4.033,3.03709,-505.638,-0.0103772,0.000441593,-0.00902058,0.0137576
2030,3.84839,2.93288,-505.844,-0.0100062,0.000204251,-0.00957904,0.0138644,4.033,3.03709,-505.638,-0.010409,0.00025533,-0.00948865,0.0140888
2031,3.84839,2.93288,-505.844,-0.00992931,2.26318e-05,-0.00934644,0.0136498,4.033,3.03709,-505.638,-0.0103627,5.36833e-05,-0.00925462,0.0138953
2032,3.84839,2.93288,-505.844,-0.00982989,-0.000115216,-0.00900447,0.0133417,4.033,3.03709,-505.638,-0.0102598,-5.97481e-05,-0.00907412,0.0136986
2033,3.84839,2.93288,-505.844,-0.00970113,-0.000194173,-0.0088406,0.0131341,4.033,3.03709,-505.638,-0.0101453,-0.000165922,-0.00879133,0.0134259
2034,3.84839,2.93288,-505.844,-0.00971919,-0.000202947,-0.00890663,0.0132052,4.033,3.03709,-505.638,-0.0101467,-0.000182522,-0.00868012,0.0133567
2035,3.84839,2.93288,-505.844,-0.00958727,-0.000323238,-0.00856159,0.0128693,4.033,3.03709,-505.638,-0.0100328,-0.000294301,-0.00854557,0.0131836
2036,3.84839,2.93288,-505.844,-0.00946105,-0.00035214,-0.00730105,0.0119685,4.033,3.03709,-505.638,-0.0098778,-0.000363488,-0.00722124,0.0122432
2037,3.84839,2.93288,-505.844,-0.00945474,-0.000181159,-0.00792129,0.0123456,4.033,3.03709,-505.638,-0.00990522,-0.000148839,-0.00787798,0.0126579
2038,3.84839,2.93288,-505.844,-0.00936235,-0.000229627,-0.00711534,0.0117676,4.033,3.03709,-505.638,-0.00976927,-0.000201081,-0.00711824,0.0120896
2039,3.84839,2.93288,-505.844,-0.00930632,-0.000299615,-0.00677781,0.0115299,4.033,3.03709,-505.638,-0.00969497,-0.000256577,-0.00664826,0.0117598
2040,3.84839,2.93288,-505.844,-0.00922553,-0.000200066,-0.00639264,0.0112473,4.033,3.03709,-505.638,-0.00964215,-0.000184342,-0.00605296,0.0113885
2041,3.84839,2.93288,-505.844,-0.00910438,-0.000240245,-0.00685678,0.0114075,4.033,3.03709,-505.638,-0.0094882,-0.00017867,-0.00686322,0.0117123
2042,3.84839,2.93288,-505.844,-0.00897621,-0.000152763,-0.00714313,0.011482,4.033,3.03709,-505.638,-0.00936747,-8.71617e-05,-0.0072575,0.0118518
2043,3.84839,2.93288,-505.844,-0.009051,-0.000201335,-0.00614016,0.0109447,4.033,3.03709,-505.638,-0.00945197,-0.000145822,-0.00612147,0.0112623
2044,3.84839,2.93288,-505.844,-0.008971,-0.000181991,-0.00629897,0.0109707,4.033,3.03709,-505.638,-0.0093761,-0.000149104,-0.00628126,0.0112874
2045,3.84839,2.93288,-505.844,-0.00880041,-0.000162161,-0.00708107,0.0113169,4.033,3.03709,-505.638,-0.00922148,-0.000133658,-0.0069256,0.0115373
2046,3.84839,2.93288,-505.844,-0.00878929,-0.000301923,-0.00661356,0.0110089,4.033,3.03709,-505.638,-0.00919207,-0.000271217,-0.00671698,0.0113886
2047,3.84839,2.93288,-505.844,-0.00868238,-0.000212433,-0.00622617,0.0106946,4.033,3.03709,-505.638,-0.00908065,-0.000189034,-0.00620539,0.0110012
2048,3.84839,2.93288,-505.844,-0.0087918,-0.00039275,-0.00665631,0.0110423,4.033,3.03709,-505.638,-0.00920336,-0.000329374,-0.00677836,0.0114355
2049,3.84839,2.93288,-505.844,-0.00877518,-0.000429914,-0.00659668,0.0110021,4.033,3.03709,-505.638,-0.00918385,-0.000406919,-0.00644216,0.0112277
2050,3.84839,2.93288,-505.844,-0.00864818,-0.000564321,-0.00694359,0.0111192,4.033,3.03709,-505.638,-0.00906136,-0.00051377,-0.00690152,0.0114041
2051,3.84839,2.93288,-505.844,-0.00867692,-0.000781808,-0.00635116,0.010786,4.033,3.03709,-505.638,-0.00905793,-0.00076428,-0.00636091,0.0110948
2052,3.84839,2.93288,-505.844,-0.00866783,-0.000841462,-0.00684129,0.0110855,4.033,3.03709,-505.638,-0.00907417,-0.000823825,-0.00684281,0.0113967
2053,3.84839,2.93288,-505.844,-0.00851976,-0.000920585,-0.00600494,0.0104701,4.033,3.03709,-505.638,-0.0089212,-0.000915179,-0.00597868,0.0107785
2054,3.84839,2.93288,-505.844,-0.00847943,-0.000957539,-0.00562614,0.0102299,4.033,3.03709,-505.638,-0.00888111,-0.000947608,-0.0055929,0.0105391
2055,3.84839,2.93288,-505.844,-0.00834379,-0.00101758,-0.00563439,0.0101244,4.033,3.03709,-505.638,-0.00875679,-0.00100665,-0.00569132,0.0104925
2056,3.84839,2.93288,-505.844,-0.00830195,-0.00105666,-0.00600339,0.0103074,4.033,3.03709,-505.638,-0.00869032,-0.00101864,-0.00606836,0.0106494
2057,3.84839,2.93288,-505.844,-0.00838349,-0.00111905,-0.00617483,0.0104846,4.033,3.03709,-505.638,-0.00881657,-0.00110456,-0.00621693,0.0108464
2058,3.84839,2.93288,-505.844,-0.00823897,-0.00129756,-0.00591336,0.0102351,4.033,3.03709,-505.638,-0.00865326,-0.00128114,-0.00590086,0.0105531
2059,3.84839,2.93288,-505.844,-0.00822508,-0.00146127,-0.00477859,0.00963183,4.033,3.03709,-505.638,-0.00862569,-0.00142645,-0.00467917,0.00991677
2060,3.84839,2.93288,-505.844,-0.00827284,-0.00151196,-0.00492552,0.00975034,4.033,3.03709,-505.638,-0.00865687,-0.00148273,-0.00501822,0.010116
2061,3.84839,2.93288,-505.844,-0.00813193,-0.00162148,-0.00578468,0.0101266,4.033,3.03709,-505.638,-0.00853971,-0.00157987,-0.00571166,0.010397
2062,3.84839,2.93288,-505.844,-0.00810212,-0.00162054,-0.0049903,0.00966867,4.033,3.03709,-505.638,-0.0084901,-0.00156334,-0.00489043,0.00992387
2063,3.84839,2.93288,-505.844,-0.00818637,-0.00164914,-0.00569285,0.0101195,4.033,3.03709,-505.638,-0.00859269,-0.00161021,-0.00568131,0.0104279
2064,3.84839,2.93288,-505.844,-0.00829884,-0.00168304,-0.00542962,0.0100697,4.033,3.03709,-505.638,-0.008644,-0.00163058,-0.00548134,0.0103658
2065,3.84839,2.93288,-505.844,-0.00820099,-0.00155607,-0.00568722,0.0101168,4.033,3.03709,-505.638,-0.00861079,-0.00151081,-0.00557518,0.0103711
2066,3.84839,2.93288,-505.844,-0.00828172,-0.00165123,-0.00458446,0.00961642,4.033,3.03709,-505.638,-0.0086358,-0.0016026,-0.00466378,0.00994626
2067,3.84839,2.93288,-505.844,-0.00829867,-0.00206988,-0.00544095,0.0101495,4.033,3.03709,-505.638,-0.00867354,-0.00205832,-0.00534639,0.0103959
2068,3.84839,2.93288,-505.844,-0.00816472,-0.00862004,-0.00956107,0.01525,4.033,3.03709,-505.638,-0.00853302,-0.00891547,-0.00971822,0.0157087
2069,3.84839,2.93288,-505.844,-0.00848289,-0.0309912,-0.0236353,0.0398911,4.033,3.03709,-505.638,-0.00877787,-0.0321028,-0.024145,0.0411176
2070,3.84839,2.93288,-505.844,-0.00990272,-0.072881,-0.0486168,0.0881694,4.033,3.03709,-505.638,-0.0101272,-0.0752583,-0.0497141,0.0907631
2071,3.84839,2.93288,-505.844,-0.0135217,-0.134094,-0.0852381,0.159471,4.033,3.03709,-505.638,-0.0136718,-0.137713,-0.0866045,0.163255
2072,3.84839,2.93288,-505.844,-0.0194062,-0.211982,-0.130583,0.249734,4.033,3.03709,-505.638,-0.0194217,-0.216105,-0.132165,0.25406
2073,3.84839,2.93288,-505.844,-0.0259101,-0.298846,-0.177874,0.348742,4.033,3.03709,-505.638,-0.0259289,-0.302322,-0.179345,0.352471
2074,3.84839,2.93288,-505.844,-0.032084,-0.378185,-0.221672,0.439538,4.033,3.03709,-505.638,-0.0320266,-0.380875,-0.223023,0.442528
2075,3.84839,2.93288,-505.844,-0.0370689,-0.438311,-0.252707,0.5073,4.033,3.03709,-505.638,-0.036968,-0.440545,-0.253851,0.509791
2076,3.84839,2.93288,-505.844,-0.0400711,-0.47495,-0.26872,0.54717,4.033,3.03709,-505.638,-0.0398903,-0.477048,-0.269869,0.549541
2077,3.84839,2.93288,-505.844,-0.0408668,-0.486929,-0.271769,0.559133,4.033,3.03709,-505.638,-0.0406743,-0.489037,-0.272809,0.561459
2078,3.84839,2.93288,-505.844,-0.040179,-0.474108,-0.261339,0.542856,4.033,3.03709,-505.638,-0.0400496,-0.476116,-0.262352,0.545086
2079,3.84839,2.93288,-505.844,-0.0387513,-0.438063,-0.239594,0.500807,4.033,3.03709,-505.638,-0.0386032,-0.440556,-0.240937,0.503617
2080,3.84839,2.93288,-505.844,-0.0359607,-0.381498,-0.206962,0.435508,4.033,3.03709,-505.638,-0.0358817,-0.384627,-0.208546,0.438995
2081,3.84839,2.93288,-505.844,-0.0315887,-0.309216,-0.167897,0.353274,4.033,3.03709,-505.638,-0.0316733,-0.31282,-0.169269,0.357088
2082,3.84839,2.93288,-505.844,-0.0259673,-0.226985,-0.121442,0.258738,4.033,3.03709,-505.638,-0.0261935,-0.230445,-0.123001,0.262526
2083,3.84839,2.93288,-505.844,-0.0196502,-0.140573,-0.0746945,0.160395,4.033,3.03709,-505.638,-0.0199039,-0.142554,-0.0754534,0.162515
2084,3.84839,2.93288,-505.844,-0.0138932,-0.0542063,-0.0257965,0.0616213,4.033,3.03709,-505.638,-0.0141957,-0.0541006,-0.0256314,0.0615258
2085,3.84839,2.93288,-505.844,-0.00910323,0.0282543,0.021127,0.0364452,4.033,3.03709,-505.638,-0.0094272,0.0305745,0.0222892,0.038994
2086,3.84839,2.93288,-505.844,-0.00497863,0.104397,0.0637248,0.122413,4.033,3.03709,-505.638,-0.0053364,0.108308,0.0653666,0.126617
2087,3.84839,2.93288,-505.844,-0.000926458,0.171914,0.0975194,0.19765,4.033,3.03709,-505.638,-0.00122344,0.176649,0.099806,0.202898
2088,3.84839,2.93288,-505.844,0.00506904,0.23092,0.124031,0.262172,4.033,3.03709,-505.638,0.00486302,0.234778,0.125994,0.266494
2089,3.84839,2.93288,-505.844,0.00797214,0.280254,0.144817,0.315561,4.033,3.03709,-505.638,0.00798513,0.28178,0.145449,0.317205
2090,3.84839,2.93288,-505.844,0.00922356,0.313959,0.164277,0.354463,4.033,3.03709,-505.638,0.00937316,0.314927,0.164383,0.355372
2091,3.84839,2.93288,-505.844,0.00885915,0.335315,0.178925,0.38017,4.033,3.03709,-505.638,0.00900672,0.336099,0.179192,0.38099
2092,3.84839,2.93288,-505.844,0.0092923,0.344969,0.189193,0.393553,4.033,3.03709,-505.638,0.00949428,0.34575,0.189115,0.394205
2093,3.84839,2.93288,-505.844,0.00952455,0.346229,0.189181,0.394659,4.033,3.03709,-505.638,0.0096425,0.347042,0.189329,0.395445
2094,3.84839,2.93288,-505.844,0.0106924,0.340486,0.177523,0.384135,4.033,3.03709,-505.638,0.0108541,0.341368,0.17765,0.38498
2095,3.84839,2.93288,-505.844,0.0117121,0.324342,0.157857,0.360908,4.033,3.03709,-505.638,0.0118234,0.325441,0.157959,0.361943
2096,3.84839,2.93288,-505.844,0.00879662,0.29514,0.136596,0.325336,4.033,3.03709,-505.638,0.00880143,0.297031,0.137137,0.327279
2097,3.84839,2.93288,-505.844,0.00625823,0.249946,0.112661,0.274238,4.033,3.03709,-505.638,0.00588332,0.254354,0.115,0.279205
2098,3.84839,2.93288,-505.844,0.00183855,0.198921,0.0859751,0.216718,4.033,3.03709,-505.638,0.00134416,0.202717,0.0881808,0.221071
2099,3.84839,2.93288,-505.844,-0.00124061,0.144796,0.0513658,0.153649,4.033,3.03709,-505.638,-0.00175344,0.147022,0.0527209,0.156199
2100,3.84839,2.93288,-505.844,-0.00464452,0.0872738,0.0134122,0.0884292,4.033,3.03709,-505.638,-0.00518007,0.0879787,0.0140421,0.0892436
2101,3.84839,2.93288,-505.844,-0.0082337,0.027715,-0.0217393,0.0361925,4.033,3.03709,-505.638,-0.00869706,0.0269736,-0.0220566,0.0359134
2102,3.84839,2.93288,-505.844,-0.0123405,-0.0314809,-0.0512742,0.0614485,4.033,3.03709,-505.638,-0.0127285,-0.0335578,-0.0518515,0.0630632
2103,3.84839,2.93288,-505.844,-0.0167797,-0.0873141,-0.0755761,0.116708,4.033,3.03709,-505.638,-0.0170601,-0.0903758,-0.0763714,0.119548
2104,3.84839,2.93288,-505.844,-0.0208806,-0.134718,-0.0972727,0.167481,4.033,3.03709,-505.638,-0.0211493,-0.138326,-0.0983343,0.17103
2105,3.84839,2.93288,-505.844,-0.024591,-0.171288,-0.116322,0.208514,4.033,3.03709,-505.638,-0.0247384,-0.175165,-0.117579,0.212415
2106,3.84839,2.93288,-505.844,-0.0268192,-0.197167,-0.129167,0.237237,4.033,3.03709,-505.638,-0.0269309,-0.201218,-0.130393,0.241281
2107,3.84839,2.93288,-505.844,-0.0281047,-0.212652,-0.134122,0.252986,4.033,3.03709,-505.638,-0.0281828,-0.216639,-0.135521,0.257085
2108,3.84839,2.93288,-505.844,-0.0285724,-0.216382,-0.131353,0.254742,4.033,3.03709,-505.638,-0.0286425,-0.220352,-0.132671,0.2588
2109,3.84839,2.93288,-505.844,-0.0286249,-0.207564,-0.1232,0.243068,4.033,3.03709,-505.638,-0.0287025,-0.211439,-0.124651,0.24712
2110,3.84839,2.93288,-505.844,-0.0276118,-0.187873,-0.111085,0.22,4.033,3.03709,-505.638,-0.0277588,-0.191529,-0.112406,0.223806
2111,3.84839,2.93288,-505.844,-0.0251631,-0.160619,-0.0923727,0.186991,4.033,3.03709,-505.638,-0.0253408,-0.163756,-0.0934001,0.190215
2112,3.84839,2.93288,-505.844,-0.0210967,-0.128487,-0.0695255,0.147609,4.033,3.03709,-505.638,-0.0212961,-0.130855,-0.0703847,0.150103
2113,3.84839,2.93288,-505.844,-0.0165091,-0.0925903,-0.0426997,0.103291,4.033,3.03709,-505.638,-0.0167664,-0.0939532,-0.0433149,0.104807
2114,3.84839,2.93288,-505.844,-0.0122014,-0.0542734,-0.018131,0.058511,4.033,3.03709,-505.638,-0.012568,-0.0545358,-0.0182062,0.0588526
2115,3.84839,2.93288,-505.844,-0.00868321,-0.0156785,0.00660231,0.0191233,4.033,3.03709,-505.638,-0.00907697,-0.0148023,0.00667259,0.0186027
2116,3.84839,2.93288,-505.844,-0.00544022,0.0202591,0.0272935,0.0344509,4.033,3.03709,-505.638,-0.00591583,0.0221247,0.0280912,0.0362451
2117,3.84839,2.93288,-505.844,-0.0025562,0.0521789,0.0459242,0.069568,4.033,3.03709,-505.638,-0.00300498,0.0547315,0.0470158,0.072216
2118,3.84839,2.93288,-505.844,-0.000290387,0.0791789,0.0593246,0.0989461,4.033,3.03709,-505.638,-0.000760736,0.0822241,0.0605737,0.10213
2119,3.84839,2.93288,-505.844,0.000953601,0.100717,0.0679895,0.121525,4.033,3.03709,-505.638,0.000470837,0.104025,0.0695352,0.125127
2120,3.84839,2.93288,-505.844,0.00105531,0.115591,0.0712208,0.135777,4.033,3.03709,-505.638,0.000582121,0.119014,0.0728593,0.139547
2121,3.84839,2.93288,-505.844,0.000525558,0.122676,0.0694389,0.140969,4.033,3.03709,-505.638,5.62643e-05,0.126054,0.0709098,0.14463
2122,3.84839,2.93288,-505.844,-0.000404788,0.121909,0.0648723,0.138097,4.033,3.03709,-505.638,-0.000901276,0.125069,0.0665261,0.141665
2123,3.84839,2.93288,-505.844,-0.00172742,0.114595,0.0556759,0.127419,4.033,3.03709,-505.638,-0.00214817,0.117482,0.0569428,0.130572
2124,3.84839,2.93288,-505.844,-0.00315085,0.101671,0.0428635,0.110386,4.033,3.03709,-505.638,-0.00359588,0.104157,0.0440736,0.113156
2125,3.84839,2.93288,-505.844,-0.00529387,0.084301,0.0278021,0.0889289,4.033,3.03709,-505.638,-0.00570098,0.0862144,0.0285295,0.0909916
2126,3.84839,2.93288,-505.844,-0.00799502,0.0629497,0.0124443,0.0646695,4.033,3.03709,-505.638,-0.0084026,0.0641568,0.01304,0.0660062
2127,3.84839,2.93288,-505.844,-0.0111616,0.0393541,-0.0033553,0.0410554,4.033,3.03709,-505.638,-0.0115413,0.0397938,-0.00287673,0.0415347
2128,3.84839,2.93288,-505.844,-0.0142031,0.0154882,-0.0190448,0.0283692,4.033,3.03709,-505.638,-0.0146276,0.0151837,-0.0189959,0.0283794
2129,3.84839,2.93288,-505.844,-0.016519,-0.00722622,-0.0343911,0.038849,4.033,3.03709,-505.638,-0.0169104,-0.00818546,-0.0345916,0.0393658
2130,3.84839,2.93288,-505.844,-0.0182468,-0.0279076,-0.0475869,0.0581245,4.033,3.03709,-505.638,-0.0185565,-0.0294841,-0.0480563,0.059357
2131,3.84839,2.93288,-505.844,-0.0195854,-0.0462263,-0.0578994,0.0766493,4.033,3.03709,-505.638,-0.0199146,-0.0482676,-0.0585759,0.0784709
2132,3.84839,2.93288,-505.844,-0.0205752,-0.0607604,-0.0646955,0.091127,4.033,3.03709,-505.638,-0.0208788,-0.0631611,-0.0653377,0.093245
2133,3.84839,2.93288,-505.844,-0.0213244,-0.0707164,-0.0680071,0.100418,4.033,3.03709,-505.638,-0.0215993,-0.0731569,-0.068546,0.102554
2134,3.84839,2.93288,-505.844,-0.0213517,-0.0759793,-0.0680557,0.104224,4.033,3.03709,-505.638,-0.0216162,-0.0784709,-0.0688203,0.10659
2135,3.84839,2.93288,-505.844,-0.0205803,-0.0765876,-0.0655351,0.102889,4.033,3.03709,-505.638,-0.0208236,-0.078955,-0.066278,0.105169
2136,3.84839,2.93288,-505.844,-0.0195114,-0.0732866,-0.0589193,0.0960431,4.033,3.03709,-505.638,-0.019776,-0.0753839,-0.0597071,0.098178
2137,3.84839,2.93288,-505.844,-0.018555,-0.0659743,-0.0500976,0.0848971,4.033,3.03709,-505.638,-0.018812,-0.0677517,-0.050682,0.0866773
2138,3.84839,2.93288,-505.844,-0.017375,-0.0555212,-0.0397947,0.0704918,4.033,3.03709,-505.638,-0.0176342,-0.0568797,-0.0400644,0.0717746
2139,3.84839,2.93288,-505.844,-0.0163138,-0.0426766,-0.0289817,0.0541082,4.033,3.03709,-505.638,-0.0166667,-0.0435043,-0.0291852,0.0549748
2140,3.84839,2.93288,-505.844,-0.014705,-0.0288204,-0.0173272,0.036707,4.033,3.03709,-505.638,-0.0150332,-0.0291599,-0.017331,0.0371044
2141,3.84839,2.93288,-505.844,-0.012522,-0.0147727,-0.00600532,0.0202827,4.033,3.03709,-505.638,-0.0128819,-0.0146429,-0.00595637,0.0203927
2142,3.84839,2.93288,-505.844,-0.00998686,-0.0013307,0.0048017,0.0111894,4.033,3.03709,-505.638,-0.0103515,-0.000759111,0.00502612,0.0115339
2143,3.84839,2.93288,-505.844,-0.00740422,0.0110942,0.0134481,0.0189528,4.033,3.03709,-505.638,-0.00777232,0.0120395,0.0137503,0.0198605
2144,3.84839,2.93288,-505.844,-0.00539038,0.021689,0.0203664,0.0302422,4.033,3.03709,-505.638,-0.00581432,0.0229648,0.0209494,0.031624
2145,3.84839,2.93288,-505.844,-0.00380737,0.0298716,0.0262564,0.0399614,4.033,3.03709,-505.638,-0.00426801,0.0314032,0.0267536,0.0414747
2146,3.84839,2.93288,-505.844,-0.00253789,0.0353096,0.029923,0.046361,4.033,3.03709,-505.638,-0.00299924,0.0369398,0.0306315,0.0480818
2147,3.84839,2.93288,-505.844,-0.00169812,0.0380142,0.0310529,0.0491224,4.033,3.03709,-505.638,-0.00218423,0.0396615,0.0315938,0.0507542
2148,3.84839,2.93288,-505.844,-0.00126314,0.0379617,0.0296857,0.0482131,4.033,3.03709,-505.638,-0.00171143,0.0395281,0.0303799,0.0498835
2149,3.84839,2.93288,-505.844,-0.00152858,0.0353326,0.0267488,0.0443486,4.033,3.03709,-505.638,-0.00199919,0.0367957,0.0273588,0.0458961
2150,3.84839,2.93288,-505.844,-0.00263268,0.030504,0.0220828,0.0377572,4.033,3.03709,-505.638,-0.0030931,0.0317193,0.0225919,0.0390654
2151,3.84839,2.93288,-505.844,-0.00398301,0.0238097,0.0158949,0.0289097,4.033,3.03709,-505.638,-0.00448641,0.0247493,0.0164677,0.0300645
2152,3.84839,2.93288,-505.844,-0.00530722,0.015798,0.0097282,0.0193054,4.033,3.03709,-505.638,-0.00572779,0.016394,0.00994609,0.0200131
2153,3.84839,2.93288,-505.844,-0.00673133,0.00706706,0.00104021,0.00982634,4.033,3.03709,-505.638,-0.00716321,0.00729922,0.00120844,0.0102994
2154,3.84839,2.93288,-505.844,-0.00804799,-0.00186244,-0.0069645,0.0108116,4.033,3.03709,-505.638,-0.00841868,-0.0019546,-0.00702982,0.0111415
2155,3.84839,2.93288,-505.844,-0.00942513,-0.0103288,-0.0139648,0.0197695,4.033,3.03709,-505.638,-0.00981005,-0.0107158,-0.0141043,0.0202494
2156,3.84839,2.93288,-505.844,-0.0110416,-0.0179452,-0.0198829,0.0289774,4.033,3.03709,-505.638,-0.0113928,-0.0185715,-0.0200217,0.0295909
2157,3.84839,2.93288,-505.844,-0.0127751,-0.0242315,-0.0255132,0.0374413,4.033,3.03709,-505.638,-0.013106,-0.0250881,-0.0257014,0.0382337
2158,3.84839,2.93288,-505.844,-0.0142617,-0.0290495,-0.0295975,0.0438604,4.033,3.03709,-505.638,-0.0146359,-0.0300591,-0.03,0.0449202
2159,3.84839,2.93288,-505.844,-0.0151182,-0.0319122,-0.031563,0.0473691,4.033,3.03709,-505.638,-0.0154367,-0.0330061,-0.0317556,0.0483342
2160,3.84839,2.93288,-505.844,-0.01556,-0.0330088,-0.0325262,0.0488905,4.033,3.03709,-505.638,-0.0158771,-0.0341241,-0.032732,0.0498797
2161,3.84839,2.93288,-505.844,-0.0156254,-0.0321413,-0.0323532,0.0482145,4.033,3.03709,-505.638,-0.0159724,-0.0332254,-0.0326495,0.0492455
2162,3.84839,2.93288,-505.844,-0.0155418,-0.0291341,-0.030144,0.0447172,4.033,3.03709,-505.638,-0.0159,-0.0301,-0.0304159,0.0456512
2163,3.84839,2.93288,-505.844,-0.0152441,-0.0248223,-0.0269732,0.0397053,4.033,3.03709,-505.638,-0.0155743,-0.0256642,-0.0272403,0.0405377
2164,3.84839,2.93288,-505.844,-0.0141785,-0.0192235,-0.0231586,0.0332793,4.033,3.03709,-505.638,-0.0145212,-0.0199281,-0.0231441,0.0338191
2165,3.84839,2.93288,-505.844,-0.0127657,-0.0127775,-0.0185763,0.0259149,4.033,3.03709,-505.638,-0.0131354,-0.0132643,-0.018738,0.0264505
2166,3.84839,2.93288,-505.844,-0.0113149,-0.00600187,-0.0128273,0.01813,4.033,3.03709,-505.638,-0.0116432,-0.00620189,-0.0128386,0.0184084
2167,3.84839,2.93288,-505.844,-0.0101963,0.000530199,-0.00847023,0.0132756,4.033,3.03709,-505.638,-0.0105488,0.000562413,-0.00832003,0.0134477
2168,3.84839,2.93288,-505.844,-0.00918598,0.00661421,-0.00371969,0.0119347,4.033,3.03709,-505.638,-0.00959011,0.00688527,-0.0035446,0.0123296
2169,3.84839,2.93288,-505.844,-0.0082623,0.0119088,0.000910742,0.0145365,4.033,3.03709,-505.638,-0.00866125,0.0124,0.00125354,0.0151796
2170,3.84839,2.93288,-505.844,-0.00736158,0.0157379,0.00435105,0.0179168,4.033,3.03709,-505.638,-0.00776264,0.0164099,0.00473552,0.0187614
2171,3.84839,2.93288,-505.844,-0.00617607,0.0180785,0.00723846,0.0204339,4.033,3.03709,-505.638,-0.00658765,0.0188592,0.00751891,0.0213451
2172,3.84839,2.93288,-505.844,-0.00532207,0.0189718,0.00886881,0.0216126,4.033,3.03709,-505.638,-0.00575582,0.0198073,0.00918691,0.0225804
2173,3.84839,2.93288,-505.844,-0.00449652,0.0184585,0.00931467,0.021169,4.033,3.03709,-505.638,-0.00492896,0.0192801,0.00963742,0.022113
2174,3.84839,2.93288,-505.844,-0.00396886,0.0164937,0.0101058,0.0197558,4.033,3.03709,-505.638,-0.00442485,0.0172856,0.0104993,0.0207038
2175,3.84839,2.93288,-505.844,-0.00367118,0.013114,0.00827646,0.015949,4.033,3.03709,-505.638,-0.00409827,0.0137753,0.00843383,0.0166652
2176,3.84839,2.93288,-505.844,-0.00380817,0.00890795,0.00614854,0.0114845,4.033,3.03709,-505.638,-0.00424152,0.00947412,0.00644364,0.012219
2177,3.84839,2.93288,-505.844,-0.0040237,0.0039825,0.00415936,0.00704255,4.033,3.03709,-505.638,-0.00446064,0.00440044,0.00422582,0.00755855
2178,3.84839,2.93288,-505.844,-0.00448734,-0.00133996,0.00054772,0.00476931,4.033,3.03709,-505.638,-0.00493706,-0.00109428,0.000721244,0.00511368
2179,3.84839,2.93288,-505.844,-0.00533352,-0.00673865,-0.00206771,0.00885952,4.033,3.03709,-505.638,-0.00574175,-0.00663398,-0.00205367,0.00901208
2180,3.84839,2.93288,-505.844,-0.00639563,-0.0118075,-0.00536528,0.0144715,4.033,3.03709,-505.638,-0.00680133,-0.0119019,-0.00543529,0.0147474
2181,3.84839,2.93288,-505.844,-0.00751208,-0.0164024,-0.00959791,0.0204415,4.033,3.03709,-505.638,-0.00788823,-0.0166348,-0.00959229,0.0207601
2182,3.84839,2.93288,-505.844,-0.00845937,-0.019976,-0.0129174,0.0252546,4.033,3.03709,-505.638,-0.00886109,-0.0203476,-0.0130355,0.0257396
2183,3.84839,2.93288,-505.844,-0.0091388,-0.02272,-0.0156204,0.0290513,4.033,3.03709,-505.638,-0.00953353,-0.0231914,-0.0158065,0.0296414
2184,3.84839,2.93288,-505.844,-0.00960267,-0.0242722,-0.0177614,0.0315761,4.033,3.03709,-505.638,-0.0100001,-0.0248269,-0.0179543,0.0322299
2185,3.84839,2.93288,-505.844,-0.0101606,-0.0247023,-0.0196089,0.0331405,4.033,3.03709,-505.638,-0.0104714,-0.0252909,-0.0198169,0.0337944
2186,3.84839,2.93288,-505.844,-0.0106543,-0.0239335,-0.020144,0.0330503,4.033,3.03709,-505.638,-0.0109807,-0.024528,-0.020573,0.033845
2187,3.84839,2.93288,-505.844,-0.0108885,-0.0218826,-0.0210474,0.03226,4.033,3.03709,-505.638,-0.011251,-0.0224456,-0.0212033,0.0328637
2188,3.84839,2.93288,-505.844,-0.0112314,-0.0189331,-0.0197451,0.0295763,4.033,3.03709,-505.638,-0.0115932,-0.01947,-0.0199469,0.0301895
2189,3.84839,2.93288,-505.844,-0.0111543,-0.01494,-0.0182566,0.0261008,4.033,3.03709,-505.638,-0.0115123,-0.0153456,-0.0183244,0.0265303
2190,3.84839,2.93288,-505.844,-0.0108752,-0.0104908,-0.0167772,0.022587,4.033,3.03709,-505.638,-0.0112441,-0.0108296,-0.0167289,0.0228828
2191,3.84839,2.93288,-505.844,-0.0107474,-0.00544523,-0.0145741,0.0189194,4.033,3.03709,-505.638,-0.0111089,-0.00567664,-0.0144032,0.019056
2192,3.84839,2.93288,-505.844,-0.0103627,-0.000287701,-0.013131,0.0167403,4.033,3.03709,-505.638,-0.0107372,-0.000364616,-0.0130096,0.0168736
2193,3.84839,2.93288,-505.844,-0.00997138,0.00465068,-0.00992106,0.0148266,4.033,3.03709,-505.638,-0.0102973,0.00471404,-0.00991944,0.0150566
2194,3.84839,2.93288,-505.844,-0.00951189,0.00913983,-0.00762127,0.0152483,4.033,3.03709,-505.638,-0.00989317,0.00933976,-0.00740807,0.0154929
2195,3.84839,2.93288,-505.844,-0.00867861,0.0127562,-0.00538332,0.016354,4.033,3.03709,-505.638,-0.00902943,0.0130203,-0.00514376,0.0166607
2196,3.84839,2.93288,-505.844,-0.00782147,0.0156628,-0.00434025,0.0180611,4.033,3.03709,-505.638,-0.00817272,0.0160379,-0.00396111,0.0184349
2197,3.84839,2.93288,-505.844,-0.00723747,0.0174218,-0.00253414,0.0190499,4.033,3.03709,-505.638,-0.00763969,0.0178762,-0.00244286,0.0195956
2198,3.84839,2.93288,-505.844,-0.00667787,0.0180703,-0.00111429,0.0193054,4.033,3.03709,-505.638,-0.00706229,0.0185494,-0.000826222,0.0198661
2199,3.84839,2.93288,-505.844,-0.00632888,0.0175582,-0.00187971,0.0187757,4.033,3.03709,-505.638,-0.00675371,0.0180405,-0.00158512,0.0193306
2200,3.84839,2.93288,-505.844,-0.00582554,0.0160859,-0.00188605,0.0172291,4.033,3.03709,-505.638,-0.00619455,0.0165783,-0.00160292,0.0177731
2201,3.84839,2.93288,-505.844,-0.00557391,0.0135027,-0.00195446,0.0147552,4.033,3.03709,-505.638,-0.00597694,0.0139727,-0.00168543,0.0152923
2202,3.84839,2.93288,-505.844,-0.00537583,0.010151,-0.00368935,0.0120939,4.033,3.03709,-505.638,-0.00576988,0.0105232,-0.00347942,0.0125001
2203,3.84839,2.93288,-505.844,-0.00540496,0.00631563,-0.00506459,0.00976887,4.033,3.03709,-505.638,-0.00577615,0.00660357,-0.0050084,0.0101072
2204,3.84839,2.93288,-505.844,-0.00582984,0.00220357,-0.00667889,0.00915313,4.033,3.03709,-505.638,-0.00625282,0.0023725,-0.00662855,0.0094178
2205,3.84839,2.93288,-505.844,-0.00601152,-0.002153,-0.0087077,0.0108101,4.033,3.03709,-505.638,-0.00646651,-0.00204302,-0.00883049,0.0111346
2206,3.84839,2.93288,-505.844,-0.00650773,-0.00640722,-0.0106453,0.0140398,4.033,3.03709,-505.638,-0.0068971,-0.0064344,-0.0105115,0.0141248
2207,3.84839,2.93288,-505.844,-0.00688514,-0.0102741,-0.0126132,0.0176762,4.033,3.03709,-505.638,-0.0072968,-0.0103952,-0.0125819,0.0178793
2208,3.84839,2.93288,-505.844,-0.00750362,-0.0135612,-0.014948,0.0215403,4.033,3.03709,-505.638,-0.00791318,-0.0137557,-0.0150291,0.0218577
2209,3.84839,2.93288,-505.844,-0.00834362,-0.0161283,-0.0164151,0.0244837,4.033,3.03709,-505.638,-0.00875823,-0.0163857,-0.0165848,0.0249056
2210,3.84839,2.93288,-505.844,-0.00920167,-0.0178561,-0.0167368,0.0261514,4.033,3.03709,-505.638,-0.0096014,-0.018211,-0.0168691,0.0266162
2211,3.84839,2.93288,-505.844,-0.0102699,-0.0185994,-0.0181627,0.0279557,4.033,3.03709,-505.638,-0.0106484,-0.0189493,-0.0182847,0.0284045
2212,3.84839,2.93288,-505.844,-0.0110086,-0.0185721,-0.018998,0.0287619,4.033,3.03709,-505.638,-0.0114085,-0.0189539,-0.0191545,0.029263
2213,3.84839,2.93288,-505.844,-0.0114941,-0.0175372,-0.0192535,0.0284723,4.033,3.03709,-505.638,-0.0118446,-0.0178739,-0.0194154,0.0289273
2214,3.84839,2.93288,-505.844,-0.0118584,-0.01594,-0.0189162,0.0274372,4.033,3.03709,-505.638,-0.0122123,-0.0162745,-0.0189781,0.0278244
2215,3.84839,2.93288,-505.844,-0.0122098,-0.0136301,-0.0179297,0.0256225,4.033,3.03709,-505.638,-0.0125206,-0.0139466,-0.0180735,0.0260375
2216,3.84839,2.93288,-505.844,-0.0125373,-0.0106321,-0.017574,0.0240702,4.033,3.03709,-505.638,-0.0129017,-0.0108911,-0.0175877,0.0243811
2217,3.84839,2.93288,-505.844,-0.0126555,-0.00729141,-0.0165516,0.0220813,4.033,3.03709,-505.638,-0.0130456,-0.00747603,-0.0165788,0.0223827
2218,3.84839,2.93288,-505.844,-0.0125815,-0.003628,-0.0143479,0.0194323,4.033,3.03709,-505.638,-0.0129526,-0.00372995,-0.0141777,0.0195635
2219,3.84839,2.93288,-505.844,-0.0124013,3.48407e-05,-0.0138433,0.0185986,4.033,3.03709,-505.638,-0.0127926,-1.8212e-05,-0.0136567,0.0187143
2220,3.84839,2.93288,-505.844,-0.012219,0.00379842,-0.0119976,0.0175525,4.033,3.03709,-505.638,-0.0126044,0.0039122,-0.0119159,0.0177826
2221,3.84839,2.93288,-505.844,-0.0120255,0.00714563,-0.0105907,0.017553,4.033,3.03709,-505.638,-0.0124071,0.00728213,-0.0104572,0.017786
2222,3.84839,2.93288,-505.844,-0.0118914,0.0101697,-0.00914443,0.0181335,4.033,3.03709,-505.638,-0.0122645,0.0103487,-0.00892088,0.0183615
2223,3.84839,2.93288,-505.844,-0.011602,0.0125419,-0.00904257,0.019341,4.033,3.03709,-505.638,-0.011988,0.0128511,-0.00888794,0.0196955
2224,3.84839,2.93288,-505.844,-0.0112878,0.014378,-0.00823941,0.0200654,4.033,3.03709,-505.638,-0.0116624,0.0146821,-0.00796912,0.0203751
2225,3.84839,2.93288,-505.844,-0.0106385,0.0154527,-0.00817466,0.0204876,4.033,3.03709,-505.638,-0.0110451,0.0157829,-0.00776086,0.0207717
2226,3.84839,2.93288,-505.844,-0.0101444,0.0157519,-0.00843865,0.0205632,4.033,3.03709,-505.638,-0.0105134,0.0161134,-0.00813639,0.0208914
2227,3.84839,2.93288,-505.844,-0.00957455,0.0152041,-0.00914426,0.0201792,4.033,3.03709,-505.638,-0.00995411,0.0154859,-0.00871007,0.0203678
2228,3.84839,2.93288,-505.844,-0.00923588,0.0139707,-0.00910304,0.0190766,4.033,3.03709,-505.638,-0.00960921,0.0142644,-0.00882844,0.0193344
2229,3.84839,2.93288,-505.844,-0.00889204,0.0119802,-0.0113269,0.0187509,4.033,3.03709,-505.638,-0.00927829,0.0122282,-0.011032,0.0189053
2230,3.84839,2.93288,-505.844,-0.00849136,0.00971107,-0.0119432,0.0175988,4.033,3.03709,-505.638,-0.00888599,0.00990447,-0.0116017,0.017656
2231,3.84839,2.93288,-505.844,-0.00817556,0.00691949,-0.0130661,0.0169087,4.033,3.03709,-505.638,-0.00858583,0.00703304,-0.0129011,0.0170199
2232,3.84839,2.93288,-505.844,-0.00777914,0.00389714,-0.0143039,0.0167494,4.033,3.03709,-505.638,-0.00817748,0.00397718,-0.014315,0.0169594
2233,3.84839,2.93288,-505.844,-0.00756822,0.000945509,-0.0154124,0.017204,4.033,3.03709,-505.638,-0.00797842,0.000937723,-0.0154699,0.0174322
2234,3.84839,2.93288,-505.844,-0.00762617,-0.00206408,-0.0171357,0.0188779,4.033,3.03709,-505.638,-0.00808661,-0.00211005,-0.0171836,0.0191089
2235,3.84839,2.93288,-505.844,-0.00761765,-0.0048412,-0.0177686,0.0199418,4.033,3.03709,-505.638,-0.00804844,-0.00495984,-0.017638,0.0200131
2236,3.84839,2.93288,-505.844,-0.00749832,-0.00732463,-0.0179529,0.0207948,4.033,3.03709,-505.638,-0.00792119,-0.0074917,-0.0181402,0.021165
2237,3.84839,2.93288,-505.844,-0.00746836,-0.00925144,-0.0191263,0.0225279,4.033,3.03709,-505.638,-0.00788802,-0.00945297,-0.0191769,0.0227895
2238,3.84839,2.93288,-505.844,-0.00768063,-0.010756,-0.0189276,0.0230902,4.033,3.03709,-505.638,-0.00804473,-0.0109652,-0.0191013,0.0234485
2239,3.84839,2.93288,-505.844,-0.00798214,-0.0115598,-0.0184438,0.0231896,4.033,3.03709,-505.638,-0.00839398,-0.0117656,-0.0187637,0.023685
2240,3.84839,2.93288,-505.844,-0.00860795,-0.011732,-0.0184845,0.0235304,4.033,3.03709,-505.638,-0.009039,-0.0119466,-0.0185791,0.0238669
2241,3.84839,2.93288,-505.844,-0.00918399,-0.0114818,-0.0180947,0.0233196,4.033,3.03709,-505.638,-0.00960832,-0.0117271,-0.0183934,0.0238366
2242,3.84839,2.93288,-505.844,-0.00966613,-0.0106799,-0.0173932,0.0225918,4.033,3.03709,-505.638,-0.0100782,-0.010881,-0.0176858,0.0230827
2243,3.84839,2.93288,-505.844,-0.0100478,-0.0094551,-0.0163,0.0213646,4.033,3.03709,-505.638,-0.0104231,-0.00961193,-0.0161131,0.021464
2244,3.84839,2.93288,-505.844,-0.010424,-0.00781886,-0.0150001,0.0198745,4.033,3.03709,-505.638,-0.0108543,-0.00796782,-0.015099,0.0202312
2245,3.84839,2.93288,-505.844,-0.0109103,-0.00584655,-0.0134663,0.0182933,4.033,3.03709,-505.638,-0.0112955,-0.00593224,-0.0137604,0.0187653
2246,3.84839,2.93288,-505.844,-0.0115294,-0.00362201,-0.0129135,0.0176985,4.033,3.03709,-505.638,-0.0119368,-0.0036671,-0.0127164,0.0178245
2247,3.84839,2.93288,-505.844,-0.0117865,-0.00120903,-0.0119944,0.016867,4.033,3.03709,-505.638,-0.0121818,-0.00116422,-0.0120136,0.0171497
2248,3.84839,2.93288,-505.844,-0.0119208,0.00111189,-0.0121454,0.0170694,4.033,3.03709,-505.638,-0.012314,0.0011517,-0.0119703,0.0172141
2249,3.84839,2.93288,-505.844,-0.0119741,0.00338589,-0.0101615,0.0160733,4.033,3.03709,-505.638,-0.0123727,0.00348568,-0.0101385,0.0163725
2250,3.84839,2.93288,-505.844,-0.0120633,0.00520403,-0.00973248,0.0163609,4.033,3.03709,-505.638,-0.0124712,0.00534239,-0.00958683,0.0166143
2251,3.84839,2.93288,-505.844,-0.0123402,0.00719647,-0.00936503,0.0170936,4.033,3.03709,-505.638,-0.0127238,0.00736358,-0.00937398,0.0174378
2252,3.84839,2.93288,-505.844,-0.0124836,0.00848928,-0.00878317,0.0174813,4.033,3.03709,-505.638,-0.0128589,0.00865527,-0.00845792,0.0176602
2253,3.84839,2.93288,-505.844,-0.0124775,0.00942424,-0.00937284,0.0182423,4.033,3.03709,-505.638,-0.0128881,0.00963832,-0.00919625,0.0185374
2254,3.84839,2.93288,-505.844,-0.0123038,0.00995121,-0.00901508,0.0182249,4.033,3.03709,-505.638,-0.0127005,0.0101198,-0.00881995,0.0184819
2255,3.84839,2.93288,-505.844,-0.0119137,0.0099121,-0.00947511,0.0181799,4.033,3.03709,-505.638,-0.0122936,0.0101233,-0.00921307,0.0184004
2256,3.84839,2.93288,-505.844,-0.0116719,0.00935536,-0.0100144,0.0180072,4.033,3.03709,-505.638,-0.012101,0.00952338,-0.0100157,0.0183703
2257,3.84839,2.93288,-505.844,-0.0112368,0.00837769,-0.0106262,0.0176006,4.033,3.03709,-505.638,-0.0116417,0.00852141,-0.0104481,0.0178147
2258,3.84839,2.93288,-505.844,-0.0108858,0.0070337,-0.0110733,0.017055,4.033,3.03709,-505.638,-0.0112976,0.00713496,-0.0110548,0.017343
2259,3.84839,2.93288,-505.844,-0.0106291,0.00525795,-0.0113945,0.0164558,4.033,3.03709,-505.638,-0.0110026,0.00531164,-0.0111825,0.0165635
2260,3.84839,2.93288,-505.844,-0.0101242,0.00312717,-0.0123122,0.0162548,4.033,3.03709,-505.638,-0.0105694,0.00315548,-0.0122773,0.0165057
2261,3.84839,2.93288,-505.844,-0.00961816,0.00098886,-0.0126562,0.0159342,4.033,3.03709,-505.638,-0.0100204,0.000993502,-0.0125866,0.0161192
2262,3.84839,2.93288,-505.844,-0.00911848,-0.00123927,-0.0133967,0.0162612,4.033,3.03709,-505.638,-0.00955195,-0.00129172,-0.0133515,0.0164679
2263,3.84839,2.93288,-505.844,-0.0089752,-0.00352381,-0.0139854,0.0169985,4.033,3.03709,-505.638,-0.00940352,-0.0036113,-0.0139568,0.0172138
2264,3.84839,2.93288,-505.844,-0.0089513,-0.00557162,-0.013231,0.0169236,4.033,3.03709,-505.638,-0.00937317,-0.00564567,-0.0134018,0.0173018
2265,3.84839,2.93288,-505.844,-0.00848503,-0.00732033,-0.0140479,0.017979,4.033,3.03709,-505.638,-0.00893066,-0.00740349,-0.0141344,0.0182862
2266,3.84839,2.93288,-505.844,-0.00836136,-0.00889535,-0.0142449,0.0187716,4.033,3.03709,-505.638,-0.00882851,-0.00900995,-0.0142939,0.0190656
2267,3.84839,2.93288,-505.844,-0.00823231,-0.0100455,-0.0142023,0.0192584,4.033,3.03709,-505.638,-0.00868354,-0.0102051,-0.0142557,0.0195669
2268,3.84839,2.93288,-505.844,-0.00840054,-0.0108465,-0.0139117,0.0195478,4.033,3.03709,-505.638,-0.0088169,-0.011008,-0.0139544,0.0198417
2269,3.84839,2.93288,-505.844,-0.00848148,-0.0112061,-0.0129658,0.0191344,4.033,3.03709,-505.638,-0.00891012,-0.0113298,-0.0128881,0.0193375
2270,3.84839,2.93288,-505.844,-0.00883272,-0.0110951,-0.0124624,0.0188851,4.033,3.03709,-505.638,-0.00925407,-0.0112279,-0.0126493,0.0192804
2271,3.84839,2.93288,-505.844,-0.00898292,-0.0107638,-0.0115334,0.0181589,4.033,3.03709,-505.638,-0.00940963,-0.0108423,-0.0117204,0.018533
2272,3.84839,2.93288,-505.844,-0.00932456,-0.00997539,-0.010685,0.0173474,4.033,3.03709,-505.638,-0.00974987,-0.0100475,-0.0107099,0.017628
2273,3.84839,2.93288,-505.844,-0.00950563,-0.00890686,-0.0104973,0.0167384,4.033,3.03709,-505.638,-0.00989386,-0.0089927,-0.0104541,0.0169732
2274,3.84839,2.93288,-505.844,-0.00976888,-0.00760631,-0.00977878,0.0157846,4.033,3.03709,-505.638,-0.0102102,-0.00765373,-0.00987764,0.0161374
2275,3.84839,2.93288,-505.844,-0.0101354,-0.00613134,-0.0095944,0.0152519,4.033,3.03709,-505.638,-0.010523,-0.00615361,-0.00954472,0.0154832
2276,3.84839,2.93288,-505.844,-0.0105844,-0.00455307,-0.00888904,0.0145645,4.033,3.03709,-505.638,-0.0110093,-0.00457061,-0.00882582,0.0148337
2277,3.84839,2.93288,-505.844,-0.0109009,-0.002956,-0.00865383,0.0142354,4.033,3.03709,-505.638,-0.0112923,-0.00289854,-0.00871691,0.0145576
2278,3.84839,2.93288,-505.844,-0.0109263,-0.00138418,-0.00843434,0.0138877,4.033,3.03709,-505.638,-0.0113339,-0.00134538,-0.00818295,0.0140457
2279,3.84839,2.93288,-505.844,-0.0108302,0.000117303,-0.0086883,0.0138943,4.033,3.03709,-505.638,-0.0112097,0.000202388,-0.00866839,0.014173
2280,3.84839,2.93288,-505.844,-0.010955,0.00128564,-0.00787743,0.0135691,4.033,3.03709,-505.638,-0.0113754,0.00137194,-0.00777545,0.0138495
2281,3.84839,2.93288,-505.844,-0.0110777,0.00232435,-0.00773814,0.0137249,4.033,3.03709,-505.638,-0.011448,0.00241081,-0.0076815,0.0139977
2282,3.84839,2.93288,-505.844,-0.0108561,0.0031628,-0.0079973,0.0138569,4.033,3.03709,-505.638,-0.0112601,0.00327084,-0.00794181,0.0141627
2283,3.84839,2.93288,-505.844,-0.0105764,0.00359416,-0.00852287,0.0140636,4.033,3.03709,-505.638,-0.0109654,0.00373137,-0.00846375,0.0143475
2284,3.84839,2.93288,-505.844,-0.0102427,0.00394304,-0.00901845,0.0142223,4.033,3.03709,-505.638,-0.0106139,0.00403331,-0.00890143,0.0144301
2285,3.84839,2.93288,-505.844,-0.00986322,0.00380398,-0.00908868,0.0139539,4.033,3.03709,-505.638,-0.0102704,0.003922,-0.00883752,0.0141064
2286,3.84839,2.93288,-505.844,-0.0095951,0.00334751,-0.00967903,0.014048,4.033,3.03709,-505.638,-0.0099755,0.00341739,-0.00946742,0.0141726
2287,3.84839,2.93288,-505.844,-0.00918834,0.00259993,-0.0104807,0.0141939,4.033,3.03709,-505.638,-0.00959391,0.00270347,-0.0102927,0.0143297
2288,3.84839,2.93288,-505.844,-0.00887571,0.001578,-0.010468,0.0138246,4.033,3.03709,-505.638,-0.00927236,0.00164237,-0.0104156,0.0140421
2289,3.84839,2.93288,-505.844,-0.00848432,0.000475361,-0.0109978,0.0139072,4.033,3.03709,-505.638,-0.00893229,0.000519351,-0.0110832,0.0142451
2290,3.84839,2.93288,-505.844,-0.00801849,-0.000904332,-0.0109708,0.0136343,4.033,3.03709,-505.638,-0.00841358,-0.000916581,-0.0109521,0.0138435
2291,3.84839,2.93288,-505.844,-0.00771902,-0.00229566,-0.0118216,0.014311,4.033,3.03709,-505.638,-0.00813003,-0.00230906,-0.0118693,0.0145713
2292,3.84839,2.93288,-505.844,-0.00748897,-0.00351566,-0.012374,0.0149003,4.033,3.03709,-505.638,-0.00788787,-0.00356056,-0.0121875,0.0149495
2293,3.84839,2.93288,-505.844,-0.00742655,-0.00468626,-0.0125615,0.0153427,4.033,3.03709,-505.638,-0.00782116,-0.00468729,-0.0123832,0.0153801
2294,3.84839,2.93288,-505.844,-0.00758818,-0.0057479,-0.0126449,0.0158347,4.033,3.03709,-505.638,-0.00799524,-0.00578786,-0.01271,0.0160929
2295,3.84839,2.93288,-505.844,-0.00776382,-0.00655758,-0.013107,0.016592,4.033,3.03709,-505.638,-0.00816636,-0.00663424,-0.0132314,0.0169054
2296,3.84839,2.93288,-505.844,-0.00785114,-0.00725854,-0.0131166,0.0169289,4.033,3.03709,-505.638,-0.00824516,-0.00729375,-0.0133542,0.0173072
2297,3.84839,2.93288,-505.844,-0.00815579,-0.00767452,-0.0130307,0.0171916,4.033,3.03709,-505.638,-0.00856036,-0.00773953,-0.0130556,0.0174265
2298,3.84839,2.93288,-505.844,-0.00853018,-0.00783146,-0.0136221,0.0178878,4.033,3.03709,-505.638,-0.00892892,-0.00789546,-0.0137891,0.0182276
2299,3.84839,2.93288,-505.844,-0.00879213,-0.00787366,-0.0128311,0.0174431,4.033,3.03709,-505.638,-0.00917757,-0.00794789,-0.0127966,0.017641
2300,3.84839,2.93288,-505.844,-0.00918794,-0.00742647,-0.0126345,0.0173082,4.033,3.03709,-505.638,-0.00959876,-0.00751672,-0.0124746,0.0174441
2301,3.84839,2.93288,-505.844,-0.00935058,-0.00695209,-0.0129361,0.0174175,4.033,3.03709,-505.638,-0.0097362,-0.00697448,-0.0130544,0.0177169
2302,3.84839,2.93288,-505.844,-0.00965702,-0.00627124,-0.0128026,0.0172291,4.033,3.03709,-505.638,-0.01003,-0.0063168,-0.012871,0.017499
2303,3.84839,2.93288,-505.844,-0.010112,-0.00522704,-0.0119568,0.0165169,4.033,3.03709,-505.638,-0.0105049,-0.0052321,-0.0120701,0.0168358
2304,3.84839,2.93288,-505.844,-0.0103456,-0.00428294,-0.0119537,0.0163862,4.033,3.03709,-505.638,-0.0107635,-0.00428759,-0.0119632,0.0166546
2305,3.84839,2.93288,-505.844,-0.010693,-0.00304062,-0.0111472,0.0157469,4.033,3.03709,-505.638,-0.0110454,-0.00303604,-0.0113225,0.0161068
2306,3.84839,2.93288,-505.844,-0.010981,-0.00181866,-0.0114054,0.0159443,4.033,3.03709,-505.638,-0.0113645,-0.00177647,-0.0113252,0.0161427
2307,3.84839,2.93288,-505.844,-0.0110318,-0.00074548,-0.0117587,0.0161504,4.033,3.03709,-505.638,-0.0113992,-0.000668233,-0.0118123,0.0164307
2308,3.84839,2.93288,-505.844,-0.011002,0.000387338,-0.0114953,0.0159278,4.033,3.03709,-505.638,-0.0113885,0.000430569,-0.0113588,0.0160918
2309,3.84839,2.93288,-505.844,-0.010866,0.00149457,-0.011373,0.0158119,4.033,3.03709,-505.638,-0.0112786,0.00158775,-0.0112503,0.0160105
2310,3.84839,2.93288,-505.844,-0.0107371,0.00238595,-0.0121456,0.0164012,4.033,3.03709,-505.638,-0.0111109,0.00244741,-0.0120207,0.0165533
2311,3.84839,2.93288,-505.844,-0.0105772,0.00319657,-0.0123104,0.0165537,4.033,3.03709,-505.638,-0.0109295,0.00328312,-0.0124395,0.0168829
2312,3.84839,2.93288,-505.844,-0.010316,0.0039027,-0.0126181,0.01677,4.033,3.03709,-505.638,-0.0107053,0.00399676,-0.0125971,0.0170093
2313,3.84839,2.93288,-505.844,-0.00998993,0.00435438,-0.013415,0.0172949,4.033,3.03709,-505.638,-0.0103807,0.00447813,-0.0133961,0.0175305
2314,3.84839,2.93288,-505.844,-0.00955848,0.00459713,-0.0130187,0.0168005,4.033,3.03709,-505.638,-0.00993476,0.00470489,-0.0130097,0.0170329
2315,3.84839,2.93288,-505.844,-0.00926091,0.00466539,-0.0144496,0.0177942,4.033,3.03709,-505.638,-0.00969318,0.00479495,-0.0145738,0.0181487
2316,3.84839,2.93288,-505.844,-0.00886519,0.00443586,-0.0140838,0.0172326,4.033,3.03709,-505.638,-0.00926307,0.00451822,-0.0140349,0.0174134
2317,3.84839,2.93288,-505.844,-0.00853078,0.00404119,-0.0144489,0.0172699,4.033,3.03709,-505.638,-0.00890805,0.00412988,-0.0144349,0.017459
2318,3.84839,2.93288,-505.844,-0.00828939,0.00346359,-0.0152129,0.0176781,4.033,3.03709,-505.638,-0.00868418,0.00351318,-0.0152482,0.0178971
2319,3.84839,2.93288,-505.844,-0.00790838,0.00285673,-0.0162253,0.018287,4.033,3.03709,-505.638,-0.00832656,0.00291818,-0.0163162,0.0185506
2320,3.84839,2.93288,-505.844,-0.00768657,0.00216999,-0.0162917,0.0181575,4.033,3.03709,-505.638,-0.00810862,0.00221627,-0.0162447,0.0182922
2321,3.84839,2.93288,-505.844,-0.00730836,0.00119579,-0.0171549,0.0186989,4.033,3.03709,-505.638,-0.00770034,0.00120075,-0.0171176,0.0188101
2322,3.84839,2.93288,-505.844,-0.00741108,0.000415063,-0.0174033,0.0189306,4.033,3.03709,-505.638,-0.0078115,0.000427001,-0.0173746,0.0190557
2323,3.84839,2.93288,-505.844,-0.00750536,-0.00027835,-0.0178003,0.0193317,4.033,3.03709,-505.638,-0.00792652,-0.000274314,-0.0180009,0.0196722
2324,3.84839,2.93288,-505.844,-0.00768992,-0.000932521,-0.0179789,0.0195893,4.033,3.03709,-505.638,-0.00809634,-0.000937425,-0.0181559,0.0199031
2325,3.84839,2.93288,-505.844,-0.00809543,-0.00158213,-0.0178146,0.0196409,4.033,3.03709,-505.638,-0.00846382,-0.00160282,-0.0180303,0.0199836
2326,3.84839,2.93288,-505.844,-0.00834228,-0.00209748,-0.017237,0.0192706,4.033,3.03709,-505.638,-0.00873783,-0.00213618,-0.0173902,0.0195794
2327,3.84839,2.93288,-505.844,-0.00865401,-0.00249122,-0.0180422,0.0201724,4.033,3.03709,-505.638,-0.00902866,-0.00254307,-0.0180483,0.0203409
2328,3.84839,2.93288,-505.844,-0.00907101,-0.00273823,-0.0181077,0.0204426,4.033,3.03709,-505.638,-0.00946895,-0.00279363,-0.0182494,0.0207492
2329,3.84839,2.93288,-505.844,-0.00946401,-0.00273648,-0.0176067,0.0201825,4.033,3.03709,-505.638,-0.00985689,-0.00275299,-0.0177725,0.0205093
2330,3.84839,2.93288,-505.844,-0.00984986,-0.00271128,-0.017107,0.0199353,4.033,3.03709,-505.638,-0.0102605,-0.00272574,-0.0171568,0.020177
2331,3.84839,2.93288,-505.844,-0.0101711,-0.00244098,-0.0165834,0.0196149,4.033,3.03709,-505.638,-0.010542,-0.00242644,-0.0166808,0.0198825
2332,3.84839,2.93288,-505.844,-0.0104671,-0.00193596,-0.0163037,0.0194749,4.033,3.03709,-505.638,-0.0108948,-0.00190311,-0.0164882,0.0198541
2333,3.84839,2.93288,-505.844,-0.0108572,-0.00154589,-0.0159089,0.0193269,4.033,3.03709,-505.638,-0.0112827,-0.00151074,-0.0159539,0.0195989
2334,3.84839,2.93288,-505.844,-0.0112349,-0.000924657,-0.0156813,0.0193188,4.033,3.03709,-505.638,-0.0116472,-0.000916357,-0.0156281,0.0195127
2335,3.84839,2.93288,-505.844,-0.0115018,2.75122e-05,-0.0158216,0.0195682,4.033,3.03709,-505.638,-0.0118994,6.61908e-05,-0.0158779,0.019843
2336,3.84839,2.93288,-505.844,-0.011632,0.000688533,-0.0157181,0.0195763,4.033,3.03709,-505.638,-0.0120177,0.000721532,-0.0154942,0.0196229
2337,3.84839,2.93288,-505.844,-0.0118276,0.00148307,-0.0150131,0.0191778,4.033,3.03709,-505.638,-0.0121954,0.00151045,-0.0151072,0.0194751
2338,3.84839,2.93288,-505.844,-0.0119272,0.00233085,-0.0151175,0.019403,4.033,3.03709,-505.638,-0.0123369,0.00238166,-0.0150879,0.019635
2339,3.84839,2.93288,-505.844,-0.0120671,0.00313109,-0.0150143,0.0195213,4.033,3.03709,-505.638,-0.0124589,0.00317271,-0.0151873,0.0198992
2340,3.84839,2.93288,-505.844,-0.0119576,0.00386293,-0.0154576,0.0199312,4.033,3.03709,-505.638,-0.0123369,0.00393301,-0.015431,0.0201454
2341,3.84839,2.93288,-505.844,-0.0118963,0.00444673,-0.0157441,0.0202371,4.033,3.03709,-505.638,-0.0122897,0.00452834,-0.0157179,0.0204607
2342,3.84839,2.93288,-505.844,-0.0119897,0.00496399,-0.0164681,0.0209807,4.033,3.03709,-505.638,-0.0123742,0.00505226,-0.0163057,0.0210857
2343,3.84839,2.93288,-505.844,-0.0117615,0.00518852,-0.0158003,0.0203759,4.033,3.03709,-505.638,-0.0121561,0.00528727,-0.0157159,0.0205606
2344,3.84839,2.93288,-505.844,-0.0113937,0.00521897,-0.0163014,0.0205688,4.033,3.03709,-505.638,-0.0117678,0.00532317,-0.0163813,0.0208615
2345,3.84839,2.93288,-505.844,-0.0112307,0.00509115,-0.0162998,0.0204559,4.033,3.03709,-505.638,-0.011604,0.00514369,-0.0162922,0.0206557
2346,3.84839,2.93288,-505.844,-0.0110332,0.00493206,-0.0167844,0.0206943,4.033,3.03709,-505.638,-0.0114321,0.00496858,-0.0166598,0.0208085
2347,3.84839,2.93288,-505.844,-0.0108806,0.00449475,-0.0166567,0.0204054,4.033,3.03709,-505.638,-0.0112954,0.00456249,-0.016775,0.0207327
2348,3.84839,2.93288,-505.844,-0.0104953,0.00395708,-0.0166315,0.0200719,4.033,3.03709,-505.638,-0.010917,0.00397573,-0.0167545,0.0203903
2349,3.84839,2.93288,-505.844,-0.010257,0.00311184,-0.0166696,0.0198266,4.033,3.03709,-505.638,-0.0106826,0.00314411,-0.016679,0.0200554
2350,3.84839,2.93288,-505.844,-0.0100432,0.00237576,-0.0171735,0.020048,4.033,3.03709,-505.638,-0.0104906,0.00241803,-0.0172099,0.0203012
2351,3.84839,2.93288,-505.844,-0.00973722,0.00172645,-0.0172903,0.0199369,4.033,3.03709,-505.638,-0.0101665,0.00172155,-0.0174111,0.0202382
2352,3.84839,2.93288,-505.844,-0.00956092,0.000854221,-0.017422,0.0199028,4.033,3.03709,-505.638,-0.00996828,0.00089903,-0.0175491,0.0202044
2353,3.84839,2.93288,-505.844,-0.00972304,-6.99712e-05,-0.016613,0.0192583,4.033,3.03709,-505.638,-0.0101395,-0.000114802,-0.0167306,0.0195645
2354,3.84839,2.93288,-505.844,-0.00956186,-0.000722912,-0.017009,0.0195373,4.033,3.03709,-505.638,-0.009968,-0.000767574,-0.0169808,0.0197067
2355,3.84839,2.93288,-505.844,-0.00959731,-0.00135071,-0.0167096,0.0193267,4.033,3.03709,-505.638,-0.00997612,-0.00135636,-0.0169221,0.0196919
2356,3.84839,2.93288,-505.844,-0.00956064,-0.0018511,-0.0163552,0.0190457,4.033,3.03709,-505.638,-0.00996611,-0.00188759,-0.0162883,0.01919
2357,3.84839,2.93288,-505.844,-0.0096777,-0.002279,-0.0163721,0.0191649,4.033,3.03709,-505.638,-0.0100851,-0.00230671,-0.0163791,0.0193741
2358,3.84839,2.93288,-505.844,-0.00984569,-0.00260459,-0.0162058,0.0191545,4.033,3.03709,-505.638,-0.0102749,-0.0026027,-0.0160993,0.019277
2359,3.84839,2.93288,-505.844,-0.00998287,-0.00260338,-0.0168154,0.0197444,4.033,3.03709,-505.638,-0.0104166,-0.00263482,-0.0167418,0.0198958
2360,3.84839,2.93288,-505.844,-0.0102168,-0.00274369,-0.0155634,0.018823,4.033,3.03709,-505.638,-0.0106411,-0.00274296,-0.0156273,0.0191043
2361,3.84839,2.93288,-505.844,-0.0103206,-0.00252878,-0.0157831,0.0190407,4.033,3.03709,-505.638,-0.0106983,-0.00255596,-0.0158802,0.0193202
2362,3.84839,2.93288,-505.844,-0.0104544,-0.002292,-0.0143223,0.017886,4.033,3.03709,-505.638,-0.010873,-0.00227724,-0.0145271,0.0182885
2363,3.84839,2.93288,-505.844,-0.0104659,-0.00215359,-0.0147841,0.0182492,4.033,3.03709,-505.638,-0.010869,-0.00214629,-0.0146618,0.0183775
2364,3.84839,2.93288,-505.844,-0.0105891,-0.00156887,-0.0143194,0.0178871,4.033,3.03709,-505.638,-0.010971,-0.00158518,-0.0144062,0.0181786
2365,3.84839,2.93288,-505.844,-0.0107429,-0.00101445,-0.0139743,0.0176625,4.033,3.03709,-505.638,-0.0111161,-0.00100713,-0.0141451,0.0180198
2366,3.84839,2.93288,-505.844,-0.0107103,-0.000361651,-0.0140644,0.0176916,4.033,3.03709,-505.638,-0.0111296,-0.000299288,-0.0142287,0.0180681
2367,3.84839,2.93288,-505.844,-0.0107841,0.00035041,-0.0141251,0.0177825,4.033,3.03709,-505.638,-0.0111719,0.000382349,-0.0142158,0.0180855
2368,3.84839,2.93288,-505.844,-0.0107857,0.000876209,-0.0131933,0.017072,4.033,3.03709,-505.638,-0.0111819,0.000912432,-0.0132935,0.017396
2369,3.84839,2.93288,-505.844,-0.0106608,0.00140175,-0.0136922,0.0174188,4.033,3.03709,-505.638,-0.0110597,0.00140468,-0.0137119,0.0176733
2370,3.84839,2.93288,-505.844,-0.0106029,0.00194653,-0.0128365,0.0167752,4.033,3.03709,-505.638,-0.011002,0.00195655,-0.012894,0.0170641
2371,3.84839,2.93288,-505.844,-0.0105103,0.00237294,-0.0129372,0.0168494,4.033,3.03709,-505.638,-0.0108981,0.00242227,-0.0127579,0.0169546
2372,3.84839,2.93288,-505.844,-0.0104347,0.00275817,-0.0124417,0.0164774,4.033,3.03709,-505.638,-0.0108703,0.00280821,-0.0124159,0.0167397
2373,3.84839,2.93288,-505.844,-0.0101803,0.00276731,-0.011994,0.0159837,4.033,3.03709,-505.638,-0.0105918,0.00283202,-0.0118552,0.0161486
2374,3.84839,2.93288,-505.844,-0.0098362,0.00273678,-0.0125205,0.0161696,4.033,3.03709,-505.638,-0.0102478,0.0028219,-0.0126987,0.0165623
2375,3.84839,2.93288,-505.844,-0.00971983,0.00274236,-0.0125572,0.0161264,4.033,3.03709,-505.638,-0.010089,0.00278194,-0.0124834,0.0162914
2376,3.84839,2.93288,-505.844,-0.00953575,0.00255698,-0.0128583,0.01623,4.033,3.03709,-505.638,-0.00993472,0.00260965,-0.0128277,0.0164367
2377,3.84839,2.93288,-505.844,-0.00938214,0.00207037,-0.0122414,0.0155709,4.033,3.03709,-505.638,-0.0097688,0.002118,-0.0122603,0.0158199
2378,3.84839,2.93288,-505.844,-0.00930369,0.00161388,-0.0123922,0.0155886,4.033,3.03709,-505.638,-0.00971868,0.0016237,-0.0123929,0.0158335
2379,3.84839,2.93288,-505.844,-0.00899949,0.000885819,-0.0120875,0.0151097,4.033,3.03709,-505.638,-0.00938931,0.00090262,-0.0119152,0.0151984
2380,3.84839,2.93288,-505.844,-0.0087537,0.000257414,-0.0124803,0.0152594,4.033,3.03709,-505.638,-0.00915097,0.000263908,-0.0125147,0.0155073
2381,3.84839,2.93288,-505.844,-0.00863411,-0.000542448,-0.0120372,0.014836,4.033,3.03709,-505.638,-0.00904559,-0.00051128,-0.012048,0.0150759
2382,3.84839,2.93288,-505.844,-0.00865184,-0.00116716,-0.0122591,0.0150623,4.033,3.03709,-505.638,-0.00905314,-0.0011609,-0.0122814,0.0153034
2383,3.84839,2.93288,-505.844,-0.008602,-0.00190895,-0.0120313,0.0149237,4.033,3.03709,-505.638,-0.00901909,-0.0019055,-0.0120978,0.0152108
2384,3.84839,2.93288,-505.844,-0.00850558,-0.00264778,-0.0119891,0.014946,4.033,3.03709,-505.638,-0.00890044,-0.00266703,-0.012014,0.0151888
2385,3.84839,2.93288,-505.844,-0.00861223,-0.00325253,-0.0116675,0.0148746,4.033,3.03709,-505.638,-0.00903507,-0.00327142,-0.0116626,0.0151128
2386,3.84839,2.93288,-505.844,-0.00861686,-0.00379347,-0.011284,0.0147051,4.033,3.03709,-505.638,-0.00901286,-0.00379716,-0.0115138,0.0151078
2387,3.84839,2.93288,-505.844,-0.00863724,-0.00414701,-0.0110002,0.0145986,4.033,3.03709,-505.638,-0.00904603,-0.00420221,-0.0109035,0.0147788
2388,3.84839,2.93288,-505.844,-0.00890036,-0.00454939,-0.0105998,0.0145782,4.033,3.03709,-505.638,-0.00934041,-0.00455712,-0.0106636,0.0148911
2389,3.84839,2.93288,-505.844,-0.00899219,-0.00479314,-0.0108663,0.0149058,4.033,3.03709,-505.638,-0.0094095,-0.00481009,-0.0109482,0.0152174
2390,3.84839,2.93288,-505.844,-0.00902364,-0.00490249,-0.0106047,0.0147808,4.033,3.03709,-505.638,-0.00945988,-0.00493707,-0.0106252,0.0150617
2391,3.84839,2.93288,-505.844,-0.00911601,-0.0049042,-0.0098911,0.0143253,4.033,3.03709,-505.638,-0.00952378,-0.00493626,-0.00997251,0.0146474
2392,3.84839,2.93288,-505.844,-0.00909213,-0.00474748,-0.00959638,0.0140578,4.033,3.03709,-505.638,-0.00949882,-0.00477342,-0.00973612,0.0144173
2393,3.84839,2.93288,-505.844,-0.00901152,-0.00450268,-0.00949544,0.0138579,4.033,3.03709,-505.638,-0.00940144,-0.0045034,-0.00954414,0.0141357
2394,3.84839,2.93288,-505.844,-0.00926899,-0.00396083,-0.00918004,0.0136421,4.033,3.03709,-505.638,-0.0096966,-0.00394322,-0.00936686,0.0140482
2395,3.84839,2.93288,-505.844,-0.00920801,-0.00356431,-0.0085615,0.0130778,4.033,3.03709,-505.638,-0.00959229,-0.00355978,-0.00855083,0.0133354
2396,3.84839,2.93288,-505.844,-0.00928418,-0.00296938,-0.00854415,0.0129819,4.033,3.03709,-505.638,-0.00969519,-0.00299284,-0.00839465,0.0131721
2397,3.84839,2.93288,-505.844,-0.00925034,-0.00224173,-0.00792667,0.0123908,4.033,3.03709,-505.638,-0.00965281,-0.00223553,-0.00799149,0.0127297
2398,3.84839,2.93288,-505.844,-0.00906475,-0.00176808,-0.00781389,0.0121132,4.033,3.03709,-505.638,-0.00944832,-0.00176153,-0.00776466,0.0123581
2399,3.84839,2.93288,-505.844,-0.00910859,-0.00123743,-0.00770632,0.0120088,4.033,3.03709,-505.638,-0.00950805,-0.00119755,-0.00761112,0.0122398
2400,3.84839,2.93288,-505.844,-0.00909207,-0.000655674,-0.00764867,0.0119141,4.033,3.03709,-505.638,-0.00948822,-0.000603989,-0.00762594,0.0121903
2401,3.84839,2.93288,-505.844,-0.00908585,-0.000108135,-0.00760048,0.0118611,4.033,3.03709,-505.638,-0.00949093,-9.7648e-05,-0.0077631,0.0122639
2402,3.84839,2.93288,-505.844,-0.00857578,0.000313502,-0.0073871,0.0113478,4.033,3.03709,-505.638,-0.00899089,0.000382566,-0.00731731,0.0116031
2403,3.84839,2.93288,-505.844,-0.00845513,0.00071432,-0.00738583,0.0112601,4.033,3.03709,-505.638,-0.00883097,0.000794398,-0.00741903,0.0115625
2404,3.84839,2.93288,-505.844,-0.00840132,0.000765654,-0.007518,0.011317,4.033,3.03709,-505.638,-0.0088076,0.000835723,-0.00755017,0.0116333
2405,3.84839,2.93288,-505.844,-0.00806516,0.000835978,-0.00818641,0.0115491,4.033,3.03709,-505.638,-0.00848637,0.000881378,-0.0081917,0.0118326
2406,3.84839,2.93288,-505.844,-0.00797461,0.000834971,-0.0081045,0.0114159,4.033,3.03709,-505.638,-0.00834317,0.000879295,-0.00830757,0.0118092
2407,3.84839,2.93288,-505.844,-0.00795749,0.000667771,-0.00760405,0.0110444,4.033,3.03709,-505.638,-0.00834146,0.00069336,-0.00749447,0.011237
2408,3.84839,2.93288,-505.844,-0.00779673,0.000249036,-0.00843361,0.0115186,4.033,3.03709,-505.638,-0.00821471,0.000278964,-0.00833073,0.0117081
2409,3.84839,2.93288,-505.844,-0.00753269,-1.51177e-05,-0.00842679,0.011321,4.033,3.03709,-505.638,-0.00792053,1.93637e-05,-0.00834131,0.0115054
2410,3.84839,2.93288,-505.844,-0.00740838,-0.000492545,-0.00786976,0.0108394,4.033,3.03709,-505.638,-0.00783353,-0.00047372,-0.00791912,0.0111518
2411,3.84839,2.93288,-505.844,-0.00726848,-0.00110246,-0.0085162,0.0112673,4.033,3.03709,-505.638,-0.0076868,-0.00110854,-0.00852631,0.0115356
2412,3.84839,2.93288,-505.844,-0.0072405,-0.00160984,-0.00819239,0.0110568,4.033,3.03709,-505.638,-0.00764129,-0.00161259,-0.00843048,0.0114924
2413,3.84839,2.93288,-505.844,-0.00722074,-0.00213298,-0.00902892,0.0117775,4.033,3.03709,-505.638,-0.00765658,-0.00211095,-0.00910757,0.0120877
2414,3.84839,2.93288,-505.844,-0.00722857,-0.00260249,-0.00916549,0.011972,4.033,3.03709,-505.638,-0.00768458,-0.00258764,-0.00922338,0.0122822
2415,3.84839,2.93288,-505.844,-0.00728092,-0.00313356,-0.00819331,0.0114148,4.033,3.03709,-505.638,-0.0077103,-0.00316037,-0.00810533,0.0116262
2416,3.84839,2.93288,-505.844,-0.00748135,-0.00347457,-0.00857194,0.0119108,4.033,3.03709,-505.638,-0.00789724,-0.00348212,-0.00862017,0.0122002
2417,3.84839,2.93288,-505.844,-0.00749406,-0.0037038,-0.00926491,0.0124964,4.033,3.03709,-505.638,-0.00788495,-0.00372678,-0.0092436,0.0127111
2418,3.84839,2.93288,-505.844,-0.00787283,-0.00380564,-0.00898111,0.0125454,4.033,3.03709,-505.638,-0.00828847,-0.0038346,-0.00924251,0.0129952
2419,3.84839,2.93288,-505.844,-0.00784811,-0.00399534,-0.00875123,0.0124282,4.033,3.03709,-505.638,-0.00825965,-0.00400395,-0.00887987,0.012773
2420,3.84839,2.93288,-505.844,-0.00808946,-0.00386951,-0.0087937,0.012578,4.033,3.03709,-505.638,-0.00849386,-0.00389619,-0.00882841,0.0128591
2421,3.84839,2.93288,-505.844,-0.0082763,-0.0036143,-0.00851005,0.0124281,4.033,3.03709,-505.638,-0.00870253,-0.0036231,-0.00862135,0.0127777
2422,3.84839,2.93288,-505.844,-0.00847178,-0.00333662,-0.00856935,0.0125136,4.033,3.03709,-505.638,-0.0088634,-0.00334528,-0.00859974,0.0127963
2423,3.84839,2.93288,-505.844,-0.00874406,-0.00277633,-0.00879217,0.0127255,4.033,3.03709,-505.638,-0.00913664,-0.00278924,-0.00867836,0.0129093
2424,3.84839,2.93288,-505.844,-0.0089714,-0.00227301,-0.0081869,0.0123666,4.033,3.03709,-505.638,-0.00938875,-0.00226751,-0.00827217,0.012718
2425,3.84839,2.93288,-505.844,-0.00907911,-0.00163002,-0.00799702,0.012212,4.033,3.03709,-505.638,-0.00948889,-0.00162114,-0.0081429,0.0126087
2426,3.84839,2.93288,-505.844,-0.00928108,-0.000923212,-0.0086369,0.0127284,4.033,3.03709,-505.638,-0.00966702,-0.000929745,-0.0084374,0.0128677
2427,3.84839,2.93288,-505.844,-0.00952528,-0.000140684,-0.00867276,0.012896,4.033,3.03709,-505.638,-0.00991014,-0.000144964,-0.00863177,0.0131446
2428,3.84839,2.93288,-505.844,-0.00957419,0.000546794,-0.00904918,0.0132044,4.033,3.03709,-505.638,-0.00996919,0.000556888,-0.00890028,0.0133789
2429,3.84839,2.93288,-505.844,-0.00969517,0.0012765,-0.0082977,0.0128335,4.033,3.03709,-505.638,-0.0100973,0.00130354,-0.00840196,0.0132016
2430,3.84839,2.93288,-505.844,-0.0097108,0.001876,-0.00854641,0.0130835,4.033,3.03709,-505.638,-0.0100926,0.00190289,-0.00848432,0.0133235
2431,3.84839,2.93288,-505.844,-0.00959791,0.00239402,-0.0095367,0.0137556,4.033,3.03709,-505.638,-0.00998664,0.00242662,-0.00947591,0.0139816
2432,3.84839,2.93288,-505.844,-0.00955756,0.00279021,-0.00908885,0.0134928,4.033,3.03709,-505.638,-0.00995712,0.00285081,-0.00913202,0.0138095
2433,3.84839,2.93288,-505.844,-0.00958705,0.00326146,-0.00931456,0.0137761,4.033,3.03709,-505.638,-0.00999361,0.00329882,-0.00927334,0.0140293
2434,3.84839,2.93288,-505.844,-0.00936458,0.00338466,-0.00965584,0.0138903,4.033,3.03709,-505.638,-0.00980625,0.00342854,-0.00952735,0.0140987
2435,3.84839,2.93288,-505.844,-0.00926532,0.00344193,-0.0103055,0.0142955,4.033,3.03709,-505.638,-0.00967275,0.00348499,-0.010321,0.0145707
2436,3.84839,2.93288,-505.844,-0.00908112,0.00323275,-0.0105401,0.0143027,4.033,3.03709,-505.638,-0.00951442,0.00325342,-0.0105453,0.0145739
2437,3.84839,2.93288,-505.844,-0.00899702,0.00303276,-0.0107207,0.0143381,4.033,3.03709,-505.638,-0.00941724,0.00305354,-0.010764,0.014627
2438,3.84839,2.93288,-505.844,-0.00881298,0.0027385,-0.0103419,0.0138747,4.033,3.03709,-505.638,-0.00924938,0.00274785,-0.0102819,0.0141018
2439,3.84839,2.93288,-505.844,-0.00869788,0.00230044,-0.0110723,0.0142812,4.033,3.03709,-505.638,-0.00914356,0.00231569,-0.0111075,0.0145742
2440,3.84839,2.93288,-505.844,-0.00862751,0.00202309,-0.0108875,0.0140448,4.033,3.03709,-505.638,-0.00905966,0.00205855,-0.0109738,0.0143789
2441,3.84839,2.93288,-505.844,-0.00839759,0.00140386,-0.0111667,0.0140601,4.033,3.03709,-505.638,-0.00882118,0.00142133,-0.0111593,0.0142982
2442,3.84839,2.93288,-505.844,-0.00841586,0.000939787,-0.0117402,0.0144878,4.033,3.03709,-505.638,-0.00882577,0.000942698,-0.0116809,0.0146719
2443,3.84839,2.93288,-505.844,-0.00848641,0.000326251,-0.011265,0.0141196,4.033,3.03709,-505.638,-0.00890542,0.000317097,-0.0112746,0.0143725
2444,3.84839,2.93288,-505.844,-0.00858157,-6.29883e-05,-0.0115789,0.0144244,4.033,3.03709,-505.638,-0.00901197,-5.17885e-05,-0.0116047,0.0146942
2445,3.84839,2.93288,-505.844,-0.0084981,-0.000699481,-0.0117641,0.0145327,4.033,3.03709,-505.638,-0.0089333,-0.00068458,-0.0120064,0.014981
2446,3.84839,2.93288,-505.844,-0.00888373,-0.000882336,-0.0115871,0.0146345,4.033,3.03709,-505.638,-0.00931336,-0.000879886,-0.0116219,0.0149197
2447,3.84839,2.93288,-505.844,-0.00890126,-0.00112074,-0.0120562,0.0150448,4.033,3.03709,-505.638,-0.00931029,-0.0011568,-0.0120698,0.0152898
2448,3.84839,2.93288,-505.844,-0.00914775,-0.00117037,-0.012051,0.0151864,4.033,3.03709,-505.638,-0.00958259,-0.00119376,-0.0121259,0.0155026
2449,3.84839,2.93288,-505.844,-0.00930353,-0.0013543,-0.0115786,0.0149253,4.033,3.03709,-505.638,-0.00974345,-0.00143471,-0.0116926,0.0152886
2450,3.84839,2.93288,-505.844,-0.00952369,-0.0012262,-0.011603,0.0150689,4.033,3.03709,-505.638,-0.00992157,-0.001241,-0.0117361,0.0154188
2451,3.84839,2.93288,-505.844,-0.00979809,-0.00102123,-0.0116727,0.015288,4.033,3.03709,-505.638,-0.0101949,-0.00105225,-0.0115844,0.0154695
2452,3.84839,2.93288,-505.844,-0.00998145,-0.000721108,-0.011611,0.0153415,4.033,3.03709,-505.638,-0.0103636,-0.000756899,-0.0114127,0.0154363
2453,3.84839,2.93288,-505.844,-0.0101657,-0.000313622,-0.0112011,0.0151367,4.033,3.03709,-505.638,-0.0105416,-0.000298713,-0.0112594,0.0154277
2454,3.84839,2.93288,-505.844,-0.0103906,-7.75535e-05,-0.0108762,0.0150532,4.033,3.03709,-505.638,-0.0107896,-9.76811e-05,-0.010746,0.0152294
2455,3.84839,2.93288,-505.844,-0.0106818,0.000581284,-0.0110151,0.0153729,4.033,3.03709,-505.638,-0.0110837,0.000585423,-0.0108236,0.015506
2456,3.84839,2.93288,-505.844,-0.0107885,0.000984218,-0.0102846,0.0149424,4.033,3.03709,-505.638,-0.0112181,0.00101407,-0.0103894,0.0153239
2457,3.84839,2.93288,-505.844,-0.0109128,0.00166044,-0.0105185,0.0152543,4.033,3.03709,-505.638,-0.011336,0.00167641,-0.0106601,0.0156517
2458,3.84839,2.93288,-505.844,-0.011034,0.00196617,-0.010489,0.0153612,4.033,3.03709,-505.638,-0.0114148,0.00197976,-0.0103309,0.0155237
2459,3.84839,2.93288,-505.844,-0.0111061,0.00248511,-0.0106681,0.0156076,4.033,3.03709,-505.638,-0.0115107,0.00251908,-0.0107118,0.0159255
2460,3.84839,2.93288,-505.844,-0.0111399,0.00283769,-0.0104261,0.0155303,4.033,3.03709,-505.638,-0.0115644,0.00288248,-0.0104891,0.0158781
2461,3.84839,2.93288,-505.844,-0.0110949,0.00306548,-0.0108144,0.0158061,4.033,3.03709,-505.638,-0.011522,0.00309734,-0.0107675,0.016073
2462,3.84839,2.93288,-505.844,-0.0109881,0.00309309,-0.00979168,0.0150448,4.033,3.03709,-505.638,-0.0114327,0.00314103,-0.0098794,0.0154334
2463,3.84839,2.93288,-505.844,-0.01089,0.00312505,-0.010347,0.0153555,4.033,3.03709,-505.638,-0.0113033,0.00317587,-0.0102753,0.0156041
2464,3.84839,2.93288,-505.844,-0.010832,0.00310367,-0.0102339,0.015231,4.033,3.03709,-505.638,-0.0112028,0.00313353,-0.0103693,0.0155847
2465,3.84839,2.93288,-505.844,-0.0108339,0.00291994,-0.010396,0.015304,4.033,3.03709,-505.638,-0.0112747,0.00297672,-0.0104467,0.0156569
2466,3.84839,2.93288,-505.844,-0.0106005,0.00259038,-0.0101072,0.0148855,4.033,3.03709,-505.638,-0.0110087,0.00263872,-0.0100973,0.015171
2467,3.84839,2.93288,-505.844,-0.0104747,0.00204217,-0.00978107,0.0144794,4.033,3.03709,-505.638,-0.0108662,0.00205431,-0.00983596,0.0148002
2468,3.84839,2.93288,-505.844,-0.0103988,0.00161447,-0.0108894,0.0151625,4.033,3.03709,-505.638,-0.0108436,0.00165278,-0.0106128,0.0152649
2469,3.84839,2.93288,-505.844,-0.010289,0.0010756,-0.010828,0.0149878,4.033,3.03709,-505.638,-0.0107257,0.00107427,-0.0107949,0.0152568
2470,3.84839,2.93288,-505.844,-0.0103101,0.000573711,-0.0104721,0.0147158,4.033,3.03709,-505.638,-0.0107054,0.000576788,-0.010428,0.0149569
2471,3.84839,2.93288,-505.844,-0.0103119,2.66276e-05,-0.0107163,0.0148825,4.033,3.03709,-505.638,-0.0107132,4.08578e-05,-0.0107903,0.0152068
2472,3.84839,2.93288,-505.844,-0.0102634,-0.00062015,-0.0111519,0.0151797,4.033,3.03709,-505.638,-0.0107012,-0.000617377,-0.0110366,0.0153863
2473,3.84839,2.93288,-505.844,-0.0103795,-0.00122775,-0.0105823,0.0148812,4.033,3.03709,-505.638,-0.0107997,-0.00125577,-0.01058,0.0151712
2474,3.84839,2.93288,-505.844,-0.0103318,-0.00162729,-0.0103543,0.0147302,4.033,3.03709,-505.638,-0.0107493,-0.00164552,-0.0104176,0.0150613
2475,3.84839,2.93288,-505.844,-0.0103033,-0.00205995,-0.0103604,0.0147691,4.033,3.03709,-505.638,-0.0107027,-0.00209488,-0.0102058,0.0149384
2476,3.84839,2.93288,-505.844,-0.0104514,-0.00237055,-0.0107639,0.0151985,4.033,3.03709,-505.638,-0.01086,-0.00238336,-0.0107143,0.0154419
2477,3.84839,2.93288,-505.844,-0.0104853,-0.00254974,-0.0100135,0.0147368,4.033,3.03709,-505.638,-0.0108977,-0.0025852,-0.0099883,0.0150094
2478,3.84839,2.93288,-505.844,-0.0107,-0.00268192,-0.0101412,0.0149951,4.033,3.03709,-505.638,-0.0111036,-0.0027,-0.0102668,0.0153635
2479,3.84839,2.93288,-505.844,-0.0107429,-0.00273942,-0.00947596,0.0145913,4.033,3.03709,-505.638,-0.0111735,-0.00272093,-0.00949298,0.0149126
2480,3.84839,2.93288,-505.844,-0.0108677,-0.00254639,-0.00884278,0.014243,4.033,3.03709,-505.638,-0.011285,-0.00255165,-0.00893033,0.0146156
2481,3.84839,2.93288,-505.844,-0.0109962,-0.00233278,-0.00913274,0.0144941,4.033,3.03709,-505.638,-0.011416,-0.00237955,-0.00902078,0.0147445
2482,3.84839,2.93288,-505.844,-0.0109633,-0.00221005,-0.00831199,0.0139398,4.033,3.03709,-505.638,-0.0113823,-0.00221849,-0.00833187,0.0142796
2483,3.84839,2.93288,-505.844,-0.0110181,-0.00192799,-0.00853778,0.0140861,4.033,3.03709,-505.638,-0.0114148,-0.00191886,-0.0084006,0.0143045
2484,3.84839,2.93288,-505.844,-0.0110102,-0.00137893,-0.00890393,0.0142418,4.033,3.03709,-505.638,-0.0114327,-0.00137016,-0.00887713,0.0145425
2485,3.84839,2.93288,-505.844,-0.0108272,-0.000968782,-0.00804748,0.0135352,4.033,3.03709,-505.638,-0.0111947,-0.000971887,-0.0080398,0.0138184
2486,3.84839,2.93288,-505.844,-0.0107993,-0.000592983,-0.0078401,0.0133653,4.033,3.03709,-505.638,-0.0111828,-0.000581354,-0.00802018,0.0137747
2487,3.84839,2.93288,-505.844,-0.0107208,-7.98112e-06,-0.00777076,0.0132515,4.033,3.03709,-505.638,-0.0111218,4.45395e-05,-0.00778162,0.0135751
2488,3.84839,2.93288,-505.844,-0.0106579,0.000356056,-0.00733734,0.012959,4.033,3.03709,-505.638,-0.0110474,0.000419238,-0.00750619,0.0133649
2489,3.84839,2.93288,-505.844,-0.0104114,0.000667326,-0.00800892,0.013158,4.033,3.03709,-505.638,-0.0108364,0.000710387,-0.00810497,0.0135513
2490,3.84839,2.93288,-505.844,-0.0103747,0.000960535,-0.00804166,0.0131768,4.033,3.03709,-505.638,-0.0107797,0.00102059,-0.00809151,0.0135198
2491,3.84839,2.93288,-505.844,-0.010147,0.00121918,-0.00768632,0.0127988,4.033,3.03709,-505.638,-0.0105544,0.00124326,-0.00773557,0.013146
2492,3.84839,2.93288,-505.844,-0.00990128,0.00114522,-0.00753143,0.0124982,4.033,3.03709,-505.638,-0.0103135,0.00120497,-0.00750864,0.0128143
2493,3.84839,2.93288,-505.844,-0.00964501,0.00116491,-0.00770656,0.0124135,4.033,3.03709,-505.638,-0.010049,0.00122804,-0.00776225,0.0127586
2494,3.84839,2.93288,-505.844,-0.00932011,0.00103173,-0.00858085,0.0127289,4.033,3.03709,-505.638,-0.00972712,0.00109298,-0.00835147,0.012869
2495,3.84839,2.93288,-505.844,-0.00913637,0.000906062,-0.0082181,0.0123324,4.033,3.03709,-505.638,-0.00952187,0.000960993,-0.00810813,0.0125443
2496,3.84839,2.93288,-505.844,-0.00909509,0.000477769,-0.00822271,0.0122846,4.033,3.03709,-505.638,-0.00951867,0.000522181,-0.0081937,0.0125722
2497,3.84839,2.93288,-505.844,-0.00882047,0.00022417,-0.00806408,0.0119714,4.033,3.03709,-505.638,-0.00923977,0.000280972,-0.0083907,0.0124865
2498,3.84839,2.93288,-505.844,-0.00858363,-0.000212712,-0.00830483,0.0119545,4.033,3.03709,-505.638,-0.00898831,-0.00019175,-0.0082205,0.0121827
2499,3.84839,2.93288,-505.844,-0.00860685,-0.00060263,-0.00892957,0.0124441,4.033,3.03709,-505.638,-0.00902634,-0.000596086,-0.00904769,0.0127988
2500,3.84839,2.93288,-505.844,-0.00850906,-0.00112121,-0.00864613,0.0121912,4.033,3.03709,-505.638,-0.00892642,-0.00109371,-0.00900582,0.0127284
2501,3.84839,2.93288,-505.844,-0.00841523,-0.00168085,-0.00849477,0.0120825,4.033,3.03709,-505.638,-0.00883859,-0.0016586,-0.00858406,0.0124328
2502,3.84839,2.93288,-505.844,-0.00839362,-0.001996,-0.00880982,0.0123422,4.033,3.03709,-505.638,-0.0088137,-0.00202048,-0.00892446,0.0127066
2503,3.84839,2.93288,-505.844,-0.008359,-0.00245516,-0.00880032,0.0123903,4.033,3.03709,-505.638,-0.00879736,-0.00248534,-0.00897363,0.0128108
2504,3.84839,2.93288,-505.844,-0.00847325,-0.00280199,-0.00722238,0.0114856,4.033,3.03709,-505.638,-0.00884984,-0.00280778,-0.00719517,0.0117465
2505,3.84839,2.93288,-505.844,-0.00843737,-0.00298668,-0.00815112,0.0121127,4.033,3.03709,-505.638,-0.00881159,-0.00299423,-0.00827182,0.0124518
2506,3.84839,2.93288,-505.844,-0.00861272,-0.00324071,-0.00850037,0.0125357,4.033,3.03709,-505.638,-0.00903521,-0.003256,-0.00866102,0.0129334
2507,3.84839,2.93288,-505.844,-0.00877253,-0.00318997,-0.00812921,0.012387,4.033,3.03709,-505.638,-0.00915413,-0.00321856,-0.00830067,0.0127708
2508,3.84839,2.93288,-505.844,-0.008848,-0.00323153,-0.00839633,0.0126326,4.033,3.03709,-505.638,-0.00931588,-0.00325896,-0.00860802,0.0130988
2509,3.84839,2.93288,-505.844,-0.00903659,-0.00305559,-0.00813265,0.012552,4.033,3.03709,-505.638,-0.00945747,-0.00307233,-0.00823819,0.0129157
2510,3.84839,2.93288,-505.844,-0.00912005,-0.00304301,-0.00807244,0.0125683,4.033,3.03709,-505.638,-0.00948887,-0.00305463,-0.0081831,0.0128992
2511,3.84839,2.93288,-505.844,-0.00917928,-0.00278334,-0.00749367,0.0121817,4.033,3.03709,-505.638,-0.00957044,-0.00275587,-0.00767373,0.0125738
2512,3.84839,2.93288,-505.844,-0.0091414,-0.0023592,-0.00738886,0.0119992,4.033,3.03709,-505.638,-0.00954277,-0.00233745,-0.00749894,0.0123611
2513,3.84839,2.93288,-505.844,-0.00925827,-0.00214012,-0.00743185,0.0120699,4.033,3.03709,-505.638,-0.00965835,-0.00209555,-0.00746145,0.0123841
2514,3.84839,2.93288,-505.844,-0.00940008,-0.00167434,-0.00776296,0.0123236,4.033,3.03709,-505.638,-0.00977492,-0.00161924,-0.00788198,0.0126638
2515,3.84839,2.93288,-505.844,-0.00941764,-0.00134143,-0.0073214,0.0120132,4.033,3.03709,-505.638,-0.00979795,-0.00127743,-0.00752347,0.0124204
2516,3.84839,2.93288,-505.844,-0.00935328,-0.000880423,-0.00776918,0.0122058,4.033,3.03709,-505.638,-0.00975301,-0.000818096,-0.00790021,0.0125798
2517,3.84839,2.93288,-505.844,-0.00942267,-0.000598161,-0.00742103,0.0120232,4.033,3.03709,-505.638,-0.00979494,-0.000554398,-0.00750259,0.0123523
2518,3.84839,2.93288,-505.844,-0.00935063,-0.000314038,-0.00725101,0.0118451,4.033,3.03709,-505.638,-0.00973765,-0.000256865,-0.00731467,0.0121824
2519,3.84839,2.93288,-505.844,-0.00926457,-5.6217e-06,-0.00783085,0.0121457,4.033,3.03709,-505.638,-0.00963454,1.4109e-05,-0.00779114,0.0123931
2520,3.84839,2.93288,-505.844,-0.00921467,0.000228165,-0.00778755,0.0120788,4.033,3.03709,-505.638,-0.00960804,0.000306906,-0.00790859,0.0124495
2521,3.84839,2.93288,-505.844,-0.00887995,0.000231742,-0.00763367,0.0117221,4.033,3.03709,-505.638,-0.00924077,0.000260632,-0.00748983,0.0118985
2522,3.84839,2.93288,-505.844,-0.00885788,0.000418177,-0.00813902,0.0120496,4.033,3.03709,-505.638,-0.0092558,0.000451035,-0.00825191,0.0124105
2523,3.84839,2.93288,-505.844,-0.00875484,0.000447988,-0.00800314,0.0118789,4.033,3.03709,-505.638,-0.00915886,0.00051278,-0.00808838,0.0122306
2524,3.84839,2.93288,-505.844,-0.00867998,0.000405993,-0.00785778,0.0117365,4.033,3.03709,-505.638,-0.00907616,0.000445553,-0.00795909,0.0120837
2525,3.84839,2.93288,-505.844,-0.0085687,0.00030675,-0.00890876,0.0123811,4.033,3.03709,-505.638,-0.00899479,0.000336715,-0.00885861,0.0126313
2526,3.84839,2.93288,-505.844,-0.0084873,6.41897e-05,-0.00899754,0.0123876,4.033,3.03709,-505.638,-0.00888694,0.000133928,-0.00921422,0.0128053
2527,3.84839,2.93288,-505.844,-0.00845511,-0.000149765,-0.008788,0.0122061,4.033,3.03709,-505.638,-0.00888443,-0.000143464,-0.00890843,0.012583
2528,3.84839,2.93288,-505.844,-0.00829519,-0.000344447,-0.00867085,0.012017,4.033,3.03709,-505.638,-0.00868578,-0.000354089,-0.00868361,0.0122885
2529,3.84839,2.93288,-505.844,-0.00819289,-0.000610454,-0.00930732,0.0124274,4.033,3.03709,-505.638,-0.00858945,-0.000583096,-0.0095897,0.012889
2530,3.84839,2.93288,-505.844,-0.00812389,-0.00093344,-0.00886972,0.0120814,4.033,3.03709,-505.638,-0.00856479,-0.000915804,-0.00884942,0.0123513
2531,3.84839,2.93288,-505.844,-0.00830047,-0.0010313,-0.00939479,0.0125881,4.033,3.03709,-505.638,-0.00871519,-0.00104581,-0.00954145,0.0129661
2532,3.84839,2.93288,-505.844,-0.00817812,-0.00138875,-0.00980948,0.012857,4.033,3.03709,-505.638,-0.00859589,-0.00138797,-0.00987609,0.0131675
2533,3.84839,2.93288,-505.844,-0.00822074,-0.00145241,-0.00951076,0.0126643,4.033,3.03709,-505.638,-0.00863541,-0.00141533,-0.00966321,0.0130375
2534,3.84839,2.93288,-505.844,-0.00827006,-0.00160215,-0.00998722,0.0130756,4.033,3.03709,-505.638,-0.00867059,-0.00158926,-0.0102746,0.0135391
2535,3.84839,2.93288,-505.844,-0.00849711,-0.00169982,-0.0096177,0.0129531,4.033,3.03709,-505.638,-0.00890485,-0.00174123,-0.009747,0.0133174
2536,3.84839,2.93288,-505.844,-0.00848424,-0.00184383,-0.00997903,0.01324,4.033,3.03709,-505.638,-0.0088841,-0.00184824,-0.0100334,0.0135299
2537,3.84839,2.93288,-505.844,-0.00872398,-0.00172798,-0.00953022,0.0130442,4.033,3.03709,-505.638,-0.009136,-0.00173374,-0.00960721,0.0133714
2538,3.84839,2.93288,-505.844,-0.00877357,-0.00178217,-0.00962938,0.0131574,4.033,3.03709,-505.638,-0.0091808,-0.00178687,-0.00964012,0.0134326
2539,3.84839,2.93288,-505.844,-0.00888092,-0.00158036,-0.00948238,0.0130951,4.033,3.03709,-505.638,-0.00926309,-0.00156021,-0.00954884,0.0133954
2540,3.84839,2.93288,-505.844,-0.00892876,-0.0012809,-0.0100727,0.013531,4.033,3.03709,-505.638,-0.0093294,-0.00126653,-0.0100326,0.0137597
2541,3.84839,2.93288,-505.844,-0.00898963,-0.00104934,-0.010365,0.0137677,4.033,3.03709,-505.638,-0.00937716,-0.00102877,-0.0104534,0.0140814
2542,3.84839,2.93288,-505.844,-0.00932562,-0.000669923,-0.00986939,0.0136059,4.033,3.03709,-505.638,-0.00973,-0.000670816,-0.00997636,0.013953
2543,3.84839,2.93288,-505.844,-0.00931538,-0.00039141,-0.0102623,0.0138769,4.033,3.03709,-505.638,-0.00972551,-0.000374888,-0.0104446,0.0142778
2544,3.84839,2.93288,-505.844,-0.00938623,-0.000170655,-0.0101478,0.0138328,4.033,3.03709,-505.638,-0.00977717,-0.000148724,-0.0101418,0.0140891
2545,3.84839,2.93288,-505.844,-0.00947006,0.000340843,-0.0104952,0.0141445,4.033,3.03709,-505.638,-0.00991869,0.000358503,-0.0106787,0.0145793
2546,3.84839,2.93288,-505.844,-0.00959708,0.000667526,-0.010937,0.0145781,4.033,3.03709,-505.638,-0.00996881,0.000678154,-0.0109061,0.0147928
2547,3.84839,2.93288,-505.844,-0.00966922,0.00098194,-0.0109357,0.0146369,4.033,3.03709,-505.638,-0.0100518,0.001022,-0.0109044,0.0148662
2548,3.84839,2.93288,-505.844,-0.00990513,0.00135014,-0.0109911,0.0148682,4.033,3.03709,-505.638,-0.0103046,0.00133272,-0.0110273,0.0151526
2549,3.84839,2.93288,-505.844,-0.00969129,0.00165969,-0.0108158,0.0146238,4.033,3.03709,-505.638,-0.0101294,0.00170511,-0.0108071,0.0149103
2550,3.84839,2.93288,-505.844,-0.00978013,0.0018907,-0.0122999,0.0158417,4.033,3.03709,-505.638,-0.0102115,0.00194088,-0.0123721,0.0161608
2551,3.84839,2.93288,-505.844,-0.00992634,0.00200157,-0.0121085,0.0157908,4.033,3.03709,-505.638,-0.0103307,0.00201694,-0.0121637,0.0160862
2552,3.84839,2.93288,-505.844,-0.00990257,0.00222336,-0.0120515,0.0157658,4.033,3.03709,-505.638,-0.0103505,0.00222834,-0.0120378,0.0160324
2553,3.84839,2.93288,-505.844,-0.00988377,0.002223,-0.0122283,0.0158899,4.033,3.03709,-505.638,-0.0102806,0.00227005,-0.0121141,0.0160508
2554,3.84839,2.93288,-505.844,-0.0100015,0.00238127,-0.0126337,0.0162965,4.033,3.03709,-505.638,-0.0104082,0.00240489,-0.0126994,0.0165958
2555,3.84839,2.93288,-505.844,-0.0100091,0.002244,-0.0131983,0.0167233,4.033,3.03709,-505.638,-0.0104282,0.00229078,-0.0133806,0.0171192
2556,3.84839,2.93288,-505.844,-0.0100305,0.00210729,-0.0134537,0.0169257,4.033,3.03709,-505.638,-0.010442,0.00212786,-0.0134943,0.0171967
2557,3.84839,2.93288,-505.844,-0.0100023,0.00192967,-0.0132488,0.0167206,4.033,3.03709,-505.638,-0.0104264,0.00194385,-0.0133398,0.0170432
2558,3.84839,2.93288,-505.844,-0.0101039,0.00183052,-0.0139567,0.0173394,4.033,3.03709,-505.638,-0.0105204,0.00183987,-0.0136967,0.0173695
2559,3.84839,2.93288,-505.844,-0.010069,0.00168717,-0.0140079,0.0173469,4.033,3.03709,-505.638,-0.0104854,0.00170676,-0.0138822,0.0174825
2560,3.84839,2.93288,-505.844,-0.010122,0.00147941,-0.0138698,0.0172405,4.033,3.03709,-505.638,-0.0105085,0.00149453,-0.0139293,0.0175131
2561,3.84839,2.93288,-505.844,-0.0100865,0.00122136,-0.0139238,0.0172438,4.033,3.03709,-505.638,-0.0105063,0.001238,-0.0140746,0.0176078
2562,3.84839,2.93288,-505.844,-0.0103382,0.001222,-0.0143498,0.0177396,4.033,3.03709,-505.638,-0.0107362,0.00120913,-0.0143414,0.017957
2563,3.84839,2.93288,-505.844,-0.0103516,0.0009995,-0.0143138,0.0177024,4.033,3.03709,-505.638,-0.0107628,0.00101474,-0.0142311,0.0178725
2564,3.84839,2.93288,-505.844,-0.0104135,0.000865444,-0.0146605,0.0180205,4.033,3.03709,-505.638,-0.01086,0.000866076,-0.0147501,0.0183401
2565,3.84839,2.93288,-505.844,-0.0104091,0.000731199,-0.0143808,0.0177737,4.033,3.03709,-505.638,-0.0108103,0.000744328,-0.0145212,0.0181191
2566,3.84839,2.93288,-505.844,-0.0104894,0.000594491,-0.0143229,0.0177727,4.033,3.03709,-505.638,-0.0108928,0.000589441,-0.0144738,0.0181256
2567,3.84839,2.93288,-505.844,-0.0104884,0.000553907,-0.0142771,0.017733,4.033,3.03709,-505.638,-0.0109364,0.000536893,-0.0143809,0.0180761
2568,3.84839,2.93288,-505.844,-0.0104373,0.000571953,-0.0145291,0.0179099,4.033,3.03709,-505.638,-0.0108295,0.00058714,-0.0144165,0.0180422
2569,3.84839,2.93288,-505.844,-0.0105963,0.000594087,-0.0142553,0.0177788,4.033,3.03709,-505.638,-0.011037,0.000573001,-0.0142542,0.0180372
2570,3.84839,2.93288,-505.844,-0.0105192,0.000777393,-0.0143549,0.0178261,4.033,3.03709,-505.638,-0.0109244,0.00077888,-0.0144795,0.0181571
2571,3.84839,2.93288,-505.844,-0.0107461,0.000965875,-0.0141363,0.0177912,4.033,3.03709,-505.638,-0.0111477,0.00100536,-0.014176,0.0180631
2572,3.84839,2.93288,-505.844,-0.0107072,0.00108163,-0.0140826,0.0177339,4.033,3.03709,-505.638,-0.0111115,0.00110347,-0.0139977,0.017907
2573,3.84839,2.93288,-505.844,-0.0108061,0.00119471,-0.0137124,0.0175039,4.033,3.03709,-505.638,-0.0112223,0.00121067,-0.0138625,0.017877
2574,3.84839,2.93288,-505.844,-0.0108433,0.00137621,-0.0138295,0.0176342,4.033,3.03709,-505.638,-0.0112498,0.001333,-0.0138492,0.0178928
2575,3.84839,2.93288,-505.844,-0.0107896,0.00161593,-0.0142554,0.0179646,4.033,3.03709,-505.638,-0.0111939,0.00163533,-0.0142757,0.0182167
2576,3.84839,2.93288,-505.844,-0.0106653,0.00178841,-0.0136174,0.0173986,4.033,3.03709,-505.638,-0.0110689,0.00180707,-0.0134355,0.0175024
2577,3.84839,2.93288,-505.844,-0.0106847,0.00204405,-0.0137753,0.0175651,4.033,3.03709,-505.638,-0.0111039,0.0020657,-0.0137915,0.0178277
2578,3.84839,2.93288,-505.844,-0.0107135,0.00219653,-0.0141023,0.017856,4.033,3.03709,-505.638,-0.0111319,0.00222588,-0.0140816,0.018089
2579,3.84839,2.93288,-505.844,-0.0107187,0.00235677,-0.0131692,0.0171494,4.033,3.03709,-505.638,-0.0111417,0.00235365,-0.0132408,0.0174649
2580,3.84839,2.93288,-505.844,-0.010702,0.00251127,-0.0139719,0.01779,4.033,3.03709,-505.638,-0.0110829,0.00252299,-0.0137984,0.0178786
2581,3.84839,2.93288,-505.844,-0.0107346,0.00231641,-0.0138652,0.0176991,4.033,3.03709,-505.638,-0.0111565,0.00231741,-0.0137509,0.01786
2582,3.84839,2.93288,-505.844,-0.0107842,0.00230548,-0.0133518,0.0173266,4.033,3.03709,-505.638,-0.0112037,0.00234189,-0.0132598,0.0175174
2583,3.84839,2.93288,-505.844,-0.0105511,0.00217207,-0.0133622,0.0171767,4.033,3.03709,-505.638,-0.0109485,0.00216397,-0.01338,0.017425
2584,3.84839,2.93288,-505.844,-0.0105276,0.00206938,-0.0127325,0.0166608,4.033,3.03709,-505.638,-0.0109254,0.00207567,-0.0126037,0.0168098
2585,3.84839,2.93288,-505.844,-0.0104437,0.00200571,-0.0135299,0.0172188,4.033,3.03709,-505.638,-0.0108242,0.002052,-0.013483,0.017413
2586,3.84839,2.93288,-505.844,-0.0104916,0.0017299,-0.0136313,0.0173007,4.033,3.03709,-505.638,-0.0108927,0.00175365,-0.013508,0.0174429
2587,3.84839,2.93288,-505.844,-0.0104427,0.0014734,-0.0131045,0.0168312,4.033,3.03709,-505.638,-0.0108685,0.00149388,-0.01304,0.0170422
2588,3.84839,2.93288,-505.844,-0.0102941,0.00115872,-0.0124279,0.0161911,4.033,3.03709,-505.638,-0.010711,0.0011858,-0.0124709,0.0164835
2589,3.84839,2.93288,-505.844,-0.0103586,0.000887636,-0.0130179,0.0166745,4.033,3.03709,-505.638,-0.010773,0.000901693,-0.0129689,0.0168862
2590,3.84839,2.93288,-505.844,-0.010435,0.000466045,-0.0129407,0.0166464,4.033,3.03709,-505.638,-0.0108552,0.000472929,-0.0131474,0.0170587
2591,3.84839,2.93288,-505.844,-0.0104188,2.50566e-05,-0.0120272,0.0159213,4.033,3.03709,-505.638,-0.0108149,1.39448e-05,-0.0119342,0.0161064
2592,3.84839,2.93288,-505.844,-0.0103973,-0.000158791,-0.0119512,0.0158537,4.033,3.03709,-505.638,-0.0108167,-0.000150114,-0.0118903,0.0160764
2593,3.84839,2.93288,-505.844,-0.0104677,-0.00050998,-0.0118282,0.015814,4.033,3.03709,-505.638,-0.0108946,-0.000473041,-0.012002,0.0162178
2594,3.84839,2.93288,-505.844,-0.0102901,-0.000934672,-0.0116369,0.0155772,4.033,3.03709,-505.638,-0.0107226,-0.000898577,-0.0117553,0.0159391
2595,3.84839,2.93288,-505.844,-0.0103483,-0.0011927,-0.0112057,0.0153126,4.033,3.03709,-505.638,-0.0107405,-0.00115857,-0.0110319,0.015442
2596,3.84839,2.93288,-505.844,-0.0104673,-0.00134107,-0.0112313,0.0154205,4.033,3.03709,-505.638,-0.0108766,-0.00134039,-0.0114198,0.0158288
2597,3.84839,2.93288,-505.844,-0.0103887,-0.001635,-0.0106525,0.0149791,4.033,3.03709,-505.638,-0.0108293,-0.00163205,-0.0106847,0.0153016
2598,3.84839,2.93288,-505.844,-0.0104923,-0.00166288,-0.0100179,0.0146087,4.033,3.03709,-505.638,-0.0108566,-0.0016718,-0.00999257,0.0148505
2599,3.84839,2.93288,-505.844,-0.0107729,-0.00170131,-0.00985316,0.0147108,4.033,3.03709,-505.638,-0.0111869,-0.00172838,-0.00986136,0.0150144
2600,3.84839,2.93288,-505.844,-0.0107002,-0.00179433,-0.0101565,0.01487,4.033,3.03709,-505.638,-0.0111091,-0.00179817,-0.0102884,0.0152487
2601,3.84839,2.93288,-505.844,-0.0106286,-0.00182199,-0.00942011,0.0143262,4.033,3.03709,-505.638,-0.0110549,-0.0018271,-0.00944525,0.0146555
2602,3.84839,2.93288,-505.844,-0.0106012,-0.00170897,-0.00973737,0.014512,4.033,3.03709,-505.638,-0.0110051,-0.00167502,-0.00975152,0.0148022
2603,3.84839,2.93288,-505.844,-0.0107093,-0.00165187,-0.00932227,0.0143062,4.033,3.03709,-505.638,-0.0111205,-0.00164585,-0.00928127,0.0145797
2604,3.84839,2.93288,-505.844,-0.0106222,-0.00136523,-0.00946052,0.0142967,4.033,3.03709,-505.638,-0.0110202,-0.00135947,-0.0093908,0.0145428
2605,3.84839,2.93288,-505.844,-0.010643,-0.00119694,-0.00863115,0.0137732,4.033,3.03709,-505.638,-0.0110545,-0.00119561,-0.00858825,0.0140529
2606,3.84839,2.93288,-505.844,-0.010507,-0.00100429,-0.00834895,0.0134629,4.033,3.03709,-505.638,-0.0109179,-0.000954047,-0.00855002,0.0139006
2607,3.84839,2.93288,-505.844,-0.0105568,-0.000798511,-0.00903133,0.013935,4.033,3.03709,-505.638,-0.0109539,-0.000782887,-0.00883096,0.0140949
2608,3.84839,2.93288,-505.844,-0.0104858,-0.0006516,-0.00852829,0.0135432,4.033,3.03709,-505.638,-0.010881,-0.000608889,-0.0085349,0.0138444
2609,3.84839,2.93288,-505.844,-0.0104032,-0.000459937,-0.0082228,0.0132822,4.033,3.03709,-505.638,-0.0108422,-0.000425831,-0.00813979,0.013566
2610,3.84839,2.93288,-505.844,-0.0101527,-0.000433988,-0.00876178,0.0134359,4.033,3.03709,-505.638,-0.0105419,-0.00037688,-0.00863882,0.0136376
2611,3.84839,2.93288,-505.844,-0.0101104,-0.000438279,-0.00772161,0.0127409,4.033,3.03709,-505.638,-0.0105091,-0.000392545,-0.00775141,0.0130663
2612,3.84839,2.93288,-505.844,-0.00990628,-0.000525131,-0.00797082,0.0127372,4.033,3.03709,-505.638,-0.0103231,-0.000503918,-0.0079582,0.0130458
2613,3.84839,2.93288,-505.844,-0.00979658,-0.000519895,-0.00794141,0.0126367,4.033,3.03709,-505.638,-0.0102296,-0.00052925,-0.00783384,0.0128977
2614,3.84839,2.93288,-505.844,-0.00967487,-0.000567957,-0.00808151,0.0126334,4.033,3.03709,-505.638,-0.0101282,-0.000542483,-0.00811426,0.0129914
2615,3.84839,2.93288,-505.844,-0.00931396,-0.00067029,-0.00845233,0.0126126,4.033,3.03709,-505.638,-0.00972722,-0.000644316,-0.00831538,0.0128154
2616,3.84839,2.93288,-505.844,-0.00921221,-0.000889531,-0.00852041,0.0125965,4.033,3.03709,-505.638,-0.00958703,-0.000884298,-0.00851952,0.012859
2617,3.84839,2.93288,-505.844,-0.00906023,-0.00101198,-0.00840643,0.0124248,4.033,3.03709,-505.638,-0.00944047,-0.000992982,-0.00821337,0.0125567
2618,3.84839,2.93288,-505.844,-0.00868939,-0.0012789,-0.00809871,0.0119584,4.033,3.03709,-505.638,-0.00905795,-0.00122414,-0.00811245,0.0122227
2619,3.84839,2.93288,-505.844,-0.0088099,-0.00149698,-0.00849526,0.0123447,4.033,3.03709,-505.638,-0.00919411,-0.00149921,-0.00832802,0.0124972
2620,3.84839,2.93288,-505.844,-0.00847455,-0.00175236,-0.00793305,0.0117571,4.033,3.03709,-505.638,-0.00889723,-0.00176926,-0.00792167,0.0120464
2621,3.84839,2.93288,-505.844,-0.00844454,-0.00204656,-0.00803168,0.0118465,4.033,3.03709,-505.638,-0.0088522,-0.00208382,-0.00797998,0.0121013
2622,3.84839,2.93288,-505.844,-0.00834016,-0.0021812,-0.00809266,0.011841,4.033,3.03709,-505.638,-0.00875621,-0.00217683,-0.00809672,0.0121255
2623,3.84839,2.93288,-505.844,-0.00828139,-0.00223115,-0.00821092,0.0118899,4.033,3.03709,-505.638,-0.00866986,-0.00223549,-0.00813832,0.0121022
2624,3.84839,2.93288,-505.844,-0.00818738,-0.00237572,-0.00853192,0.012076,4.033,3.03709,-505.638,-0.00859836,-0.00236311,-0.00853218,0.0123434
2625,3.84839,2.93288,-505.844,-0.00826553,-0.00245065,-0.00799035,0.0117669,4.033,3.03709,-505.638,-0.00869012,-0.00243012,-0.00793528,0.0120175
2626,3.84839,2.93288,-505.844,-0.00829346,-0.00239699,-0.0077913,0.0116374,4.033,3.03709,-505.638,-0.00869111,-0.0023844,-0.00775372,0.0118892
2627,3.84839,2.93288,-505.844,-0.00838691,-0.00248671,-0.0085924,0.0122775,4.033,3.03709,-505.638,-0.00880902,-0.00248011,-0.00865559,0.0125991
2628,3.84839,2.93288,-505.844,-0.00827066,-0.00240999,-0.00807173,0.0118179,4.033,3.03709,-505.638,-0.00866654,-0.00244091,-0.00805286,0.0120813
2629,3.84839,2.93288,-505.844,-0.00837713,-0.0022844,-0.0087905,0.0123717,4.033,3.03709,-505.638,-0.00876411,-0.00229016,-0.00893022,0.0127224
2630,3.84839,2.93288,-505.844,-0.0083698,-0.00200774,-0.00874565,0.0122811,4.033,3.03709,-505.638,-0.00875988,-0.00202086,-0.00869556,0.0125084
2631,3.84839,2.93288,-505.844,-0.00852462,-0.00186548,-0.00852464,0.0122191,4.033,3.03709,-505.638,-0.00894202,-0.00185191,-0.00845868,0.0124508
2632,3.84839,2.93288,-505.844,-0.00858715,-0.00162154,-0.00861127,0.0122845,4.033,3.03709,-505.638,-0.00899527,-0.00162042,-0.00849197,0.0124782
2633,3.84839,2.93288,-505.844,-0.00847787,-0.00142575,-0.00909361,0.0125305,4.033,3.03709,-505.638,-0.00890722,-0.00138702,-0.00924261,0.0129133
2634,3.84839,2.93288,-505.844,-0.00858635,-0.00102102,-0.00856438,0.0121908,4.033,3.03709,-505.638,-0.0089922,-0.00100092,-0.00830495,0.0122841
2635,3.84839,2.93288,-505.844,-0.00864117,-0.000741177,-0.00872768,0.012316,4.033,3.03709,-505.638,-0.00904275,-0.000687781,-0.00872632,0.0125871
2636,3.84839,2.93288,-505.844,-0.00877413,-0.00034067,-0.00895909,0.0125583,4.033,3.03709,-505.638,-0.00916502,-0.000316225,-0.00899194,0.0128455
2637,3.84839,2.93288,-505.844,-0.00881068,-0.000177171,-0.00875356,0.012426,4.033,3.03709,-505.638,-0.00920943,-0.000127493,-0.00880767,0.012744
2638,3.84839,2.93288,-505.844,-0.00867604,0.00012291,-0.0090259,0.0125321,4.033,3.03709,-505.638,-0.00906596,0.000152926,-0.00895065,0.0127417
2639,3.84839,2.93288,-505.844,-0.00870594,0.000361817,-0.00910732,0.0126152,4.033,3.03709,-505.638,-0.00909186,0.000399694,-0.00903457,0.0128247
2640,3.84839,2.93288,-505.844,-0.00858514,0.000609358,-0.00975151,0.0130168,4.033,3.03709,-505.638,-0.00897708,0.000647157,-0.00984253,0.0133387
2641,3.84839,2.93288,-505.844,-0.00857345,0.000956349,-0.00921482,0.0126283,4.033,3.03709,-505.638,-0.0089685,0.00101941,-0.00931169,0.0129688
2642,3.84839,2.93288,-505.844,-0.0084238,0.00102635,-0.00946192,0.0127252,4.033,3.03709,-505.638,-0.00882348,0.00105164,-0.00938356,0.0129254
2643,3.84839,2.93288,-505.844,-0.00842162,0.00122901,-0.0105208,0.0135478,4.033,3.03709,-505.638,-0.00884056,0.00127884,-0.0105068,0.013793
2644,3.84839,2.93288,-505.844,-0.00841482,0.00135183,-0.0102071,0.0133102,4.033,3.03709,-505.638,-0.0088318,0.00141565,-0.0101712,0.0135462
2645,3.84839,2.93288,-505.844,-0.00846427,0.00140772,-0.00931446,0.0126774,4.033,3.03709,-505.638,-0.00888128,0.00146617,-0.00905344,0.0127677
2646,3.84839,2.93288,-505.844,-0.00838699,0.00134294,-0.0106081,0.0136037,4.033,3.03709,-505.638,-0.00875468,0.00135913,-0.0104198,0.0136787
2647,3.84839,2.93288,-505.844,-0.00838637,0.00122288,-0.0102758,0.0133284,4.033,3.03709,-505.638,-0.00881141,0.00127672,-0.0103849,0.0136798
2648,3.84839,2.93288,-505.844,-0.00821314,0.00108625,-0.0103703,0.0132836,4.033,3.03709,-505.638,-0.00862414,0.00114829,-0.0103186,0.0134978
2649,3.84839,2.93288,-505.844,-0.00830656,0.000935871,-0.0105574,0.0134805,4.033,3.03709,-505.638,-0.00871668,0.000966369,-0.0104113,0.0136149
2650,3.84839,2.93288,-505.844,-0.00830054,0.000744228,-0.0106454,0.0135283,4.033,3.03709,-505.638,-0.00871543,0.000780858,-0.010565,0.0137186
2651,3.84839,2.93288,-505.844,-0.00826997,0.000561324,-0.0109474,0.0137423,4.033,3.03709,-505.638,-0.00871613,0.000593193,-0.0109295,0.0139931
2652,3.84839,2.93288,-505.844,-0.00829891,0.000330123,-0.0115926,0.0142761,4.033,3.03709,-505.638,-0.00869517,0.000333821,-0.0115913,0.0144966
2653,3.84839,2.93288,-505.844,-0.00850863,9.13089e-05,-0.0119071,0.0146521,4.033,3.03709,-505.638,-0.00890821,5.58422e-05,-0.01179,0.0147796
2654,3.84839,2.93288,-505.844,-0.00854176,-0.000133664,-0.0121488,0.014863,4.033,3.03709,-505.638,-0.00899095,-0.000127808,-0.0122092,0.0151643
2655,3.84839,2.93288,-505.844,-0.00862814,-0.000336831,-0.012203,0.0149614,4.033,3.03709,-505.638,-0.0090162,-0.000356103,-0.0121497,0.0151353
2656,3.84839,2.93288,-505.844,-0.00868065,-0.000558346,-0.0124911,0.0152342,4.033,3.03709,-505.638,-0.00909474,-0.000576895,-0.0123033,0.015312
2657,3.84839,2.93288,-505.844,-0.00876521,-0.000595101,-0.0122295,0.015073,4.033,3.03709,-505.638,-0.00915328,-0.000596631,-0.0122416,0.0152991
2658,3.84839,2.93288,-505.844,-0.00892944,-0.000508417,-0.0124478,0.0153366,4.033,3.03709,-505.638,-0.00929969,-0.00051509,-0.0124774,0.0155714
2659,3.84839,2.93288,-505.844,-0.00892302,-0.000343795,-0.0122319,0.0151527,4.033,3.03709,-505.638,-0.0093538,-0.000347188,-0.012179,0.015361
2660,3.84839,2.93288,-505.844,-0.00901277,-0.000252683,-0.0133201,0.0160922,4.033,3.03709,-505.638,-0.00941195,-0.000289032,-0.0133906,0.016371
2661,3.84839,2.93288,-505.844,-0.00914842,-6.92996e-05,-0.013261,0.0161173,4.033,3.03709,-505.638,-0.0095572,-8.17506e-05,-0.0133202,0.016395
2662,3.84839,2.93288,-505.844,-0.00925149,0.000229841,-0.0133499,0.0162521,4.033,3.03709,-505.638,-0.00967379,0.000248018,-0.013375,0.0165094
2663,3.84839,2.93288,-505.844,-0.0094094,0.000667574,-0.0131068,0.016157,4.033,3.03709,-505.638,-0.00978027,0.00064986,-0.0131206,0.0163786
2664,3.84839,2.93288,-505.844,-0.00942983,0.000874808,-0.0133763,0.0163981,4.033,3.03709,-505.638,-0.00984196,0.000888693,-0.0134467,0.0166884
2665,3.84839,2.93288,-505.844,-0.0094285,0.00123823,-0.0139818,0.0169155,4.033,3.03709,-505.638,-0.00980515,0.00124446,-0.0140791,0.0172027
2666,3.84839,2.93288,-505.844,-0.00949868,0.00153573,-0.0132672,0.0163936,4.033,3.03709,-505.638,-0.00989711,0.00152186,-0.0132953,0.0166444
2667,3.84839,2.93288,-505.844,-0.00949064,0.00193812,-0.0135152,0.0166346,4.033,3.03709,-505.638,-0.00986369,0.00197225,-0.0135845,0.0169038
2668,3.84839,2.93288,-505.844,-0.00941423,0.00234737,-0.0139964,0.0170426,4.033,3.03709,-505.638,-0.00983601,0.00238755,-0.0139881,0.0172678
2669,3.84839,2.93288,-505.844,-0.00949259,0.0026866,-0.0136108,0.0168165,4.033,3.03709,-505.638,-0.00989401,0.00276361,-0.0136519,0.0170856
2670,3.84839,2.93288,-505.844,-0.00947808,0.00305232,-0.0141434,0.0173097,4.033,3.03709,-505.638,-0.00989175,0.00307835,-0.0141359,0.0175275
2671,3.84839,2.93288,-505.844,-0.00949834,0.00334054,-0.014081,0.0173191,4.033,3.03709,-505.638,-0.00993605,0.00338784,-0.0139855,0.0174877
2672,3.84839,2.93288,-505.844,-0.0094622,0.00360773,-0.0141197,0.0173799,4.033,3.03709,-505.638,-0.00986052,0.00366782,-0.0143499,0.0177937
2673,3.84839,2.93288,-505.844,-0.00942419,0.00363228,-0.0145913,0.0177571,4.033,3.03709,-505.638,-0.00983065,0.00370654,-0.0146184,0.0180037
2674,3.84839,2.93288,-505.844,-0.00948829,0.00372574,-0.0139463,0.0172828,4.033,3.03709,-505.638,-0.0099235,0.00374677,-0.0139453,0.0175218
2675,3.84839,2.93288,-505.844,-0.00954413,0.00367282,-0.0146316,0.0178602,4.033,3.03709,-505.638,-0.00994009,0.00372317,-0.0144203,0.0179064
2676,3.84839,2.93288,-505.844,-0.0094488,0.00365923,-0.0144495,0.0176587,4.033,3.03709,-505.638,-0.00988297,0.00368941,-0.0144503,0.0178926
2677,3.84839,2.93288,-505.844,-0.00936778,0.00349802,-0.0149657,0.0180068,4.033,3.03709,-505.638,-0.00978596,0.0035373,-0.0150854,0.018327
2678,3.84839,2.93288,-505.844,-0.00946053,0.0034215,-0.0146379,0.0177689,4.033,3.03709,-505.638,-0.00991383,0.00346124,-0.014731,0.0180911
2679,3.84839,2.93288,-505.844,-0.00948303,0.00312609,-0.0152002,0.018198,4.033,3.03709,-505.638,-0.00989061,0.00315672,-0.0151117,0.0183358
2680,3.84839,2.93288,-505.844,-0.0096002,0.00286227,-0.0154119,0.0183903,4.033,3.03709,-505.638,-0.01002,0.00291337,-0.0154675,0.0186592
2681,3.84839,2.93288,-505.844,-0.00983284,0.00257526,-0.0149398,0.0180795,4.033,3.03709,-505.638,-0.0102471,0.00259804,-0.015014,0.0183634
2682,3.84839,2.93288,-505.844,-0.00986244,0.00217145,-0.0158136,0.0187752,4.033,3.03709,-505.638,-0.0102744,0.00220021,-0.0156209,0.0188272
2683,3.84839,2.93288,-505.844,-0.0100386,0.00187961,-0.0155102,0.0185804,4.033,3.03709,-505.638,-0.0104549,0.00188586,-0.0155051,0.0187965
2684,3.84839,2.93288,-505.844,-0.0100166,0.00144512,-0.0160047,0.0189523,4.033,3.03709,-505.638,-0.010446,0.00146027,-0.015843,0.0190352
2685,3.84839,2.93288,-505.844,-0.0101032,0.00109657,-0.0155829,0.0186083,4.033,3.03709,-505.638,-0.0105285,0.0010931,-0.0157784,0.0190005
2686,3.84839,2.93288,-505.844,-0.0101871,0.000945257,-0.0160742,0.0190618,4.033,3.03709,-505.638,-0.0105891,0.000917398,-0.0160575,0.0192573
2687,3.84839,2.93288,-505.844,-0.0101625,0.000975355,-0.01593,0.0189309,4.033,3.03709,-505.638,-0.0105594,0.000963405,-0.0159137,0.0191238
2688,3.84839,2.93288,-505.844,-0.0104125,0.000950423,-0.0163835,0.0194433,4.033,3.03709,-505.638,-0.0108125,0.000907422,-0.0163789,0.0196477
2689,3.84839,2.93288,-505.844,-0.0103819,0.00110481,-0.0160839,0.0191863,4.033,3.03709,-505.638,-0.0108354,0.00109488,-0.016138,0.0194703
2690,3.84839,2.93288,-505.844,-0.010408,0.00125373,-0.0154067,0.0186389,4.033,3.03709,-505.638,-0.0108065,0.00126079,-0.0154351,0.0188843
2691,3.84839,2.93288,-505.844,-0.010363,0.00141313,-0.0156894,0.0188633,4.033,3.03709,-505.638,-0.0107749,0.00144404,-0.015704,0.0191004
2692,3.84839,2.93288,-505.844,-0.0104979,0.00178279,-0.0152183,0.0185817,4.033,3.03709,-505.638,-0.0109188,0.00179045,-0.015344,0.0189182
2693,3.84839,2.93288,-505.844,-0.0104431,0.00214058,-0.0151921,0.0185696,4.033,3.03709,-505.638,-0.0108164,0.00218239,-0.0152494,0.0188243
2694,3.84839,2.93288,-505.844,-0.0103299,0.00243902,-0.015047,0.0184246,4.033,3.03709,-505.638,-0.0107525,0.00248127,-0.0150014,0.0186242
2695,3.84839,2.93288,-505.844,-0.0103543,0.00282343,-0.0142733,0.0178638,4.033,3.03709,-505.638,-0.0107498,0.00286454,-0.0142421,0.0180725
2696,3.84839,2.93288,-505.844,-0.0101219,0.00303048,-0.014263,0.01776,4.033,3.03709,-505.638,-0.0105337,0.00308785,-0.0142334,0.0179755
2697,3.84839,2.93288,-505.844,-0.0102122,0.00336402,-0.0143037,0.017904,4.033,3.03709,-505.638,-0.0106513,0.00341304,-0.0143227,0.0181734
2698,3.84839,2.93288,-505.844,-0.0100291,0.00364739,-0.0138638,0.0175053,4.033,3.03709,-505.638,-0.0104151,0.00372318,-0.0138515,0.0177269
2699,3.84839,2.93288,-505.844,-0.0100939,0.00375105,-0.0143627,0.0179622,4.033,3.03709,-505.638,-0.0104972,0.00382782,-0.0142358,0.0180981
2700,3.84839,2.93288,-505.844,-0.00992516,0.00387892,-0.0137249,0.0173815,4.033,3.03709,-505.638,-0.0103433,0.00395565,-0.0138369,0.0177231
2701,3.84839,2.93288,-505.844,-0.0097566,0.00380948,-0.0134003,0.0170274,4.033,3.03709,-505.638,-0.010184,0.00385933,-0.0131721,0.0170938
2702,3.84839,2.93288,-505.844,-0.00972163,0.00365994,-0.0133479,0.0169279,4.033,3.03709,-505.638,-0.0101118,0.00377093,-0.0132701,0.0171065
2703,3.84839,2.93288,-505.844,-0.0095985,0.00342421,-0.0130585,0.0165722,4.033,3.03709,-505.638,-0.00996731,0.00349763,-0.0129988,0.0167502
2704,3.84839,2.93288,-505.844,-0.00952679,0.00325129,-0.0131713,0.0165913,4.033,3.03709,-505.638,-0.00992166,0.00333234,-0.0131459,0.0168056
2705,3.84839,2.93288,-505.844,-0.00945118,0.00295839,-0.0131182,0.0164407,4.033,3.03709,-505.638,-0.00986017,0.00304236,-0.0133003,0.016834
2706,3.84839,2.93288,-505.844,-0.00942871,0.00265042,-0.0128387,0.016161,4.033,3.03709,-505.638,-0.00981889,0.00273038,-0.0127524,0.016326
2707,3.84839,2.93288,-505.844,-0.00943086,0.00224102,-0.0135728,0.016695,4.033,3.03709,-505.638,-0.00981119,0.00228288,-0.0134774,0.0168287
2708,3.84839,2.93288,-505.844,-0.00933042,0.00180219,-0.0126653,0.0158423,4.033,3.03709,-505.638,-0.00973525,0.00183899,-0.0127022,0.0161098
2709,3.84839,2.93288,-505.844,-0.00945793,0.00132888,-0.0124819,0.0157316,4.033,3.03709,-505.638,-0.00984637,0.00138585,-0.0123736,0.015876
2710,3.84839,2.93288,-505.844,-0.0093621,0.000860424,-0.0128101,0.0159009,4.033,3.03709,-505.638,-0.00976997,0.000877748,-0.012837,0.016157
2711,3.84839,2.93288,-505.844,-0.00936041,0.000413627,-0.0125829,0.0156995,4.033,3.03709,-505.638,-0.00977302,0.000413857,-0.0125013,0.0158744
2712,3.84839,2.93288,-505.844,-0.0095426,-7.44452e-05,-0.0127799,0.0159633,4.033,3.03709,-505.638,-0.00995939,-2.72947e-05,-0.0129679,0.016353
2713,3.84839,2.93288,-505.844,-0.00951337,-0.000421135,-0.0127394,0.0159195,4.033,3.03709,-505.638,-0.00990948,-0.000405878,-0.0127664,0.0161684
2714,3.84839,2.93288,-505.844,-0.00945587,-0.00067033,-0.0124864,0.0156922,4.033,3.03709,-505.638,-0.00986692,-0.000683839,-0.0125894,0.0160123
2715,3.84839,2.93288,-505.844,-0.00943302,-0.00102099,-0.0123691,0.0156008,4.033,3.03709,-505.638,-0.00983382,-0.00102419,-0.0124347,0.0158878
2716,3.84839,2.93288,-505.844,-0.00950708,-0.00111737,-0.0117605,0.0151721,4.033,3.03709,-505.638,-0.00987397,-0.00108101,-0.0117578,0.0153927
2717,3.84839,2.93288,-505.844,-0.00941665,-0.00120462,-0.011205,0.0146927,4.033,3.03709,-505.638,-0.00980355,-0.00118099,-0.0112233,0.0149492
2718,3.84839,2.93288,-505.844,-0.00959742,-0.00119494,-0.0112778,0.0148633,4.033,3.03709,-505.638,-0.0100204,-0.00119187,-0.0113982,0.0152238
2719,3.84839,2.93288,-505.844,-0.00965868,-0.0011146,-0.0115625,0.0151237,4.033,3.03709,-505.638,-0.0100761,-0.00113046,-0.0113976,0.0152574
2720,3.84839,2.93288,-505.844,-0.00955532,-0.00109963,-0.0106668,0.0143693,4.033,3.03709,-505.638,-0.00997126,-0.00109567,-0.0107605,0.0147115
2721,3.84839,2.93288,-505.844,-0.00968174,-0.000783115,-0.010456,0.0142828,4.033,3.03709,-505.638,-0.010077,-0.000789575,-0.0104017,0.0145052
2722,3.84839,2.93288,-505.844,-0.00941792,-0.000570512,-0.0105952,0.0142073,4.033,3.03709,-505.638,-0.00978402,-0.000533328,-0.0105206,0.0143801
2723,3.84839,2.93288,-505.844,-0.00942304,-0.000413312,-0.0103562,0.0140179,4.033,3.03709,-505.638,-0.00984855,-0.000344484,-0.0103951,0.0143248
2724,3.84839,2.93288,-505.844,-0.0094355,3.77588e-06,-0.00959655,0.013473,4.033,3.03709,-505.638,-0.00984566,5.97504e-05,-0.00945437,0.0136517
2725,3.84839,2.93288,-505.844,-0.0094029,0.000408982,-0.00936488,0.0132886,4.033,3.03709,-505.638,-0.00981579,0.000460672,-0.00932322,0.0135468
2726,3.84839,2.93288,-505.844,-0.00925664,0.000524453,-0.00912761,0.0130204,4.033,3.03709,-505.638,-0.00965718,0.000596929,-0.00921099,0.01336
2727,3.84839,2.93288,-505.844,-0.00924796,0.000648328,-0.00852276,0.0126087,4.033,3.03709,-505.638,-0.00963875,0.000721788,-0.00846288,0.0128493
2728,3.84839,2.93288,-505.844,-0.0092304,0.000897131,-0.00872269,0.0127456,4.033,3.03709,-505.638,-0.00965021,0.000967602,-0.00881138,0.0131056
2729,3.84839,2.93288,-505.844,-0.00913078,0.00082331,-0.0081065,0.0122494,4.033,3.03709,-505.638,-0.00953885,0.000870732,-0.00817532,0.0125943
2730,3.84839,2.93288,-505.844,-0.00903854,0.00086741,-0.00809182,0.0121683,4.033,3.03709,-505.638,-0.00943729,0.000908921,-0.0080659,0.012448
2731,3.84839,2.93288,-505.844,-0.00892978,0.000829103,-0.00818291,0.0121557,4.033,3.03709,-505.638,-0.00933274,0.000888037,-0.00812787,0.0124094
2732,3.84839,2.93288,-505.844,-0.00883344,0.000647096,-0.00798539,0.0119425,4.033,3.03709,-505.638,-0.0092117,0.000702037,-0.00784168,0.01212
2733,3.84839,2.93288,-505.844,-0.0087344,0.000430552,-0.00802285,0.01188,4.033,3.03709,-505.638,-0.0091355,0.000489439,-0.00795169,0.0121226
2734,3.84839,2.93288,-505.844,-0.00861611,0.000327125,-0.00798267,0.011767,4.033,3.03709,-505.638,-0.00903865,0.000411989,-0.00790566,0.0120171
2735,3.84839,2.93288,-505.844,-0.00867683,3.72935e-05,-0.00785806,0.0117182,4.033,3.03709,-505.638,-0.00906823,0.000121669,-0.00777689,0.0119479
2736,3.84839,2.93288,-505.844,-0.00868454,-6.96449e-05,-0.00819396,0.0119525,4.033,3.03709,-505.638,-0.00907196,-1.18456e-06,-0.00821186,0.0122382
2737,3.84839,2.93288,-505.844,-0.00852218,-0.000550035,-0.00869309,0.0122004,4.033,3.03709,-505.638,-0.00893793,-0.00050788,-0.00872795,0.012505
2738,3.84839,2.93288,-505.844,-0.00857135,-0.000886823,-0.00835526,0.0120158,4.033,3.03709,-505.638,-0.00896865,-0.000816955,-0.00846427,0.012361
2739,3.84839,2.93288,-505.844,-0.00866248,-0.00101412,-0.00815756,0.0119528,4.033,3.03709,-505.638,-0.00904389,-0.000964841,-0.00812315,0.0121955
2740,3.84839,2.93288,-505.844,-0.00848829,-0.00123265,-0.00894406,0.012409,4.033,3.03709,-505.638,-0.00885298,-0.00118137,-0.0087426,0.0125003
2741,3.84839,2.93288,-505.844,-0.00841471,-0.00154807,-0.00849826,0.0120663,4.033,3.03709,-505.638,-0.00880036,-0.0015482,-0.00850231,0.0123348
2742,3.84839,2.93288,-505.844,-0.00831679,-0.00154867,-0.00907652,0.0124283,4.033,3.03709,-505.638,-0.00870774,-0.00153201,-0.00895334,0.0125866
2743,3.84839,2.93288,-505.844,-0.0084311,-0.00153836,-0.00928551,0.01265,4.033,3.03709,-505.638,-0.00882863,-0.00150814,-0.00935133,0.0129508
2744,3.84839,2.93288,-505.844,-0.00834139,-0.0015603,-0.0089055,0.0123103,4.033,3.03709,-505.638,-0.00871221,-0.00151978,-0.0090168,0.0126311
2745,3.84839,2.93288,-505.844,-0.00838264,-0.00146444,-0.00887812,0.0123077,4.033,3.03709,-505.638,-0.00875578,-0.00141913,-0.00905588,0.0126777
2746,3.84839,2.93288,-505.844,-0.00837303,-0.0013894,-0.00877878,0.0122256,4.033,3.03709,-505.638,-0.0087696,-0.00135255,-0.00867961,0.0124147
2747,3.84839,2.93288,-505.844,-0.00845858,-0.00118945,-0.0086826,0.0121978,4.033,3.03709,-505.638,-0.00886796,-0.00114659,-0.00871084,0.012486
2748,3.84839,2.93288,-505.844,-0.00834572,-0.00104148,-0.00912298,0.012421,4.033,3.03709,-505.638,-0.00875761,-0.00100189,-0.00910206,0.0126723
2749,3.84839,2.93288,-505.844,-0.00816399,-0.000729079,-0.00888,0.012102,4.033,3.03709,-505.638,-0.00856245,-0.000681299,-0.008951,0.0124085
2750,3.84839,2.93288,-505.844,-0.00826769,-0.000420844,-0.00872009,0.0120364,4.033,3.03709,-505.638,-0.00866433,-0.000340939,-0.00863144,0.0122362
2751,3.84839,2.93288,-505.844,-0.00825154,-0.000251902,-0.0087677,0.0120541,4.033,3.03709,-505.638,-0.00866566,-0.000206263,-0.00879293,0.0123485
2752,3.84839,2.93288,-505.844,-0.00829423,0.000212197,-0.00963198,0.012725,4.033,3.03709,-505.638,-0.00869556,0.000294686,-0.00975497,0.0130729
2753,3.84839,2.93288,-505.844,-0.00812576,0.000498497,-0.00978624,0.0127474,4.033,3.03709,-505.638,-0.00854067,0.000581798,-0.00977592,0.0129969
2754,3.84839,2.93288,-505.844,-0.0081978,0.000790124,-0.00906921,0.012267,4.033,3.03709,-505.638,-0.00856624,0.000861145,-0.00903121,0.0124797
2755,3.84839,2.93288,-505.844,-0.00820043,0.000972331,-0.00931222,0.0124643,4.033,3.03709,-505.638,-0.00857161,0.00104702,-0.00914391,0.0125793
2756,3.84839,2.93288,-505.844,-0.00828456,0.00105248,-0.00995933,0.0130152,4.033,3.03709,-505.638,-0.00867569,0.00112392,-0.00999492,0.0132855
2757,3.84839,2.93288,-505.844,-0.00821605,0.00116522,-0.00961685,0.0127177,4.033,3.03709,-505.638,-0.00860362,0.00126762,-0.00972843,0.0130511
2758,3.84839,2.93288,-505.844,-0.00827524,0.00128395,-0.00967465,0.012809,4.033,3.03709,-505.638,-0.00868108,0.00136476,-0.00960169,0.0130174
2759,3.84839,2.93288,-505.844,-0.0081654,0.00122962,-0.00972046,0.0127732,4.033,3.03709,-505.638,-0.00855551,0.00129814,-0.00961175,0.0129359
2760,3.84839,2.93288,-505.844,-0.00828906,0.00123166,-0.0100338,0.0130885,4.033,3.03709,-505.638,-0.00867773,0.0012969,-0.0101523,0.013421
2761,3.84839,2.93288,-505.844,-0.00826802,0.00127213,-0.0104,0.0133548,4.033,3.03709,-505.638,-0.00863577,0.00131667,-0.010366,0.0135564
2762,3.84839,2.93288,-505.844,-0.00823268,0.0010716,-0.0109871,0.0137859,4.033,3.03709,-505.638,-0.00863953,0.0011209,-0.0108945,0.0139514
2763,3.84839,2.93288,-505.844,-0.00833355,0.001107,-0.0108874,0.0137629,4.033,3.03709,-505.638,-0.00872256,0.00115052,-0.0109048,0.0140121
2764,3.84839,2.93288,-505.844,-0.00851444,0.000882188,-0.0114594,0.0143146,4.033,3.03709,-505.638,-0.00891018,0.000928698,-0.0114552,0.0145435
2765,3.84839,2.93288,-505.844,-0.00843444,0.000684125,-0.0115244,0.0143052,4.033,3.03709,-505.638,-0.00878405,0.000701802,-0.0114626,0.0144593
2766,3.84839,2.93288,-505.844,-0.0085506,0.000463684,-0.0121692,0.0148909,4.033,3.03709,-505.638,-0.00895987,0.000474751,-0.0120425,0.0150187
2767,3.84839,2.93288,-505.844,-0.00852961,0.000389768,-0.0114005,0.0142512,4.033,3.03709,-505.638,-0.00893828,0.000381545,-0.0114676,0.0145452
2768,3.84839,2.93288,-505.844,-0.00870608,0.000292422,-0.0120497,0.0148796,4.033,3.03709,-505.638,-0.009139,0.000344862,-0.0120604,0.0151369
2769,3.84839,2.93288,-505.844,-0.00859174,0.00019188,-0.0124069,0.0151006,4.033,3.03709,-505.638,-0.0089857,0.000208103,-0.0125378,0.0154276
2770,3.84839,2.93288,-505.844,-0.00885726,0.000279188,-0.0120434,0.0149587,4.033,3.03709,-505.638,-0.00922048,0.000275851,-0.012055,0.0151799
2771,3.84839,2.93288,-505.844,-0.0089699,0.000503276,-0.0127192,0.0155811,4.033,3.03709,-505.638,-0.00936757,0.000504119,-0.0126652,0.015762
2772,3.84839,2.93288,-505.844,-0.0089312,0.000652871,-0.0129356,0.0157453,4.033,3.03709,-505.638,-0.00932802,0.00066354,-0.0128987,0.0159334
2773,3.84839,2.93288,-505.844,-0.00902904,0.000903976,-0.0125986,0.0155358,4.033,3.03709,-505.638,-0.00942387,0.000939422,-0.0124766,0.0156648
2774,3.84839,2.93288,-505.844,-0.00903935,0.00116697,-0.012425,0.0154232,4.033,3.03709,-505.638,-0.00946746,0.00118094,-0.0125382,0.0157576
2775,3.84839,2.93288,-505.844,-0.00910092,0.0014335,-0.0120923,0.0152097,4.033,3.03709,-505.638,-0.00951209,0.00148494,-0.0122169,0.0155551
2776,3.84839,2.93288,-505.844,-0.00927781,0.00167356,-0.0122492,0.0154642,4.033,3.03709,-505.638,-0.00967442,0.00173561,-0.0122755,0.015726
2777,3.84839,2.93288,-505.844,-0.00925743,0.00188688,-0.0117081,0.0150576,4.033,3.03709,-505.638,-0.0096513,0.00197842,-0.0116721,0.0152757
2778,3.84839,2.93288,-505.844,-0.00932473,0.00220595,-0.0125326,0.0157881,4.033,3.03709,-505.638,-0.00969764,0.0022473,-0.0124674,0.0159557
2779,3.84839,2.93288,-505.844,-0.00929716,0.00256745,-0.0124259,0.0157428,4.033,3.03709,-505.638,-0.00970071,0.00263216,-0.0123586,0.0159316
2780,3.84839,2.93288,-505.844,-0.00945484,0.00270256,-0.0121809,0.0156669,4.033,3.03709,-505.638,-0.00985745,0.00276662,-0.0119959,0.0157721
2781,3.84839,2.93288,-505.844,-0.00951982,0.00299409,-0.0124272,0.0159575,4.033,3.03709,-505.638,-0.00993886,0.0031006,-0.012517,0.0162844
2782,3.84839,2.93288,-505.844,-0.00966938,0.00312612,-0.0118536,0.015627,4.033,3.03709,-505.638,-0.0100778,0.00318205,-0.0118251,0.0158612
2783,3.84839,2.93288,-505.844,-0.00957636,0.00320015,-0.0122175,0.0158642,4.033,3.03709,-505.638,-0.00997424,0.00328565,-0.011941,0.0159034
2784,3.84839,2.93288,-505.844,-0.00963859,0.00322356,-0.0119514,0.0156965,4.033,3.03709,-505.638,-0.0100269,0.00329511,-0.0119587,0.0159509
2785,3.84839,2.93288,-505.844,-0.00987663,0.00328558,-0.0128441,0.0165427,4.033,3.03709,-505.638,-0.0102965,0.00336512,-0.012953,0.0168869
2786,3.84839,2.93288,-505.844,-0.00979904,0.00324772,-0.0122893,0.0160604,4.033,3.03709,-505.638,-0.0101843,0.0032956,-0.0124259,0.0164022
2787,3.84839,2.93288,-505.844,-0.00985753,0.00313668,-0.0125728,0.0162933,4.033,3.03709,-505.638,-0.0102927,0.00317378,-0.0124565,0.0164687
2788,3.84839,2.93288,-505.844,-0.00991582,0.00299515,-0.0125136,0.0162571,4.033,3.03709,-505.638,-0.0103085,0.00303523,-0.0123464,0.0163697
2789,3.84839,2.93288,-505.844,-0.00997813,0.00285023,-0.0127805,0.0164726,4.033,3.03709,-505.638,-0.0103641,0.0029071,-0.012812,0.0167348
2790,3.84839,2.93288,-505.844,-0.00999482,0.00268883,-0.0126461,0.0163499,4.033,3.03709,-505.638,-0.0103721,0.00273694,-0.0125896,0.0165407
2791,3.84839,2.93288,-505.844,-0.0100973,0.00247772,-0.0125229,0.0162849,4.033,3.03709,-505.638,-0.0105096,0.00252805,-0.0124871,0.0165164
2792,3.84839,2.93288,-505.844,-0.0100998,0.0022494,-0.0134751,0.0169984,4.033,3.03709,-505.638,-0.0105441,0.00230536,-0.0136586,0.0174098
2793,3.84839,2.93288,-505.844,-0.0101469,0.00191728,-0.013361,0.0168981,4.033,3.03709,-505.638,-0.0105567,0.00194386,-0.0132149,0.0170264
2794,3.84839,2.93288,-505.844,-0.0101612,0.00164311,-0.0128745,0.0164899,4.033,3.03709,-505.638,-0.0105503,0.00164844,-0.0128488,0.0167074
2795,3.84839,2.93288,-505.844,-0.0102476,0.00130126,-0.0132834,0.0168325,4.033,3.03709,-505.638,-0.0106721,0.00132296,-0.0134031,0.0171843
2796,3.84839,2.93288,-505.844,-0.0103136,0.00119492,-0.0133511,0.0169196,4.033,3.03709,-505.638,-0.0107312,0.00118935,-0.0133501,0.0171703
2797,3.84839,2.93288,-505.844,-0.0102732,0.000994936,-0.0136097,0.0170883,4.033,3.03709,-505.638,-0.0107114,0.00102212,-0.0137204,0.0174372
2798,3.84839,2.93288,-505.844,-0.0103619,0.00102332,-0.012788,0.0164988,4.033,3.03709,-505.638,-0.0107629,0.00104292,-0.0127263,0.0167005
2799,3.84839,2.93288,-505.844,-0.0105688,0.000938678,-0.0131441,0.0169013,4.033,3.03709,-505.638,-0.0110153,0.000951305,-0.0132679,0.0172718
2800,3.84839,2.93288,-505.844,-0.0105114,0.000946215,-0.0133453,0.0170227,4.033,3.03709,-505.638,-0.0109031,0.000954567,-0.0132601,0.0171946
2801,3.84839,2.93288,-505.844,-0.0105859,0.00100656,-0.0132096,0.0169627,4.033,3.03709,-505.638,-0.0109866,0.00106383,-0.0132848,0.0172724
2802,3.84839,2.93288,-505.844,-0.0105273,0.00116229,-0.0124037,0.016325,4.033,3.03709,-505.638,-0.0109486,0.0011696,-0.0124542,0.016626
2803,3.84839,2.93288,-505.844,-0.0106503,0.00123983,-0.0124383,0.0164278,4.033,3.03709,-505.638,-0.0110622,0.001297,-0.0125546,0.0167835
2804,3.84839,2.93288,-505.844,-0.0106764,0.00136232,-0.0117095,0.0159088,4.033,3.03709,-505.638,-0.0110918,0.0013835,-0.012011,0.0164081
2805,3.84839,2.93288,-505.844,-0.0107099,0.00169054,-0.0123252,0.0164243,4.033,3.03709,-505.638,-0.0111163,0.00173351,-0.0125097,0.0168261
2806,3.84839,2.93288,-505.844,-0.0106391,0.00179442,-0.0118813,0.0160606,4.033,3.03709,-505.638,-0.0110278,0.00181752,-0.0118728,0.0163076
2807,3.84839,2.93288,-505.844,-0.0106979,0.00186875,-0.0112493,0.0156408,4.033,3.03709,-505.638,-0.0111146,0.00194922,-0.0112904,0.0159629
2808,3.84839,2.93288,-505.844,-0.0107528,0.00206133,-0.0105493,0.0152132,4.033,3.03709,-505.638,-0.0111737,0.00211011,-0.0106537,0.0155833
2809,3.84839,2.93288,-505.844,-0.0107033,0.00229856,-0.0111991,0.015671,4.033,3.03709,-505.638,-0.0111275,0.00236854,-0.011102,0.0158971
2810,3.84839,2.93288,-505.844,-0.0108886,0.00239489,-0.0104786,0.0153066,4.033,3.03709,-505.638,-0.0113191,0.00244406,-0.010417,0.0155763
2811,3.84839,2.93288,-505.844,-0.0107805,0.00226733,-0.0104892,0.0152214,4.033,3.03709,-505.638,-0.0111873,0.00235303,-0.0104403,0.0154831
2812,3.84839,2.93288,-505.844,-0.0109364,0.00225527,-0.010509,0.0153457,4.033,3.03709,-505.638,-0.011356,0.00230366,-0.0103389,0.0155305
2813,3.84839,2.93288,-505.844,-0.010853,0.00223191,-0.0103312,0.0151579,4.033,3.03709,-505.638,-0.0112322,0.0022832,-0.0104491,0.0155113
2814,3.84839,2.93288,-505.844,-0.0108883,0.00212599,-0.0100361,0.0149665,4.033,3.03709,-505.638,-0.0113246,0.00218998,-0.00998798,0.0152582
2815,3.84839,2.93288,-505.844,-0.0108226,0.00201796,-0.0103526,0.0151243,4.033,3.03709,-505.638,-0.0112393,0.00208894,-0.010361,0.0154302
2816,3.84839,2.93288,-505.844,-0.0107225,0.00195004,-0.010579,0.0151999,4.033,3.03709,-505.638,-0.0111573,0.0020322,-0.0104783,0.0154418
2817,3.84839,2.93288,-505.844,-0.010798,0.00174997,-0.0103027,0.0150432,4.033,3.03709,-505.638,-0.0112363,0.00182759,-0.0103528,0.0153901
2818,3.84839,2.93288,-505.844,-0.0107696,0.00164554,-0.0108016,0.0153534,4.033,3.03709,-505.638,-0.0111838,0.0017231,-0.010837,0.0156698
2819,3.84839,2.93288,-505.844,-0.0107543,0.00121136,-0.01057,0.0151371,4.033,3.03709,-505.638,-0.011137,0.00125028,-0.0107146,0.0155064
2820,3.84839,2.93288,-505.844,-0.0107878,0.00100084,-0.0111476,0.0155689,4.033,3.03709,-505.638,-0.0112339,0.0010046,-0.011143,0.0158596
2821,3.84839,2.93288,-505.844,-0.0107396,0.000574127,-0.0107635,0.0152292,4.033,3.03709,-505.638,-0.0111782,0.000617918,-0.0108243,0.0155746
2822,3.84839,2.93288,-505.844,-0.010734,0.000412534,-0.0102989,0.0148911,4.033,3.03709,-505.638,-0.0111575,0.000416275,-0.0103316,0.0152132
2823,3.84839,2.93288,-505.844,-0.010573,3.44063e-06,-0.0107005,0.0150534,4.033,3.03709,-505.638,-0.0109868,-1.88803e-05,-0.0106484,0.0153018
2824,3.84839,2.93288,-505.844,-0.010506,-0.000334329,-0.0107967,0.0150846,4.033,3.03709,-505.638,-0.0109199,-0.000321057,-0.0107575,0.0153348
2825,3.84839,2.93288,-505.844,-0.0104568,-0.00028302,-0.0113628,0.0154641,4.033,3.03709,-505.638,-0.0108956,-0.000268288,-0.0113549,0.0157429
2826,3.84839,2.93288,-505.844,-0.0104905,-0.000637544,-0.0113,0.0154471,4.033,3.03709,-505.638,-0.0109169,-0.000658671,-0.0112523,0.0156941
2827,3.84839,2.93288,-505.844,-0.0103295,-0.000806839,-0.0103323,0.0146495,4.033,3.03709,-505.638,-0.0107619,-0.00079183,-0.0102618,0.0148942
2828,3.84839,2.93288,-505.844,-0.0102482,-0.000889339,-0.0111274,0.0151677,4.033,3.03709,-505.638,-0.0106789,-0.000871668,-0.0110261,0.0153762
2829,3.84839,2.93288,-505.844,-0.01024,-0.00106031,-0.0106617,0.0148288,4.033,3.03709,-505.638,-0.0106718,-0.0010626,-0.010675,0.0151328
2830,3.84839,2.93288,-505.844,-0.0101515,-0.00111054,-0.0107919,0.0148666,4.033,3.03709,-505.638,-0.0105739,-0.00108607,-0.0108705,0.0152049
2831,3.84839,2.93288,-505.844,-0.0101219,-0.00117488,-0.0102549,0.0144645,4.033,3.03709,-505.638,-0.0105199,-0.0011476,-0.0103554,0.0148071
2832,3.84839,2.93288,-505.844,-0.0100848,-0.00115498,-0.00960661,0.0139852,4.033,3.03709,-505.638,-0.0105247,-0.00113761,-0.00965798,0.014331
2833,3.84839,2.93288,-505.844,-0.0098069,-0.00110416,-0.00946751,0.0136894,4.033,3.03709,-505.638,-0.0102303,-0.00109661,-0.00941423,0.0139476
2834,3.84839,2.93288,-505.844,-0.00996072,-0.00100085,-0.00895718,0.0134417,4.033,3.03709,-505.638,-0.0103952,-0.00100726,-0.00885646,0.0136942
2835,3.84839,2.93288,-505.844,-0.00988535,-0.000855131,-0.00944419,0.0137097,4.033,3.03709,-505.638,-0.0103376,-0.000827403,-0.00940416,0.0140007
2836,3.84839,2.93288,-505.844,-0.00977586,-0.000791767,-0.0089596,0.0132944,4.033,3.03709,-505.638,-0.0101778,-0.000771081,-0.00886599,0.013521
2837,3.84839,2.93288,-505.844,-0.00974299,-0.000714645,-0.00885725,0.0131969,4.033,3.03709,-505.638,-0.0101631,-0.000664713,-0.00892772,0.0135452
2838,3.84839,2.93288,-505.844,-0.00981604,-0.000751203,-0.0090387,0.0133854,4.033,3.03709,-505.638,-0.0102334,-0.000712815,-0.00910931,0.0137227
2839,3.84839,2.93288,-505.844,-0.00977515,-0.000751898,-0.00851221,0.0129983,4.033,3.03709,-505.638,-0.0101912,-0.000727979,-0.00842696,0.0132459
2840,3.84839,2.93288,-505.844,-0.00967583,-0.000599954,-0.0083203,0.0127881,4.033,3.03709,-505.638,-0.0100764,-0.000598545,-0.00834823,0.0131012
2841,3.84839,2.93288,-505.844,-0.00969214,-0.000667016,-0.00800063,0.0125941,4.033,3.03709,-505.638,-0.0101222,-0.000654017,-0.00799529,0.0129165
2842,3.84839,2.93288,-505.844,-0.00961754,-0.000557451,-0.00806685,0.0125778,4.033,3.03709,-505.638,-0.010027,-0.000521897,-0.0080631,0.012879
2843,3.84839,2.93288,-505.844,-0.00956054,-0.000676838,-0.00788246,0.0124196,4.033,3.03709,-505.638,-0.00994975,-0.000605601,-0.00795359,0.0127538
2844,3.84839,2.93288,-505.844,-0.00949731,-0.000576779,-0.00826725,0.0126163,4.033,3.03709,-505.638,-0.00990899,-0.000564511,-0.00831897,0.0129522
2845,3.84839,2.93288,-505.844,-0.00934843,-0.000680179,-0.00804874,0.0123706,4.033,3.03709,-505.638,-0.00975247,-0.000641752,-0.00783504,0.0125282
2846,3.84839,2.93288,-505.844,-0.00944691,-0.000697389,-0.00848108,0.0127269,4.033,3.03709,-505.638,-0.0098682,-0.000658115,-0.00843385,0.0129992
2847,3.84839,2.93288,-505.844,-0.00936208,-0.000882583,-0.00833587,0.0125771,4.033,3.03709,-505.638,-0.00975072,-0.000862857,-0.00837556,0.0128847
2848,3.84839,2.93288,-505.844,-0.00948982,-0.000967161,-0.00826543,0.0126349,4.033,3.03709,-505.638,-0.00988796,-0.000944111,-0.00823649,0.0129052
2849,3.84839,2.93288,-505.844,-0.00940363,-0.00105835,-0.00806538,0.012441,4.033,3.03709,-505.638,-0.00979185,-0.00103361,-0.00804652,0.0127168
2850,3.84839,2.93288,-505.844,-0.00931501,-0.00119157,-0.00810339,0.0124144,4.033,3.03709,-505.638,-0.00975592,-0.00116485,-0.00808415,0.0127248
2851,3.84839,2.93288,-505.844,-0.0092919,-0.00134049,-0.00832026,0.0125552,4.033,3.03709,-505.638,-0.00974242,-0.00131482,-0.00829432,0.0128633
2852,3.84839,2.93288,-505.844,-0.0091747,-0.00135872,-0.00833692,0.0124837,4.033,3.03709,-505.638,-0.00956442,-0.00133722,-0.00836273,0.0127768
2853,3.84839,2.93288,-505.844,-0.00920126,-0.00139179,-0.00819408,0.0124114,4.033,3.03709,-505.638,-0.00963472,-0.00136813,-0.00824063,0.0127539
2854,3.84839,2.93288,-505.844,-0.00921321,-0.00144439,-0.00851381,0.0126391,4.033,3.03709,-505.638,-0.00964122,-0.00139924,-0.00839079,0.0128587
2855,3.84839,2.93288,-505.844,-0.00927043,-0.00136482,-0.0085193,0.0126791,4.033,3.03709,-505.638,-0.00965321,-0.00133507,-0.00849053,0.0129272
2856,3.84839,2.93288,-505.844,-0.0092297,-0.00156181,-0.0084415,0.0126186,4.033,3.03709,-505.638,-0.009613,-0.00152101,-0.00844034,0.0128846
2857,3.84839,2.93288,-505.844,-0.00923144,-0.00164595,-0.00854471,0.0126962,4.033,3.03709,-505.638,-0.00962958,-0.00166782,-0.00857774,0.0130048
2858,3.84839,2.93288,-505.844,-0.0092569,-0.00165661,-0.00860848,0.0127613,4.033,3.03709,-505.638,-0.00965321,-0.0016568,-0.0084791,0.0129561
2859,3.84839,2.93288,-505.844,-0.00933725,-0.00165659,-0.00930404,0.0133033,4.033,3.03709,-505.638,-0.00973567,-0.00162729,-0.00933055,0.0135863
2860,3.84839,2.93288,-505.844,-0.00926742,-0.0016701,-0.00845229,0.012664,4.033,3.03709,-505.638,-0.00964486,-0.00165741,-0.00854079,0.0129906
2861,3.84839,2.93288,-505.844,-0.0092912,-0.00151387,-0.00893845,0.0129913,4.033,3.03709,-505.638,-0.00968652,-0.001467,-0.00888446,0.0132268
2862,3.84839,2.93288,-505.844,-0.00913855,-0.00145015,-0.00801688,0.0122534,4.033,3.03709,-505.638,-0.00954094,-0.0014014,-0.00789867,0.0124659
2863,3.84839,2.93288,-505.844,-0.009223,-0.00137222,-0.00839374,0.0125586,4.033,3.03709,-505.638,-0.0096103,-0.00133045,-0.00831033,0.0127764
2864,3.84839,2.93288,-505.844,-0.00924432,-0.00129744,-0.0091796,0.0131074,4.033,3.03709,-505.638,-0.00964564,-0.00125851,-0.00928431,0.0134496
2865,3.84839,2.93288,-505.844,-0.00931893,-0.00225436,-0.00908183,0.0132115,4.033,3.03709,-505.638,-0.00968307,-0.00226981,-0.009154,0.0135174
2866,3.84839,2.93288,-505.844,-0.00919987,-0.0112536,-0.014649,0.0206436,4.033,3.03709,-505.638,-0.00958079,-0.0116287,-0.0148495,0.0211558
2867,3.84839,2.93288,-505.844,-0.00957365,-0.0370363,-0.0301195,0.0486911,4.033,3.03709,-505.638,-0.00988214,-0.0383614,-0.0309106,0.050247
2868,3.84839,2.93288,-505.844,-0.0114433,-0.0828297,-0.0575755,0.101525,4.033,3.03709,-505.638,-0.0116865,-0.085449,-0.0587978,0.104381
2869,3.84839,2.93288,-505.844,-0.0154824,-0.147506,-0.0958133,0.176577,4.033,3.03709,-505.638,-0.0156195,-0.151287,-0.0973099,0.180558
2870,3.84839,2.93288,-505.844,-0.0215082,-0.227724,-0.141565,0.269005,4.033,3.03709,-505.638,-0.0215321,-0.231852,-0.143116,0.273316
2871,3.84839,2.93288,-505.844,-0.0282278,-0.314605,-0.19067,0.368957,4.033,3.03709,-505.638,-0.0281397,-0.317803,-0.192234,0.372485
2872,3.84839,2.93288,-505.844,-0.0341701,-0.390847,-0.23177,0.455684,4.033,3.03709,-505.638,-0.0340994,-0.393432,-0.233102,0.458572
2873,3.84839,2.93288,-505.844,-0.0388436,-0.446989,-0.258835,0.517981,4.033,3.03709,-505.638,-0.0387058,-0.449152,-0.260289,0.520564
2874,3.84839,2.93288,-505.844,-0.0413138,-0.479107,-0.274299,0.553617,4.033,3.03709,-505.638,-0.041149,-0.481212,-0.275528,0.556035
2875,3.84839,2.93288,-505.844,-0.0418058,-0.486332,-0.274106,0.559823,4.033,3.03709,-505.638,-0.0416354,-0.488423,-0.275333,0.562227
2876,3.84839,2.93288,-505.844,-0.0408706,-0.469015,-0.26187,0.538723,4.033,3.03709,-505.638,-0.0407525,-0.471135,-0.263053,0.541134
2877,3.84839,2.93288,-505.844,-0.0391808,-0.428813,-0.237069,0.491547,4.033,3.03709,-505.638,-0.0391102,-0.431339,-0.238331,0.494353
2878,3.84839,2.93288,-505.844,-0.0362617,-0.368949,-0.203248,0.422787,4.033,3.03709,-505.638,-0.0362354,-0.372144,-0.20467,0.426256
2879,3.84839,2.93288,-505.844,-0.0316093,-0.294277,-0.163145,0.337958,4.033,3.03709,-505.638,-0.0316781,-0.298033,-0.164639,0.341955
2880,3.84839,2.93288,-505.844,-0.0258333,-0.210865,-0.116507,0.242293,4.033,3.03709,-505.638,-0.0260059,-0.214114,-0.117865,0.245792
2881,3.84839,2.93288,-505.844,-0.0195803,-0.124153,-0.0687637,0.14327,4.033,3.03709,-505.638,-0.0198656,-0.125761,-0.0693717,0.144993
2882,3.84839,2.93288,-505.844,-0.0140683,-0.0381261,-0.0199996,0.0452969,4.033,3.03709,-505.638,-0.0143849,-0.0376468,-0.0199572,0.0449723
2883,3.84839,2.93288,-505.844,-0.00926662,0.0431567,0.0261013,0.0512845,4.033,3.03709,-505.638,-0.00962858,0.0458398,0.0272144,0.0541724
2884,3.84839,2.93288,-505.844,-0.00519346,0.117647,0.0672186,0.135597,4.033,3.03709,-505.638,-0.00557403,0.12177,0.0692432,0.140191
2885,3.84839,2.93288,-505.844,-0.000799764,0.183682,0.0992994,0.208807,4.033,3.03709,-505.638,-0.00112738,0.188571,0.10152,0.214165
2886,3.84839,2.93288,-505.844,0.00538514,0.241214,0.125549,0.271987,4.033,3.03709,-505.638,0.00524018,0.244444,0.127239,0.275627
2887,3.84839,2.93288,-505.844,0.00697557,0.287746,0.146074,0.322776,4.033,3.03709,-505.638,0.00700749,0.289112,0.146465,0.324171
2888,3.84839,2.93288,-505.844,0.00865323,0.319031,0.164614,0.359102,4.033,3.03709,-505.638,0.00876481,0.319953,0.164553,0.359895
2889,3.84839,2.93288,-505.844,0.00787235,0.33761,0.17952,0.382454,4.033,3.03709,-505.638,0.00798971,0.338394,0.17961,0.383189
2890,3.84839,2.93288,-505.844,0.00831371,0.345551,0.188272,0.3936,4.033,3.03709,-505.638,0.0084433,0.34634,0.18825,0.394285
2891,3.84839,2.93288,-505.844,0.00902679,0.3455,0.186175,0.392572,4.033,3.03709,-505.638,0.00916703,0.3463,0.186277,0.393327
2892,3.84839,2.93288,-505.844,0.00984299,0.338301,0.172917,0.380059,4.033,3.03709,-505.638,0.0100089,0.339126,0.172835,0.38076
2893,3.84839,2.93288,-505.844,0.0108624,0.319753,0.153051,0.354662,4.033,3.03709,-505.638,0.0109042,0.320968,0.153229,0.355835
2894,3.84839,2.93288,-505.844,0.00737497,0.287546,0.131218,0.31616,4.033,3.03709,-505.638,0.00727671,0.289818,0.132251,0.31865
2895,3.84839,2.93288,-505.844,0.0043621,0.24025,0.107353,0.263184,4.033,3.03709,-505.638,0.00398926,0.244756,0.109834,0.2683
2896,3.84839,2.93288,-505.844,0.000250025,0.188734,0.0797799,0.204908,4.033,3.03709,-505.638,-0.000234753,0.192247,0.0818951,0.208965
2897,3.84839,2.93288,-505.844,-0.00288581,0.133637,0.0439806,0.140726,4.033,3.03709,-505.638,-0.00341115,0.13556,0.0453714,0.142993
2898,3.84839,2.93288,-505.844,-0.00640514,0.075457,0.00616893,0.0759894,4.033,3.03709,-505.638,-0.00692201,0.0758829,0.00663968,0.0764878
2899,3.84839,2.93288,-505.844,-0.0101848,0.015767,-0.0289302,0.03451,4.033,3.03709,-505.638,-0.0106413,0.0147426,-0.0290854,0.0343018
2900,3.84839,2.93288,-505.844,-0.0141525,-0.043368,-0.0565164,0.0726551,4.033,3.03709,-505.638,-0.014524,-0.0456663,-0.057065,0.0745186
2901,3.84839,2.93288,-505.844,-0.0185797,-0.0981333,-0.0810677,0.128647,4.033,3.03709,-505.638,-0.0188978,-0.101275,-0.082209,0.131804
2902,3.84839,2.93288,-505.844,-0.022567,-0.143594,-0.102782,0.178034,4.033,3.03709,-505.638,-0.0227886,-0.147292,-0.103895,0.181683
2903,3.84839,2.93288,-505.844,-0.0259208,-0.178309,-0.121409,0.217276,4.033,3.03709,-505.638,-0.0261073,-0.182195,-0.122762,0.221241
2904,3.84839,2.93288,-505.844,-0.0279566,-0.20211,-0.132818,0.243462,4.033,3.03709,-505.638,-0.0280688,-0.206211,-0.134294,0.247681
2905,3.84839,2.93288,-505.844,-0.0289151,-0.215652,-0.136008,0.256598,4.033,3.03709,-505.638,-0.0289664,-0.219723,-0.137473,0.2608
2906,3.84839,2.93288,-505.844,-0.0292537,-0.217219,-0.131914,0.25582,4.033,3.03709,-505.638,-0.0293195,-0.221201,-0.133249,0.259895
2907,3.84839,2.93288,-505.844,-0.0292036,-0.206247,-0.123577,0.242207,4.033,3.03709,-505.638,-0.029336,-0.210106,-0.124947,0.246205
2908,3.84839,2.93288,-505.844,-0.02798,-0.185053,-0.109991,0.217088,4.033,3.03709,-505.638,-0.0281057,-0.188662,-0.111368,0.220876
2909,3.84839,2.93288,-505.844,-0.0251357,-0.156714,-0.0905157,0.182716,4.033,3.03709,-505.638,-0.0253177,-0.159712,-0.0916681,0.185882
2910,3.84839,2.93288,-505.844,-0.0208765,-0.123684,-0.0669387,0.142178,4.033,3.03709,-505.638,-0.0211533,-0.125945,-0.0679555,0.144664
2911,3.84839,2.93288,-505.844,-0.0162706,-0.0875192,-0.0408369,0.097941,4.033,3.03709,-505.638,-0.0165635,-0.0887158,-0.0410014,0.0991265
2912,3.84839,2.93288,-505.844,-0.0119519,-0.0487704,-0.0157057,0.0526151,4.033,3.03709,-505.638,-0.0122631,-0.0488426,-0.0156491,0.0527344
2913,3.84839,2.93288,-505.844,-0.00840999,-0.0105893,0.00751319,0.0155299,4.033,3.03709,-505.638,-0.0088331,-0.00951576,0.0078279,0.0151641
2914,3.84839,2.93288,-505.844,-0.00533285,0.0247634,0.028802,0.0383843,4.033,3.03709,-505.638,-0.00581091,0.0267535,0.029407,0.0401797
2915,3.84839,2.93288,-505.844,-0.00272317,0.055952,0.0459909,0.0724863,4.033,3.03709,-505.638,-0.00316305,0.0586227,0.0471276,0.0752838
2916,3.84839,2.93288,-505.844,-0.000373056,0.0818113,0.0594187,0.101119,4.033,3.03709,-505.638,-0.000855362,0.084895,0.0607592,0.104401
2917,3.84839,2.93288,-505.844,0.000509079,0.102281,0.0663458,0.121919,4.033,3.03709,-505.638,3.18556e-05,0.105623,0.067824,0.125525
2918,3.84839,2.93288,-505.844,0.000564855,0.115813,0.0680198,0.134315,4.033,3.03709,-505.638,7.94142e-05,0.119243,0.0695677,0.138053
2919,3.84839,2.93288,-505.844,-0.000167923,0.121419,0.0664385,0.138411,4.033,3.03709,-505.638,-0.000641916,0.124778,0.0677923,0.142007
2920,3.84839,2.93288,-505.844,-0.00133358,0.119546,0.0608933,0.13417,4.033,3.03709,-505.638,-0.00178295,0.122628,0.0623629,0.137586
2921,3.84839,2.93288,-505.844,-0.00265101,0.110945,0.0509204,0.122104,4.033,3.03709,-505.638,-0.0030855,0.113745,0.0523136,0.125237
2922,3.84839,2.93288,-505.844,-0.0042453,0.0971948,0.0378121,0.104379,4.033,3.03709,-505.638,-0.00464287,0.0995463,0.0388667,0.106966
2923,3.84839,2.93288,-505.844,-0.00650612,0.0788771,0.0223813,0.0822532,4.033,3.03709,-505.638,-0.00694612,0.0806395,0.0232798,0.0842199
2924,3.84839,2.93288,-505.844,-0.0092587,0.0570537,0.00623022,0.0581449,4.033,3.03709,-505.638,-0.00969608,0.0581052,0.0065957,0.0592783
2925,3.84839,2.93288,-505.844,-0.012312,0.0332091,-0.00928507,0.036626,4.033,3.03709,-505.638,-0.012748,0.0334989,-0.00889079,0.0369299
2926,3.84839,2.93288,-505.844,-0.0152543,0.00949908,-0.0248992,0.0307183,4.033,3.03709,-505.638,-0.0157013,0.00904697,-0.0247595,0.0306834
2927,3.84839,2.93288,-505.844,-0.0176916,-0.0129831,-0.0396252,0.0453126,4.033,3.03709,-505.638,-0.0180665,-0.0140774,-0.0397193,0.0458509
2928,3.84839,2.93288,-505.844,-0.0193018,-0.0334435,-0.0532283,0.0657793,4.033,3.03709,-505.638,-0.0196498,-0.035092,-0.0536133,0.067024
2929,3.84839,2.93288,-505.844,-0.0205514,-0.0511946,-0.0632668,0.0839599,4.033,3.03709,-505.638,-0.0208572,-0.0533492,-0.0639083,0.0858243
2930,3.84839,2.93288,-505.844,-0.0215387,-0.0648962,-0.0690157,0.0971697,4.033,3.03709,-505.638,-0.021805,-0.067289,-0.0696497,0.0992707
2931,3.84839,2.93288,-505.844,-0.0222388,-0.0739973,-0.0721121,0.105705,4.033,3.03709,-505.638,-0.022522,-0.0764964,-0.0727695,0.107957
2932,3.84839,2.93288,-505.844,-0.0219692,-0.0782671,-0.0723492,0.108838,4.033,3.03709,-505.638,-0.0222372,-0.0807193,-0.0730161,0.111094
2933,3.84839,2.93288,-505.844,-0.0212701,-0.0780595,-0.06836,0.105929,4.033,3.03709,-505.638,-0.0215526,-0.0803624,-0.0690176,0.108103
2934,3.84839,2.93288,-505.844,-0.0202013,-0.073929,-0.0621162,0.0986621,4.033,3.03709,-505.638,-0.0204427,-0.0760143,-0.0626903,0.10063
2935,3.84839,2.93288,-505.844,-0.0191569,-0.0659268,-0.0524046,0.086374,4.033,3.03709,-505.638,-0.0194151,-0.0676468,-0.0529554,0.0880761
2936,3.84839,2.93288,-505.844,-0.0180079,-0.0549118,-0.0429506,0.0720091,4.033,3.03709,-505.638,-0.0183194,-0.0561927,-0.0431702,0.0731919
2937,3.84839,2.93288,-505.844,-0.0168181,-0.0416891,-0.0319826,0.0551741,4.033,3.03709,-505.638,-0.0171455,-0.0424377,-0.0320775,0.0558925
2938,3.84839,2.93288,-505.844,-0.0150937,-0.0275732,-0.0201941,0.0373648,4.033,3.03709,-505.638,-0.0154249,-0.0278621,-0.0202818,0.0377573
2939,3.84839,2.93288,-505.844,-0.0127043,-0.013676,-0.00891687,0.0206959,4.033,3.03709,-505.638,-0.0130713,-0.013473,-0.00885019,0.0207543
2940,3.84839,2.93288,-505.844,-0.0100334,-0.00014894,8.07995e-05,0.0101078,4.033,3.03709,-505.638,-0.0103995,0.000472998,0.00049661,0.0104337
2941,3.84839,2.93288,-505.844,-0.00765868,0.0120371,0.00806762,0.0164018,4.033,3.03709,-505.638,-0.00808271,0.0131018,0.00840913,0.0175427
2942,3.84839,2.93288,-505.844,-0.00570317,0.0222763,0.0150233,0.0274724,4.033,3.03709,-505.638,-0.00618484,0.0235933,0.0154781,0.0288873
2943,3.84839,2.93288,-505.844,-0.00423393,0.0302351,0.0201175,0.0365665,4.033,3.03709,-505.638,-0.00468809,0.0317673,0.0207373,0.0382255
2944,3.84839,2.93288,-505.844,-0.00301812,0.0351395,0.0225697,0.0418774,4.033,3.03709,-505.638,-0.00348888,0.0367714,0.0231647,0.0435997
2945,3.84839,2.93288,-505.844,-0.00208344,0.0375192,0.0229941,0.0440601,4.033,3.03709,-505.638,-0.00254217,0.0391711,0.0237129,0.0458607
2946,3.84839,2.93288,-505.844,-0.00168097,0.0371393,0.0213428,0.0428763,4.033,3.03709,-505.638,-0.00212837,0.0387041,0.0218669,0.0445058
2947,3.84839,2.93288,-505.844,-0.0022535,0.0339927,0.017449,0.0382852,4.033,3.03709,-505.638,-0.00274665,0.0353654,0.0177174,0.0396513
2948,3.84839,2.93288,-505.844,-0.00340498,0.0287337,0.0124989,0.0315263,4.033,3.03709,-505.638,-0.00388265,0.0298931,0.0128392,0.0327651
2949,3.84839,2.93288,-505.844,-0.00475299,0.0217399,0.00554679,0.0229451,4.033,3.03709,-505.638,-0.00521439,0.022588,0.00592727,0.0239292
2950,3.84839,2.93288,-505.844,-0.00614143,0.0137111,-0.0018697,0.0151611,4.033,3.03709,-505.638,-0.00658465,0.0142491,-0.00147105,0.0157676
2951,3.84839,2.93288,-505.844,-0.00754501,0.00483097,-0.00967771,0.0132039,4.033,3.03709,-505.638,-0.00796627,0.00505962,-0.00972073,0.0135501
2952,3.84839,2.93288,-505.844,-0.00905533,-0.00393626,-0.0180284,0.0205655,4.033,3.03709,-505.638,-0.0094853,-0.00411107,-0.0181537,0.0208921
2953,3.84839,2.93288,-505.844,-0.0104957,-0.0123074,-0.0248739,0.0296772,4.033,3.03709,-505.638,-0.0108954,-0.0128105,-0.0250606,0.0301809
2954,3.84839,2.93288,-505.844,-0.0121834,-0.0196017,-0.0312253,0.0388341,4.033,3.03709,-505.638,-0.0125511,-0.0202678,-0.0314695,0.0394801
2955,3.84839,2.93288,-505.844,-0.0138779,-0.0256296,-0.0366221,0.0468143,4.033,3.03709,-505.638,-0.0142713,-0.0265648,-0.0367575,0.0475453
2956,3.84839,2.93288,-505.844,-0.0153154,-0.0299174,-0.0405019,0.0526404,4.033,3.03709,-505.638,-0.0156807,-0.0309602,-0.0408155,0.0535768
2957,3.84839,2.93288,-505.844,-0.0162571,-0.0325809,-0.0422381,0.0557743,4.033,3.03709,-505.638,-0.0165844,-0.0337241,-0.0425382,0.0567621
2958,3.84839,2.93288,-505.844,-0.0166016,-0.0331481,-0.0426724,0.0565349,4.033,3.03709,-505.638,-0.0169209,-0.0342782,-0.0429644,0.0575095
2959,3.84839,2.93288,-505.844,-0.0167582,-0.0316715,-0.0426697,0.0557284,4.033,3.03709,-505.638,-0.0170836,-0.0327447,-0.0428548,0.0565749
2960,3.84839,2.93288,-505.844,-0.016646,-0.0285943,-0.0406157,0.0523951,4.033,3.03709,-505.638,-0.0169617,-0.0295978,-0.0408404,0.0532142
2961,3.84839,2.93288,-505.844,-0.0163847,-0.0237585,-0.0367678,0.0467483,4.033,3.03709,-505.638,-0.0167331,-0.0246241,-0.0370155,0.0475032
2962,3.84839,2.93288,-505.844,-0.0152668,-0.017795,-0.0330189,0.0405037,4.033,3.03709,-505.638,-0.0155845,-0.0184517,-0.033016,0.0409078
2963,3.84839,2.93288,-505.844,-0.0140663,-0.0113648,-0.0282983,0.0335888,4.033,3.03709,-505.638,-0.0144281,-0.0117835,-0.028368,0.0339383
2964,3.84839,2.93288,-505.844,-0.0127598,-0.00451988,-0.0238234,0.0274045,4.033,3.03709,-505.638,-0.0130641,-0.00470638,-0.0237795,0.0275374
2965,3.84839,2.93288,-505.844,-0.0116645,0.00204758,-0.0190189,0.0224099,4.033,3.03709,-505.638,-0.0120052,0.00212543,-0.0189732,0.0225533
2966,3.84839,2.93288,-505.844,-0.0107924,0.00804499,-0.0146197,0.0198929,4.033,3.03709,-505.638,-0.011209,0.00834238,-0.0141633,0.0198971
2967,3.84839,2.93288,-505.844,-0.00989044,0.0131025,-0.0107467,0.0196342,4.033,3.03709,-505.638,-0.0103035,0.0136253,-0.010633,0.0201226
2968,3.84839,2.93288,-505.844,-0.00894179,0.0168189,-0.00697346,0.0203038,4.033,3.03709,-505.638,-0.00935263,0.0174922,-0.00658366,0.0209008
2969,3.84839,2.93288,-505.844,-0.00790185,0.018855,-0.00464677,0.0209758,4.033,3.03709,-505.638,-0.00834277,0.0196226,-0.00436667,0.0217656
2970,3.84839,2.93288,-505.844,-0.00701517,0.0195232,-0.00304132,0.0210006,4.033,3.03709,-505.638,-0.00744532,0.0203196,-0.00244493,0.0217824
2971,3.84839,2.93288,-505.844,-0.00641176,0.0186514,-0.00250595,0.0198915,4.033,3.03709,-505.638,-0.00684499,0.0194715,-0.00225174,0.0207628
2972,3.84839,2.93288,-505.844,-0.00588332,0.0163476,-0.00274889,0.0176062,4.033,3.03709,-505.638,-0.00633911,0.0170893,-0.00249039,0.0183981
2973,3.84839,2.93288,-505.844,-0.00587688,0.0129514,-0.00406694,0.0148196,4.033,3.03709,-505.638,-0.00634846,0.0135905,-0.00371755,0.0154563
2974,3.84839,2.93288,-505.844,-0.00600679,0.00838274,-0.00677115,0.0123551,4.033,3.03709,-505.638,-0.00644405,0.00888531,-0.0066634,0.0128416
2975,3.84839,2.93288,-505.844,-0.0063216,0.00346734,-0.00934642,0.0118297,4.033,3.03709,-505.638,-0.00677889,0.00384799,-0.0091525,0.0120235
2976,3.84839,2.93288,-505.844,-0.00686059,-0.00184371,-0.0124175,0.0143217,4.033,3.03709,-505.638,-0.00730156,-0.00162764,-0.0122888,0.0143877
2977,3.84839,2.93288,-505.844,-0.00776947,-0.00729414,-0.0157429,0.0190201,4.033,3.03709,-505.638,-0.00819311,-0.00727526,-0.0156288,0.0190878
2978,3.84839,2.93288,-505.844,-0.00912731,-0.0121767,-0.0195908,0.0248148,4.033,3.03709,-505.638,-0.00954836,-0.0123176,-0.0194057,0.02489
2979,3.84839,2.93288,-505.844,-0.0100584,-0.016457,-0.0229939,0.0300163,4.033,3.03709,-505.638,-0.0105027,-0.0167134,-0.0231062,0.0303902
2980,3.84839,2.93288,-505.844,-0.0111117,-0.020004,-0.0262543,0.0348306,4.033,3.03709,-505.638,-0.0115086,-0.0204183,-0.0264627,0.0353505
2981,3.84839,2.93288,-505.844,-0.0117324,-0.0224005,-0.029073,0.0385353,4.033,3.03709,-505.638,-0.012115,-0.0229187,-0.0292017,0.0390489
2982,3.84839,2.93288,-505.844,-0.012347,-0.0238315,-0.0314859,0.0413808,4.033,3.03709,-505.638,-0.0127299,-0.0244135,-0.0315181,0.0418515
2983,3.84839,2.93288,-505.844,-0.0129471,-0.0240315,-0.0336624,0.0433447,4.033,3.03709,-505.638,-0.0133112,-0.0246636,-0.0338441,0.0439428
2984,3.84839,2.93288,-505.844,-0.0132934,-0.0228355,-0.0338595,0.0429539,4.033,3.03709,-505.638,-0.0136481,-0.02343,-0.0340332,0.0435148
2985,3.84839,2.93288,-505.844,-0.0136456,-0.0207607,-0.0334663,0.0416862,4.033,3.03709,-505.638,-0.0140301,-0.0213803,-0.033533,0.0421721
2986,3.84839,2.93288,-505.844,-0.0139331,-0.0174451,-0.0328285,0.0397043,4.033,3.03709,-505.638,-0.0143104,-0.0179623,-0.0330691,0.0402618
2987,3.84839,2.93288,-505.844,-0.0138588,-0.0133708,-0.0315039,0.0369279,4.033,3.03709,-505.638,-0.0142411,-0.0138041,-0.0316822,0.0373786
2988,3.84839,2.93288,-505.844,-0.0137122,-0.00882822,-0.029571,0.0337737,4.033,3.03709,-505.638,-0.0141345,-0.00910176,-0.0297328,0.0341569
2989,3.84839,2.93288,-505.844,-0.0135044,-0.0038178,-0.0276455,0.0310075,4.033,3.03709,-505.638,-0.013906,-0.0040249,-0.0277762,0.0313228
2990,3.84839,2.93288,-505.844,-0.0131405,0.001245,-0.0250479,0.0283172,4.033,3.03709,-505.638,-0.0135211,0.00116897,-0.0249701,0.0284203
2991,3.84839,2.93288,-505.844,-0.0127417,0.00630859,-0.0229264,0.0269824,4.033,3.03709,-505.638,-0.0131608,0.00636286,-0.0228138,0.0270957
2992,3.84839,2.93288,-505.844,-0.0121456,0.0105711,-0.020535,0.0261022,4.033,3.03709,-505.638,-0.012516,0.0107478,-0.0203904,0.0262293
2993,3.84839,2.93288,-505.844,-0.0111348,0.0140849,-0.0190407,0.0261855,4.033,3.03709,-505.638,-0.0115617,0.0143803,-0.0189082,0.0264213
2994,3.84839,2.93288,-505.844,-0.0103253,0.0167001,-0.0175035,0.026318,4.033,3.03709,-505.638,-0.0107371,0.0170855,-0.0174013,0.0266478
2995,3.84839,2.93288,-505.844,-0.00965199,0.0183498,-0.0151956,0.0257169,4.033,3.03709,-505.638,-0.010059,0.0188083,-0.0150899,0.0261286
2996,3.84839,2.93288,-505.844,-0.00920107,0.018724,-0.0139983,0.0251392,4.033,3.03709,-505.638,-0.00962283,0.0191755,-0.0139338,0.0255843
2997,3.84839,2.93288,-505.844,-0.0087678,0.0181262,-0.0143958,0.0247774,4.033,3.03709,-505.638,-0.00921308,0.0186285,-0.014124,0.025131
2998,3.84839,2.93288,-505.844,-0.00834906,0.0163113,-0.0140717,0.0231199,4.033,3.03709,-505.638,-0.00879685,0.0167839,-0.0140374,0.0235846
2999,3.84839,2.93288,-505.844,-0.0079493,0.0135097,-0.0148014,0.021572,4.033,3.03709,-505.638,-0.00841578,0.0139113,-0.0146433,0.0218818
3000,3.84839,2.93288,-505.844,-0.00770031,0.0101061,-0.0163726,0.0207426,4.033,3.03709,-505.638,-0.00817201,0.0104466,-0.016333,0.0210425
3001,3.84839,2.93288,-505.844,-0.0077963,0.00599836,-0.017222,0.0198434,4.033,3.03709,-505.638,-0.00828737,0.00623737,-0.0172488,0.0201279
3002,3.84839,2.93288,-505.844,-0.00794161,0.00175643,-0.0184819,0.0202063,4.033,3.03709,-505.638,-0.00840459,0.0019159,-0.0184115,0.020331
3003,3.84839,2.93288,-505.844,-0.00835998,-0.0024341,-0.020606,0.0223789,4.033,3.03709,-505.638,-0.0088231,-0.00236849,-0.0208891,0.0228001
3004,3.84839,2.93288,-505.844,-0.00867324,-0.00681472,-0.0223225,0.0249071,4.033,3.03709,-505.638,-0.00911471,-0.00683512,-0.0226368,0.0253431
3005,3.84839,2.93288,-505.844,-0.0091844,-0.0105771,-0.0239983,0.0277919,4.033,3.03709,-505.638,-0.00964891,-0.0107192,-0.0242622,0.0282254
3006,3.84839,2.93288,-505.844,-0.00968788,-0.0136741,-0.0250174,0.0301171,4.033,3.03709,-505.638,-0.0101312,-0.013907,-0.0252992,0.0305962
3007,3.84839,2.93288,-505.844,-0.0104977,-0.0161524,-0.026026,0.0323828,4.033,3.03709,-505.638,-0.0109059,-0.0164841,-0.0263452,0.0329355
3008,3.84839,2.93288,-505.844,-0.0113747,-0.0177299,-0.0277561,0.03485,4.033,3.03709,-505.638,-0.0118188,-0.0180915,-0.0280511,0.0354106
3009,3.84839,2.93288,-505.844,-0.0122484,-0.0183719,-0.0280355,0.0356915,4.033,3.03709,-505.638,-0.0126921,-0.0187525,-0.0282249,0.0361861
3010,3.84839,2.93288,-505.844,-0.0130401,-0.0183236,-0.0287889,0.0365364,4.033,3.03709,-505.638,-0.0134668,-0.0187013,-0.0291014,0.0371217
3011,3.84839,2.93288,-505.844,-0.0134337,-0.0173008,-0.0284173,0.0358838,4.033,3.03709,-505.638,-0.0138518,-0.0176639,-0.0285937,0.0363527
3012,3.84839,2.93288,-505.844,-0.0136933,-0.0156349,-0.0270245,0.034097,4.033,3.03709,-505.638,-0.0141144,-0.0159754,-0.0271805,0.0345433
3013,3.84839,2.93288,-505.844,-0.0140521,-0.0131889,-0.0264762,0.0327523,4.033,3.03709,-505.638,-0.014466,-0.0134802,-0.0266842,0.0332123
3014,3.84839,2.93288,-505.844,-0.0143032,-0.0101837,-0.0252309,0.0307458,4.033,3.03709,-505.638,-0.0147199,-0.0104601,-0.0254645,0.0312184
3015,3.84839,2.93288,-505.844,-0.0142383,-0.00671548,-0.0236487,0.0284167,4.033,3.03709,-505.638,-0.0146422,-0.00686866,-0.023652,0.0286538
3016,3.84839,2.93288,-505.844,-0.0141218,-0.00326135,-0.0220958,0.0264304,4.033,3.03709,-505.638,-0.0145188,-0.0033737,-0.0221575,0.0267051
3017,3.84839,2.93288,-505.844,-0.0139098,0.000453957,-0.0202955,0.0246142,4.033,3.03709,-505.638,-0.0142878,0.000430118,-0.0203869,0.0248996
3018,3.84839,2.93288,-505.844,-0.0136275,0.00387956,-0.0182532,0.0231105,4.033,3.03709,-505.638,-0.0140395,0.00394167,-0.0185019,0.0235581
3019,3.84839,2.93288,-505.844,-0.0134557,0.00730995,-0.0166978,0.0226649,4.033,3.03709,-505.638,-0.0138853,0.00744396,-0.0164539,0.0227808
3020,3.84839,2.93288,-505.844,-0.0132236,0.0100605,-0.0155312,0.02275,4.033,3.03709,-505.638,-0.0136464,0.0102874,-0.0155182,0.0230844
3021,3.84839,2.93288,-505.844,-0.0130625,0.0123699,-0.0143978,0.0230545,4.033,3.03709,-505.638,-0.0134754,0.0126519,-0.0141682,0.0232909
3022,3.84839,2.93288,-505.844,-0.0125327,0.0139649,-0.0135901,0.0231791,4.033,3.03709,-505.638,-0.0129622,0.0142564,-0.0134633,0.0235071
3023,3.84839,2.93288,-505.844,-0.0118749,0.0147913,-0.012956,0.0229779,4.033,3.03709,-505.638,-0.012281,0.0150596,-0.0128975,0.0233238
3024,3.84839,2.93288,-505.844,-0.0113596,0.0148824,-0.0132385,0.0229385,4.033,3.03709,-505.638,-0.0117818,0.0151895,-0.0131782,0.0233075
3025,3.84839,2.93288,-505.844,-0.0108768,0.014127,-0.0132912,0.0222553,4.033,3.03709,-505.638,-0.0112957,0.0143831,-0.0131028,0.0225001
3026,3.84839,2.93288,-505.844,-0.0105594,0.0128518,-0.0139166,0.0217069,4.033,3.03709,-505.638,-0.010997,0.0130918,-0.0139346,0.0220599
3027,3.84839,2.93288,-505.844,-0.0101666,0.0108141,-0.0148912,0.0210382,4.033,3.03709,-505.638,-0.0105817,0.0110504,-0.0149465,0.0213906
3028,3.84839,2.93288,-505.844,-0.00969259,0.0083079,-0.0152055,0.0198644,4.033,3.03709,-505.638,-0.010129,0.00847686,-0.0149676,0.0199626
3029,3.84839,2.93288,-505.844,-0.00923814,0.00534437,-0.0167341,0.0198577,4.033,3.03709,-505.638,-0.00964979,0.00546044,-0.0168151,0.0201426
3030,3.84839,2.93288,-505.844,-0.00885043,0.00229968,-0.0168953,0.0192215,4.033,3.03709,-505.638,-0.00930772,0.00234259,-0.0170446,0.0195624
3031,3.84839,2.93288,-505.844,-0.00886932,-0.000899805,-0.018338,0.0203962,4.033,3.03709,-505.638,-0.00932232,-0.000925115,-0.0184646,0.0207056
3032,3.84839,2.93288,-505.844,-0.00884789,-0.00395328,-0.0184855,0.0208787,4.033,3.03709,-505.638,-0.00929949,-0.00400281,-0.0186579,0.0212283
3033,3.84839,2.93288,-505.844,-0.0086023,-0.00663236,-0.0198722,0.0226561,4.033,3.03709,-505.638,-0.00906315,-0.00678673,-0.0199721,0.0229594
3034,3.84839,2.93288,-505.844,-0.00851826,-0.00894007,-0.020376,0.0238317,4.033,3.03709,-505.638,-0.00893217,-0.00918342,-0.0204297,0.0241145
3035,3.84839,2.93288,-505.844,-0.00846649,-0.0108967,-0.0207204,0.0249024,4.033,3.03709,-505.638,-0.00891398,-0.0111487,-0.0207544,0.0251901
3036,3.84839,2.93288,-505.844,-0.00859862,-0.0123186,-0.020704,0.025588,4.033,3.03709,-505.638,-0.00906127,-0.0125402,-0.0208511,0.0259648
3037,3.84839,2.93288,-505.844,-0.00905065,-0.0129557,-0.0200711,0.025551,4.033,3.03709,-505.638,-0.00949365,-0.0132105,-0.0201172,0.025872
3038,3.84839,2.93288,-505.844,-0.0096425,-0.0132304,-0.0201221,0.0259465,4.033,3.03709,-505.638,-0.0100711,-0.013477,-0.0203313,0.0263905
3039,3.84839,2.93288,-505.844,-0.0101439,-0.0128624,-0.0195733,0.0255311,4.033,3.03709,-505.638,-0.0105593,-0.0130867,-0.0198248,0.0259969
3040,3.84839,2.93288,-505.844,-0.0106409,-0.0119034,-0.0181754,0.0241984,4.033,3.03709,-505.638,-0.0110533,-0.0120853,-0.0184683,0.0246848
3041,3.84839,2.93288,-505.844,-0.0110348,-0.0105374,-0.0169711,0.0228261,4.033,3.03709,-505.638,-0.0114674,-0.0106879,-0.0171388,0.0232268
3042,3.84839,2.93288,-505.844,-0.0114272,-0.0086737,-0.015505,0.0211279,4.033,3.03709,-505.638,-0.0118402,-0.00878688,-0.0157015,0.0215394
3043,3.84839,2.93288,-505.844,-0.0117639,-0.00673935,-0.0147063,0.0200063,4.033,3.03709,-505.638,-0.0121939,-0.00680343,-0.014913,0.0204302
3044,3.84839,2.93288,-505.844,-0.0121592,-0.00448993,-0.0141142,0.0191712,4.033,3.03709,-505.638,-0.0125894,-0.00452371,-0.0142211,0.0195252
3045,3.84839,2.93288,-505.844,-0.0124026,-0.00225183,-0.0126081,0.0178388,4.033,3.03709,-505.638,-0.0128038,-0.00223976,-0.0127094,0.0181804
3046,3.84839,2.93288,-505.844,-0.0124401,0.000261836,-0.0119669,0.0172723,4.033,3.03709,-505.638,-0.0128647,0.000291033,-0.0118986,0.0175272
3047,3.84839,2.93288,-505.844,-0.0126189,0.00234629,-0.0107154,0.0167257,4.033,3.03709,-505.638,-0.0130292,0.00244537,-0.0107124,0.0170444
3048,3.84839,2.93288,-505.844,-0.012562,0.00447986,-0.0104054,0.0169216,4.033,3.03709,-505.638,-0.0129798,0.00459571,-0.0103898,0.01725
3049,3.84839,2.93288,-505.844,-0.0126262,0.00612414,-0.00990147,0.0171877,4.033,3.03709,-505.638,-0.0130233,0.00624838,-0.00977113,0.0174413
3050,3.84839,2.93288,-505.844,-0.0127252,0.00748399,-0.00979047,0.0177235,4.033,3.03709,-505.638,-0.0131317,0.00765017,-0.00977994,0.018074
3051,3.84839,2.93288,-505.844,-0.0126816,0.00843336,-0.00987841,0.0181631,4.033,3.03709,-505.638,-0.0130606,0.00862941,-0.0096915,0.0184127
3052,3.84839,2.93288,-505.844,-0.0124348,0.00879487,-0.00930377,0.0178577,4.033,3.03709,-505.638,-0.0128231,0.00898713,-0.00940441,0.0182673
3053,3.84839,2.93288,-505.844,-0.0121116,0.00870195,-0.0104124,0.018197,4.033,3.03709,-505.638,-0.0125113,0.00885441,-0.0103626,0.0185025
3054,3.84839,2.93288,-505.844,-0.0115362,0.00822813,-0.0107634,0.0178052,4.033,3.03709,-505.638,-0.0120024,0.00837903,-0.0107979,0.018191
3055,3.84839,2.93288,-505.844,-0.0111746,0.00714336,-0.0110575,0.0172771,4.033,3.03709,-505.638,-0.0115854,0.007258,-0.0108789,0.0174722
3056,3.84839,2.93288,-505.844,-0.0108755,0.00575028,-0.0115276,0.0168703,4.033,3.03709,-505.638,-0.0112641,0.00586136,-0.0112999,0.0169989
3057,3.84839,2.93288,-505.844,-0.0104468,0.00403795,-0.0124694,0.0167742,4.033,3.03709,-505.638,-0.0108995,0.00410855,-0.0124283,0.0170353
3058,3.84839,2.93288,-505.844,-0.00999179,0.00205758,-0.0131182,0.0166278,4.033,3.03709,-505.638,-0.0104016,0.00207424,-0.0130178,0.0167925
3059,3.84839,2.93288,-505.844,-0.0093391,-0.000167364,-0.0135158,0.0164367,4.033,3.03709,-505.638,-0.00976644,-0.000192256,-0.0135515,0.0167056
3060,3.84839,2.93288,-505.844,-0.00895101,-0.00225397,-0.0142493,0.0169863,4.033,3.03709,-505.638,-0.00940598,-0.00231862,-0.0143274,0.0172959
3061,3.84839,2.93288,-505.844,-0.00872576,-0.00436034,-0.0141272,0.0171864,4.033,3.03709,-505.638,-0.00919673,-0.00445252,-0.0139899,0.0173266
3062,3.84839,2.93288,-505.844,-0.00854954,-0.00633149,-0.0144908,0.0179916,4.033,3.03709,-505.638,-0.00902291,-0.00646753,-0.0144692,0.0182394
3063,3.84839,2.93288,-505.844,-0.00835591,-0.00803145,-0.0144756,0.018554,4.033,3.03709,-505.638,-0.00879785,-0.0081848,-0.0146336,0.0189365
3064,3.84839,2.93288,-505.844,-0.00803039,-0.00941418,-0.0143608,0.0189676,4.033,3.03709,-505.638,-0.00845794,-0.00952663,-0.0145494,0.0193397
3065,3.84839,2.93288,-505.844,-0.00790192,-0.0103759,-0.0137378,0.0189515,4.033,3.03709,-505.638,-0.0083549,-0.0105218,-0.0136676,0.0191662
3066,3.84839,2.93288,-505.844,-0.00802002,-0.0110616,-0.0138414,0.019458,4.033,3.03709,-505.638,-0.00844857,-0.0112406,-0.0139839,0.0198323
3067,3.84839,2.93288,-505.844,-0.00823792,-0.0113871,-0.0128517,0.0190527,4.033,3.03709,-505.638,-0.00868743,-0.0115383,-0.0130213,0.0194469
3068,3.84839,2.93288,-505.844,-0.00846589,-0.0110552,-0.0124412,0.0186802,4.033,3.03709,-505.638,-0.00890951,-0.0111948,-0.0124909,0.0189935
3069,3.84839,2.93288,-505.844,-0.00866861,-0.0106461,-0.01181,0.0181199,4.033,3.03709,-505.638,-0.00910197,-0.0107553,-0.012025,0.0185249
3070,3.84839,2.93288,-505.844,-0.00877269,-0.00988572,-0.0110256,0.0172183,4.033,3.03709,-505.638,-0.00920072,-0.0099815,-0.0111501,0.0175679
3071,3.84839,2.93288,-505.844,-0.00916749,-0.00864035,-0.0101537,0.0161857,4.033,3.03709,-505.638,-0.00960937,-0.00869543,-0.0102897,0.0165483
3072,3.84839,2.93288,-505.844,-0.00933035,-0.00733175,-0.00924943,0.0150533,4.033,3.03709,-505.638,-0.00976694,-0.00738408,-0.0093248,0.0153913
3073,3.84839,2.93288,-505.844,-0.00975458,-0.00574925,-0.0088125,0.014355,4.033,3.03709,-505.638,-0.0101723,-0.00578129,-0.00893055,0.0147198
3074,3.84839,2.93288,-505.844,-0.0101012,-0.00415151,-0.00865381,0.0139412,4.033,3.03709,-505.638,-0.0105068,-0.00414445,-0.00873071,0.0142766
3075,3.84839,2.93288,-505.844,-0.0103137,-0.00251487,-0.00793961,0.0132649,4.033,3.03709,-505.638,-0.0107123,-0.00246578,-0.00796423,0.0135757
3076,3.84839,2.93288,-505.844,-0.0103527,-0.000953769,-0.00765634,0.0129229,4.033,3.03709,-505.638,-0.0107547,-0.000910897,-0.00770237,0.0132611
3077,3.84839,2.93288,-505.844,-0.0102725,0.000486796,-0.00759631,0.0127996,4.033,3.03709,-505.638,-0.0106517,0.0005725,-0.00744643,0.0130115
3078,3.84839,2.93288,-505.844,-0.0104631,0.00175853,-0.00783719,0.013207,4.033,3.03709,-505.638,-0.0108551,0.00184349,-0.00779398,0.013493
3079,3.84839,2.93288,-505.844,-0.0103259,0.00280258,-0.00777767,0.0132382,4.033,3.03709,-505.638,-0.010743,0.00292201,-0.007727,0.0135531
3080,3.84839,2.93288,-505.844,-0.010367,0.00365094,-0.00768566,0.0134379,4.033,3.03709,-505.638,-0.010755,0.00375705,-0.00752182,0.0136561
3081,3.84839,2.93288,-505.844,-0.00999511,0.00404317,-0.00797193,0.013421,4.033,3.03709,-505.638,-0.0103772,0.00415563,-0.00784367,0.013657
3082,3.84839,2.93288,-505.844,-0.00970032,0.00426432,-0.00843475,0.0135562,4.033,3.03709,-505.638,-0.0100979,0.00439366,-0.00835793,0.0138263
3083,3.84839,2.93288,-505.844,-0.00935933,0.00406627,-0.00851917,0.0133105,4.033,3.03709,-505.638,-0.00973236,0.00416992,-0.00831093,0.0134625
3084,3.84839,2.93288,-505.844,-0.00902392,0.00363349,-0.00916485,0.0133826,4.033,3.03709,-505.638,-0.00941621,0.00374089,-0.00935502,0.0137927
3085,3.84839,2.93288,-505.844,-0.00870616,0.00285109,-0.00899108,0.0128478,4.033,3.03709,-505.638,-0.00912547,0.00292578,-0.00891287,0.0130882
3086,3.84839,2.93288,-505.844,-0.0083292,0.00165022,-0.00952393,0.0127742,4.033,3.03709,-505.638,-0.00875454,0.00166566,-0.00947548,0.0130092
3087,3.84839,2.93288,-505.844,-0.00790251,0.000556538,-0.0100111,0.0127773,4.033,3.03709,-505.638,-0.00831215,0.000566634,-0.00999936,0.0130164
3088,3.84839,2.93288,-505.844,-0.00759281,-0.000785759,-0.0100656,0.0126452,4.033,3.03709,-505.638,-0.00796482,-0.000799163,-0.0099322,0.0127575
3089,3.84839,2.93288,-505.844,-0.00719873,-0.00215873,-0.01112,0.0134379,4.033,3.03709,-505.638,-0.007625,-0.00217199,-0.0110611,0.0136111
3090,3.84839,2.93288,-505.844,-0.00707721,-0.00350182,-0.0113088,0.0138067,4.033,3.03709,-505.638,-0.00746537,-0.00357326,-0.0114654,0.0141422
3091,3.84839,2.93288,-505.844,-0.00721118,-0.0046774,-0.0119576,0.0147403,4.033,3.03709,-505.638,-0.00761809,-0.00471836,-0.0120154,0.0149906
3092,3.84839,2.93288,-505.844,-0.00715152,-0.00578216,-0.0121516,0.0152535,4.033,3.03709,-505.638,-0.00758314,-0.00582679,-0.0122534,0.015545
3093,3.84839,2.93288,-505.844,-0.00725861,-0.00660277,-0.0116835,0.0152693,4.033,3.03709,-505.638,-0.00766845,-0.0066637,-0.0119232,0.0156656
3094,3.84839,2.93288,-505.844,-0.00751379,-0.00728803,-0.0126109,0.016398,4.033,3.03709,-505.638,-0.00792221,-0.00737872,-0.0127482,0.0167259
3095,3.84839,2.93288,-505.844,-0.00786933,-0.00786358,-0.0126268,0.0168364,4.033,3.03709,-505.638,-0.00828439,-0.0079331,-0.0127707,0.0171661
3096,3.84839,2.93288,-505.844,-0.00812529,-0.00800093,-0.0119492,0.0165257,4.033,3.03709,-505.638,-0.00853003,-0.00808898,-0.0122318,0.0169656
3097,3.84839,2.93288,-505.844,-0.00856168,-0.00789908,-0.0123209,0.0169659,4.033,3.03709,-505.638,-0.00898774,-0.00798306,-0.01229,0.017193
3098,3.84839,2.93288,-505.844,-0.00896184,-0.00758956,-0.012319,0.0170267,4.033,3.03709,-505.638,-0.00937265,-0.00770325,-0.0125143,0.0174303
3099,3.84839,2.93288,-505.844,-0.00912664,-0.00719293,-0.0120505,0.0167458,4.033,3.03709,-505.638,-0.00948136,-0.00727032,-0.0121768,0.01706
3100,3.84839,2.93288,-505.844,-0.00947318,-0.00646447,-0.0114877,0.0162432,4.033,3.03709,-505.638,-0.00989074,-0.00652835,-0.0114585,0.016486
3101,3.84839,2.93288,-505.844,-0.00964256,-0.0054751,-0.0110862,0.0156934,4.033,3.03709,-505.638,-0.010011,-0.00549262,-0.0110587,0.0158979
3102,3.84839,2.93288,-505.844,-0.00983529,-0.00454295,-0.0109225,0.0153902,4.033,3.03709,-505.638,-0.0102159,-0.00455579,-0.01105,0.0157239
3103,3.84839,2.93288,-505.844,-0.010451,-0.00327847,-0.0111378,0.0156309,4.033,3.03709,-505.638,-0.0108164,-0.00329066,-0.0111233,0.0158618
3104,3.84839,2.93288,-505.844,-0.0105926,-0.00227619,-0.0107285,0.0152593,4.033,3.03709,-505.638,-0.0109594,-0.00226923,-0.0107723,0.0155353
3105,3.84839,2.93288,-505.844,-0.0106185,-0.00110993,-0.0101151,0.0147207,4.033,3.03709,-505.638,-0.0110105,-0.00106599,-0.0100262,0.0149316
3106,3.84839,2.93288,-505.844,-0.0105838,-6.65004e-06,-0.00992848,0.0145194,4.033,3.03709,-505.638,-0.0109461,2.73983e-05,-0.00992059,0.0147739
3107,3.84839,2.93288,-505.844,-0.0103894,0.000924427,-0.0103518,0.0147089,4.033,3.03709,-505.638,-0.0107679,0.000949647,-0.0104395,0.0150298
3108,3.84839,2.93288,-505.844,-0.010244,0.00175079,-0.0105749,0.0148355,4.033,3.03709,-505.638,-0.0106197,0.00179336,-0.0106263,0.0151309
3109,3.84839,2.93288,-505.844,-0.0101125,0.00254568,-0.0101352,0.0145541,4.033,3.03709,-505.638,-0.0104752,0.00260279,-0.0101393,0.0148108
3110,3.84839,2.93288,-505.844,-0.00994189,0.00313879,-0.0110922,0.0152344,4.033,3.03709,-505.638,-0.0103208,0.00319091,-0.0111775,0.0155466
3111,3.84839,2.93288,-505.844,-0.00956581,0.00350365,-0.0106185,0.0147219,4.033,3.03709,-505.638,-0.00995551,0.00358038,-0.0105471,0.0149394
3112,3.84839,2.93288,-505.844,-0.00920798,0.00350211,-0.0104492,0.0143677,4.033,3.03709,-505.638,-0.00960629,0.00356728,-0.0103054,0.0145332
3113,3.84839,2.93288,-505.844,-0.00889673,0.00344599,-0.0116417,0.0150598,4.033,3.03709,-505.638,-0.00928648,0.00350399,-0.0116391,0.0152972
3114,3.84839,2.93288,-505.844,-0.00838402,0.00327993,-0.0123774,0.0153152,4.033,3.03709,-505.638,-0.00879285,0.00334381,-0.0123716,0.0155431
3115,3.84839,2.93288,-505.844,-0.00826139,0.0026709,-0.0115684,0.0144735,4.033,3.03709,-505.638,-0.00868591,0.00271414,-0.0116157,0.0147567
3116,3.84839,2.93288,-505.844,-0.00777427,0.00216696,-0.0125449,0.0149241,4.033,3.03709,-505.638,-0.00816537,0.00217209,-0.0125025,0.0150904
3117,3.84839,2.93288,-505.844,-0.00739118,0.00128491,-0.0127299,0.0147829,4.033,3.03709,-505.638,-0.00779862,0.00131575,-0.0127916,0.0150395
3118,3.84839,2.93288,-505.844,-0.00717093,0.000541429,-0.0131666,0.0150119,4.033,3.03709,-505.638,-0.00758654,0.000534622,-0.0130799,0.0151309
3119,3.84839,2.93288,-505.844,-0.00705553,-0.000370295,-0.0130961,0.0148886,4.033,3.03709,-505.638,-0.00750183,-0.000422983,-0.0130249,0.0150371
3120,3.84839,2.93288,-505.844,-0.00690357,-0.00126424,-0.0145308,0.0161467,4.033,3.03709,-505.638,-0.00731924,-0.00131336,-0.0146233,0.0164065
3121,3.84839,2.93288,-505.844,-0.0071635,-0.00196159,-0.0137717,0.015657,4.033,3.03709,-505.638,-0.00759103,-0.00200135,-0.0138019,0.0158793
3122,3.84839,2.93288,-505.844,-0.00740017,-0.00278419,-0.014263,0.0163168,4.033,3.03709,-505.638,-0.00782331,-0.00284393,-0.0142673,0.0165191
3123,3.84839,2.93288,-505.844,-0.00760073,-0.0033612,-0.0139445,0.0162433,4.033,3.03709,-505.638,-0.00803973,-0.0034395,-0.0140011,0.0165084
3124,3.84839,2.93288,-505.844,-0.00810827,-0.00371265,-0.0139423,0.0165567,4.033,3.03709,-505.638,-0.00853045,-0.00378351,-0.014013,0.0168364
3125,3.84839,2.93288,-505.844,-0.00845669,-0.00424134,-0.0137144,0.0166692,4.033,3.03709,-505.638,-0.00887698,-0.00433316,-0.0136555,0.0168545
3126,3.84839,2.93288,-505.844,-0.00864425,-0.00443381,-0.0139077,0.0169721,4.033,3.03709,-505.638,-0.0090107,-0.00451455,-0.0139242,0.0171898
3127,3.84839,2.93288,-505.844,-0.00908828,-0.00447443,-0.0134517,0.0168486,4.033,3.03709,-505.638,-0.00948351,-0.00456152,-0.0133733,0.0170183
3128,3.84839,2.93288,-505.844,-0.00959486,-0.00436263,-0.0136578,0.0172567,4.033,3.03709,-505.638,-0.010021,-0.00440114,-0.013779,0.0175973
3129,3.84839,2.93288,-505.844,-0.00983189,-0.00409843,-0.0132236,0.0169862,4.033,3.03709,-505.638,-0.0102297,-0.004148,-0.0132595,0.0172535
3130,3.84839,2.93288,-505.844,-0.0102307,-0.00374183,-0.0123132,0.0164471,4.033,3.03709,-505.638,-0.0106226,-0.00381026,-0.012439,0.0167962
3131,3.84839,2.93288,-505.844,-0.0104319,-0.00326029,-0.0119823,0.0162251,4.033,3.03709,-505.638,-0.0108071,-0.00328899,-0.0119378,0.0164361
3132,3.84839,2.93288,-505.844,-0.0109162,-0.0025038,-0.012172,0.0165468,4.033,3.03709,-505.638,-0.011289,-0.00249927,-0.0122189,0.016823
3133,3.84839,2.93288,-505.844,-0.0110588,-0.00190313,-0.0116867,0.0162118,4.033,3.03709,-505.638,-0.0114652,-0.00189273,-0.0116215,0.016436
3134,3.84839,2.93288,-505.844,-0.0113152,-0.00104193,-0.0120671,0.0165841,4.033,3.03709,-505.638,-0.0116855,-0.00106135,-0.0120101,0.0167916
3135,3.84839,2.93288,-505.844,-0.0114819,-0.000309739,-0.0110895,0.0159748,4.033,3.03709,-505.638,-0.0118863,-0.000279927,-0.0111429,0.0162963
3136,3.84839,2.93288,-505.844,-0.0113759,0.000430622,-0.0113386,0.0160796,4.033,3.03709,-505.638,-0.0117502,0.000442552,-0.0111542,0.0162091
3137,3.84839,2.93288,-505.844,-0.011428,0.00126058,-0.0114854,0.0162617,4.033,3.03709,-505.638,-0.0118162,0.00125919,-0.0114084,0.0164746
3138,3.84839,2.93288,-505.844,-0.0114148,0.00198907,-0.0112678,0.0161666,4.033,3.03709,-505.638,-0.0117967,0.00203758,-0.0112738,0.0164446
3139,3.84839,2.93288,-505.844,-0.0112925,0.0025612,-0.0118549,0.0165803,4.033,3.03709,-505.638,-0.0116828,0.00258583,-0.0117662,0.0167826
3140,3.84839,2.93288,-505.844,-0.0113016,0.00302689,-0.0119374,0.0167262,4.033,3.03709,-505.638,-0.0116945,0.00306447,-0.0118828,0.016953
3141,3.84839,2.93288,-505.844,-0.0111965,0.00330654,-0.0118756,0.0166582,4.033,3.03709,-505.638,-0.0116048,0.00333217,-0.0118962,0.0169501
3142,3.84839,2.93288,-505.844,-0.0109057,0.0033297,-0.0123824,0.0168433,4.033,3.03709,-505.638,-0.0112965,0.00332931,-0.012243,0.0169888
3143,3.84839,2.93288,-505.844,-0.0105452,0.00321679,-0.0125216,0.0166919,4.033,3.03709,-505.638,-0.0109717,0.0032627,-0.0124693,0.0169272
3144,3.84839,2.93288,-505.844,-0.0102656,0.00296132,-0.0129786,0.0168187,4.033,3.03709,-505.638,-0.0106578,0.00298536,-0.0130712,0.0171288
3145,3.84839,2.93288,-505.844,-0.0101034,0.0026299,-0.012726,0.016469,4.033,3.03709,-505.638,-0.0105004,0.0026678,-0.0126401,0.0166486
3146,3.84839,2.93288,-505.844,-0.0097016,0.00206053,-0.0129937,0.0163595,4.033,3.03709,-505.638,-0.0101314,0.00204472,-0.0128848,0.0165195
3147,3.84839,2.93288,-505.844,-0.00953701,0.00148873,-0.0129703,0.0161826,4.033,3.03709,-505.638,-0.00997656,0.0015117,-0.0128527,0.016342
3148,3.84839,2.93288,-505.844,-0.00921573,0.000572273,-0.0130259,0.0159746,4.033,3.03709,-505.638,-0.00962014,0.000577771,-0.0130574,0.0162296
3149,3.84839,2.93288,-505.844,-0.00904927,-0.000105445,-0.0135591,0.0163152,4.033,3.03709,-505.638,-0.00945995,-0.000112209,-0.0133932,0.0163992
3150,3.84839,2.93288,-505.844,-0.00876815,-0.000864183,-0.0140322,0.0165851,4.033,3.03709,-505.638,-0.00917224,-0.000894451,-0.0140685,0.0168207
3151,3.84839,2.93288,-505.844,-0.00890655,-0.00180412,-0.0129023,0.0157896,4.033,3.03709,-505.638,-0.00933707,-0.00183653,-0.0128456,0.0159868
3152,3.84839,2.93288,-505.844,-0.00877069,-0.00236155,-0.0123073,0.0153073,4.033,3.03709,-505.638,-0.00918669,-0.00237292,-0.0122821,0.0155214
3153,3.84839,2.93288,-505.844,-0.00877758,-0.00299714,-0.0126015,0.0156597,4.033,3.03709,-505.638,-0.0092008,-0.00304482,-0.0124913,0.0158115
3154,3.84839,2.93288,-505.844,-0.00881602,-0.00350698,-0.0123681,0.0155965,4.033,3.03709,-505.638,-0.00923674,-0.00351654,-0.0125041,0.0159393
3155,3.84839,2.93288,-505.844,-0.00899646,-0.00379375,-0.0126785,0.0160109,4.033,3.03709,-505.638,-0.00943417,-0.0038398,-0.0127891,0.0163503
3156,3.84839,2.93288,-505.844,-0.0091941,-0.00397524,-0.0123688,0.0159259,4.033,3.03709,-505.638,-0.00959372,-0.00399721,-0.0124658,0.016231
3157,3.84839,2.93288,-505.844,-0.0092501,-0.00428365,-0.0112971,0.015222,4.033,3.03709,-505.638,-0.00966354,-0.00432585,-0.0112619,0.0154575
3158,3.84839,2.93288,-505.844,-0.00952442,-0.00422311,-0.0113157,0.015394,4.033,3.03709,-505.638,-0.00995931,-0.00425212,-0.011365,0.0156995
3159,3.84839,2.93288,-505.844,-0.00958326,-0.00404069,-0.0111069,0.0152249,4.033,3.03709,-505.638,-0.009986,-0.00410042,-0.0110816,0.0154714
3160,3.84839,2.93288,-505.844,-0.00972465,-0.00388048,-0.0104355,0.0147895,4.033,3.03709,-505.638,-0.0101096,-0.00392403,-0.0105251,0.015113
3161,3.84839,2.93288,-505.844,-0.00985095,-0.00355327,-0.0109042,0.0151277,4.033,3.03709,-505.638,-0.0102721,-0.00359692,-0.0108398,0.0153618
3162,3.84839,2.93288,-505.844,-0.00997115,-0.003023,-0.0103423,0.014688,4.033,3.03709,-505.638,-0.010361,-0.00301335,-0.0105457,0.0150889
3163,3.84839,2.93288,-505.844,-0.0101079,-0.0023384,-0.0105382,0.0147938,4.033,3.03709,-505.638,-0.010513,-0.0023631,-0.0107011,0.0151869
3164,3.84839,2.93288,-505.844,-0.0100549,-0.00176868,-0.00948556,0.0139439,4.033,3.03709,-505.638,-0.0104559,-0.00175876,-0.00952115,0.0142512
3165,3.84839,2.93288,-505.844,-0.0101418,-0.00115494,-0.00974378,0.0141249,4.033,3.03709,-505.638,-0.0105699,-0.00114986,-0.00952352,0.0142752
3166,3.84839,2.93288,-505.844,-0.00995382,-0.000552299,-0.00952571,0.013794,4.033,3.03709,-505.638,-0.0103627,-0.000548105,-0.00949772,0.0140677
3167,3.84839,2.93288,-505.844,-0.0100735,3.05956e-05,-0.00871381,0.0133231,4.033,3.03709,-505.638,-0.010486,7.54861e-05,-0.00877122,0.0136713
3168,3.84839,2.93288,-505.844,-0.00994879,0.000500328,-0.00943356,0.0137277,4.033,3.03709,-505.638,-0.0103521,0.000532555,-0.00938872,0.0139864
3169,3.84839,2.93288,-505.844,-0.00996138,0.000860653,-0.00976552,0.0139889,4.033,3.03709,-505.638,-0.0103571,0.000866726,-0.00968682,0.0142092
3170,3.84839,2.93288,-505.844,-0.00972133,0.00118392,-0.00931618,0.0135278,4.033,3.03709,-505.638,-0.0101417,0.00121378,-0.00929248,0.0138101
3171,3.84839,2.93288,-505.844,-0.00973437,0.00133195,-0.00873409,0.0131532,4.033,3.03709,-505.638,-0.0101588,0.00137104,-0.00880671,0.0135151
3172,3.84839,2.93288,-505.844,-0.00924688,0.00138515,-0.00954591,0.0133822,4.033,3.03709,-505.638,-0.0096499,0.00140067,-0.00960893,0.0136937
3173,3.84839,2.93288,-505.844,-0.00923683,0.00126573,-0.00891473,0.0129064,4.033,3.03709,-505.638,-0.00965682,0.00131282,-0.00898031,0.013253
3174,3.84839,2.93288,-505.844,-0.00897171,0.00103476,-0.00940664,0.013058,4.033,3.03709,-505.638,-0.00936963,0.00110707,-0.00926178,0.0132235
3175,3.84839,2.93288,-505.844,-0.00894703,0.000757957,-0.00903612,0.0127441,4.033,3.03709,-505.638,-0.00938957,0.000788684,-0.00909613,0.013097
3176,3.84839,2.93288,-505.844,-0.00883072,0.000177205,-0.00911939,0.0127113,4.033,3.03709,-505.638,-0.00922741,0.00023249,-0.00902525,0.0129115
3177,3.84839,2.93288,-505.844,-0.00859972,-0.000476261,-0.00906133,0.0125164,4.033,3.03709,-505.638,-0.00901185,-0.000459103,-0.0090104,0.0127543
3178,3.84839,2.93288,-505.844,-0.0085339,-0.00115996,-0.00967895,0.0129708,4.033,3.03709,-505.638,-0.00895617,-0.0011345,-0.00990598,0.0134048
3179,3.84839,2.93288,-505.844,-0.00847113,-0.0017899,-0.00898938,0.0124861,4.033,3.03709,-505.638,-0.00890092,-0.00178526,-0.00912683,0.0128733
3180,3.84839,2.93288,-505.844,-0.0082938,-0.00250067,-0.00903219,0.0125247,4.033,3.03709,-505.638,-0.00875181,-0.00250154,-0.00897028,0.0127802
3181,3.84839,2.93288,-505.844,-0.00829489,-0.00320969,-0.00919011,0.0127984,4.033,3.03709,-505.638,-0.00874879,-0.00322918,-0.00922117,0.0131158
3182,3.84839,2.93288,-505.844,-0.00821519,-0.00382622,-0.00864181,0.0125402,4.033,3.03709,-505.638,-0.00860464,-0.00386736,-0.00833907,0.012593
3183,3.84839,2.93288,-505.844,-0.00829321,-0.0043158,-0.00899689,0.01299,4.033,3.03709,-505.638,-0.00871894,-0.00430725,-0.00902833,0.0132714
3184,3.84839,2.93288,-505.844,-0.00844978,-0.00480568,-0.00929244,0.0134666,4.033,3.03709,-505.638,-0.00886256,-0.00481198,-0.00907739,0.0135708
3185,3.84839,2.93288,-505.844,-0.00839688,-0.00513111,-0.00938321,0.013604,4.033,3.03709,-505.638,-0.00881105,-0.00516118,-0.00958764,0.0140076
3186,3.84839,2.93288,-505.844,-0.00884797,-0.00546739,-0.00899164,0.0137627,4.033,3.03709,-505.638,-0.00929381,-0.00552588,-0.0088833,0.0139954
3187,3.84839,2.93288,-505.844,-0.00894779,-0.00560437,-0.00875651,0.0137265,4.033,3.03709,-505.638,-0.00935855,-0.00563456,-0.00886072,0.0140672
3188,3.84839,2.93288,-505.844,-0.00907769,-0.00575966,-0.00836249,0.0136285,4.033,3.03709,-505.638,-0.00951637,-0.00579252,-0.00831045,0.0138997
3189,3.84839,2.93288,-505.844,-0.00910582,-0.00562554,-0.00803667,0.0133906,4.033,3.03709,-505.638,-0.00949046,-0.00564315,-0.00813967,0.0137181
3190,3.84839,2.93288,-505.844,-0.0090632,-0.00536632,-0.00761449,0.0130052,4.033,3.03709,-505.638,-0.0094892,-0.00541482,-0.00763947,0.0133325
3191,3.84839,2.93288,-505.844,-0.00909777,-0.00503447,-0.00730295,0.0127109,4.033,3.03709,-505.638,-0.00953436,-0.00505041,-0.00743507,0.0131037
3192,3.84839,2.93288,-505.844,-0.00915794,-0.00450962,-0.00725977,0.012533,4.033,3.03709,-505.638,-0.00955658,-0.00451525,-0.00719655,0.0127872
3193,3.84839,2.93288,-505.844,-0.00932877,-0.00397239,-0.00788222,0.012859,4.033,3.03709,-505.638,-0.00972435,-0.00395518,-0.00775649,0.0130552
3194,3.84839,2.93288,-505.844,-0.00918912,-0.00329937,-0.00712404,0.0120938,4.033,3.03709,-505.638,-0.00957887,-0.00328888,-0.00707346,0.0123541
3195,3.84839,2.93288,-505.844,-0.00930604,-0.00274443,-0.00690562,0.011915,4.033,3.03709,-505.638,-0.00970685,-0.00270727,-0.00707792,0.0123151
3196,3.84839,2.93288,-505.844,-0.00917823,-0.00214879,-0.00736555,0.0119788,4.033,3.03709,-505.638,-0.00956852,-0.00212703,-0.00724098,0.0121886
3197,3.84839,2.93288,-505.844,-0.00923165,-0.00154453,-0.00665073,0.0114938,4.033,3.03709,-505.638,-0.00967204,-0.00155713,-0.00656064,0.0117919
3198,3.84839,2.93288,-505.844,-0.00909705,-0.00104506,-0.007185,0.0116528,4.033,3.03709,-505.638,-0.00951208,-0.0010068,-0.00720028,0.0119743
3199,3.84839,2.93288,-505.844,-0.00905816,-0.000394032,-0.00719527,0.0115878,4.033,3.03709,-505.638,-0.00947609,-0.000345809,-0.0069697,0.0117693
3200,3.84839,2.93288,-505.844,-0.0088672,8.11093e-05,-0.00770827,0.0117586,4.033,3.03709,-505.638,-0.0092675,0.00012551,-0.00765236,0.01202
3201,3.84839,2.93288,-505.844,-0.00871767,0.000318265,-0.007951,0.011816,4.033,3.03709,-505.638,-0.00913142,0.000385669,-0.0078691,0.0120618
3202,3.84839,2.93288,-505.844,-0.0084605,0.000641965,-0.00870104,0.0121714,4.033,3.03709,-505.638,-0.00884047,0.000728833,-0.00866884,0.012406
3203,3.84839,2.93288,-505.844,-0.0083389,0.000747186,-0.00878599,0.012149,4.033,3.03709,-505.638,-0.00875223,0.00079682,-0.00869297,0.0123628
3204,3.84839,2.93288,-505.844,-0.00828922,0.00058427,-0.00835552,0.0117972,4.033,3.03709,-505.638,-0.00870999,0.000636091,-0.00822015,0.0119946
3205,3.84839,2.93288,-505.844,-0.00807504,0.00047042,-0.00928968,0.012336,4.033,3.03709,-505.638,-0.00850023,0.000523365,-0.00915178,0.0125039
3206,3.84839,2.93288,-505.844,-0.00802894,0.00025421,-0.00924261,0.0122605,4.033,3.03709,-505.638,-0.00843397,0.000289697,-0.00912074,0.0124272
3207,3.84839,2.93288,-505.844,-0.00772549,-0.00025996,-0.00990682,0.0125814,4.033,3.03709,-505.638,-0.00812236,-0.000232635,-0.00980774,0.0127382
3208,3.84839,2.93288,-505.844,-0.00750874,-0.000704267,-0.0106871,0.0131015,4.033,3.03709,-505.638,-0.0079098,-0.000705803,-0.0105676,0.013222
3209,3.84839,2.93288,-505.844,-0.00746153,-0.00122881,-0.0107179,0.0131322,4.033,3.03709,-505.638,-0.00786415,-0.001173,-0.0107309,0.0133574
3210,3.84839,2.93288,-505.844,-0.00723347,-0.00175964,-0.0118207,0.0139871,4.033,3.03709,-505.638,-0.00764187,-0.00177127,-0.0117754,0.0141512
3211,3.84839,2.93288,-505.844,-0.00718565,-0.00227136,-0.0122266,0.0143757,4.033,3.03709,-505.638,-0.00755639,-0.00224003,-0.0122343,0.0145547
3212,3.84839,2.93288,-505.844,-0.00709313,-0.00288283,-0.0124165,0.014599,4.033,3.03709,-505.638,-0.00751282,-0.00289311,-0.0124523,0.0148293
3213,3.84839,2.93288,-505.844,-0.00725964,-0.00324124,-0.0133467,0.0155432,4.033,3.03709,-505.638,-0.00766689,-0.00325732,-0.0135184,0.0158797
3214,3.84839,2.93288,-505.844,-0.00736735,-0.00371213,-0.0130721,0.0154643,4.033,3.03709,-505.638,-0.00778659,-0.00372697,-0.0131634,0.015742
3215,3.84839,2.93288,-505.844,-0.00755878,-0.00391504,-0.0140518,0.0164386,4.033,3.03709,-505.638,-0.00799277,-0.00394692,-0.0140563,0.0166454
3216,3.84839,2.93288,-505.844,-0.00772621,-0.00414245,-0.0132453,0.0158906,4.033,3.03709,-505.638,-0.00814838,-0.00414536,-0.0131854,0.0160451
3217,3.84839,2.93288,-505.844,-0.00800196,-0.00421262,-0.0133229,0.0161095,4.033,3.03709,-505.638,-0.00844038,-0.00422928,-0.0133291,0.0163342
3218,3.84839,2.93288,-505.844,-0.00815363,-0.00410544,-0.0125591,0.0155333,4.033,3.03709,-505.638,-0.00855083,-0.00410361,-0.0123885,0.0156024
3219,3.84839,2.93288,-505.844,-0.00849136,-0.003918,-0.0127403,0.0158132,4.033,3.03709,-505.638,-0.00891822,-0.0039304,-0.0126946,0.0160055
3220,3.84839,2.93288,-505.844,-0.00872539,-0.00358366,-0.012494,0.015664,4.033,3.03709,-505.638,-0.00914354,-0.00359255,-0.0123419,0.0157752
3221,3.84839,2.93288,-505.844,-0.00898279,-0.00299161,-0.0127629,0.0158972,4.033,3.03709,-505.638,-0.00936393,-0.00300078,-0.0126777,0.0160445
3222,3.84839,2.93288,-505.844,-0.00930317,-0.00254749,-0.0128312,0.0160604,4.033,3.03709,-505.638,-0.00970337,-0.00252763,-0.0127432,0.016216
3223,3.84839,2.93288,-505.844,-0.00964424,-0.00182606,-0.0126263,0.0159981,4.033,3.03709,-505.638,-0.0100528,-0.0018253,-0.0126242,0.0162409
3224,3.84839,2.93288,-505.844,-0.00981667,-0.00111758,-0.012727,0.0161262,4.033,3.03709,-505.638,-0.0102551,-0.00110106,-0.0126186,0.0162994
3225,3.84839,2.93288,-505.844,-0.00999405,-0.00051177,-0.0125067,0.0160347,4.033,3.03709,-505.638,-0.0104085,-0.000483968,-0.0122447,0.0160803
3226,3.84839,2.93288,-505.844,-0.010131,0.000141796,-0.012013,0.0157223,4.033,3.03709,-505.638,-0.0105351,0.000170182,-0.0118541,0.0158602
3227,3.84839,2.93288,-505.844,-0.0102551,0.000712621,-0.0128404,0.016458,4.033,3.03709,-505.638,-0.0106617,0.000734706,-0.0127658,0.0166496
3228,3.84839,2.93288,-505.844,-0.0102913,0.00144957,-0.012324,0.0161339,4.033,3.03709,-505.638,-0.010674,0.00146764,-0.0120045,0.0161317
3229,3.84839,2.93288,-505.844,-0.0102941,0.00196931,-0.0121651,0.0160683,4.033,3.03709,-505.638,-0.0106874,0.00203771,-0.0119399,0.0161543
3230,3.84839,2.93288,-505.844,-0.0102248,0.00246971,-0.0130244,0.0167495,4.033,3.03709,-505.638,-0.0106121,0.00255649,-0.0130974,0.0170508
3231,3.84839,2.93288,-505.844,-0.0101723,0.00275755,-0.0137244,0.0173155,4.033,3.03709,-505.638,-0.0106142,0.00280677,-0.0136578,0.0175249
3232,3.84839,2.93288,-505.844,-0.0100093,0.00294485,-0.0134631,0.0170413,4.033,3.03709,-505.638,-0.0104147,0.00297528,-0.0133308,0.017177
3233,3.84839,2.93288,-505.844,-0.00988511,0.00295828,-0.0140155,0.0174181,4.033,3.03709,-505.638,-0.0102884,0.00299184,-0.0138188,0.017488
3234,3.84839,2.93288,-505.844,-0.00966575,0.00283291,-0.0146162,0.0177589,4.033,3.03709,-505.638,-0.0100399,0.00288428,-0.0145723,0.0179303
3235,3.84839,2.93288,-505.844,-0.00958082,0.00250811,-0.0143613,0.017457,4.033,3.03709,-505.638,-0.0099491,0.00258235,-0.0142321,0.0175572
3236,3.84839,2.93288,-505.844,-0.00939615,0.00216262,-0.0147192,0.0176072,4.033,3.03709,-505.638,-0.00979603,0.00220469,-0.0146856,0.0177916
3237,3.84839,2.93288,-505.844,-0.00912003,0.00173471,-0.0156052,0.0181708,4.033,3.03709,-505.638,-0.00950802,0.0018055,-0.0154668,0.0182465
3238,3.84839,2.93288,-505.844,-0.00902907,0.00118599,-0.0160775,0.0184893,4.033,3.03709,-505.638,-0.00946335,0.00122326,-0.016012,0.0186408
3239,3.84839,2.93288,-505.844,-0.00886969,0.000733441,-0.0163739,0.018647,4.033,3.03709,-505.638,-0.00926333,0.000777794,-0.0163679,0.0188247
3240,3.84839,2.93288,-505.844,-0.00893816,0.000101362,-0.01655,0.0188204,4.033,3.03709,-505.638,-0.009337,0.000126211,-0.0166258,0.01907
3241,3.84839,2.93288,-505.844,-0.00888026,-0.00046267,-0.0167545,0.0189778,4.033,3.03709,-505.638,-0.00928731,-0.000450799,-0.0167883,0.0191924
3242,3.84839,2.93288,-505.844,-0.00893002,-0.00100658,-0.0167873,0.0190524,4.033,3.03709,-505.638,-0.00930587,-0.00100579,-0.0168136,0.0192447
3243,3.84839,2.93288,-505.844,-0.0089265,-0.00141998,-0.0167023,0.0190033,4.033,3.03709,-505.638,-0.00933651,-0.00142119,-0.0165759,0.0190788
3244,3.84839,2.93288,-505.844,-0.00911796,-0.00174488,-0.0163978,0.0188525,4.033,3.03709,-505.638,-0.0095095,-0.00175298,-0.0164646,0.0190952
3245,3.84839,2.93288,-505.844,-0.0093365,-0.00197818,-0.0168525,0.0193775,4.033,3.03709,-505.638,-0.0097396,-0.00198844,-0.0170428,0.0197313
3246,3.84839,2.93288,-505.844,-0.00941275,-0.00200925,-0.017172,0.0196984,4.033,3.03709,-505.638,-0.00981534,-0.0020452,-0.0172565,0.0199598
3247,3.84839,2.93288,-505.844,-0.00966112,-0.00204086,-0.0164588,0.0192035,4.033,3.03709,-505.638,-0.0100927,-0.0020354,-0.0162289,0.0192201
3248,3.84839,2.93288,-505.844,-0.00978738,-0.00193137,-0.0155906,0.018518,4.033,3.03709,-505.638,-0.0102111,-0.00195326,-0.0156367,0.0187783
3249,3.84839,2.93288,-505.844,-0.0101456,-0.00173,-0.0160623,0.0190867,4.033,3.03709,-505.638,-0.0105444,-0.00171759,-0.0158663,0.0191288
3250,3.84839,2.93288,-505.844,-0.0101261,-0.0015068,-0.0154087,0.0185085,4.033,3.03709,-505.638,-0.0104897,-0.0015121,-0.0155583,0.0188262
3251,3.84839,2.93288,-505.844,-0.0103687,-0.000971321,-0.0153826,0.0185841,4.033,3.03709,-505.638,-0.010754,-0.000961407,-0.0155377,0.0189219
3252,3.84839,2.93288,-505.844,-0.0106459,-0.000469543,-0.0152258,0.018591,4.033,3.03709,-505.638,-0.0110038,-0.00045567,-0.0151894,0.0187625
3253,3.84839,2.93288,-505.844,-0.0108931,-8.29823e-05,-0.0150885,0.0186184,4.033,3.03709,-505.638,-0.011285,-6.27745e-05,-0.0149761,0.0187529
3254,3.84839,2.93288,-505.844,-0.010866,0.000472496,-0.0154462,0.0189115,4.033,3.03709,-505.638,-0.0112356,0.000501318,-0.0155095,0.0191616
3255,3.84839,2.93288,-505.844,-0.0108382,0.000913942,-0.0155091,0.0189524,4.033,3.03709,-505.638,-0.0112252,0.000939209,-0.0155172,0.0191759
3256,3.84839,2.93288,-505.844,-0.0109682,0.0014205,-0.015014,0.0186624,4.033,3.03709,-505.638,-0.0113512,0.00142543,-0.0149539,0.0188304
3257,3.84839,2.93288,-505.844,-0.0110136,0.00184004,-0.0150323,0.0187366,4.033,3.03709,-505.638,-0.0113927,0.0018863,-0.0151051,0.0190153
3258,3.84839,2.93288,-505.844,-0.01109,0.00223075,-0.0143713,0.018298,4.033,3.03709,-505.638,-0.0114466,0.00226541,-0.014165,0.0183529
3259,3.84839,2.93288,-505.844,-0.0109896,0.00243362,-0.0146483,0.0184837,4.033,3.03709,-505.638,-0.0114184,0.00252598,-0.014633,0.0187331
3260,3.84839,2.93288,-505.844,-0.0109715,0.00255665,-0.0148824,0.0186727,4.033,3.03709,-505.638,-0.0113774,0.00261934,-0.0148314,0.018876
3261,3.84839,2.93288,-505.844,-0.0108752,0.00248369,-0.0140243,0.0179289,4.033,3.03709,-505.638,-0.0112862,0.00253947,-0.0139657,0.0181355
3262,3.84839,2.93288,-505.844,-0.0108064,0.00246142,-0.0148714,0.0185595,4.033,3.03709,-505.638,-0.0111691,0.002532,-0.0148849,0.0187826
3263,3.84839,2.93288,-505.844,-0.0105384,0.00222091,-0.0141199,0.0177657,4.033,3.03709,-505.638,-0.0109669,0.00228414,-0.0140687,0.0179843
3264,3.84839,2.93288,-505.844,-0.0104143,0.0020193,-0.0146998,0.0181456,4.033,3.03709,-505.638,-0.0108309,0.0020933,-0.0146182,0.0183164
3265,3.84839,2.93288,-505.844,-0.0103738,0.00156446,-0.014858,0.0182031,4.033,3.03709,-505.638,-0.010779,0.00159449,-0.0146568,0.0182653
3266,3.84839,2.93288,-505.844,-0.0102323,0.00104018,-0.0138349,0.017249,4.033,3.03709,-505.638,-0.0106406,0.00108611,-0.013616,0.0173155
3267,3.84839,2.93288,-505.844,-0.0101615,0.000565838,-0.0148035,0.0179803,4.033,3.03709,-505.638,-0.0105582,0.000611887,-0.0148107,0.0182019
3268,3.84839,2.93288,-505.844,-0.0101633,0.000131871,-0.0148714,0.0180275,4.033,3.03709,-505.638,-0.0105597,0.000182034,-0.0147936,0.0181788
3269,3.84839,2.93288,-505.844,-0.0102562,-0.000383553,-0.014768,0.0179988,4.033,3.03709,-505.638,-0.0106812,-0.000362065,-0.0147017,0.0181779
3270,3.84839,2.93288,-505.844,-0.0101662,-0.00117609,-0.0145224,0.0177826,4.033,3.03709,-505.638,-0.0105765,-0.0011709,-0.0145528,0.0180307
3271,3.84839,2.93288,-505.844,-0.0102883,-0.00155194,-0.0138297,0.0173179,4.033,3.03709,-505.638,-0.010749,-0.00156715,-0.0139116,0.0176516
3272,3.84839,2.93288,-505.844,-0.010305,-0.00202181,-0.0136902,0.0172667,4.033,3.03709,-505.638,-0.010736,-0.00200207,-0.0136802,0.0175066
3273,3.84839,2.93288,-505.844,-0.0102604,-0.00241995,-0.014583,0.0180057,4.033,3.03709,-505.638,-0.0106617,-0.00243974,-0.0146246,0.0182636
3274,3.84839,2.93288,-505.844,-0.0103312,-0.00267359,-0.0137331,0.0174061,4.033,3.03709,-505.638,-0.0107467,-0.00272166,-0.0139148,0.017793
3275,3.84839,2.93288,-505.844,-0.0103707,-0.00288731,-0.0136155,0.0173718,4.033,3.03709,-505.638,-0.0107787,-0.00289593,-0.013478,0.0175012
3276,3.84839,2.93288,-505.844,-0.0106799,-0.00288844,-0.0132863,0.0173027,4.033,3.03709,-505.638,-0.0110877,-0.0029058,-0.0133889,0.0176273
3277,3.84839,2.93288,-505.844,-0.010798,-0.00291883,-0.0129966,0.0171658,4.033,3.03709,-505.638,-0.0112208,-0.00291524,-0.0128195,0.0172869
3278,3.84839,2.93288,-505.844,-0.01079,-0.00275184,-0.0126028,0.0168327,4.033,3.03709,-505.638,-0.0112269,-0.0027645,-0.0125439,0.0170617
3279,3.84839,2.93288,-505.844,-0.0108699,-0.0027119,-0.0124012,0.016723,4.033,3.03709,-505.638,-0.0112921,-0.00273105,-0.0124732,0.017047
3280,3.84839,2.93288,-505.844,-0.0109153,-0.00228278,-0.0124832,0.0167569,4.033,3.03709,-505.638,-0.0113019,-0.00226317,-0.0123332,0.0168832
3281,3.84839,2.93288,-505.844,-0.0109401,-0.00208938,-0.0119347,0.0163495,4.033,3.03709,-505.638,-0.0113128,-0.00205359,-0.0121354,0.0167219
3282,3.84839,2.93288,-505.844,-0.0109833,-0.00168906,-0.0115705,0.0160594,4.033,3.03709,-505.638,-0.0113769,-0.00167131,-0.0115263,0.0162844
3283,3.84839,2.93288,-505.844,-0.0108054,-0.00129652,-0.0120386,0.0162513,4.033,3.03709,-505.638,-0.011227,-0.00126868,-0.0120548,0.016526
3284,3.84839,2.93288,-505.844,-0.0107814,-0.000727297,-0.0118488,0.0160511,4.033,3.03709,-505.638,-0.0111614,-0.000704098,-0.0118895,0.0163251
3285,3.84839,2.93288,-505.844,-0.010661,-0.000341396,-0.0114269,0.0156479,4.033,3.03709,-505.638,-0.0110739,-0.000275183,-0.0113291,0.0158468
3286,3.84839,2.93288,-505.844,-0.0106245,0.000116642,-0.0111644,0.0154229,4.033,3.03709,-505.638,-0.0110251,0.000184142,-0.0112182,0.0157316
3287,3.84839,2.93288,-505.844,-0.010528,0.000298636,-0.0109394,0.0151997,4.033,3.03709,-505.638,-0.0109558,0.000378261,-0.0109453,0.0154935
3288,3.84839,2.93288,-505.844,-0.010393,0.000486963,-0.0114465,0.0154926,4.033,3.03709,-505.638,-0.0108127,0.000539902,-0.0114977,0.0157962
3289,3.84839,2.93288,-505.844,-0.0104114,0.000819703,-0.010704,0.0149667,4.033,3.03709,-505.638,-0.0108199,0.000843802,-0.0108675,0.0153602
3290,3.84839,2.93288,-505.844,-0.0100528,0.000722004,-0.0110193,0.0149501,4.033,3.03709,-505.638,-0.010485,0.000799697,-0.0109653,0.0151948
3291,3.84839,2.93288,-505.844,-0.00974904,0.000598991,-0.0104855,0.0143451,4.033,3.03709,-505.638,-0.010144,0.000679586,-0.0104101,0.0145531
3292,3.84839,2.93288,-505.844,-0.00949631,0.000613739,-0.0108552,0.0144542,4.033,3.03709,-505.638,-0.009894,0.000679272,-0.0109714,0.0147924
3293,3.84839,2.93288,-505.844,-0.00940493,0.000276646,-0.0112078,0.0146511,4.033,3.03709,-505.638,-0.00985466,0.000337225,-0.0112086,0.014931
3294,3.84839,2.93288,-505.844,-0.00912292,-2.12378e-05,-0.0114452,0.014657,4.033,3.03709,-505.638,-0.00954514,2.78812e-05,-0.011415,0.0148831
3295,3.84839,2.93288,-505.844,-0.00902131,-0.000485134,-0.0114869,0.0146355,4.033,3.03709,-505.638,-0.00942431,-0.000447153,-0.0116768,0.0150158
3296,3.84839,2.93288,-505.844,-0.00892797,-0.000734304,-0.0116169,0.0146886,4.033,3.03709,-505.638,-0.00933885,-0.000706735,-0.0115619,0.0148818
3297,3.84839,2.93288,-505.844,-0.00876393,-0.00127375,-0.0124879,0.0153337,4.033,3.03709,-505.638,-0.00914297,-0.00124048,-0.0125386,0.015572
3298,3.84839,2.93288,-505.844,-0.00880527,-0.00194586,-0.0124184,0.0153803,4.033,3.03709,-505.638,-0.00922417,-0.00191272,-0.0124632,0.0156288
3299,3.84839,2.93288,-505.844,-0.00879536,-0.00237958,-0.0121154,0.0151705,4.033,3.03709,-505.638,-0.00921186,-0.00237424,-0.012454,0.0156731
3300,3.84839,2.93288,-505.844,-0.00881829,-0.0028486,-0.0124396,0.0155308,4.033,3.03709,-505.638,-0.00921359,-0.0028622,-0.0124195,0.0157297
3301,3.84839,2.93288,-505.844,-0.00875735,-0.00316533,-0.0122484,0.0154026,4.033,3.03709,-505.638,-0.00919471,-0.00317371,-0.0123183,0.0156982
3302,3.84839,2.93288,-505.844,-0.00880432,-0.00358159,-0.0126908,0.0158731,4.033,3.03709,-505.638,-0.00920131,-0.00357703,-0.0127411,0.0161207
3303,3.84839,2.93288,-505.844,-0.00898553,-0.00373436,-0.0121772,0.0156051,4.033,3.03709,-505.638,-0.00936163,-0.00374042,-0.012402,0.0159856
3304,3.84839,2.93288,-505.844,-0.00905153,-0.00402247,-0.0125521,0.0160083,4.033,3.03709,-505.638,-0.00945118,-0.00400654,-0.0126829,0.0163195
3305,3.84839,2.93288,-505.844,-0.00935636,-0.00390308,-0.0124494,0.0160713,4.033,3.03709,-505.638,-0.00973237,-0.00394701,-0.0124304,0.0162758
3306,3.84839,2.93288,-505.844,-0.00939384,-0.00391408,-0.0126089,0.0162239,4.033,3.03709,-505.638,-0.00979329,-0.00392273,-0.0126426,0.0164694
3307,3.84839,2.93288,-505.844,-0.00962796,-0.00394689,-0.0117756,0.0157235,4.033,3.03709,-505.638,-0.010022,-0.0039528,-0.0119938,0.016123
3308,3.84839,2.93288,-505.844,-0.00975413,-0.00374978,-0.0123097,0.0161673,4.033,3.03709,-505.638,-0.0101573,-0.00373207,-0.0123627,0.016433
3309,3.84839,2.93288,-505.844,-0.00996904,-0.00346105,-0.0117421,0.0157966,4.033,3.03709,-505.638,-0.0103951,-0.0034563,-0.0119839,0.0162375
3310,3.84839,2.93288,-505.844,-0.010009,-0.00307391,-0.0117464,0.0157437,4.033,3.03709,-505.638,-0.0104253,-0.00303779,-0.0118451,0.01607
3311,3.84839,2.93288,-505.844,-0.00999064,-0.00260444,-0.0121147,0.0159344,4.033,3.03709,-505.638,-0.0104145,-0.00257034,-0.0122957,0.0163201
3312,3.84839,2.93288,-505.844,-0.0101538,-0.00229721,-0.0112749,0.0153582,4.033,3.03709,-505.638,-0.010539,-0.00226154,-0.0113228,0.0156344
3313,3.84839,2.93288,-505.844,-0.0102087,-0.0017739,-0.0114885,0.0154772,4.033,3.03709,-505.638,-0.0106084,-0.00175612,-0.0115712,0.0157966
3314,3.84839,2.93288,-505.844,-0.0102215,-0.00137219,-0.0115308,0.0154844,4.033,3.03709,-505.638,-0.0106203,-0.00131647,-0.0117082,0.0158645
3315,3.84839,2.93288,-505.844,-0.010149,-0.00102407,-0.0114545,0.0153503,4.033,3.03709,-505.638,-0.0105596,-0.000958026,-0.0115249,0.015662
3316,3.84839,2.93288,-505.844,-0.0102243,-0.000657411,-0.0116985,0.0155676,4.033,3.03709,-505.638,-0.0106675,-0.000603568,-0.0117148,0.0158576
3317,3.84839,2.93288,-505.844,-0.0101066,-0.000504543,-0.0115199,0.0153467,4.033,3.03709,-505.638,-0.0105212,-0.000440753,-0.011471,0.0155732
3318,3.84839,2.93288,-505.844,-0.0100292,-0.000266419,-0.0120981,0.0157281,4.033,3.03709,-505.638,-0.0104168,-0.000225798,-0.0124113,0.0162069
3319,3.84839,2.93288,-505.844,-0.00983319,-0.000135242,-0.0123303,0.0157879,4.033,3.03709,-505.638,-0.0102672,-6.11098e-05,-0.0123488,0.0160623
3320,3.84839,2.93288,-505.844,-0.00977393,0.00011753,-0.0123352,0.0157523,4.033,3.03709,-505.638,-0.0102329,0.000159366,-0.0123648,0.0160527
3321,3.84839,2.93288,-505.844,-0.00964585,6.95361e-05,-0.0128012,0.0160463,4.033,3.03709,-505.638,-0.0100678,0.000124668,-0.0128457,0.0163243
3322,3.84839,2.93288,-505.844,-0.00960704,5.61797e-06,-0.012304,0.0156176,4.033,3.03709,-505.638,-0.0100235,6.50075e-05,-0.0123663,0.0159192
3323,3.84839,2.93288,-505.844,-0.00941026,-0.000238276,-0.0126922,0.0158116,4.033,3.03709,-505.638,-0.00983606,-0.000181865,-0.0127176,0.0160795
3324,3.84839,2.93288,-505.844,-0.00945812,-0.00032587,-0.0127423,0.0158821,4.033,3.03709,-505.638,-0.00988072,-0.000290835,-0.0128115,0.0161827
3325,3.84839,2.93288,-505.844,-0.00933436,-0.00062966,-0.0134251,0.0163689,4.033,3.03709,-505.638,-0.00973921,-0.000592538,-0.0136472,0.016777
3326,3.84839,2.93288,-505.844,-0.00915016,-0.000838628,-0.0135476,0.0163855,4.033,3.03709,-505.638,-0.00959264,-0.000848431,-0.0136027,0.0166686
3327,3.84839,2.93288,-505.844,-0.00910647,-0.00110542,-0.0140776,0.016818,4.033,3.03709,-505.638,-0.00957628,-0.00109316,-0.0142252,0.017185
3328,3.84839,2.93288,-505.844,-0.00909646,-0.00139111,-0.0137039,0.0165168,4.033,3.03709,-505.638,-0.00950749,-0.00135175,-0.0137959,0.0168102
3329,3.84839,2.93288,-505.844,-0.00915343,-0.00159477,-0.013852,0.0166912,4.033,3.03709,-505.638,-0.0095932,-0.0015481,-0.0138545,0.0169237
3330,3.84839,2.93288,-505.844,-0.00917741,-0.0016693,-0.0145151,0.0172668,4.033,3.03709,-505.638,-0.00956398,-0.00168882,-0.014373,0.0173481
3331,3.84839,2.93288,-505.844,-0.00909198,-0.00200385,-0.0147232,0.0174374,4.033,3.03709,-505.638,-0.00950447,-0.00197579,-0.0148404,0.0177362
3332,3.84839,2.93288,-505.844,-0.00923588,-0.00194485,-0.0138362,0.0167604,4.033,3.03709,-505.638,-0.00964915,-0.00191935,-0.0138531,0.0169922
3333,3.84839,2.93288,-505.844,-0.00926943,-0.00214683,-0.0142531,0.0171485,4.033,3.03709,-505.638,-0.00967767,-0.00215592,-0.0143773,0.0174661
3334,3.84839,2.93288,-505.844,-0.00933673,-0.00221974,-0.0143242,0.0172538,4.033,3.03709,-505.638,-0.00973519,-0.00223524,-0.014446,0.0175645
3335,3.84839,2.93288,-505.844,-0.00936128,-0.002085,-0.0143011,0.0172307,4.033,3.03709,-505.638,-0.00977002,-0.00208607,-0.0143563,0.0174918
3336,3.84839,2.93288,-505.844,-0.0095305,-0.00206053,-0.0141813,0.0172183,4.033,3.03709,-505.638,-0.00993752,-0.00204335,-0.0142399,0.0174852
3337,3.84839,2.93288,-505.844,-0.00954504,-0.00185978,-0.0145691,0.0175299,4.033,3.03709,-505.638,-0.00996554,-0.00185135,-0.0146617,0.0178261
3338,3.84839,2.93288,-505.844,-0.00968689,-0.00171835,-0.0147571,0.0177514,4.033,3.03709,-505.638,-0.0100794,-0.00167758,-0.0150377,0.0181833
3339,3.84839,2.93288,-505.844,-0.00986714,-0.0013737,-0.0141563,0.017319,4.033,3.03709,-505.638,-0.0102577,-0.00135578,-0.014289,0.0176428
3340,3.84839,2.93288,-505.844,-0.0098573,-0.00115577,-0.0144744,0.0175573,4.033,3.03709,-505.638,-0.0102574,-0.00114205,-0.0146045,0.017884
3341,3.84839,2.93288,-505.844,-0.0100639,-0.000708706,-0.0144577,0.0176397,4.033,3.03709,-505.638,-0.010451,-0.000665878,-0.0144462,0.0178438
3342,3.84839,2.93288,-505.844,-0.0100511,-0.000448055,-0.0145153,0.0176725,4.033,3.03709,-505.638,-0.0104487,-0.000426246,-0.014464,0.0178497
3343,3.84839,2.93288,-505.844,-0.010083,-6.54148e-05,-0.0144695,0.0176465,4.033,3.03709,-505.638,-0.010497,-5.69667e-05,-0.0145571,0.0179486
3344,3.84839,2.93288,-505.844,-0.0102602,0.000308847,-0.0145847,0.0178454,4.033,3.03709,-505.638,-0.0106858,0.000308923,-0.0146294,0.0181203
3345,3.84839,2.93288,-505.844,-0.0102364,0.000484212,-0.0142467,0.017555,4.033,3.03709,-505.638,-0.0106367,0.00049711,-0.0143083,0.0178361
3346,3.84839,2.93288,-505.844,-0.0103476,0.000785244,-0.0151639,0.0183873,4.033,3.03709,-505.638,-0.0107251,0.000856733,-0.0153607,0.0187563
3347,3.84839,2.93288,-505.844,-0.0103857,0.00116522,-0.0151854,0.0184423,4.033,3.03709,-505.638,-0.0107593,0.00119396,-0.0151455,0.0186172
3348,3.84839,2.93288,-505.844,-0.0103244,0.00133833,-0.0148991,0.0181893,4.033,3.03709,-505.638,-0.0107219,0.00134211,-0.0148382,0.0183575
3349,3.84839,2.93288,-505.844,-0.0104598,0.00157146,-0.0149227,0.0182993,4.033,3.03709,-505.638,-0.0108612,0.00161184,-0.0148868,0.0184988
3350,3.84839,2.93288,-505.844,-0.0102778,0.0016381,-0.0145252,0.0178776,4.033,3.03709,-505.638,-0.010703,0.00168989,-0.0145636,0.0181533
3351,3.84839,2.93288,-505.844,-0.0104298,0.00158251,-0.0153884,0.0186683,4.033,3.03709,-505.638,-0.0108202,0.0016169,-0.0154216,0.0189098
3352,3.84839,2.93288,-505.844,-0.0104516,0.00164101,-0.0147832,0.0181857,4.033,3.03709,-505.638,-0.0108375,0.00166883,-0.0148715,0.0184777
3353,3.84839,2.93288,-505.844,-0.010476,0.00156517,-0.0156052,0.0188693,4.033,3.03709,-505.638,-0.0108716,0.00160024,-0.0155868,0.0190718
3354,3.84839,2.93288,-505.844,-0.0102914,0.00124627,-0.015419,0.0185907,4.033,3.03709,-505.638,-0.0106805,0.00127223,-0.0152209,0.0186388
3355,3.84839,2.93288,-505.844,-0.0104667,0.00119959,-0.0159388,0.0191163,4.033,3.03709,-505.638,-0.0108502,0.00121394,-0.0158806,0.019273
3356,3.84839,2.93288,-505.844,-0.0104152,0.00107248,-0.015262,0.0185168,4.033,3.03709,-505.638,-0.0108381,0.00110606,-0.0153931,0.0188595
3357,3.84839,2.93288,-505.844,-0.0104274,0.000796479,-0.015665,0.018844,4.033,3.03709,-505.638,-0.0108639,0.000814323,-0.0157449,0.0191474
3358,3.84839,2.93288,-505.844,-0.0105131,0.00052839,-0.0148511,0.0182103,4.033,3.03709,-505.638,-0.0109376,0.000555273,-0.0147826,0.0183977
3359,3.84839,2.93288,-505.844,-0.0104556,0.000306236,-0.0156524,0.0188336,4.033,3.03709,-505.638,-0.010859,0.000311415,-0.0157551,0.0191382
3360,3.84839,2.93288,-505.844,-0.010531,1.6756e-05,-0.0152787,0.0185648,4.033,3.03709,-505.638,-0.0109238,2.02444e-05,-0.0152988,0.0187993
3361,3.84839,2.93288,-505.844,-0.0105396,-0.00018875,-0.0155196,0.0187731,4.033,3.03709,-505.638,-0.0109886,-0.000165824,-0.0155736,0.0190626
3362,3.84839,2.93288,-505.844,-0.0105079,-0.000344226,-0.014998,0.0183218,4.033,3.03709,-505.638,-0.0109246,-0.000344215,-0.0150066,0.0185655
3363,3.84839,2.93288,-505.844,-0.0104992,-0.000631538,-0.0144718,0.0179001,4.033,3.03709,-505.638,-0.0108713,-0.000644412,-0.0145407,0.0181681
3364,3.84839,2.93288,-505.844,-0.0104514,-0.000654362,-0.0145083,0.0178995,4.033,3.03709,-505.638,-0.0108952,-0.000687792,-0.0147173,0.0183251
3365,3.84839,2.93288,-505.844,-0.0105272,-0.000696188,-0.0153352,0.0186238,4.033,3.03709,-505.638,-0.0109597,-0.000681647,-0.0156099,0.0190868
3366,3.84839,2.93288,-505.844,-0.01039,-0.00075565,-0.0148978,0.0181875,4.033,3.03709,-505.638,-0.0108158,-0.00074571,-0.0147878,0.0183369
3367,3.84839,2.93288,-505.844,-0.0104752,-0.000683747,-0.014987,0.0183066,4.033,3.03709,-505.638,-0.0108582,-0.000668836,-0.0149864,0.0185197
3368,3.84839,2.93288,-505.844,-0.0105088,-0.000503585,-0.0149993,0.0183318,4.033,3.03709,-505.638,-0.0109119,-0.000503441,-0.0148753,0.0184565
3369,3.84839,2.93288,-505.844,-0.0105765,-0.0003551,-0.0145194,0.0179704,4.033,3.03709,-505.638,-0.0109624,-0.000319764,-0.0146417,0.0182938
3370,3.84839,2.93288,-505.844,-0.0106972,-0.000247747,-0.0141047,0.01771,4.033,3.03709,-505.638,-0.0111027,-0.000236039,-0.0141983,0.0180261
3371,3.84839,2.93288,-505.844,-0.0107873,-4.84452e-05,-0.0137947,0.0175182,4.033,3.03709,-505.638,-0.0111925,-3.3314e-05,-0.0137818,0.0177545
3372,3.84839,2.93288,-505.844,-0.0107936,0.000186726,-0.0138488,0.0175637,4.033,3.03709,-505.638,-0.011204,0.000184729,-0.0139971,0.0179303
3373,3.84839,2.93288,-505.844,-0.0107066,0.000427211,-0.0141509,0.0177599,4.033,3.03709,-505.638,-0.0111158,0.000427836,-0.0141824,0.018026
3374,3.84839,2.93288,-505.844,-0.0105736,0.000702477,-0.0137768,0.0173857,4.033,3.03709,-505.638,-0.0110052,0.000727667,-0.0138824,0.0177307
3375,3.84839,2.93288,-505.844,-0.0105324,0.000919451,-0.0135538,0.0171978,4.033,3.03709,-505.638,-0.0109297,0.000942524,-0.0135923,0.0174679
3376,3.84839,2.93288,-505.844,-0.0106233,0.00101513,-0.013211,0.0169902,4.033,3.03709,-505.638,-0.0110639,0.00103053,-0.0132966,0.0173292
3377,3.84839,2.93288,-505.844,-0.0104326,0.00121349,-0.0136466,0.0172312,4.033,3.03709,-505.638,-0.0108214,0.00125768,-0.0135869,0.0174165
3378,3.84839,2.93288,-505.844,-0.0105831,0.00136805,-0.0131194,0.0169182,4.033,3.03709,-505.638,-0.0109877,0.00141881,-0.0131816,0.0172197
3379,3.84839,2.93288,-505.844,-0.0105312,0.00135281,-0.0131935,0.0169421,4.033,3.03709,-505.638,-0.0109421,0.00136495,-0.013162,0.0171712
3380,3.84839,2.93288,-505.844,-0.0103924,0.00139068,-0.0135692,0.0171605,4.033,3.03709,-505.638,-0.0108021,0.00142846,-0.013478,0.0173332
3381,3.84839,2.93288,-505.844,-0.0103276,0.00128935,-0.0134279,0.0169962,4.033,3.03709,-505.638,-0.0107151,0.00130966,-0.0135624,0.0173348
3382,3.84839,2.93288,-505.844,-0.0102349,0.0010553,-0.0137289,0.0171713,4.033,3.03709,-505.638,-0.0106372,0.0010713,-0.0137057,0.0173846
3383,3.84839,2.93288,-505.844,-0.0102087,0.00102588,-0.0130803,0.0166299,4.033,3.03709,-505.638,-0.0105825,0.00109049,-0.0130881,0.0168667
3384,3.84839,2.93288,-505.844,-0.0100986,0.000778412,-0.0129405,0.0164424,4.033,3.03709,-505.638,-0.010474,0.000841991,-0.0129654,0.0166898
3385,3.84839,2.93288,-505.844,-0.00996716,0.000396473,-0.0128512,0.0162821,4.033,3.03709,-505.638,-0.0103828,0.000427116,-0.0127791,0.0164725
3386,3.84839,2.93288,-505.844,-0.00997801,0.000241773,-0.0132361,0.0165882,4.033,3.03709,-505.638,-0.0103931,0.000238319,-0.0134535,0.0170035
3387,3.84839,2.93288,-505.844,-0.00994422,-0.000150755,-0.0129581,0.0163458,4.033,3.03709,-505.638,-0.0103593,-0.000132145,-0.01309,0.0166951
3388,3.84839,2.93288,-505.844,-0.00984806,-0.00037521,-0.012912,0.0162519,4.033,3.03709,-505.638,-0.010241,-0.000336145,-0.0130626,0.0166031
3389,3.84839,2.93288,-505.844,-0.00992784,-0.000701169,-0.0123197,0.0158464,4.033,3.03709,-505.638,-0.0103377,-0.000651264,-0.0123186,0.0160954
3390,3.84839,2.93288,-505.844,-0.00997133,-0.00107964,-0.0127739,0.0162505,4.033,3.03709,-505.638,-0.010367,-0.00109518,-0.0127492,0.0164699
3391,3.84839,2.93288,-505.844,-0.00986421,-0.00131041,-0.0119762,0.0155837,4.033,3.03709,-505.638,-0.0102552,-0.0013076,-0.0117672,0.0156649
3392,3.84839,2.93288,-505.844,-0.00986964,-0.00161417,-0.0119378,0.0155826,4.033,3.03709,-505.638,-0.010272,-0.00162667,-0.0119741,0.0158609
3393,3.84839,2.93288,-505.844,-0.00993223,-0.00163917,-0.0116716,0.0154258,4.033,3.03709,-505.638,-0.0103342,-0.00161683,-0.0117174,0.0157086
3394,3.84839,2.93288,-505.844,-0.00979698,-0.00186144,-0.0119409,0.0155694,4.033,3.03709,-505.638,-0.0101629,-0.00186343,-0.0119448,0.0157954
3395,3.84839,2.93288,-505.844,-0.00994091,-0.00191999,-0.011914,0.015647,4.033,3.03709,-505.638,-0.0103703,-0.00193144,-0.0118722,0.0158829
3396,3.84839,2.93288,-505.844,-0.00996644,-0.00192471,-0.0113344,0.0152246,4.033,3.03709,-505.638,-0.0103961,-0.00192857,-0.0114544,0.0155897
3397,3.84839,2.93288,-505.844,-0.0100947,-0.00187091,-0.0112968,0.0152718,4.033,3.03709,-505.638,-0.0104754,-0.001842,-0.0112674,0.0154953
3398,3.84839,2.93288,-505.844,-0.010072,-0.00193038,-0.0112961,0.0152698,4.033,3.03709,-505.638,-0.0105078,-0.00188085,-0.0114078,0.0156253
3399,3.84839,2.93288,-505.844,-0.0101157,-0.00184685,-0.0112337,0.0152372,4.033,3.03709,-505.638,-0.0104786,-0.00183742,-0.0112226,0.0154644
3400,3.84839,2.93288,-505.844,-0.0102372,-0.00162232,-0.0108436,0.0150064,4.033,3.03709,-505.638,-0.0106356,-0.0015783,-0.0110088,0.0153889
3401,3.84839,2.93288,-505.844,-0.0100456,-0.00147843,-0.0112186,0.0151419,4.033,3.03709,-505.638,-0.0104343,-0.0014689,-0.0112652,0.0154267
3402,3.84839,2.93288,-505.844,-0.0100821,-0.0011983,-0.0109067,0.0149154,4.033,3.03709,-505.638,-0.0104787,-0.00115166,-0.0108394,0.0151224
3403,3.84839,2.93288,-505.844,-0.0100401,-0.000935641,-0.0103713,0.0144735,4.033,3.03709,-505.638,-0.0104419,-0.000893121,-0.0104798,0.0148216
3404,3.84839,2.93288,-505.844,-0.00995918,-0.000733664,-0.00997763,0.0141236,4.033,3.03709,-505.638,-0.0103739,-0.000719709,-0.00999777,0.0144258
3405,3.84839,2.93288,-505.844,-0.0098797,-0.000595604,-0.0108837,0.0147203,4.033,3.03709,-505.638,-0.0103012,-0.000563956,-0.0108309,0.0149586
3406,3.84839,2.93288,-505.844,-0.00989098,-0.000301505,-0.0109907,0.0148022,4.033,3.03709,-505.638,-0.0102458,-0.00026556,-0.0109076,0.0149693
3407,3.84839,2.93288,-505.844,-0.0096831,-0.000143487,-0.0115453,0.0150839,4.033,3.03709,-505.638,-0.0100889,-0.000108673,-0.011473,0.0152807
3408,3.84839,2.93288,-505.844,-0.00955465,-9.69531e-05,-0.0104804,0.0141909,4.033,3.03709,-505.638,-0.00994205,-4.50794e-05,-0.0104968,0.0144587
3409,3.84839,2.93288,-505.844,-0.00942589,-0.00010081,-0.0107853,0.0143392,4.033,3.03709,-505.638,-0.00983275,-5.95256e-05,-0.010674,0.0145146
3410,3.84839,2.93288,-505.844,-0.00922646,-0.00011989,-0.0109013,0.0142945,4.033,3.03709,-505.638,-0.00963585,-5.17827e-05,-0.0108724,0.0145295
3411,3.84839,2.93288,-505.844,-0.00897511,-0.000287311,-0.011444,0.0145631,4.033,3.03709,-505.638,-0.009383,-0.000218017,-0.0112896,0.0146836
3412,3.84839,2.93288,-505.844,-0.00878945,-0.000269025,-0.0109287,0.0140452,4.033,3.03709,-505.638,-0.00918167,-0.000242737,-0.0107061,0.0141084
3413,3.84839,2.93288,-505.844,-0.00872809,-0.000368398,-0.0116672,0.0145831,4.033,3.03709,-505.638,-0.00914971,-0.00036711,-0.011829,0.01496
3414,3.84839,2.93288,-505.844,-0.00863882,-0.00058104,-0.0113428,0.0142823,4.033,3.03709,-505.638,-0.0090264,-0.000542016,-0.011403,0.0145548
3415,3.84839,2.93288,-505.844,-0.00843125,-0.000779127,-0.0118397,0.0145718,4.033,3.03709,-505.638,-0.00880619,-0.000755788,-0.0118279,0.0147682
3416,3.84839,2.93288,-505.844,-0.00837308,-0.00104686,-0.0114214,0.0142128,4.033,3.03709,-505.638,-0.00879377,-0.0010225,-0.0114297,0.0144589
3417,3.84839,2.93288,-505.844,-0.0081702,-0.00136548,-0.0116909,0.0143418,4.033,3.03709,-505.638,-0.00858474,-0.0013345,-0.0116097,0.0145022
3418,3.84839,2.93288,-505.844,-0.00812526,-0.00144506,-0.0118994,0.014494,4.033,3.03709,-505.638,-0.00852863,-0.00141086,-0.0118619,0.0146792
3419,3.84839,2.93288,-505.844,-0.00810434,-0.00166013,-0.0114742,0.0141552,4.033,3.03709,-505.638,-0.008488,-0.00161474,-0.0114841,0.0143723
3420,3.84839,2.93288,-505.844,-0.0079554,-0.0020287,-0.0115698,0.0141991,4.033,3.03709,-505.638,-0.00837373,-0.00202407,-0.011443,0.0143245
3421,3.84839,2.93288,-505.844,-0.00800085,-0.00210355,-0.0119317,0.0145317,4.033,3.03709,-505.638,-0.00839951,-0.00209297,-0.0120482,0.0148375
3422,3.84839,2.93288,-505.844,-0.00782711,-0.00221989,-0.0113657,0.0139919,4.033,3.03709,-505.638,-0.00817736,-0.00220626,-0.0113103,0.014132
3423,3.84839,2.93288,-505.844,-0.00805946,-0.00236584,-0.0115649,0.0142993,4.033,3.03709,-505.638,-0.00845908,-0.0023638,-0.0115776,0.0145324
3424,3.84839,2.93288,-505.844,-0.00816879,-0.00228616,-0.0114076,0.0142218,4.033,3.03709,-505.638,-0.00858151,-0.00228526,-0.0114566,0.0144957
3425,3.84839,2.93288,-505.844,-0.00838466,-0.00224262,-0.0112863,0.0142526,4.033,3.03709,-505.638,-0.00877895,-0.00223011,-0.0111601,0.0143754
3426,3.84839,2.93288,-505.844,-0.0082885,-0.00234567,-0.0112578,0.0141918,4.033,3.03709,-505.638,-0.00870244,-0.00231382,-0.0112093,0.0143807
3427,3.84839,2.93288,-505.844,-0.00842133,-0.00219811,-0.0109011,0.0139582,4.033,3.03709,-505.638,-0.00881533,-0.00216017,-0.0110542,0.0143043
3428,3.84839,2.93288,-505.844,-0.00855502,-0.00203123,-0.0106144,0.0137926,4.033,3.03709,-505.638,-0.00897923,-0.00201302,-0.0105101,0.0139699
3429,3.84839,2.93288,-505.844,-0.00863923,-0.00182495,-0.0105867,0.0137986,4.033,3.03709,-505.638,-0.00905042,-0.00181707,-0.0105294,0.0140044
3430,3.84839,2.93288,-505.844,-0.00877343,-0.00144583,-0.010317,0.0136358,4.033,3.03709,-505.638,-0.00917397,-0.00145064,-0.0101383,0.0137519
3431,3.84839,2.93288,-505.844,-0.00885538,-0.00116215,-0.0106212,0.0138849,4.033,3.03709,-505.638,-0.00925952,-0.00113254,-0.0106681,0.0141721
3432,3.84839,2.93288,-505.844,-0.00896161,-0.00086507,-0.010391,0.0137551,4.033,3.03709,-505.638,-0.00938145,-0.000856046,-0.0104746,0.0140881
3433,3.84839,2.93288,-505.844,-0.0091465,-0.000611737,-0.0104017,0.0138773,4.033,3.03709,-505.638,-0.00954016,-0.00058196,-0.0103337,0.0140779
3434,3.84839,2.93288,-505.844,-0.00912786,-0.000403429,-0.010596,0.0140016,4.033,3.03709,-505.638,-0.00956005,-0.00035967,-0.010713,0.0143642
3435,3.84839,2.93288,-505.844,-0.00912363,-0.000198824,-0.00925942,0.0130086,4.033,3.03709,-505.638,-0.00954275,-0.000153065,-0.00917862,0.0132418
3436,3.84839,2.93288,-505.844,-0.00922802,2.91824e-05,-0.00980243,0.0134731,4.033,3.03709,-505.638,-0.00961106,0.000119787,-0.00967735,0.0136407
3437,3.84839,2.93288,-505.844,-0.0092965,4.40747e-05,-0.00962335,0.013391,4.033,3.03709,-505.638,-0.00969213,0.000105281,-0.00958849,0.0136353
3438,3.84839,2.93288,-505.844,-0.00918433,0.00016021,-0.00971719,0.0133848,4.033,3.03709,-505.638,-0.00961777,0.000183693,-0.00963166,0.0136142
3439,3.84839,2.93288,-505.844,-0.00922653,0.000195109,-0.00948818,0.0132523,4.033,3.03709,-505.638,-0.00962801,0.000243212,-0.00932305,0.0134064
3440,3.84839,2.93288,-505.844,-0.00921072,0.000232253,-0.00942501,0.0131936,4.033,3.03709,-505.638,-0.00964667,0.000281773,-0.00934135,0.0134328
3441,3.84839,2.93288,-505.844,-0.00926342,0.000257632,-0.00955271,0.0133217,4.033,3.03709,-505.638,-0.00968385,0.000299581,-0.00946526,0.013546
3442,3.84839,2.93288,-505.844,-0.00920718,6.41028e-05,-0.00925943,0.0130678,4.033,3.03709,-505.638,-0.00962282,0.000132019,-0.00916991,0.0132938
3443,3.84839,2.93288,-505.844,-0.0093083,1.48338e-05,-0.0096945,0.0134562,4.033,3.03709,-505.638,-0.00973395,2.02388e-07,-0.00966957,0.013723
3444,3.84839,2.93288,-505.844,-0.00916182,-0.00024254,-0.00957003,0.0132655,4.033,3.03709,-505.638,-0.00956422,-0.000196436,-0.00938422,0.013402
3445,3.84839,2.93288,-505.844,-0.0092237,-0.000415373,-0.00980096,0.0134796,4.033,3.03709,-505.638,-0.00961744,-0.000399327,-0.00964151,0.0136256
3446,3.84839,2.93288,-505.844,-0.00923623,-0.000713565,-0.00905324,0.0129557,4.033,3.03709,-505.638,-0.00962725,-0.000679589,-0.00921943,0.0133471
3447,3.84839,2.93288,-505.844,-0.00928806,-0.000886805,-0.00933678,0.0132129,4.033,3.03709,-505.638,-0.00969247,-0.000878884,-0.00920138,0.0133947
3448,3.84839,2.93288,-505.844,-0.00929406,-0.000893371,-0.00934993,0.013226,4.033,3.03709,-505.638,-0.00970294,-0.00090298,-0.00922415,0.0134198
3449,3.84839,2.93288,-505.844,-0.00928692,-0.00105617,-0.00932095,0.0132107,4.033,3.03709,-505.638,-0.0096875,-0.00103476,-0.0093762,0.0135229
3450,3.84839,2.93288,-505.844,-0.00936788,-0.00111143,-0.00978357,0.0136092,4.033,3.03709,-505.638,-0.0098084,-0.00107147,-0.0096583,0.0138096
3451,3.84839,2.93288,-505.844,-0.0093629,-0.00136326,-0.00966243,0.0135354,4.033,3.03709,-505.638,-0.00981993,-0.00134454,-0.00966702,0.0138469
3452,3.84839,2.93288,-505.844,-0.00939522,-0.00140397,-0.00919053,0.01323,4.033,3.03709,-505.638,-0.00984138,-0.00138101,-0.00910313,0.013478
3453,3.84839,2.93288,-505.844,-0.00965348,-0.00140105,-0.00954054,0.013656,4.033,3.03709,-505.638,-0.0101047,-0.00137427,-0.00952925,0.0139585
3454,3.84839,2.93288,-505.844,-0.00979519,-0.0012748,-0.00940937,0.0136566,4.033,3.03709,-505.638,-0.0101823,-0.00125603,-0.00940606,0.013921
3455,3.84839,2.93288,-505.844,-0.00985924,-0.00128543,-0.00897965,0.0134044,4.033,3.03709,-505.638,-0.0102878,-0.00126315,-0.00902887,0.0137467
3456,3.84839,2.93288,-505.844,-0.00992643,-0.00119254,-0.00916364,0.0135772,4.033,3.03709,-505.638,-0.0103747,-0.00118441,-0.00907036,0.0138338
3457,3.84839,2.93288,-505.844,-0.00994362,-0.000864721,-0.00939633,0.0137173,4.033,3.03709,-505.638,-0.0103642,-0.00086924,-0.00942049,0.014034
3458,3.84839,2.93288,-505.844,-0.0101106,-0.000688331,-0.00933026,0.0137879,4.033,3.03709,-505.638,-0.0105331,-0.000649251,-0.00928287,0.0140567
3459,3.84839,2.93288,-505.844,-0.0101518,-0.000496411,-0.00921138,0.0137267,4.033,3.03709,-505.638,-0.0105682,-0.000499021,-0.00933182,0.0141087
3460,3.84839,2.93288,-505.844,-0.0102038,-0.000220267,-0.00900295,0.0136164,4.033,3.03709,-505.638,-0.0106365,-0.000188981,-0.00907818,0.0139858
3461,3.84839,2.93288,-505.844,-0.0102504,0.000113356,-0.00903651,0.0136755,4.033,3.03709,-505.638,-0.0106784,0.000138514,-0.00896169,0.0139428
3462,3.84839,2.93288,-505.844,-0.0103198,0.00038703,-0.00990189,0.0143243,4.033,3.03709,-505.638,-0.0107081,0.000416699,-0.00972643,0.0144744
3463,3.84839,2.93288,-505.844,-0.0103425,0.000504957,-0.00940666,0.0140019,4.033,3.03709,-505.638,-0.0107786,0.000579408,-0.00955313,0.0144159
3464,3.84839,2.93288,-505.844,-0.0103859,0.000725307,-0.00916532,0.0138776,4.033,3.03709,-505.638,-0.0108266,0.000760412,-0.0091211,0.0141776
3465,3.84839,2.93288,-505.844,-0.0103364,0.000925915,-0.0100691,0.0144739,4.033,3.03709,-505.638,-0.0107462,0.000961581,-0.00994553,0.0146759
3466,3.84839,2.93288,-505.844,-0.0103223,0.00110279,-0.0103572,0.0146772,4.033,3.03709,-505.638,-0.0107375,0.00116956,-0.0103993,0.0149958
3467,3.84839,2.93288,-505.844,-0.0103492,0.00127636,-0.0102072,0.0145999,4.033,3.03709,-505.638,-0.0107935,0.00130505,-0.0102645,0.0149531
3468,3.84839,2.93288,-505.844,-0.0101901,0.00145283,-0.0105687,0.0147623,4.033,3.03709,-505.638,-0.0106089,0.00149405,-0.0105536,0.01504
3469,3.84839,2.93288,-505.844,-0.0102995,0.00145313,-0.0106988,0.0149356,4.033,3.03709,-505.638,-0.0107356,0.00147942,-0.0107159,0.015243
3470,3.84839,2.93288,-505.844,-0.0103527,0.00137743,-0.0110202,0.0151993,4.033,3.03709,-505.638,-0.0107807,0.0014341,-0.0109105,0.0154076
3471,3.84839,2.93288,-505.844,-0.0103349,0.00139471,-0.0104873,0.0147976,4.033,3.03709,-505.638,-0.0107944,0.00142353,-0.0105663,0.0151729
3472,3.84839,2.93288,-505.844,-0.0103578,0.00141415,-0.0112583,0.0153755,4.033,3.03709,-505.638,-0.0107722,0.00145569,-0.011195,0.0156055
3473,3.84839,2.93288,-505.844,-0.0102073,0.00120134,-0.0111042,0.0151397,4.033,3.03709,-505.638,-0.0106311,0.00119464,-0.0111105,0.0154247
3474,3.84839,2.93288,-505.844,-0.0101836,0.00107954,-0.0121426,0.0159048,4.033,3.03709,-505.638,-0.0106219,0.00108914,-0.012037,0.016094
3475,3.84839,2.93288,-505.844,-0.0102788,0.00101495,-0.0112579,0.0152954,4.033,3.03709,-505.638,-0.0107227,0.00105893,-0.0111234,0.0154889
3476,3.84839,2.93288,-505.844,-0.0102179,0.000918615,-0.0117877,0.0156418,4.033,3.03709,-505.638,-0.0106679,0.000923379,-0.0117418,0.0158938
3477,3.84839,2.93288,-505.844,-0.0102958,0.000640177,-0.0110591,0.0151339,4.033,3.03709,-505.638,-0.0106998,0.000656373,-0.0109192,0.0153031
3478,3.84839,2.93288,-505.844,-0.0102606,0.000475584,-0.0120382,0.0158342,4.033,3.03709,-505.638,-0.0106759,0.000516501,-0.0120621,0.0161174
3479,3.84839,2.93288,-505.844,-0.0103196,0.000365964,-0.0115393,0.0154949,4.033,3.03709,-505.638,-0.0107529,0.00036159,-0.0114447,0.0157087
3480,3.84839,2.93288,-505.844,-0.0105523,0.000305238,-0.0118936,0.0159227,4.033,3.03709,-505.638,-0.0110005,0.00030056,-0.0116092,0.0159988
3481,3.84839,2.93288,-505.844,-0.0104942,9.01018e-05,-0.0118433,0.0158388,4.033,3.03709,-505.638,-0.0109449,9.65007e-05,-0.0116973,0.0160215
3482,3.84839,2.93288,-505.844,-0.0105818,-4.35992e-05,-0.0112195,0.0154288,4.033,3.03709,-505.638,-0.0110246,-2.65357e-05,-0.0113605,0.0158313
3483,3.84839,2.93288,-505.844,-0.0106508,-4.90052e-05,-0.0118014,0.0159116,4.033,3.03709,-505.638,-0.0110916,-5.38228e-05,-0.011716,0.0161358
3484,3.84839,2.93288,-505.844,-0.0107173,-1.59585e-05,-0.011329,0.0156017,4.033,3.03709,-505.638,-0.0111458,-3.19214e-05,-0.0114093,0.0159506
3485,3.84839,2.93288,-505.844,-0.0107175,-1.52321e-05,-0.0122923,0.0163231,4.033,3.03709,-505.638,-0.0111764,2.79937e-05,-0.0122995,0.0166214
3486,3.84839,2.93288,-505.844,-0.010754,0.000101524,-0.0118875,0.0160434,4.033,3.03709,-505.638,-0.0112162,7.90846e-05,-0.0119236,0.0163721
3487,3.84839,2.93288,-505.844,-0.0107947,0.000220731,-0.011299,0.0156389,4.033,3.03709,-505.638,-0.011232,0.000251466,-0.0112038,0.0158676
3488,3.84839,2.93288,-505.844,-0.0109464,0.000234412,-0.0115884,0.0159562,4.033,3.03709,-505.638,-0.0113607,0.000270076,-0.0114609,0.0161414
3489,3.84839,2.93288,-505.844,-0.0110862,0.000360928,-0.0114687,0.0159624,4.033,3.03709,-505.638,-0.0115185,0.00039,-0.0116485,0.0163872
3490,3.84839,2.93288,-505.844,-0.0110805,0.00047949,-0.0113035,0.0158528,4.033,3.03709,-505.638,-0.0115303,0.000486562,-0.0112195,0.0160982
3491,3.84839,2.93288,-505.844,-0.0108774,0.000625156,-0.0110855,0.0155512,4.033,3.03709,-505.638,-0.0113018,0.000656857,-0.0111191,0.015869
3492,3.84839,2.93288,-505.844,-0.0107955,0.000600114,-0.0111792,0.0155619,4.033,3.03709,-505.638,-0.0112294,0.000647391,-0.0112354,0.0158995
3493,3.84839,2.93288,-505.844,-0.0108334,0.000724565,-0.0112876,0.0156721,4.033,3.03709,-505.638,-0.0112652,0.000738662,-0.0112955,0.0159716
3494,3.84839,2.93288,-505.844,-0.0108712,0.000806018,-0.0105638,0.0151911,4.033,3.03709,-505.638,-0.0112973,0.000823281,-0.010422,0.0153935
3495,3.84839,2.93288,-505.844,-0.0107417,0.000917666,-0.0113479,0.0156679,4.033,3.03709,-505.638,-0.0111855,0.000900562,-0.0114005,0.0159995
3496,3.84839,2.93288,-505.844,-0.0106922,0.000983086,-0.0107733,0.0152237,4.033,3.03709,-505.638,-0.0111288,0.0010181,-0.0107059,0.0154774
3497,3.84839,2.93288,-505.844,-0.0106592,0.000948402,-0.0111679,0.0154784,4.033,3.03709,-505.638,-0.0110544,0.000971342,-0.0111143,0.0157071
3498,3.84839,2.93288,-505.844,-0.0105584,0.00086992,-0.0108741,0.015197,4.033,3.03709,-505.638,-0.0109803,0.000931643,-0.0106991,0.0153613
3499,3.84839,2.93288,-505.844,-0.0104996,0.00087308,-0.0105189,0.0148978,4.033,3.03709,-505.638,-0.0109163,0.000912713,-0.0106751,0.0152972
3500,3.84839,2.93288,-505.844,-0.0104206,0.000503944,-0.0113603,0.0154421,4.033,3.03709,-505.638,-0.0108652,0.000502157,-0.0112862,0.0156775
3501,3.84839,2.93288,-505.844,-0.0103291,0.00042193,-0.0104053,0.014683,4.033,3.03709,-505.638,-0.0107982,0.00043866,-0.0104289,0.0150207
3502,3.84839,2.93288,-505.844,-0.0102298,0.000221311,-0.0103702,0.014577,4.033,3.03709,-505.638,-0.0106641,0.000239756,-0.0103543,0.0148665
3503,3.84839,2.93288,-505.844,-0.0101876,2.15915e-05,-0.0106096,0.0147268,4.033,3.03709,-505.638,-0.0106239,4.44863e-05,-0.0104585,0.0149109
3504,3.84839,2.93288,-505.844,-0.00997687,-9.38005e-05,-0.0108171,0.0147324,4.033,3.03709,-505.638,-0.0104,-3.80528e-05,-0.0107634,0.0149697
3505,3.84839,2.93288,-505.844,-0.0100631,-0.000412333,-0.0109895,0.0149214,4.033,3.03709,-505.638,-0.0104811,-0.00042396,-0.0109123,0.0151386
3506,3.84839,2.93288,-505.844,-0.0100071,-0.000495825,-0.0100607,0.0142084,4.033,3.03709,-505.638,-0.010404,-0.000469109,-0.0100635,0.0144837
3507,3.84839,2.93288,-505.844,-0.0099658,-0.000685774,-0.00990002,0.0140759,4.033,3.03709,-505.638,-0.0103933,-0.000642896,-0.00980996,0.0143075
3508,3.84839,2.93288,-505.844,-0.0100017,-0.000939063,-0.00975487,0.0140125,4.033,3.03709,-505.638,-0.010464,-0.000948854,-0.00981557,0.01438
3509,3.84839,2.93288,-505.844,-0.00980748,-0.00113992,-0.00973797,0.0138756,4.033,3.03709,-505.638,-0.0102318,-0.00112252,-0.00968954,0.0141368
3510,3.84839,2.93288,-505.844,-0.00999504,-0.00142517,-0.0103601,0.0144776,4.033,3.03709,-505.638,-0.0104224,-0.00143117,-0.010258,0.0146948
3511,3.84839,2.93288,-505.844,-0.00996414,-0.00151335,-0.00960389,0.0139324,4.033,3.03709,-505.638,-0.0103749,-0.00151844,-0.00955254,0.0141856
3512,3.84839,2.93288,-505.844,-0.0100403,-0.00152737,-0.0101069,0.0143433,4.033,3.03709,-505.638,-0.0105476,-0.0015202,-0.0100196,0.0146289
3513,3.84839,2.93288,-505.844,-0.00994652,-0.00150057,-0.00972558,0.0140074,4.033,3.03709,-505.638,-0.010373,-0.00149159,-0.00969214,0.0142772
3514,3.84839,2.93288,-505.844,-0.0100205,-0.00160788,-0.00958276,0.0139769,4.033,3.03709,-505.638,-0.0104511,-0.0015833,-0.00942761,0.0141665
3515,3.84839,2.93288,-505.844,-0.0100598,-0.00167934,-0.00976962,0.0141388,4.033,3.03709,-505.638,-0.0104928,-0.00168218,-0.00968762,0.0143816
3516,3.84839,2.93288,-505.844,-0.0101578,-0.00162135,-0.00947793,0.0140053,4.033,3.03709,-505.638,-0.010584,-0.00160445,-0.00928845,0.0141756
3517,3.84839,2.93288,-505.844,-0.0102038,-0.0015451,-0.00936093,0.0139467,4.033,3.03709,-505.638,-0.0106452,-0.0015385,-0.00937899,0.0142729
3518,3.84839,2.93288,-505.844,-0.0101168,-0.00153767,-0.009361,0.0138843,4.033,3.03709,-505.638,-0.0105478,-0.00151695,-0.00922696,0.0140987
3519,3.84839,2.93288,-505.844,-0.0102149,-0.0015621,-0.00855081,0.0134259,4.033,3.03709,-505.638,-0.0106687,-0.0015614,-0.00846345,0.0137089
3520,3.84839,2.93288,-505.844,-0.0102161,-0.00144699,-0.00834422,0.0132821,4.033,3.03709,-505.638,-0.0106113,-0.00146484,-0.00819414,0.0134884
3521,3.84839,2.93288,-505.844,-0.0101564,-0.00136967,-0.00802802,0.0130267,4.033,3.03709,-505.638,-0.0105438,-0.00133867,-0.00797799,0.0132906
3522,3.84839,2.93288,-505.844,-0.0100671,-0.00133612,-0.00911008,0.0136624,4.033,3.03709,-505.638,-0.0104924,-0.00129047,-0.00905532,0.0139236
3523,3.84839,2.93288,-505.844,-0.0100031,-0.00118639,-0.00803366,0.0129081,4.033,3.03709,-505.638,-0.0104281,-0.00115271,-0.00778252,0.0130666
3524,3.84839,2.93288,-505.844,-0.0100945,-0.00117365,-0.00845062,0.0132373,4.033,3.03709,-505.638,-0.0105301,-0.00113828,-0.00829082,0.0134534
3525,3.84839,2.93288,-505.844,-0.0102018,-0.0011354,-0.0081423,0.0131259,4.033,3.03709,-505.638,-0.0106533,-0.00110665,-0.00797242,0.0133562
3526,3.84839,2.93288,-505.844,-0.0100533,-0.00106167,-0.00758049,0.0126508,4.033,3.03709,-505.638,-0.0104901,-0.0010331,-0.00739143,0.0128758
3527,3.84839,2.93288,-505.844,-0.00998942,-0.00128685,-0.0075487,0.0126,4.033,3.03709,-505.638,-0.0104177,-0.00127599,-0.0074472,0.0128706
3528,3.84839,2.93288,-505.844,-0.00997198,-0.00116776,-0.00771573,0.0126798,4.033,3.03709,-505.638,-0.010423,-0.00114808,-0.00761954,0.0129645
3529,3.84839,2.93288,-505.844,-0.00974859,-0.00139176,-0.00750789,0.0123959,4.033,3.03709,-505.638,-0.0101628,-0.00137611,-0.00752345,0.0127215
3530,3.84839,2.93288,-505.844,-0.00977078,-0.00142976,-0.00730439,0.0123053,4.033,3.03709,-505.638,-0.0101931,-0.00141641,-0.00714512,0.0125321
3531,3.84839,2.93288,-505.844,-0.00953585,-0.00144453,-0.00703526,0.0119649,4.033,3.03709,-505.638,-0.00997235,-0.00145504,-0.0068066,0.0121653
3532,3.84839,2.93288,-505.844,-0.0097162,-0.00141902,-0.00732372,0.0122727,4.033,3.03709,-505.638,-0.0101208,-0.00140381,-0.00704543,0.0124153
3533,3.84839,2.93288,-505.844,-0.00956227,-0.00153854,-0.0066623,0.0117828,4.033,3.03709,-505.638,-0.00996874,-0.00152569,-0.00641925,0.0119591
3534,3.84839,2.93288,-505.844,-0.00964877,-0.00158208,-0.00681695,0.0119425,4.033,3.03709,-505.638,-0.0100938,-0.00154115,-0.00665163,0.012189
3535,3.84839,2.93288,-505.844,-0.00954449,-0.00171385,-0.00678986,0.0118656,4.033,3.03709,-505.638,-0.00996521,-0.00168405,-0.0065448,0.0120457
3536,3.84839,2.93288,-505.844,-0.00976497,-0.00186869,-0.00654288,0.0119166,4.033,3.03709,-505.638,-0.0102007,-0.00187218,-0.0064338,0.0122067
3537,3.84839,2.93288,-505.844,-0.00955184,-0.00191804,-0.00621476,0.0115738,4.033,3.03709,-505.638,-0.00993494,-0.00191881,-0.0061775,0.0118589
3538,3.84839,2.93288,-505.844,-0.00948834,-0.00203851,-0.00652698,0.0117246,4.033,3.03709,-505.638,-0.00990444,-0.00207641,-0.00636588,0.0119616
3539,3.84839,2.93288,-505.844,-0.00949466,-0.00208981,-0.0065206,0.0117176,4.033,3.03709,-505.638,-0.009946,-0.00210229,-0.00663494,0.0121409
3540,3.84839,2.93288,-505.844,-0.00953986,-0.00199506,-0.00654873,0.0117585,4.033,3.03709,-505.638,-0.0099481,-0.00198703,-0.00647278,0.0120365
3541,3.84839,2.93288,-505.844,-0.00958111,-0.00213408,-0.00652649,0.0118108,4.033,3.03709,-505.638,-0.00999645,-0.00214349,-0.00636157,0.0120459
3542,3.84839,2.93288,-505.844,-0.00945546,-0.00222936,-0.00578172,0.0113201,4.033,3.03709,-505.638,-0.00988231,-0.00221252,-0.00562639,0.0115869
3543,3.84839,2.93288,-505.844,-0.00954261,-0.00202787,-0.00551836,0.0112209,4.033,3.03709,-505.638,-0.00995106,-0.00201012,-0.00544419,0.0115213
3544,3.84839,2.93288,-505.844,-0.00962127,-0.00219372,-0.00609524,0.0116145,4.033,3.03709,-505.638,-0.0100305,-0.00215667,-0.00600604,0.0118909
3545,3.84839,2.93288,-505.844,-0.00960905,-0.00214817,-0.00553957,0.0113094,4.033,3.03709,-505.638,-0.0100396,-0.00215456,-0.00551653,0.0116581
3546,3.84839,2.93288,-505.844,-0.00972888,-0.00208109,-0.00602917,0.0116557,4.033,3.03709,-505.638,-0.0101527,-0.00206836,-0.00597115,0.0119628
3547,3.84839,2.93288,-505.844,-0.00971548,-0.00208113,-0.0057073,0.0114719,4.033,3.03709,-505.638,-0.0101446,-0.00212211,-0.00571856,0.0118393
3548,3.84839,2.93288,-505.844,-0.00959833,-0.0016911,-0.00514512,0.0110314,4.033,3.03709,-505.638,-0.0100029,-0.00166755,-0.00506315,0.0113358
3549,3.84839,2.93288,-505.844,-0.00957558,-0.00174233,-0.00590305,0.0114072,4.033,3.03709,-505.638,-0.0100054,-0.00173744,-0.0058313,0.0117149
3550,3.84839,2.93288,-505.844,-0.00971653,-0.0014215,-0.00582734,0.0114391,4.033,3.03709,-505.638,-0.0101469,-0.00141548,-0.00567922,0.0117173
3551,3.84839,2.93288,-505.844,-0.0096519,-0.00137062,-0.00533928,0.0111288,4.033,3.03709,-505.638,-0.0100468,-0.00133521,-0.0053711,0.0114722
3552,3.84839,2.93288,-505.844,-0.00970835,-0.00125896,-0.00577199,0.0113836,4.033,3.03709,-505.638,-0.0101264,-0.00125865,-0.00578618,0.0117336
3553,3.84839,2.93288,-505.844,-0.00963785,-0.00122308,-0.00620541,0.0115498,4.033,3.03709,-505.638,-0.0100665,-0.00120305,-0.00611407,0.0118429
3554,3.84839,2.93288,-505.844,-0.00957001,-0.00109158,-0.00639153,0.0115934,4.033,3.03709,-505.638,-0.00997747,-0.00107385,-0.00639125,0.0119054
3555,3.84839,2.93288,-505.844,-0.00964664,-0.00102334,-0.0066613,0.0117875,4.033,3.03709,-505.638,-0.0100107,-0.00100004,-0.00670339,0.0120929
3556,3.84839,2.93288,-505.844,-0.00955055,-0.0010196,-0.00643199,0.0115853,4.033,3.03709,-505.638,-0.00997811,-0.00103275,-0.00626752,0.0118326
3557,3.84839,2.93288,-505.844,-0.0094298,-0.000752852,-0.00692655,0.0117418,4.033,3.03709,-505.638,-0.00984434,-0.000713637,-0.0069724,0.0120874
3558,3.84839,2.93288,-505.844,-0.00935288,-0.000721967,-0.00642025,0.0113781,4.033,3.03709,-505.638,-0.00974809,-0.000727136,-0.00649739,0.0117391
3559,3.84839,2.93288,-505.844,-0.00941762,-0.000575651,-0.00640908,0.011416,4.033,3.03709,-505.638,-0.00982573,-0.000560006,-0.00651656,0.011805
3560,3.84839,2.93288,-505.844,-0.00955317,-0.000346566,-0.00647194,0.0115539,4.033,3.03709,-505.638,-0.00996375,-0.000347813,-0.0065618,0.0119373
3561,3.84839,2.93288,-505.844,-0.00953095,-0.000122752,-0.00612988,0.0113404,4.033,3.03709,-505.638,-0.00995102,-9.88763e-05,-0.00616278,0.011706
3562,3.84839,2.93288,-505.844,-0.0096836,5.24445e-05,-0.00625972,0.0115374,4.033,3.03709,-505.638,-0.010115,8.83271e-05,-0.00628101,0.0119073
3563,3.84839,2.93288,-505.844,-0.00965438,8.49676e-05,-0.00572416,0.0112314,4.033,3.03709,-505.638,-0.0100654,8.59005e-05,-0.00590515,0.0116711
3564,3.84839,2.93288,-505.844,-0.00980953,0.00010935,-0.0057229,0.0113701,4.033,3.03709,-505.638,-0.0102407,0.000124765,-0.00562918,0.011688
3565,3.84839,2.93288,-505.844,-0.00983868,0.000179834,-0.00539086,0.01124,4.033,3.03709,-505.638,-0.0102646,0.000202976,-0.00537492,0.011592
3566,3.84839,2.93288,-505.844,-0.00983054,0.000235384,-0.00537719,0.0112262,4.033,3.03709,-505.638,-0.0102868,0.000265851,-0.00539516,0.0116219
3567,3.84839,2.93288,-505.844,-0.0099856,0.000177416,-0.00537245,0.0113582,4.033,3.03709,-505.638,-0.0104133,0.00020964,-0.00549558,0.011779
3568,3.84839,2.93288,-505.844,-0.00991083,-3.16097e-05,-0.0056781,0.0114293,4.033,3.03709,-505.638,-0.0103308,1.07228e-05,-0.00566855,0.0117845
3569,3.84839,2.93288,-505.844,-0.00996462,-0.000128443,-0.00648459,0.011915,4.033,3.03709,-505.638,-0.0103943,-0.000123556,-0.00636775,0.0121957
3570,3.84839,2.93288,-505.844,-0.00997106,-0.000143255,-0.00570451,0.0115066,4.033,3.03709,-505.638,-0.0103596,-0.000116453,-0.00562012,0.0117891
3571,3.84839,2.93288,-505.844,-0.0101238,-0.000505904,-0.00580819,0.0116921,4.033,3.03709,-505.638,-0.0105261,-0.000468629,-0.00582544,0.0120412
3572,3.84839,2.93288,-505.844,-0.0102256,-0.000571385,-0.00629321,0.0120416,4.033,3.03709,-505.638,-0.010652,-0.00054474,-0.00664249,0.0125682
3573,3.84839,2.93288,-505.844,-0.0102843,-0.000770192,-0.00609465,0.0119863,4.033,3.03709,-505.638,-0.0106978,-0.000784152,-0.00619008,0.0123856
3574,3.84839,2.93288,-505.844,-0.0102999,-0.000978747,-0.00648341,0.0122211,4.033,3.03709,-505.638,-0.0106962,-0.000974136,-0.00647192,0.0125412
3575,3.84839,2.93288,-505.844,-0.0104131,-0.00100644,-0.00656097,0.012354,4.033,3.03709,-505.638,-0.0108541,-0.00102073,-0.00675708,0.0128268
3576,3.84839,2.93288,-505.844,-0.0104374,-0.000986404,-0.00681885,0.0125218,4.033,3.03709,-505.638,-0.0108885,-0.00102602,-0.0068679,0.0129174
3577,3.84839,2.93288,-505.844,-0.0105584,-0.000954486,-0.00659642,0.0124982,4.033,3.03709,-505.638,-0.0109997,-0.00100577,-0.00650484,0.0128206
3578,3.84839,2.93288,-505.844,-0.0104596,-0.000924769,-0.00700796,0.0126409,4.033,3.03709,-505.638,-0.0108839,-0.000957739,-0.00700252,0.0129802
3579,3.84839,2.93288,-505.844,-0.0104253,-0.000807744,-0.00690719,0.0125534,4.033,3.03709,-505.638,-0.0108677,-0.000834677,-0.00681087,0.0128575
3580,3.84839,2.93288,-505.844,-0.010608,-0.000654167,-0.00623578,0.01233,4.033,3.03709,-505.638,-0.0110221,-0.000678986,-0.00622437,0.0126775
3581,3.84839,2.93288,-505.844,-0.0105575,-0.0004899,-0.00615903,0.012238,4.033,3.03709,-505.638,-0.0109769,-0.000509826,-0.00620004,0.0126176
3582,3.84839,2.93288,-505.844,-0.0105074,-0.000319504,-0.00577767,0.0120047,4.033,3.03709,-505.638,-0.0108768,-0.000332486,-0.00583874,0.0123504
3583,3.84839,2.93288,-505.844,-0.0105955,-5.72763e-05,-0.00631294,0.0123568,4.033,3.03709,-505.638,-0.0109899,-7.42828e-05,-0.0064351,0.0127399
3584,3.84839,2.93288,-505.844,-0.0106342,0.000156592,-0.00609487,0.0122734,4.033,3.03709,-505.638,-0.011039,0.000165346,-0.00604697,0.0125903
3585,3.84839,2.93288,-505.844,-0.0104593,0.000341173,-0.00576874,0.0119622,4.033,3.03709,-505.638,-0.0108893,0.000338591,-0.00569163,0.0122933
3586,3.84839,2.93288,-505.844,-0.0105342,0.00044401,-0.00595164,0.0121181,4.033,3.03709,-505.638,-0.0109693,0.000462556,-0.00596243,0.0124956
3587,3.84839,2.93288,-505.844,-0.0104864,0.000807979,-0.00632817,0.0122867,4.033,3.03709,-505.638,-0.0108797,0.000853662,-0.00639252,0.0126502
3588,3.84839,2.93288,-505.844,-0.0104616,0.000972913,-0.00532572,0.0117843,4.033,3.03709,-505.638,-0.0109155,0.00101278,-0.00541766,0.0122285
3589,3.84839,2.93288,-505.844,-0.0104169,0.00120005,-0.00537723,0.0117991,4.033,3.03709,-505.638,-0.0108296,0.00123104,-0.00531619,0.0121293
3590,3.84839,2.93288,-505.844,-0.0103862,0.00130971,-0.00531892,0.0117503,4.033,3.03709,-505.638,-0.0107964,0.00134386,-0.00534253,0.0121221
3591,3.84839,2.93288,-505.844,-0.0103355,0.00137176,-0.00539251,0.0117559,4.033,3.03709,-505.638,-0.0107351,0.00140098,-0.00522633,0.0120242
3592,3.84839,2.93288,-505.844,-0.0102583,0.00150648,-0.00505028,0.0115479,4.033,3.03709,-505.638,-0.0106599,0.00152578,-0.00495941,0.0118589
3593,3.84839,2.93288,-505.844,-0.0103975,0.00150215,-0.00494279,0.0116157,4.033,3.03709,-505.638,-0.0108137,0.0015399,-0.00500926,0.0120174
3594,3.84839,2.93288,-505.844,-0.0103308,0.00151833,-0.00436508,0.0113236,4.033,3.03709,-505.638,-0.0107227,0.00154578,-0.00440628,0.0116965
3595,3.84839,2.93288,-505.844,-0.0104149,0.00133435,-0.00437958,0.0113824,4.033,3.03709,-505.638,-0.0108395,0.00132946,-0.00452678,0.0118229
3596,3.84839,2.93288,-505.844,-0.0103202,0.00133676,-0.00498847,0.011565,4.033,3.03709,-505.638,-0.0107556,0.00133198,-0.00498283,0.0119336
3597,3.84839,2.93288,-505.844,-0.0102471,0.00119203,-0.00440586,0.0112243,4.033,3.03709,-505.638,-0.0106905,0.00125746,-0.0045077,0.011671
3598,3.84839,2.93288,-505.844,-0.0104423,0.00102455,-0.00481211,0.0115588,4.033,3.03709,-505.638,-0.0108478,0.00105986,-0.00480319,0.0119141
3599,3.84839,2.93288,-505.844,-0.01037,0.000705987,-0.00407357,0.0111737,4.033,3.03709,-505.638,-0.0107853,0.000737092,-0.00399406,0.0115263
3600,3.84839,2.93288,-505.844,-0.010386,0.000376147,-0.00419643,0.0112147,4.033,3.03709,-505.638,-0.0107909,0.000395358,-0.00420101,0.0115873
3601,3.84839,2.93288,-505.844,-0.0104341,0.000102963,-0.00462828,0.011422,4.033,3.03709,-505.638,-0.010853,0.000123451,-0.00473362,0.0118424
3602,3.84839,2.93288,-505.844,-0.0104797,-0.000210093,-0.00427238,0.0113238,4.033,3.03709,-505.638,-0.0108881,-0.000211454,-0.00423579,0.0116854
3603,3.84839,2.93288,-505.844,-0.0104214,-0.0003888,-0.00517713,0.0116601,4.033,3.03709,-505.638,-0.0108413,-0.00042116,-0.00509546,0.0119899
3604,3.84839,2.93288,-505.844,-0.0103936,-0.000608278,-0.00493377,0.0115363,4.033,3.03709,-505.638,-0.0108273,-0.00062867,-0.0047968,0.011861
3605,3.84839,2.93288,-505.844,-0.0104219,-0.000783763,-0.00407719,0.0112224,4.033,3.03709,-505.638,-0.0108536,-0.000820453,-0.00409521,0.0116299
3606,3.84839,2.93288,-505.844,-0.0103687,-0.000866367,-0.00471233,0.0114295,4.033,3.03709,-505.638,-0.0108432,-0.000886724,-0.00471202,0.0118573
3607,3.84839,2.93288,-505.844,-0.0104595,-0.000994026,-0.00455689,0.0114564,4.033,3.03709,-505.638,-0.0108976,-0.000980002,-0.00475331,0.0119298
3608,3.84839,2.93288,-505.844,-0.0104272,-0.000919557,-0.00510219,0.0116503,4.033,3.03709,-505.638,-0.01085,-0.000921287,-0.00519015,0.0120632
3609,3.84839,2.93288,-505.844,-0.0104615,-0.00092271,-0.00522196,0.0117446,4.033,3.03709,-505.638,-0.0109189,-0.000966101,-0.00525902,0.0121618
3610,3.84839,2.93288,-505.844,-0.0103271,-0.000864762,-0.00490951,0.0114746,4.033,3.03709,-505.638,-0.0107283,-0.000891358,-0.00482721,0.0117989
3611,3.84839,2.93288,-505.844,-0.0102993,-0.00090733,-0.00439283,0.0112424,4.033,3.03709,-505.638,-0.01067,-0.000940868,-0.00435193,0.0115636
3612,3.84839,2.93288,-505.844,-0.0102695,-0.00057652,-0.00409655,0.0110805,4.033,3.03709,-505.638,-0.0106678,-0.000594867,-0.00403111,0.0114209
3613,3.84839,2.93288,-505.844,-0.0102205,-0.000383586,-0.00442947,0.0111522,4.033,3.03709,-505.638,-0.0106762,-0.000363939,-0.00444466,0.0115708
3614,3.84839,2.93288,-505.844,-0.0100591,-0.000164602,-0.00362426,0.0106999,4.033,3.03709,-505.638,-0.0105082,-0.000182575,-0.0035801,0.0111035
3615,3.84839,2.93288,-505.844,-0.010015,7.52014e-05,-0.00409672,0.0108392,4.033,3.03709,-505.638,-0.0104166,0.000106195,-0.00402817,0.0111717
3616,3.84839,2.93288,-505.844,-0.00997958,0.000195504,-0.00340496,0.0105525,4.033,3.03709,-505.638,-0.0103881,0.000218162,-0.00335735,0.0109202
3617,3.84839,2.93288,-505.844,-0.00987762,0.000364187,-0.00394353,0.0106542,4.033,3.03709,-505.638,-0.0103038,0.000389476,-0.00408467,0.0110927
3618,3.84839,2.93288,-505.844,-0.00983628,0.000407381,-0.00351104,0.0104585,4.033,3.03709,-505.638,-0.0102342,0.000430786,-0.00349081,0.0108228
3619,3.84839,2.93288,-505.844,-0.00975407,0.000439601,-0.00304296,0.0102346,4.033,3.03709,-505.638,-0.0102038,0.000475263,-0.00301802,0.0106522
3620,3.84839,2.93288,-505.844,-0.00967983,0.000483112,-0.00314693,0.0101996,4.033,3.03709,-505.638,-0.0101137,0.000520924,-0.00312885,0.0106009
3621,3.84839,2.93288,-505.844,-0.00957259,0.000419676,-0.00385975,0.0103421,4.033,3.03709,-505.638,-0.0100236,0.000433541,-0.00383477,0.010743
3622,3.84839,2.93288,-505.844,-0.00944235,0.000380942,-0.00290651,0.00990298,4.033,3.03709,-505.638,-0.00987245,0.000379748,-0.0027619,0.0102615
3623,3.84839,2.93288,-505.844,-0.00947076,0.000206077,-0.00361257,0.0101488,4.033,3.03709,-505.638,-0.00987959,0.000255238,-0.00363579,0.0105314
3624,3.84839,2.93288,-505.844,-0.0093841,0.000100352,-0.00356159,0.0100644,4.033,3.03709,-505.638,-0.00983323,0.000119379,-0.00349574,0.0104421
3625,3.84839,2.93288,-505.844,-0.00934957,-0.000110381,-0.00340964,0.00996037,4.033,3.03709,-505.638,-0.00982016,-9.03255e-05,-0.00339791,0.0103923
3626,3.84839,2.93288,-505.844,-0.00926101,-0.000329457,-0.00340429,0.00988605,4.033,3.03709,-505.638,-0.0096783,-0.000341481,-0.00338877,0.0102624
3627,3.84839,2.93288,-505.844,-0.00914876,-0.000589991,-0.00393052,0.00999423,4.033,3.03709,-505.638,-0.00955797,-0.000571019,-0.00385765,0.0103265
3628,3.84839,2.93288,-505.844,-0.00913906,-0.000790783,-0.00360947,0.00987386,4.033,3.03709,-505.638,-0.00955671,-0.000800443,-0.00350616,0.0102134
3629,3.84839,2.93288,-505.844,-0.00905609,-0.00106174,-0.00367288,0.00984506,4.033,3.03709,-505.638,-0.00950752,-0.00109305,-0.00374417,0.0102792
3630,3.84839,2.93288,-505.844,-0.00895103,-0.00130718,-0.00378154,0.00982416,4.033,3.03709,-505.638,-0.00941796,-0.00127965,-0.00370406,0.0102032
3631,3.84839,2.93288,-505.844,-0.00894325,-0.00133779,-0.00318207,0.00959827,4.033,3.03709,-505.638,-0.00933964,-0.00136275,-0.00330144,0.0100016
3632,3.84839,2.93288,-505.844,-0.00883914,-0.00147013,-0.00342388,0.00960417,4.033,3.03709,-505.638,-0.00925469,-0.00147617,-0.00345975,0.00999207
3633,3.84839,2.93288,-505.844,-0.00881527,-0.00160513,-0.00290672,0.00942937,4.033,3.03709,-505.638,-0.0092312,-0.00162007,-0.00299199,0.00983991
3634,3.84839,2.93288,-505.844,-0.00888989,-0.00158202,-0.00344544,0.00967058,4.033,3.03709,-505.638,-0.00933256,-0.0015834,-0.00359584,0.0101266
3635,3.84839,2.93288,-505.844,-0.00884309,-0.00156825,-0.00338201,0.00961129,4.033,3.03709,-505.638,-0.0092573,-0.00159911,-0.00341173,0.00999763
3636,3.84839,2.93288,-505.844,-0.00870811,-0.00157141,-0.00315671,0.00941958,4.033,3.03709,-505.638,-0.00914867,-0.00154935,-0.00316749,0.00981021
3637,3.84839,2.93288,-505.844,-0.0087266,-0.00161791,-0.00303499,0.00939478,4.033,3.03709,-505.638,-0.00912324,-0.00165174,-0.00303252,0.00975782
3638,3.84839,2.93288,-505.844,-0.00873365,-0.00147013,-0.00291919,0.00933825,4.033,3.03709,-505.638,-0.00915148,-0.00149865,-0.00286356,0.00970706
3639,3.84839,2.93288,-505.844,-0.00859681,-0.00132268,-0.00255645,0.00908314,4.033,3.03709,-505.638,-0.00900808,-0.00131325,-0.00250711,0.0094456
3640,3.84839,2.93288,-505.844,-0.008533,-0.00123485,-0.00205472,0.00887281,4.033,3.03709,-505.638,-0.0089027,-0.00123996,-0.00203725,0.00921854
3641,3.84839,2.93288,-505.844,-0.0085312,-0.00106487,-0.00266378,0.00902481,4.033,3.03709,-505.638,-0.0089341,-0.00105948,-0.00261286,0.00937376
3642,3.84839,2.93288,-505.844,-0.00839005,-0.000948398,-0.00230632,0.0087621,4.033,3.03709,-505.638,-0.00880954,-0.000948137,-0.0023783,0.0091751
3643,3.84839,2.93288,-505.844,-0.00832593,-0.000790933,-0.00224639,0.00866475,4.033,3.03709,-505.638,-0.0087542,-0.000765498,-0.00227363,0.00907744
3644,3.84839,2.93288,-505.844,-0.00852047,-0.000817122,-0.00199715,0.00879966,4.033,3.03709,-505.638,-0.00896086,-0.000806527,-0.00199361,0.00921692
3645,3.84839,2.93288,-505.844,-0.00836934,-0.000661393,-0.00209645,0.00865853,4.033,3.03709,-505.638,-0.00880534,-0.000664959,-0.00228637,0.00912266
3646,3.84839,2.93288,-505.844,-0.00844889,-0.000623405,-0.00186353,0.00868092,4.033,3.03709,-505.638,-0.00887681,-0.000607466,-0.00193313,0.0091061
3647,3.84839,2.93288,-505.844,-0.00832638,-0.000653079,-0.00161803,0.00851114,4.033,3.03709,-505.638,-0.00876775,-0.000664541,-0.00155446,0.00892955
3648,3.84839,2.93288,-505.844,-0.00839437,-0.000603686,-0.00259468,0.00882228,4.033,3.03709,-505.638,-0.00883996,-0.000585111,-0.00257698,0.00923011
3649,3.84839,2.93288,-505.844,-0.00829445,-0.000593831,-0.0022395,0.00863326,4.033,3.03709,-505.638,-0.00872569,-0.000569033,-0.00211045,0.00899963
3650,3.84839,2.93288,-505.844,-0.0082028,-0.000640469,-0.00196203,0.00846833,4.033,3.03709,-505.638,-0.00863132,-0.000642804,-0.00191781,0.00886636
3651,3.84839,2.93288,-505.844,-0.00833912,-0.000691591,-0.00221015,0.00867246,4.033,3.03709,-505.638,-0.00878738,-0.000650727,-0.00222777,0.00909241
3652,3.84839,2.93288,-505.844,-0.00825236,-0.000617117,-0.00255486,0.00868028,4.033,3.03709,-505.638,-0.00868516,-0.000594771,-0.00247546,0.00905492
3653,3.84839,2.93288,-505.844,-0.0082765,-0.000697024,-0.00255338,0.00871158,4.033,3.03709,-505.638,-0.0086774,-0.000688691,-0.00249741,0.00906005
3654,3.84839,2.93288,-505.844,-0.00836746,-0.000932748,-0.00248621,0.00881166,4.033,3.03709,-505.638,-0.00880275,-0.000927289,-0.00266018,0.00924835
3655,3.84839,2.93288,-505.844,-0.00833535,-0.000978024,-0.00262011,0.00881169,4.033,3.03709,-505.638,-0.00875942,-0.000960323,-0.00267373,0.0092124
3656,3.84839,2.93288,-505.844,-0.00833832,-0.00102399,-0.00242284,0.00877308,4.033,3.03709,-505.638,-0.00876456,-0.000981331,-0.00254826,0.00918507
3657,3.84839,2.93288,-505.844,-0.0083535,-0.00117875,-0.00273658,0.00889339,4.033,3.03709,-505.638,-0.00882072,-0.0011971,-0.00296328,0.00938527
3658,3.84839,2.93288,-505.844,-0.00816351,-0.00119927,-0.00264744,0.00868888,4.033,3.03709,-505.638,-0.0085883,-0.00117223,-0.00262983,0.00906229
3659,3.84839,2.93288,-505.844,-0.00822095,-0.00119629,-0.00326887,0.00894755,4.033,3.03709,-505.638,-0.00865867,-0.00119682,-0.00334062,0.00936176
3660,3.84839,2.93288,-505.844,-0.00826676,-0.00100498,-0.00218974,0.00862399,4.033,3.03709,-505.638,-0.00871361,-0.00101407,-0.00236722,0.00908829
3661,3.84839,2.93288,-505.844,-0.00823021,-0.00103164,-0.00241377,0.00865273,4.033,3.03709,-505.638,-0.00865694,-0.00102346,-0.00253477,0.00908039
3662,3.84839,2.93288,-505.844,-0.00828076,-0.000905255,-0.00302491,0.008882,4.033,3.03709,-505.638,-0.00871421,-0.000918809,-0.00322945,0.00934201
3663,3.84839,2.93288,-505.844,-0.00822332,-0.000862952,-0.00303143,0.00882504,4.033,3.03709,-505.638,-0.00862905,-0.000838529,-0.00317477,0.00923646
3664,3.84839,2.93288,-505.844,-0.00838696,-0.00157121,-0.00330923,0.00918186,4.033,3.03709,-505.638,-0.00881317,-0.00161443,-0.00359164,0.00965752
3665,3.84839,2.93288,-505.844,-0.00820683,-0.00955043,-0.00862895,0.015279,4.033,3.03709,-505.638,-0.00859105,-0.00996034,-0.00899458,0.0159365
3666,3.84839,2.93288,-505.844,-0.00840513,-0.0340625,-0.023805,0.0424061,4.033,3.03709,-505.638,-0.0087609,-0.0353233,-0.0245407,0.0438962
3667,3.84839,2.93288,-505.844,-0.0100005,-0.0784158,-0.0496711,0.0933643,4.033,3.03709,-505.638,-0.0102454,-0.0809619,-0.050719,0.0960848
3668,3.84839,2.93288,-505.844,-0.0140005,-0.141658,-0.08751,0.1671,4.033,3.03709,-505.638,-0.0141446,-0.145427,-0.0891427,0.17116
3669,3.84839,2.93288,-505.844,-0.0198695,-0.221229,-0.133438,0.259122,4.033,3.03709,-505.638,-0.0199598,-0.225344,-0.135326,0.263613
3670,3.84839,2.93288,-505.844,-0.026477,-0.308174,-0.181706,0.358734,4.033,3.03709,-505.638,-0.0264614,-0.31152,-0.183298,0.362413
3671,3.84839,2.93288,-505.844,-0.0325813,-0.385405,-0.22383,0.446877,4.033,3.03709,-505.638,-0.0325265,-0.388092,-0.225256,0.449904
3672,3.84839,2.93288,-505.844,-0.0373096,-0.44317,-0.252361,0.51135,4.033,3.03709,-505.638,-0.0371851,-0.445321,-0.253853,0.513941
3673,3.84839,2.93288,-505.844,-0.0399109,-0.476829,-0.267547,0.548215,4.033,3.03709,-505.638,-0.0398283,-0.478965,-0.268749,0.550654
3674,3.84839,2.93288,-505.844,-0.0405515,-0.485731,-0.26865,0.556554,4.033,3.03709,-505.638,-0.0403997,-0.487868,-0.269812,0.558969
3675,3.84839,2.93288,-505.844,-0.0396859,-0.470139,-0.25754,0.537526,4.033,3.03709,-505.638,-0.0396088,-0.47222,-0.258816,0.539951
3676,3.84839,2.93288,-505.844,-0.0380051,-0.431479,-0.233644,0.492147,4.033,3.03709,-505.638,-0.0379565,-0.433979,-0.23494,0.49495
3677,3.84839,2.93288,-505.844,-0.0351347,-0.372599,-0.200625,0.424636,4.033,3.03709,-505.638,-0.0350966,-0.375751,-0.20194,0.428019
3678,3.84839,2.93288,-505.844,-0.0305365,-0.298735,-0.16032,0.340409,4.033,3.03709,-505.638,-0.0306568,-0.302491,-0.161713,0.344372
3679,3.84839,2.93288,-505.844,-0.024751,-0.215856,-0.114299,0.245502,4.033,3.03709,-505.638,-0.0249928,-0.219226,-0.115764,0.249171
3680,3.84839,2.93288,-505.844,-0.0186245,-0.129323,-0.0662718,0.146505,4.033,3.03709,-505.638,-0.0189373,-0.131068,-0.0669651,0.148397
3681,3.84839,2.93288,-505.844,-0.0130467,-0.0431499,-0.0171464,0.0482348,4.033,3.03709,-505.638,-0.0134168,-0.0428355,-0.0169387,0.0479779
3682,3.84839,2.93288,-505.844,-0.00831897,0.0384229,0.0281564,0.0483612,4.033,3.03709,-505.638,-0.00873209,0.0409322,0.0292032,0.0510347
3683,3.84839,2.93288,-505.844,-0.00417528,0.113499,0.0710453,0.133967,4.033,3.03709,-505.638,-0.00457621,0.117464,0.0730019,0.138377
3684,3.84839,2.93288,-505.844,0.000315934,0.179878,0.104183,0.207872,4.033,3.03709,-505.638,-6.91115e-05,0.184689,0.10635,0.213121
3685,3.84839,2.93288,-505.844,0.00629444,0.237616,0.130185,0.271017,4.033,3.03709,-505.638,0.00606265,0.2411,0.131968,0.274921
3686,3.84839,2.93288,-505.844,0.00853195,0.285364,0.151136,0.323029,4.033,3.03709,-505.638,0.00855862,0.286743,0.151623,0.324475
3687,3.84839,2.93288,-505.844,0.0101086,0.317444,0.169037,0.359787,4.033,3.03709,-505.638,0.0102108,0.318373,0.169104,0.360641
3688,3.84839,2.93288,-505.844,0.00928458,0.336733,0.184648,0.384149,4.033,3.03709,-505.638,0.00940612,0.337511,0.184469,0.384748
3689,3.84839,2.93288,-505.844,0.00984408,0.345308,0.193407,0.395906,4.033,3.03709,-505.638,0.00997289,0.346084,0.193517,0.396639
3690,3.84839,2.93288,-505.844,0.0102663,0.34572,0.192555,0.395861,4.033,3.03709,-505.638,0.0103582,0.346485,0.192672,0.396587
3691,3.84839,2.93288,-505.844,0.0112963,0.338747,0.179346,0.383461,4.033,3.03709,-505.638,0.011375,0.339593,0.179246,0.384164
3692,3.84839,2.93288,-505.844,0.0122899,0.321025,0.159791,0.358806,4.033,3.03709,-505.638,0.012353,0.322155,0.160106,0.359959
3693,3.84839,2.93288,-505.844,0.00914693,0.28982,0.13813,0.321185,4.033,3.03709,-505.638,0.00906969,0.291883,0.138888,0.32337
3694,3.84839,2.93288,-505.844,0.00645835,0.242992,0.113721,0.268369,4.033,3.03709,-505.638,0.00601622,0.247533,0.116281,0.273552
3695,3.84839,2.93288,-505.844,0.0020784,0.191734,0.0866668,0.210426,4.033,3.03709,-505.638,0.00163623,0.195282,0.0887005,0.214489
3696,3.84839,2.93288,-505.844,-0.00103479,0.137088,0.0507277,0.146183,4.033,3.03709,-505.638,-0.00156182,0.139141,0.0520876,0.14858
3697,3.84839,2.93288,-505.844,-0.00453601,0.0789859,0.0128678,0.0801638,4.033,3.03709,-505.638,-0.00505649,0.0794753,0.0133459,0.0807474
3698,3.84839,2.93288,-505.844,-0.00812599,0.019351,-0.0210456,0.0297508,4.033,3.03709,-505.638,-0.00860249,0.0184085,-0.0213715,0.0294908
3699,3.84839,2.93288,-505.844,-0.0122883,-0.0398092,-0.050266,0.0653081,4.033,3.03709,-505.638,-0.0126849,-0.0420296,-0.0511308,0.067394
3700,3.84839,2.93288,-505.844,-0.0167042,-0.0947947,-0.0748255,0.121932,4.033,3.03709,-505.638,-0.0170028,-0.0979355,-0.075778,0.124993
3701,3.84839,2.93288,-505.844,-0.0208914,-0.140982,-0.0958002,0.171735,4.033,3.03709,-505.638,-0.0211521,-0.144654,-0.0969736,0.175432
3702,3.84839,2.93288,-505.844,-0.0241126,-0.176203,-0.113795,0.21114,4.033,3.03709,-505.638,-0.0242894,-0.18009,-0.11534,0.215234
3703,3.84839,2.93288,-505.844,-0.0261987,-0.20071,-0.126273,0.238575,4.033,3.03709,-505.638,-0.0263141,-0.204779,-0.127882,0.24286
3704,3.84839,2.93288,-505.844,-0.0272089,-0.214832,-0.128957,0.252043,4.033,3.03709,-505.638,-0.0272424,-0.218871,-0.130436,0.256243
3705,3.84839,2.93288,-505.844,-0.0275154,-0.21702,-0.126121,0.252515,4.033,3.03709,-505.638,-0.0275886,-0.22098,-0.127669,0.256696
3706,3.84839,2.93288,-505.844,-0.0274729,-0.206789,-0.11679,0.239077,4.033,3.03709,-505.638,-0.027619,-0.210659,-0.118237,0.243146
3707,3.84839,2.93288,-505.844,-0.0263194,-0.186085,-0.104209,0.214898,4.033,3.03709,-505.638,-0.0264878,-0.189624,-0.105508,0.218612
3708,3.84839,2.93288,-505.844,-0.0236007,-0.158047,-0.0840368,0.180551,4.033,3.03709,-505.638,-0.0237861,-0.161102,-0.0852688,0.183822
3709,3.84839,2.93288,-505.844,-0.0192897,-0.125411,-0.0614991,0.141005,4.033,3.03709,-505.638,-0.0195447,-0.127671,-0.0623881,0.143438
3710,3.84839,2.93288,-505.844,-0.0144832,-0.0893181,-0.0352844,0.0971217,4.033,3.03709,-505.638,-0.0147749,-0.0905189,-0.0358705,0.0984819
3711,3.84839,2.93288,-505.844,-0.0103417,-0.0509079,-0.00987465,0.0528806,4.033,3.03709,-505.638,-0.0106852,-0.0509975,-0.0100682,0.053069
3712,3.84839,2.93288,-505.844,-0.00675875,-0.0125642,0.0135127,0.019694,4.033,3.03709,-505.638,-0.00716901,-0.0115532,0.0138769,0.0194298
3713,3.84839,2.93288,-505.844,-0.00353071,0.0229056,0.0342154,0.0413498,4.033,3.03709,-505.638,-0.00399082,0.0248456,0.0350897,0.0431807
3714,3.84839,2.93288,-505.844,-0.000727221,0.0542534,0.0520163,0.0751752,4.033,3.03709,-505.638,-0.00119487,0.0568861,0.0531312,0.0778487
3715,3.84839,2.93288,-505.844,0.0014892,0.0805262,0.0655228,0.103833,4.033,3.03709,-505.638,0.00101794,0.0835727,0.0670168,0.107129
3716,3.84839,2.93288,-505.844,0.00253389,0.101226,0.0728408,0.12474,4.033,3.03709,-505.638,0.00205907,0.104547,0.0743098,0.128282
3717,3.84839,2.93288,-505.844,0.00246961,0.11513,0.0752118,0.137545,4.033,3.03709,-505.638,0.00198901,0.118519,0.0768913,0.14129
3718,3.84839,2.93288,-505.844,0.00196345,0.121027,0.0733121,0.141516,4.033,3.03709,-505.638,0.00148338,0.124391,0.0748396,0.145177
3719,3.84839,2.93288,-505.844,0.000852104,0.11948,0.0679284,0.137445,4.033,3.03709,-505.638,0.000381164,0.122581,0.0695659,0.140947
3720,3.84839,2.93288,-505.844,-0.000361807,0.111406,0.0585844,0.125874,4.033,3.03709,-505.638,-0.000821807,0.114199,0.0601903,0.129093
3721,3.84839,2.93288,-505.844,-0.00195843,0.0979176,0.0450378,0.107799,4.033,3.03709,-505.638,-0.00237184,0.100263,0.0461278,0.110391
3722,3.84839,2.93288,-505.844,-0.00398566,0.0799156,0.030113,0.0854975,4.033,3.03709,-505.638,-0.00440401,0.0817146,0.0310087,0.0875117
3723,3.84839,2.93288,-505.844,-0.00668892,0.0582279,0.0144206,0.0603673,4.033,3.03709,-505.638,-0.00711231,0.0593184,0.0149619,0.06159
3724,3.84839,2.93288,-505.844,-0.0100588,0.0347492,-0.00197182,0.0362391,4.033,3.03709,-505.638,-0.0104749,0.0351332,-0.00171371,0.0367026
3725,3.84839,2.93288,-505.844,-0.0127536,0.0109259,-0.0182458,0.0248124,4.033,3.03709,-505.638,-0.0131953,0.0105525,-0.0182307,0.024858
3726,3.84839,2.93288,-505.844,-0.0151245,-0.0114638,-0.0325838,0.0377301,4.033,3.03709,-505.638,-0.0155272,-0.0125186,-0.0326626,0.0382727
3727,3.84839,2.93288,-505.844,-0.0167789,-0.0319245,-0.046015,0.0584868,4.033,3.03709,-505.638,-0.0171312,-0.0335457,-0.0463821,0.0597528
3728,3.84839,2.93288,-505.844,-0.0180555,-0.0495892,-0.0561299,0.0770611,4.033,3.03709,-505.638,-0.0184134,-0.051695,-0.0568017,0.078982
3729,3.84839,2.93288,-505.844,-0.0190613,-0.0637209,-0.0618787,0.0908614,4.033,3.03709,-505.638,-0.0193555,-0.0660707,-0.0624265,0.0929375
3730,3.84839,2.93288,-505.844,-0.019648,-0.0729253,-0.0654009,0.0999204,4.033,3.03709,-505.638,-0.0199649,-0.0754124,-0.0661945,0.102312
3731,3.84839,2.93288,-505.844,-0.0195574,-0.0772011,-0.0659367,0.103407,4.033,3.03709,-505.638,-0.0198131,-0.0797073,-0.0665729,0.105726
3732,3.84839,2.93288,-505.844,-0.018672,-0.0773458,-0.062337,0.101091,4.033,3.03709,-505.638,-0.0189392,-0.0796769,-0.0628588,0.103241
3733,3.84839,2.93288,-505.844,-0.0177388,-0.0733862,-0.0554124,0.0936592,4.033,3.03709,-505.638,-0.017993,-0.0754745,-0.0561004,0.0957475
3734,3.84839,2.93288,-505.844,-0.0165488,-0.0656142,-0.0462071,0.0819463,4.033,3.03709,-505.638,-0.0167944,-0.0673174,-0.0466881,0.083628
3735,3.84839,2.93288,-505.844,-0.0155434,-0.0546538,-0.0367855,0.0676968,4.033,3.03709,-505.638,-0.0158555,-0.0559608,-0.0371074,0.0689938
3736,3.84839,2.93288,-505.844,-0.0143195,-0.0415064,-0.0256601,0.0508612,4.033,3.03709,-505.638,-0.0146526,-0.0422753,-0.0257382,0.0516184
3737,3.84839,2.93288,-505.844,-0.012803,-0.0274803,-0.0136622,0.0332568,4.033,3.03709,-505.638,-0.0131717,-0.0277514,-0.0137567,0.0336592
3738,3.84839,2.93288,-505.844,-0.0104665,-0.0134244,-0.00275778,0.0172554,4.033,3.03709,-505.638,-0.0108293,-0.0132675,-0.00267111,0.0173345
3739,3.84839,2.93288,-505.844,-0.00797787,-7.68995e-06,0.00797432,0.0113078,4.033,3.03709,-505.638,-0.00838409,0.000614517,0.00808759,0.0116665
3740,3.84839,2.93288,-505.844,-0.0054233,0.01226,0.0161848,0.0210235,4.033,3.03709,-505.638,-0.00580734,0.0132284,0.0166922,0.022076
3741,3.84839,2.93288,-505.844,-0.00351661,0.0226684,0.022847,0.0323827,4.033,3.03709,-505.638,-0.0039545,0.0239879,0.023528,0.0338325
3742,3.84839,2.93288,-505.844,-0.00196319,0.0307542,0.0283285,0.041866,4.033,3.03709,-505.638,-0.00241332,0.0322845,0.029009,0.0434701
3743,3.84839,2.93288,-505.844,-0.000771078,0.0358523,0.0314461,0.0477031,4.033,3.03709,-505.638,-0.00127232,0.0374679,0.0321415,0.0493817
3744,3.84839,2.93288,-505.844,0.000117963,0.0382377,0.0321153,0.0499438,4.033,3.03709,-505.638,-0.000364898,0.0398809,0.032703,0.0515766
3745,3.84839,2.93288,-505.844,0.000384468,0.0378741,0.0307523,0.0487973,4.033,3.03709,-505.638,-0.000108629,0.0394554,0.0311983,0.0503001
3746,3.84839,2.93288,-505.844,-0.000188939,0.0349887,0.027307,0.0443906,4.033,3.03709,-505.638,-0.000690777,0.0363764,0.0278382,0.0458117
3747,3.84839,2.93288,-505.844,-0.00136009,0.0298118,0.0223717,0.0373036,4.033,3.03709,-505.638,-0.00181779,0.0310119,0.0228696,0.0385757
3748,3.84839,2.93288,-505.844,-0.00272585,0.0229285,0.0160624,0.028134,4.033,3.03709,-505.638,-0.00321215,0.0238341,0.0164275,0.0291251
3749,3.84839,2.93288,-505.844,-0.00420397,0.0149484,0.0089033,0.017909,4.033,3.03709,-505.638,-0.00467479,0.015488,0.00901891,0.0185227
3750,3.84839,2.93288,-505.844,-0.00560836,0.00635277,0.000547024,0.00852481,4.033,3.03709,-505.638,-0.00605515,0.00659232,0.000773438,0.00899131
3751,3.84839,2.93288,-505.844,-0.00705836,-0.00255552,-0.0065568,0.00997754,4.033,3.03709,-505.638,-0.00744905,-0.00267278,-0.00669138,0.0103648
3752,3.84839,2.93288,-505.844,-0.008622,-0.0108418,-0.014244,0.0198813,4.033,3.03709,-505.638,-0.00900709,-0.0112891,-0.0143388,0.0203533
3753,3.84839,2.93288,-505.844,-0.0104748,-0.0183201,-0.0209659,0.0297566,4.033,3.03709,-505.638,-0.0108551,-0.0189896,-0.0211361,0.0304179
3754,3.84839,2.93288,-505.844,-0.0120155,-0.0244211,-0.0252215,0.0371143,4.033,3.03709,-505.638,-0.0123785,-0.0253411,-0.025554,0.038059
3755,3.84839,2.93288,-505.844,-0.0133697,-0.0288634,-0.0293582,0.0432961,4.033,3.03709,-505.638,-0.0137566,-0.0298889,-0.0295788,0.0442446
3756,3.84839,2.93288,-505.844,-0.014273,-0.0314881,-0.0317137,0.0469223,4.033,3.03709,-505.638,-0.0146146,-0.0325814,-0.0320958,0.0480143
3757,3.84839,2.93288,-505.844,-0.0148118,-0.0322861,-0.0320212,0.0478315,4.033,3.03709,-505.638,-0.0151164,-0.0334221,-0.0322681,0.0488554
3758,3.84839,2.93288,-505.844,-0.0150184,-0.0309882,-0.0313424,0.0465706,4.033,3.03709,-505.638,-0.0153753,-0.0320972,-0.031634,0.0476174
3759,3.84839,2.93288,-505.844,-0.0150461,-0.027763,-0.0293875,0.0431465,4.033,3.03709,-505.638,-0.0153679,-0.0287483,-0.0295917,0.0440274
3760,3.84839,2.93288,-505.844,-0.0145691,-0.0230051,-0.0263192,0.0378775,4.033,3.03709,-505.638,-0.0149087,-0.0238809,-0.0266953,0.0387978
3761,3.84839,2.93288,-505.844,-0.0136026,-0.017198,-0.0219897,0.0310638,4.033,3.03709,-505.638,-0.0139518,-0.0178506,-0.0219922,0.0315757
3762,3.84839,2.93288,-505.844,-0.0123799,-0.0106247,-0.017514,0.0239449,4.033,3.03709,-505.638,-0.0127087,-0.0110612,-0.0174206,0.0242363
3763,3.84839,2.93288,-505.844,-0.0110642,-0.00395109,-0.0129768,0.0175203,4.033,3.03709,-505.638,-0.0114174,-0.00413143,-0.01281,0.0176525
3764,3.84839,2.93288,-505.844,-0.0099805,0.00260126,-0.00833788,0.0132799,4.033,3.03709,-505.638,-0.010365,0.00266519,-0.00821898,0.0134972
3765,3.84839,2.93288,-505.844,-0.00903133,0.00857729,-0.00324261,0.0129048,4.033,3.03709,-505.638,-0.00942033,0.00888581,-0.00287194,0.0132699
3766,3.84839,2.93288,-505.844,-0.00811276,0.0136912,0.000650563,0.0159473,4.033,3.03709,-505.638,-0.00849254,0.0141919,0.000982735,0.0165712
3767,3.84839,2.93288,-505.844,-0.00724154,0.0173224,0.00408429,0.0192313,4.033,3.03709,-505.638,-0.00763286,0.0180058,0.00430309,0.0200289
3768,3.84839,2.93288,-505.844,-0.0063029,0.019517,0.00655259,0.0215532,4.033,3.03709,-505.638,-0.00670745,0.0202707,0.00697397,0.0224661
3769,3.84839,2.93288,-505.844,-0.00528215,0.0201332,0.00903013,0.0226969,4.033,3.03709,-505.638,-0.00569044,0.0209723,0.00929783,0.0236375
3770,3.84839,2.93288,-505.844,-0.00468341,0.0194467,0.00897293,0.0219331,4.033,3.03709,-505.638,-0.00510834,0.0202605,0.00931337,0.0228781
3771,3.84839,2.93288,-505.844,-0.00430835,0.017197,0.00881623,0.0198064,4.033,3.03709,-505.638,-0.00475493,0.0179791,0.00908073,0.0206964
3772,3.84839,2.93288,-505.844,-0.00425638,0.0137349,0.00777669,0.0163594,4.033,3.03709,-505.638,-0.00471658,0.0144151,0.00780775,0.0170597
3773,3.84839,2.93288,-505.844,-0.00431345,0.00936741,0.00528001,0.0115979,4.033,3.03709,-505.638,-0.00477872,0.00991702,0.00552775,0.0123199
3774,3.84839,2.93288,-505.844,-0.00465751,0.00416746,0.00326445,0.00705993,4.033,3.03709,-505.638,-0.00511522,0.00454637,0.00342091,0.00765179
3775,3.84839,2.93288,-505.844,-0.00507353,-0.00113132,-0.000237857,0.00522841,4.033,3.03709,-505.638,-0.00550729,-0.0009245,-0.000383238,0.00559922
3776,3.84839,2.93288,-505.844,-0.00600014,-0.00645585,-0.00402532,0.00971531,4.033,3.03709,-505.638,-0.00643065,-0.00641393,-0.00399897,0.00992812
3777,3.84839,2.93288,-505.844,-0.00721287,-0.0114042,-0.00685732,0.0151504,4.033,3.03709,-505.638,-0.00759061,-0.0115401,-0.00685655,0.0154229
3778,3.84839,2.93288,-505.844,-0.00824297,-0.015859,-0.0105875,0.0207834,4.033,3.03709,-505.638,-0.00865179,-0.0161143,-0.0107135,0.0211984
3779,3.84839,2.93288,-505.844,-0.00916175,-0.0194065,-0.0132937,0.0252495,4.033,3.03709,-505.638,-0.00954159,-0.0197859,-0.0134593,0.0257627
3780,3.84839,2.93288,-505.844,-0.00995858,-0.0219073,-0.0159722,0.0288864,4.033,3.03709,-505.638,-0.0103322,-0.0224064,-0.016228,0.0295328
3781,3.84839,2.93288,-505.844,-0.0103253,-0.0234453,-0.0187473,0.0317509,4.033,3.03709,-505.638,-0.0106869,-0.0239862,-0.018867,0.0323352
3782,3.84839,2.93288,-505.844,-0.0109584,-0.0236741,-0.0202654,0.0330371,4.033,3.03709,-505.638,-0.0113702,-0.0242697,-0.0205523,0.0337749
3783,3.84839,2.93288,-505.844,-0.0113816,-0.0224823,-0.0209732,0.0327943,4.033,3.03709,-505.638,-0.0117547,-0.0231098,-0.0210058,0.0333704
3784,3.84839,2.93288,-505.844,-0.0117,-0.0202893,-0.0214689,0.0317801,4.033,3.03709,-505.638,-0.0120768,-0.0208458,-0.0216864,0.032416
3785,3.84839,2.93288,-505.844,-0.011691,-0.0172941,-0.0204268,0.0292139,4.033,3.03709,-505.638,-0.0120439,-0.0178144,-0.0205755,0.0297629
3786,3.84839,2.93288,-505.844,-0.0118005,-0.0130987,-0.018619,0.0256519,4.033,3.03709,-505.638,-0.0121952,-0.0135484,-0.0186388,0.0260725
3787,3.84839,2.93288,-505.844,-0.0115837,-0.00869272,-0.0170151,0.0223529,4.033,3.03709,-505.638,-0.0119424,-0.00899969,-0.016962,0.0226134
3788,3.84839,2.93288,-505.844,-0.0113563,-0.00365195,-0.0149107,0.0191031,4.033,3.03709,-505.638,-0.0117304,-0.00387337,-0.0149007,0.0193565
3789,3.84839,2.93288,-505.844,-0.01095,0.00149975,-0.0125145,0.0167041,4.033,3.03709,-505.638,-0.0113013,0.00146247,-0.0124231,0.0168587
3790,3.84839,2.93288,-505.844,-0.0105366,0.00637124,-0.0109789,0.0165168,4.033,3.03709,-505.638,-0.0109133,0.00641729,-0.0107914,0.0166383
3791,3.84839,2.93288,-505.844,-0.00997224,0.0107014,-0.00837394,0.0168702,4.033,3.03709,-505.638,-0.0103545,0.0108515,-0.00820875,0.0171003
3792,3.84839,2.93288,-505.844,-0.00910223,0.0143487,-0.00676565,0.0183095,4.033,3.03709,-505.638,-0.00946309,0.0146517,-0.00657097,0.0186419
3793,3.84839,2.93288,-505.844,-0.00819509,0.0168587,-0.00468653,0.0193382,4.033,3.03709,-505.638,-0.00858381,0.0172337,-0.00436772,0.0197444
3794,3.84839,2.93288,-505.844,-0.00730509,0.0184531,-0.00350236,0.0201773,4.033,3.03709,-505.638,-0.00771844,0.0188931,-0.00310355,0.0206471
3795,3.84839,2.93288,-505.844,-0.0069502,0.0189845,-0.00319605,0.0204988,4.033,3.03709,-505.638,-0.00735573,0.0194419,-0.00290668,0.0209949
3796,3.84839,2.93288,-505.844,-0.00646226,0.018281,-0.00242206,0.0195594,4.033,3.03709,-505.638,-0.00688477,0.0188015,-0.00231578,0.0201591
3797,3.84839,2.93288,-505.844,-0.00605121,0.0165757,-0.00284839,0.0178986,4.033,3.03709,-505.638,-0.00647007,0.0170747,-0.00249071,0.0184318
3798,3.84839,2.93288,-505.844,-0.00579996,0.0139168,-0.00376561,0.0155622,4.033,3.03709,-505.638,-0.00623786,0.0143859,-0.0035606,0.0160831
3799,3.84839,2.93288,-505.844,-0.00567089,0.0104464,-0.00471538,0.0128135,4.033,3.03709,-505.638,-0.00613324,0.0108418,-0.00462631,0.013292
3800,3.84839,2.93288,-505.844,-0.00564027,0.00648513,-0.00665881,0.0109117,4.033,3.03709,-505.638,-0.0060686,0.0067586,-0.0065224,0.0111884
3801,3.84839,2.93288,-505.844,-0.00591534,0.0022505,-0.00783139,0.0100937,4.033,3.03709,-505.638,-0.0063224,0.0024223,-0.00777092,0.0103099
3802,3.84839,2.93288,-505.844,-0.00633813,-0.00213283,-0.00996729,0.0120187,4.033,3.03709,-505.638,-0.00677682,-0.00206402,-0.0099879,0.0122467
3803,3.84839,2.93288,-505.844,-0.00667687,-0.00644258,-0.0108343,0.0142759,4.033,3.03709,-505.638,-0.00708619,-0.00646752,-0.0110075,0.0146029
3804,3.84839,2.93288,-505.844,-0.00714879,-0.0103092,-0.0131601,0.0181965,4.033,3.03709,-505.638,-0.00754243,-0.0104619,-0.0131353,0.0184108
3805,3.84839,2.93288,-505.844,-0.00777754,-0.0135601,-0.0144698,0.0213082,4.033,3.03709,-505.638,-0.00816591,-0.0138004,-0.0145801,0.0216738
3806,3.84839,2.93288,-505.844,-0.00847005,-0.0159248,-0.0166918,0.0245829,4.033,3.03709,-505.638,-0.00887561,-0.0161914,-0.016905,0.0250354
3807,3.84839,2.93288,-505.844,-0.0096106,-0.0175981,-0.0179453,0.026917,4.033,3.03709,-505.638,-0.0100125,-0.0179312,-0.0180635,0.0273521
3808,3.84839,2.93288,-505.844,-0.0106339,-0.0183383,-0.0181321,0.0279022,4.033,3.03709,-505.638,-0.0110425,-0.0187004,-0.0181481,0.0283029
3809,3.84839,2.93288,-505.844,-0.0113538,-0.0180623,-0.0190201,0.0285891,4.033,3.03709,-505.638,-0.0117379,-0.0184043,-0.0189862,0.0289316
3810,3.84839,2.93288,-505.844,-0.0119356,-0.0172105,-0.0186763,0.0280706,4.033,3.03709,-505.638,-0.0122758,-0.0175786,-0.018833,0.0285391
3811,3.84839,2.93288,-505.844,-0.0121719,-0.0156267,-0.0184003,0.0270455,4.033,3.03709,-505.638,-0.012566,-0.0159175,-0.0182825,0.0273058
3812,3.84839,2.93288,-505.844,-0.0126359,-0.0131923,-0.0168883,0.0248809,4.033,3.03709,-505.638,-0.0130131,-0.0134923,-0.0170633,0.0253487
3813,3.84839,2.93288,-505.844,-0.0127746,-0.0102075,-0.016492,0.0232357,4.033,3.03709,-505.638,-0.0131498,-0.0104892,-0.0164721,0.0235452
3814,3.84839,2.93288,-505.844,-0.0130146,-0.00696872,-0.0150192,0.0210663,4.033,3.03709,-505.638,-0.0133953,-0.00718134,-0.015112,0.0214339
3815,3.84839,2.93288,-505.844,-0.0128489,-0.00346116,-0.0137564,0.019147,4.033,3.03709,-505.638,-0.0132008,-0.00353375,-0.0136818,0.0193383
3816,3.84839,2.93288,-505.844,-0.0125667,0.000187949,-0.0123345,0.0176231,4.033,3.03709,-505.638,-0.0129543,0.000191745,-0.0122855,0.0178569
3817,3.84839,2.93288,-505.844,-0.0124374,0.00372564,-0.0109847,0.0170157,4.033,3.03709,-505.638,-0.0127799,0.00378882,-0.01094,0.0172455
3818,3.84839,2.93288,-505.844,-0.0121736,0.00705717,-0.00959126,0.017043,4.033,3.03709,-505.638,-0.0125606,0.00722326,-0.00937215,0.0172578
3819,3.84839,2.93288,-505.844,-0.0119364,0.00980126,-0.00807826,0.0174589,4.033,3.03709,-505.638,-0.012304,0.010031,-0.00766394,0.0176326
3820,3.84839,2.93288,-505.844,-0.0116989,0.012213,-0.00761298,0.0185776,4.033,3.03709,-505.638,-0.0121073,0.0124686,-0.00717313,0.0188066
3821,3.84839,2.93288,-505.844,-0.0113322,0.0137666,-0.00717168,0.0192328,4.033,3.03709,-505.638,-0.0117352,0.0140795,-0.00692982,0.0195965
3822,3.84839,2.93288,-505.844,-0.0107566,0.0145866,-0.00667859,0.0193358,4.033,3.03709,-505.638,-0.0111499,0.0149153,-0.00635492,0.0196786
3823,3.84839,2.93288,-505.844,-0.0100422,0.0146636,-0.00736464,0.019258,4.033,3.03709,-505.638,-0.0104323,0.0149932,-0.00698986,0.0195594
3824,3.84839,2.93288,-505.844,-0.00952994,0.0140132,-0.00750082,0.0185614,4.033,3.03709,-505.638,-0.00992959,0.0143164,-0.00709702,0.0188174
3825,3.84839,2.93288,-505.844,-0.00926639,0.0126504,-0.00868408,0.0179463,4.033,3.03709,-505.638,-0.00964303,0.0128954,-0.00840395,0.0181663
3826,3.84839,2.93288,-505.844,-0.00893207,0.0107102,-0.0100038,0.0171751,4.033,3.03709,-505.638,-0.00931773,0.0109268,-0.00990955,0.0174489
3827,3.84839,2.93288,-505.844,-0.00852848,0.00798822,-0.0106599,0.0158292,4.033,3.03709,-505.638,-0.00892908,0.00818624,-0.010583,0.0160866
3828,3.84839,2.93288,-505.844,-0.0080577,0.00513818,-0.0121263,0.0154556,4.033,3.03709,-505.638,-0.00847751,0.00522769,-0.0119095,0.0155272
3829,3.84839,2.93288,-505.844,-0.00769119,0.00201321,-0.0127603,0.0150439,4.033,3.03709,-505.638,-0.00811694,0.00208159,-0.0128307,0.0153255
3830,3.84839,2.93288,-505.844,-0.00773209,-0.00110164,-0.014784,0.0167337,4.033,3.03709,-505.638,-0.00817092,-0.00110076,-0.0148657,0.0170004
3831,3.84839,2.93288,-505.844,-0.00750456,-0.00411536,-0.0152216,0.0174708,4.033,3.03709,-505.638,-0.00791967,-0.00419397,-0.0152653,0.017702
3832,3.84839,2.93288,-505.844,-0.0075599,-0.00688576,-0.0170405,0.0198858,4.033,3.03709,-505.638,-0.00797045,-0.00700539,-0.0170837,0.0201128
3833,3.84839,2.93288,-505.844,-0.00743253,-0.00929665,-0.0170974,0.0208397,4.033,3.03709,-505.638,-0.00785387,-0.00950092,-0.0171279,0.0211031
3834,3.84839,2.93288,-505.844,-0.00740302,-0.0113374,-0.0177791,0.0223553,4.033,3.03709,-505.638,-0.00781331,-0.011556,-0.0178973,0.0226923
3835,3.84839,2.93288,-505.844,-0.00758373,-0.0127766,-0.0179835,0.0233328,4.033,3.03709,-505.638,-0.00796244,-0.0129876,-0.0180795,0.0236425
3836,3.84839,2.93288,-505.844,-0.0077723,-0.0134797,-0.0182254,0.0239734,4.033,3.03709,-505.638,-0.008189,-0.0137134,-0.0182664,0.0242659
3837,3.84839,2.93288,-505.844,-0.00849282,-0.0137541,-0.0185524,0.0246166,4.033,3.03709,-505.638,-0.00891124,-0.0139618,-0.0185035,0.0248352
3838,3.84839,2.93288,-505.844,-0.00912301,-0.0134458,-0.0169905,0.0235171,4.033,3.03709,-505.638,-0.00957364,-0.0136681,-0.0169397,0.0237793
3839,3.84839,2.93288,-505.844,-0.00959378,-0.0124793,-0.0166728,0.0229358,4.033,3.03709,-505.638,-0.00998117,-0.0126512,-0.016678,0.023192
3840,3.84839,2.93288,-505.844,-0.00994466,-0.0111956,-0.0155994,0.0216299,4.033,3.03709,-505.638,-0.0103468,-0.0113497,-0.0156436,0.0219231
3841,3.84839,2.93288,-505.844,-0.0102582,-0.00954551,-0.0146415,0.0202737,4.033,3.03709,-505.638,-0.0106355,-0.00964545,-0.0147277,0.0205695
3842,3.84839,2.93288,-505.844,-0.0107344,-0.00736766,-0.0143228,0.0193686,4.033,3.03709,-505.638,-0.0111281,-0.00745411,-0.0144216,0.0196841
3843,3.84839,2.93288,-505.844,-0.0110357,-0.00524512,-0.0131051,0.0179304,4.033,3.03709,-505.638,-0.0114525,-0.00531165,-0.0130262,0.0181416
3844,3.84839,2.93288,-505.844,-0.0114311,-0.00277611,-0.0117494,0.0166404,4.033,3.03709,-505.638,-0.0118291,-0.00278701,-0.0116461,0.0168343
3845,3.84839,2.93288,-505.844,-0.0115226,-0.000476164,-0.0117172,0.0164575,4.033,3.03709,-505.638,-0.0119009,-0.000399553,-0.0117151,0.0167072
3846,3.84839,2.93288,-505.844,-0.0116704,0.00179615,-0.0109014,0.0160774,4.033,3.03709,-505.638,-0.0120557,0.00188871,-0.0108703,0.0163429
3847,3.84839,2.93288,-505.844,-0.0117215,0.00382216,-0.0100431,0.0159271,4.033,3.03709,-505.638,-0.0120898,0.00396515,-0.0100292,0.0162059
3848,3.84839,2.93288,-505.844,-0.0118453,0.00560179,-0.0103314,0.0167097,4.033,3.03709,-505.638,-0.0121932,0.00576702,-0.0101842,0.0169054
3849,3.84839,2.93288,-505.844,-0.0118449,0.00698808,-0.0102519,0.0171696,4.033,3.03709,-505.638,-0.0122577,0.0071879,-0.0102568,0.0175275
3850,3.84839,2.93288,-505.844,-0.0118259,0.00798246,-0.0102003,0.0175629,4.033,3.03709,-505.638,-0.0122026,0.00816142,-0.0100556,0.0177986
3851,3.84839,2.93288,-505.844,-0.0115816,0.00838655,-0.0100528,0.0174939,4.033,3.03709,-505.638,-0.0119386,0.00857173,-0.0099554,0.0177536
3852,3.84839,2.93288,-505.844,-0.0113322,0.00839224,-0.0109161,0.0178487,4.033,3.03709,-505.638,-0.0117009,0.00859467,-0.0108728,0.0181409
3853,3.84839,2.93288,-505.844,-0.0107691,0.00784297,-0.0116079,0.0176851,4.033,3.03709,-505.638,-0.0111431,0.00801031,-0.0114869,0.0178988
3854,3.84839,2.93288,-505.844,-0.0105217,0.00684218,-0.0117817,0.017225,4.033,3.03709,-505.638,-0.0108919,0.00699688,-0.0116319,0.0174049
3855,3.84839,2.93288,-505.844,-0.0103191,0.00553054,-0.0129584,0.0174803,4.033,3.03709,-505.638,-0.010703,0.00566699,-0.0129136,0.0177064
3856,3.84839,2.93288,-505.844,-0.00986304,0.00366529,-0.0135594,0.0171744,4.033,3.03709,-505.638,-0.0102564,0.00376794,-0.0136053,0.0174512
3857,3.84839,2.93288,-505.844,-0.00949432,0.00173348,-0.0134864,0.0165929,4.033,3.03709,-505.638,-0.00989672,0.00175196,-0.0134244,0.0167706
3858,3.84839,2.93288,-505.844,-0.00891572,-0.000574788,-0.0145024,0.0170432,4.033,3.03709,-505.638,-0.00932209,-0.000581162,-0.0146494,0.0173748
3859,3.84839,2.93288,-505.844,-0.0086317,-0.00260704,-0.014537,0.0171143,4.033,3.03709,-505.638,-0.00903937,-0.00265137,-0.0145866,0.0173648
3860,3.84839,2.93288,-505.844,-0.00841227,-0.00467923,-0.0153645,0.0181424,4.033,3.03709,-505.638,-0.00884347,-0.00473865,-0.0153872,0.0183708
3861,3.84839,2.93288,-505.844,-0.00816046,-0.00658146,-0.0155872,0.0187963,4.033,3.03709,-505.638,-0.00859699,-0.0066771,-0.0155693,0.0189986
3862,3.84839,2.93288,-505.844,-0.00815045,-0.00823211,-0.0152552,0.0191626,4.033,3.03709,-505.638,-0.00856538,-0.00834988,-0.0153282,0.0194439
3863,3.84839,2.93288,-505.844,-0.00784444,-0.00960414,-0.0150906,0.0195422,4.033,3.03709,-505.638,-0.00827029,-0.00976349,-0.0150886,0.0197849
3864,3.84839,2.93288,-505.844,-0.00787244,-0.0105592,-0.0152661,0.0201709,4.033,3.03709,-505.638,-0.00830411,-0.010681,-0.0152269,0.0203702
3865,3.84839,2.93288,-505.844,-0.00797462,-0.0113108,-0.0139592,0.0196649,4.033,3.03709,-505.638,-0.00839547,-0.0114619,-0.0138876,0.0198684
3866,3.84839,2.93288,-505.844,-0.00816016,-0.01135,-0.0142748,0.019989,4.033,3.03709,-505.638,-0.00859303,-0.0114923,-0.0141873,0.0201802
3867,3.84839,2.93288,-505.844,-0.00842384,-0.0112289,-0.0131315,0.0192305,4.033,3.03709,-505.638,-0.00885375,-0.0113581,-0.0130637,0.0194444
3868,3.84839,2.93288,-505.844,-0.00858271,-0.0106425,-0.0119237,0.018147,4.033,3.03709,-505.638,-0.0089772,-0.010728,-0.0120592,0.0184695
3869,3.84839,2.93288,-505.844,-0.00877692,-0.00969433,-0.0121389,0.0178554,4.033,3.03709,-505.638,-0.0092169,-0.00979121,-0.0120512,0.0180588
3870,3.84839,2.93288,-505.844,-0.00903916,-0.00852863,-0.0117799,0.0171336,4.033,3.03709,-505.638,-0.00942726,-0.00859751,-0.0116976,0.0173107
3871,3.84839,2.93288,-505.844,-0.00935138,-0.00718513,-0.0105908,0.0158611,4.033,3.03709,-505.638,-0.00972848,-0.00724287,-0.0105088,0.0160495
3872,3.84839,2.93288,-505.844,-0.00973643,-0.0055137,-0.0102353,0.0151736,4.033,3.03709,-505.638,-0.0101089,-0.00556984,-0.0102061,0.0154084
3873,3.84839,2.93288,-505.844,-0.0101404,-0.00384402,-0.0100544,0.014802,4.033,3.03709,-505.638,-0.0105361,-0.00386126,-0.00992528,0.0149831
3874,3.84839,2.93288,-505.844,-0.0104017,-0.0021396,-0.00953476,0.0142835,4.033,3.03709,-505.638,-0.0108059,-0.00211718,-0.00943011,0.0144991
3875,3.84839,2.93288,-505.844,-0.0106353,-0.00065842,-0.00892153,0.0139036,4.033,3.03709,-505.638,-0.0110559,-0.000596865,-0.00892181,0.0142197
3876,3.84839,2.93288,-505.844,-0.0104816,0.000745575,-0.00922219,0.0139956,4.033,3.03709,-505.638,-0.0108825,0.000830468,-0.00909919,0.0142115
3877,3.84839,2.93288,-505.844,-0.0105762,0.00212126,-0.00926149,0.0142379,4.033,3.03709,-505.638,-0.0109836,0.00223605,-0.00923831,0.0145292
3878,3.84839,2.93288,-505.844,-0.0105756,0.00315666,-0.00888079,0.0141778,4.033,3.03709,-505.638,-0.0109755,0.00327863,-0.00892251,0.0145213
3879,3.84839,2.93288,-505.844,-0.010546,0.00406673,-0.00922085,0.0146006,4.033,3.03709,-505.638,-0.0109366,0.0041698,-0.00914123,0.014853
3880,3.84839,2.93288,-505.844,-0.0103296,0.00448882,-0.0100025,0.0150806,4.033,3.03709,-505.638,-0.010742,0.0045945,-0.00987678,0.0153015
3881,3.84839,2.93288,-505.844,-0.0100317,0.00469776,-0.0100829,0.014991,4.033,3.03709,-505.638,-0.0104256,0.00482527,-0.0099261,0.0151835
3882,3.84839,2.93288,-505.844,-0.00982154,0.0046142,-0.0104396,0.0150756,4.033,3.03709,-505.638,-0.0102189,0.00473842,-0.0104157,0.0153445
3883,3.84839,2.93288,-505.844,-0.00943857,0.00415274,-0.0112017,0.0152476,4.033,3.03709,-505.638,-0.00983952,0.00423401,-0.0111018,0.0154307
3884,3.84839,2.93288,-505.844,-0.00901368,0.0033943,-0.0117312,0.0151945,4.033,3.03709,-505.638,-0.00941345,0.00344465,-0.0116004,0.015333
3885,3.84839,2.93288,-505.844,-0.00886826,0.00236722,-0.0120621,0.0151685,4.033,3.03709,-505.638,-0.00927425,0.00242981,-0.0123184,0.0156111
3886,3.84839,2.93288,-505.844,-0.00835196,0.00107288,-0.0121738,0.0148192,4.033,3.03709,-505.638,-0.00876453,0.00113657,-0.0120301,0.0149298
3887,3.84839,2.93288,-505.844,-0.00793416,-0.000235867,-0.0129882,0.0152393,4.033,3.03709,-505.638,-0.00835144,-0.000210979,-0.0129824,0.015441
3888,3.84839,2.93288,-505.844,-0.00771936,-0.00151601,-0.0129267,0.0151431,4.033,3.03709,-505.638,-0.00815404,-0.00154617,-0.01298,0.0154075
3889,3.84839,2.93288,-505.844,-0.00760358,-0.00288407,-0.0127149,0.0151027,4.033,3.03709,-505.638,-0.0080257,-0.00290925,-0.0127861,0.015375
3890,3.84839,2.93288,-505.844,-0.00765295,-0.00407364,-0.0137202,0.0162433,4.033,3.03709,-505.638,-0.00808298,-0.00412283,-0.0136247,0.0163711
3891,3.84839,2.93288,-505.844,-0.00778496,-0.00512651,-0.0131129,0.0160974,4.033,3.03709,-505.638,-0.00821435,-0.00516907,-0.0132129,0.0163952
3892,3.84839,2.93288,-505.844,-0.00798331,-0.0060378,-0.0135286,0.0168405,4.033,3.03709,-505.638,-0.00840732,-0.00611742,-0.0134032,0.0169644
3893,3.84839,2.93288,-505.844,-0.00816854,-0.00671217,-0.0138014,0.0174,4.033,3.03709,-505.638,-0.00860609,-0.00679242,-0.0138428,0.0176606
3894,3.84839,2.93288,-505.844,-0.00852724,-0.00724166,-0.013822,0.01779,4.033,3.03709,-505.638,-0.00895606,-0.00733908,-0.013883,0.0180787
3895,3.84839,2.93288,-505.844,-0.00886181,-0.0074321,-0.0131047,0.0174883,4.033,3.03709,-505.638,-0.00929198,-0.00754267,-0.013193,0.0178139
3896,3.84839,2.93288,-505.844,-0.00917368,-0.00751237,-0.013392,0.0178934,4.033,3.03709,-505.638,-0.00962651,-0.00758206,-0.0135766,0.0182893
3897,3.84839,2.93288,-505.844,-0.00968892,-0.00716346,-0.013611,0.0181845,4.033,3.03709,-505.638,-0.0101027,-0.00725573,-0.0136492,0.0184668
3898,3.84839,2.93288,-505.844,-0.00990622,-0.00663712,-0.0133879,0.0179393,4.033,3.03709,-505.638,-0.0103063,-0.00670861,-0.0133115,0.0181239
3899,3.84839,2.93288,-505.844,-0.0103917,-0.00606067,-0.0123309,0.0172355,4.033,3.03709,-505.638,-0.0108055,-0.00610473,-0.0123961,0.0175423
3900,3.84839,2.93288,-505.844,-0.0107106,-0.00512976,-0.0123062,0.0171091,4.033,3.03709,-505.638,-0.0111169,-0.00513956,-0.0122669,0.0173349
3901,3.84839,2.93288,-505.844,-0.0110013,-0.00424196,-0.0121476,0.0169383,4.033,3.03709,-505.638,-0.0113734,-0.00426549,-0.0120452,0.0171083
3902,3.84839,2.93288,-505.844,-0.011226,-0.00311181,-0.0118348,0.0166197,4.033,3.03709,-505.638,-0.0116348,-0.00310735,-0.0116955,0.0167891
3903,3.84839,2.93288,-505.844,-0.0115928,-0.00202972,-0.0114765,0.0164453,4.033,3.03709,-505.638,-0.0119667,-0.00202992,-0.0114885,0.0167133
3904,3.84839,2.93288,-505.844,-0.0117119,-0.000876629,-0.0117367,0.0166129,4.033,3.03709,-505.638,-0.0121072,-0.00083115,-0.0117865,0.0169188
3905,3.84839,2.93288,-505.844,-0.0116727,7.61099e-05,-0.0113657,0.0163043,4.033,3.03709,-505.638,-0.0120401,0.000117362,-0.0113618,0.0165571
3906,3.84839,2.93288,-505.844,-0.0114644,0.001135,-0.0108372,0.0158254,4.033,3.03709,-505.638,-0.0118987,0.00116997,-0.0107498,0.0160789
3907,3.84839,2.93288,-505.844,-0.0114189,0.00204395,-0.0114871,0.0163334,4.033,3.03709,-505.638,-0.0118277,0.00212195,-0.0115414,0.0166623
3908,3.84839,2.93288,-505.844,-0.0112157,0.0028709,-0.011129,0.0160644,4.033,3.03709,-505.638,-0.0116128,0.0029289,-0.0112312,0.0164193
3909,3.84839,2.93288,-505.844,-0.0109299,0.00348272,-0.0119091,0.0165458,4.033,3.03709,-505.638,-0.0113241,0.00358284,-0.0119042,0.0168174
3910,3.84839,2.93288,-505.844,-0.0106375,0.00381654,-0.0116698,0.0162532,4.033,3.03709,-505.638,-0.0110602,0.00391103,-0.0117108,0.0165769
3911,3.84839,2.93288,-505.844,-0.0102593,0.00394163,-0.0119808,0.0162648,4.033,3.03709,-505.638,-0.0106747,0.004026,-0.0119112,0.0164936
3912,3.84839,2.93288,-505.844,-0.00987488,0.00385231,-0.0126231,0.0164977,4.033,3.03709,-505.638,-0.0102838,0.0039255,-0.0125877,0.0167238
3913,3.84839,2.93288,-505.844,-0.00944649,0.00353686,-0.0133329,0.0167333,4.033,3.03709,-505.638,-0.00984862,0.00362231,-0.0133463,0.0169797
3914,3.84839,2.93288,-505.844,-0.00918099,0.00314269,-0.0136653,0.0167716,4.033,3.03709,-505.638,-0.00961095,0.00318957,-0.013711,0.0170462
3915,3.84839,2.93288,-505.844,-0.00881195,0.00238566,-0.0143752,0.0170409,4.033,3.03709,-505.638,-0.0092661,0.00243328,-0.0142546,0.0171758
3916,3.84839,2.93288,-505.844,-0.00838884,0.00163335,-0.0142072,0.01659,4.033,3.03709,-505.638,-0.00881481,0.00164506,-0.0143215,0.0168982
3917,3.84839,2.93288,-505.844,-0.008079,0.000812374,-0.0145962,0.0167116,4.033,3.03709,-505.638,-0.00854544,0.000829392,-0.0146157,0.0169514
3918,3.84839,2.93288,-505.844,-0.00779165,-0.000124983,-0.0147972,0.0167327,4.033,3.03709,-505.638,-0.00822714,-0.00013651,-0.0149236,0.0170425
3919,3.84839,2.93288,-505.844,-0.00784944,-0.000902904,-0.0157203,0.0176015,4.033,3.03709,-505.638,-0.00826402,-0.000910189,-0.0160024,0.018034
3920,3.84839,2.93288,-505.844,-0.0079475,-0.00179751,-0.0154935,0.0175171,4.033,3.03709,-505.638,-0.00836164,-0.00179618,-0.0155929,0.0177855
3921,3.84839,2.93288,-505.844,-0.00827865,-0.00256624,-0.0157397,0.017976,4.033,3.03709,-505.638,-0.00873509,-0.00260636,-0.0158195,0.0182585
3922,3.84839,2.93288,-505.844,-0.00837244,-0.00320059,-0.0154922,0.017907,4.033,3.03709,-505.638,-0.00879206,-0.00324742,-0.0155105,0.0181231
3923,3.84839,2.93288,-505.844,-0.00863008,-0.00378017,-0.0153581,0.018024,4.033,3.03709,-505.638,-0.00904823,-0.00379766,-0.0153667,0.0182328
3924,3.84839,2.93288,-505.844,-0.00891123,-0.00419841,-0.0153553,0.0182557,4.033,3.03709,-505.638,-0.00932185,-0.00426313,-0.015299,0.0184171
3925,3.84839,2.93288,-505.844,-0.00930536,-0.00442209,-0.0148639,0.0180897,4.033,3.03709,-505.638,-0.0097304,-0.00447875,-0.0150239,0.0184516
3926,3.84839,2.93288,-505.844,-0.00967058,-0.00429987,-0.01516,0.0184962,4.033,3.03709,-505.638,-0.0100901,-0.00435311,-0.015073,0.0186539
3927,3.84839,2.93288,-505.844,-0.0101001,-0.00436735,-0.0143424,0.0180805,4.033,3.03709,-505.638,-0.0105009,-0.00438057,-0.0146,0.0185101
3928,3.84839,2.93288,-505.844,-0.0104046,-0.00399597,-0.0151065,0.0187835,4.033,3.03709,-505.638,-0.0108225,-0.00400624,-0.0152458,0.0191224
3929,3.84839,2.93288,-505.844,-0.0108347,-0.00355177,-0.0140576,0.0181039,4.033,3.03709,-505.638,-0.0112401,-0.00358419,-0.0141171,0.018398
3930,3.84839,2.93288,-505.844,-0.0110099,-0.0030777,-0.0143129,0.0183274,4.033,3.03709,-505.638,-0.0114221,-0.00312014,-0.0143027,0.0185689
3931,3.84839,2.93288,-505.844,-0.0112275,-0.00239606,-0.0130824,0.01741,4.033,3.03709,-505.638,-0.0116621,-0.00238829,-0.0131319,0.0177246
3932,3.84839,2.93288,-505.844,-0.0114923,-0.00175597,-0.0129097,0.0173796,4.033,3.03709,-505.638,-0.0118666,-0.0017314,-0.01277,0.0175185
3933,3.84839,2.93288,-505.844,-0.0117016,-0.000886317,-0.0124848,0.017142,4.033,3.03709,-505.638,-0.0120923,-0.000847354,-0.0124737,0.0173944
3934,3.84839,2.93288,-505.844,-0.0118049,-8.44513e-05,-0.0125639,0.0172443,4.033,3.03709,-505.638,-0.0121965,-7.40031e-05,-0.0126347,0.0175615
3935,3.84839,2.93288,-505.844,-0.011888,0.000670616,-0.0126568,0.0173836,4.033,3.03709,-505.638,-0.0122987,0.000682885,-0.0126822,0.0176802
3936,3.84839,2.93288,-505.844,-0.0118313,0.0014994,-0.0133452,0.0179068,4.033,3.03709,-505.638,-0.0122597,0.00153807,-0.0135942,0.0183717
3937,3.84839,2.93288,-505.844,-0.0117773,0.00217156,-0.0131638,0.0178005,4.033,3.03709,-505.638,-0.0121691,0.00223143,-0.013224,0.0181093
3938,3.84839,2.93288,-505.844,-0.0117658,0.00279816,-0.0130171,0.0177745,4.033,3.03709,-505.638,-0.0121605,0.00285059,-0.0130975,0.0180991
3939,3.84839,2.93288,-505.844,-0.0116949,0.00314507,-0.0137387,0.0183271,4.033,3.03709,-505.638,-0.0120685,0.00318782,-0.0137363,0.0185629
3940,3.84839,2.93288,-505.844,-0.011358,0.00339,-0.0138433,0.0182328,4.033,3.03709,-505.638,-0.0117503,0.00345042,-0.0137562,0.0184184
3941,3.84839,2.93288,-505.844,-0.011161,0.00343643,-0.0140807,0.0182972,4.033,3.03709,-505.638,-0.0115718,0.00348955,-0.0143207,0.0187399
3942,3.84839,2.93288,-505.844,-0.0107951,0.0032928,-0.0137431,0.0177884,4.033,3.03709,-505.638,-0.011205,0.00336321,-0.0138565,0.018135
3943,3.84839,2.93288,-505.844,-0.0105897,0.00305328,-0.0137043,0.017591,4.033,3.03709,-505.638,-0.0109837,0.00310109,-0.0137819,0.0178944
3944,3.84839,2.93288,-505.844,-0.0103849,0.0028142,-0.0143413,0.0179385,4.033,3.03709,-505.638,-0.0108058,0.00284219,-0.0142563,0.0181143
3945,3.84839,2.93288,-505.844,-0.010087,0.00222658,-0.0148094,0.018067,4.033,3.03709,-505.638,-0.0105204,0.00226851,-0.0149388,0.018413
3946,3.84839,2.93288,-505.844,-0.00980532,0.00150696,-0.0145841,0.0176487,4.033,3.03709,-505.638,-0.0102534,0.0015241,-0.0147047,0.0179925
3947,3.84839,2.93288,-505.844,-0.00955485,0.000814166,-0.0146622,0.0175251,4.033,3.03709,-505.638,-0.00996012,0.00084979,-0.0147751,0.0178393
3948,3.84839,2.93288,-505.844,-0.00933596,-2.99665e-05,-0.0145004,0.0172538,4.033,3.03709,-505.638,-0.00974008,-1.52484e-05,-0.0145309,0.017494
3949,3.84839,2.93288,-505.844,-0.00923994,-0.000925266,-0.014975,0.0176322,4.033,3.03709,-505.638,-0.00964341,-0.000945109,-0.0149888,0.0178495
3950,3.84839,2.93288,-505.844,-0.00907596,-0.00169004,-0.0148341,0.017483,4.033,3.03709,-505.638,-0.00951824,-0.00172325,-0.0150353,0.0178796
3951,3.84839,2.93288,-505.844,-0.00906719,-0.0024187,-0.014299,0.0171126,4.033,3.03709,-505.638,-0.00949848,-0.00242425,-0.0144093,0.0174286
3952,3.84839,2.93288,-505.844,-0.00916726,-0.00299735,-0.0146723,0.0175658,4.033,3.03709,-505.638,-0.00959189,-0.00300996,-0.0148818,0.0179599
3953,3.84839,2.93288,-505.844,-0.00919476,-0.00336404,-0.0146614,0.0176398,4.033,3.03709,-505.638,-0.00960971,-0.00339246,-0.0146667,0.0178608
3954,3.84839,2.93288,-505.844,-0.00929079,-0.00389427,-0.0144152,0.0175986,4.033,3.03709,-505.638,-0.00974507,-0.00391663,-0.0145842,0.0179738
3955,3.84839,2.93288,-505.844,-0.00950921,-0.00409857,-0.0145401,0.0178609,4.033,3.03709,-505.638,-0.00992268,-0.00409817,-0.0147675,0.0182588
3956,3.84839,2.93288,-505.844,-0.00980445,-0.0041649,-0.0144201,0.0179402,4.033,3.03709,-505.638,-0.0102194,-0.00418243,-0.0144217,0.0181655
3957,3.84839,2.93288,-505.844,-0.00993581,-0.00422452,-0.0141649,0.0178187,4.033,3.03709,-505.638,-0.0103485,-0.00426248,-0.0141272,0.0180243
3958,3.84839,2.93288,-505.844,-0.01012,-0.00410538,-0.0139191,0.0176986,4.033,3.03709,-505.638,-0.0105347,-0.0041537,-0.0140294,0.0180299
3959,3.84839,2.93288,-505.844,-0.010174,-0.00387654,-0.0128182,0.0168244,4.033,3.03709,-505.638,-0.0106018,-0.00388091,-0.0130109,0.0172269
3960,3.84839,2.93288,-505.844,-0.0102185,-0.00359012,-0.0129171,0.0168643,4.033,3.03709,-505.638,-0.0106057,-0.00358665,-0.0129986,0.017156
3961,3.84839,2.93288,-505.844,-0.0103634,-0.00307364,-0.0130149,0.0169223,4.033,3.03709,-505.638,-0.0107595,-0.00306596,-0.0131207,0.0172432
3962,3.84839,2.93288,-505.844,-0.0104279,-0.00243981,-0.0130813,0.0169139,4.033,3.03709,-505.638,-0.0108367,-0.00244445,-0.0131133,0.0171869
3963,3.84839,2.93288,-505.844,-0.010529,-0.00162847,-0.013052,0.0168648,4.033,3.03709,-505.638,-0.0109703,-0.00159473,-0.0131287,0.0171856
3964,3.84839,2.93288,-505.844,-0.0106929,-0.00107726,-0.0123845,0.0164032,4.033,3.03709,-505.638,-0.0111237,-0.001036,-0.0126701,0.0168926
3965,3.84839,2.93288,-505.844,-0.0105979,-0.000519097,-0.0120144,0.0160364,4.033,3.03709,-505.638,-0.0110287,-0.000487287,-0.0121368,0.0164073
3966,3.84839,2.93288,-505.844,-0.0106736,0.000117194,-0.0124924,0.0164453,4.033,3.03709,-505.638,-0.0110702,0.000158208,-0.0125514,0.0167386
3967,3.84839,2.93288,-505.844,-0.0107261,0.00071039,-0.0126551,0.0166142,4.033,3.03709,-505.638,-0.011179,0.000742027,-0.0127718,0.0169906
3968,3.84839,2.93288,-505.844,-0.0105342,0.00116567,-0.012402,0.016323,4.033,3.03709,-505.638,-0.0109534,0.00119248,-0.0124929,0.0166585
3969,3.84839,2.93288,-505.844,-0.0104391,0.00144912,-0.0120311,0.0160003,4.033,3.03709,-505.638,-0.0108819,0.00148885,-0.0121521,0.0163807
3970,3.84839,2.93288,-505.844,-0.0102612,0.00168321,-0.0123531,0.016155,4.033,3.03709,-505.638,-0.0106669,0.00172004,-0.0125091,0.0165304
3971,3.84839,2.93288,-505.844,-0.0100117,0.00172162,-0.0117203,0.015516,4.033,3.03709,-505.638,-0.0104395,0.00177929,-0.0117752,0.0158372
3972,3.84839,2.93288,-505.844,-0.00976876,0.00155383,-0.0124794,0.015937,4.033,3.03709,-505.638,-0.0101924,0.00159467,-0.0125021,0.0162105
3973,3.84839,2.93288,-505.844,-0.00986172,0.00148004,-0.0124959,0.0159949,4.033,3.03709,-505.638,-0.0102857,0.00154384,-0.012591,0.0163321
3974,3.84839,2.93288,-505.844,-0.00975941,0.00105473,-0.0127006,0.0160627,4.033,3.03709,-505.638,-0.0101783,0.00111966,-0.0128108,0.0164016
3975,3.84839,2.93288,-505.844,-0.00958741,0.000572959,-0.0132313,0.0163623,4.033,3.03709,-505.638,-0.0100395,0.000621988,-0.0133572,0.0167226
3976,3.84839,2.93288,-505.844,-0.00944962,2.8512e-05,-0.0128255,0.0159395,4.033,3.03709,-505.638,-0.00990922,3.83442e-05,-0.0128782,0.0162502
3977,3.84839,2.93288,-505.844,-0.00919423,-0.000667279,-0.0132862,0.0161844,4.033,3.03709,-505.638,-0.00965743,-0.000663168,-0.013255,0.0164149
3978,3.84839,2.93288,-505.844,-0.00913798,-0.00142138,-0.0133076,0.0162167,4.033,3.03709,-505.638,-0.00952464,-0.00139753,-0.0134663,0.0165548
3979,3.84839,2.93288,-505.844,-0.0090837,-0.00205431,-0.0139339,0.0167798,4.033,3.03709,-505.638,-0.00952092,-0.00206514,-0.0138728,0.0169549
3980,3.84839,2.93288,-505.844,-0.00908837,-0.00269152,-0.0132276,0.0162815,4.033,3.03709,-505.638,-0.00950944,-0.00266748,-0.0132676,0.0165407
3981,3.84839,2.93288,-505.844,-0.00906176,-0.00325382,-0.0142934,0.0172415,4.033,3.03709,-505.638,-0.00947723,-0.00327818,-0.0144057,0.0175533
3982,3.84839,2.93288,-505.844,-0.00918538,-0.00378154,-0.0139766,0.0171616,4.033,3.03709,-505.638,-0.00960145,-0.00377106,-0.0141025,0.0174745
3983,3.84839,2.93288,-505.844,-0.00928785,-0.00427069,-0.0145351,0.0177822,4.033,3.03709,-505.638,-0.0097084,-0.00427451,-0.0146658,0.0181019
3984,3.84839,2.93288,-505.844,-0.009405,-0.00461165,-0.0139078,0.0174218,4.033,3.03709,-505.638,-0.0098084,-0.00460587,-0.0139385,0.0176563
3985,3.84839,2.93288,-505.844,-0.00969325,-0.00488761,-0.0138448,0.0176003,4.033,3.03709,-505.638,-0.0101022,-0.00487706,-0.0141023,0.0180205
3986,3.84839,2.93288,-505.844,-0.0097691,-0.00500957,-0.0136199,0.0175004,4.033,3.03709,-505.638,-0.0101788,-0.00498803,-0.0137294,0.0178045
3987,3.84839,2.93288,-505.844,-0.00993379,-0.00504206,-0.0133221,0.0173751,4.033,3.03709,-505.638,-0.0103773,-0.00505297,-0.0135917,0.0178325
3988,3.84839,2.93288,-505.844,-0.0100176,-0.00492485,-0.0137231,0.0176968,4.033,3.03709,-505.638,-0.0104258,-0.00496277,-0.0137697,0.0179709
3989,3.84839,2.93288,-505.844,-0.0100864,-0.00445509,-0.0136394,0.0175458,4.033,3.03709,-505.638,-0.0104678,-0.00447188,-0.0137193,0.0178272
3990,3.84839,2.93288,-505.844,-0.0100185,-0.00412661,-0.0137581,0.0175216,4.033,3.03709,-505.638,-0.0104271,-0.00411334,-0.014037,0.0179644
3991,3.84839,2.93288,-505.844,-0.010253,-0.00373622,-0.012934,0.0169284,4.033,3.03709,-505.638,-0.0106434,-0.00372598,-0.0130393,0.0172397
3992,3.84839,2.93288,-505.844,-0.010203,-0.00312071,-0.0131478,0.0169372,4.033,3.03709,-505.638,-0.0106165,-0.00310965,-0.0133841,0.0173645
3993,3.84839,2.93288,-505.844,-0.0102668,-0.00248426,-0.0130146,0.0167725,4.033,3.03709,-505.638,-0.0106559,-0.00246817,-0.0131185,0.0170815
3994,3.84839,2.93288,-505.844,-0.0103619,-0.0018584,-0.0133451,0.0170047,4.033,3.03709,-505.638,-0.0107596,-0.00182531,-0.013333,0.0172305
3995,3.84839,2.93288,-505.844,-0.0102995,-0.00113858,-0.0129862,0.016626,4.033,3.03709,-505.638,-0.0107026,-0.00110831,-0.0132336,0.0170576
3996,3.84839,2.93288,-505.844,-0.0103068,-0.000487144,-0.0129791,0.0165897,4.033,3.03709,-505.638,-0.0106994,-0.000451653,-0.0129591,0.0168122
3997,3.84839,2.93288,-505.844,-0.010174,-3.52561e-05,-0.0125852,0.0161904,4.033,3.03709,-505.638,-0.0105819,2.70327e-05,-0.0126454,0.0164896
3998,3.84839,2.93288,-505.844,-0.00999395,0.000622807,-0.0130833,0.0164834,4.033,3.03709,-505.638,-0.0104017,0.000701789,-0.0132913,0.0168932
3999,3.84839,2.93288,-505.844,-0.00972205,0.000911495,-0.0132163,0.0164398,4.033,3.03709,-505.638,-0.0101383,0.000992465,-0.0132319,0.0166995
4000,3.84839,2.93288,-505.844,-0.00960112,0.00149657,-0.013788,0.0168807,4.033,3.03709,-505.638,-0.0100117,0.00155993,-0.0140174,0.0172979
