"Temps total (s)";"Temps de cycle écoulé (s)";"Nombre total de cycles";"Cycles écoulés";"Etape";"Boucle 1";"Nombre total de cycles(Forme d'onde Linear)";"Nombre total de cycles(Forme d'onde Rotary)";"Pos (µm)";"Effort_5N (N)";
0;0;1;1;1;1;0;0;-5614,62106120905;-0,0265273079276085;
0,05;0,05;1;1;1;1;0;0;-5614,62106120905;-0,0265343533828855;
0,1;0,1;1;1;1;1;0;0;-5614,62106120905;-0,0267521338537335;
0,15;0,15;1;1;1;1;0;0;-5614,62106120905;-0,0268756505101919;
0,2;0,2;1;1;1;1;0;0;-5614,62106120905;-0,0267776427790523;
0,25;0,25;1;1;1;1;0;0;-5614,62106120905;-0,0268621789291501;
0,3;0,3;1;1;1;1;0;0;-5614,62106120905;-0,0272695813328028;
0,35;0,35;1;1;1;1;0;0;-5614,62106120905;-0,0273154536262155;
0,4;0,4;1;1;1;1;0;0;-5614,62106120905;-0,0281279906630516;
0,45;0,45;1;1;1;1;0;0;-5616,42574079912;-0,0337285362184048;
0,5;0,5;1;1;1;1;0;0;-5620,15401124283;-0,0419095763936639;
0,55;0,55;1;1;1;1;0;0;-5622,52418988702;-0,0469241244718432;
0,6;0,6;1;1;1;1;0;0;-5624,11071648231;-0,0495609035715461;
0,65;0,65;1;1;1;1;0;0;-5625,42321072964;-0,0522422883659601;
0,7;0,7;1;1;1;1;0;0;-5626,57656057913;-0,0544370571151376;
0,75;0,75;1;1;1;1;0;0;-5627,69235950329;-0,0563059980049729;
0,8;0,8;1;1;1;1;0;0;-5628,80815842745;-0,0582266738638282;
0,85;0,85;1;1;1;1;0;0;-5629,68971110311;-0,0602100742980838;
0,9;0,9;1;1;1;1;0;0;-5630,47068094306;-0,0626677228137851;
0,95;0,95;1;1;1;1;0;0;-5631,56099888217;-0,0645864568650723;
1;1;1;1;1;1;0;0;-5632,79392093058;-0,066706626676023;
1,05;1,05;1;1;1;1;0;0;-5633,68664947687;-0,0687589589506388;
1,1;1,1;1;1;1;1;0;0;-5634,57937802317;-0,0708696804940701;
1,15;1,15;1;1;1;1;0;0;-5635,47210656946;-0,073129078373313;
1,2;1,2;1;1;1;1;0;0;-5636,36483511575;-0,0750991888344288;
1,25;1,25;1;1;1;1;0;0;-5637,26158697547;-0,0769930891692638;
1,3;1,3;1;1;1;1;0;0;-5638,26607422811;-0,0789771135896444;
1,35;1,35;1;1;1;1;0;0;-5639,27011444593;-0,0811474304646254;
1,4;1,4;1;1;1;1;0;0;-5640,27460169857;-0,0835295114666224;
1,45;1,45;1;1;1;1;0;0;-5641,31619284171;-0,0856832321733236;
1,5;1,5;1;1;1;1;0;0;-5642,27374143769;-0,0876248627901077;
1,55;1,55;1;1;1;1;0;0;-5643,00911372544;-0,0895576272159815;
1,6;1,6;1;1;1;1;0;0;-5644,01315394326;-0,0917813368141651;
1,65;1,65;1;1;1;1;0;0;-5645,01719416107;-0,0947510357946157;
1,7;1,7;1;1;1;1;0;0;-5646,02168141371;-0,0966389011591673;
1,75;1,75;1;1;1;1;0;0;-5647,02572163152;-0,0989487301558256;
1,8;1,8;1;1;1;1;0;0;-5648,03020888416;-0,102040832862258;
1,85;1,85;1;1;1;1;0;0;-5649,03424910198;-0,103447260335088;
1,9;1,9;1;1;1;1;0;0;-5649,87378050405;-0,106038330122828;
1,95;1,95;1;1;1;1;0;0;-5650,54343867248;-0,108251823112369;
2;2;1;1;1;1;0;0;-5651,40532181582;-0,110705234110355;
2,05;2,05;1;1;1;1;0;0;-5652,52112073998;-0,113752875477076;
2,1;2,1;1;1;1;1;0;0;-5653,63691966414;-0,116295712068677;
2,15;2,15;1;1;1;1;0;0;-5654,7527185883;-0,118273524567485;
2,2;2,2;1;1;1;1;0;0;-5655,69015061713;-0,12090333737433;
2,25;2,25;1;1;1;1;0;0;-5656,56320963111;-0,123834880068898;
2,3;2,3;1;1;1;1;0;0;-5657,61374147076;-0,125882821157575;
2,35;2,35;1;1;1;1;0;0;-5658,28339963919;-0,128765376284719;
2,4;2,4;1;1;1;1;0;0;-5659,33169630471;-0,1307831145823;
2,45;2,45;1;1;1;1;0;0;-5660,53690219395;-0,132901212200522;
2,5;2,5;1;1;1;1;0;0;-5661,43097184472;-0,137536311522126;
2,55;2,55;1;1;1;1;0;0;-5662,32325335619;-0,139190889894962;
2,6;2,6;1;1;1;1;0;0;-5663,21598190248;-0,141370352357626;
2,65;2,65;1;1;1;1;0;0;-5664,10871044877;-0,144143551588058;
2,7;2,7;1;1;1;1;0;0;-5664,98132242792;-0,145907439291477;
2,75;2,75;1;1;1;1;0;0;-5665,83024156133;-0,149645935744047;
2,8;2,8;1;1;1;1;0;0;-5667,29338654481;-0,151523053646088;
2,85;2,85;1;1;1;1;0;0;-5667,96080953911;-0,154192708432674;
2,9;2,9;1;1;1;1;0;0;-5668,51960307084;-0,156750101596117;
2,95;2,95;1;1;1;1;0;0;-5669,72391489043;-0,160422902554274;
3;3;1;1;1;1;0;0;-5670,9702479836;-0,162842366844416;
3,05;3,05;1;1;1;1;0;0;-5671,75121782355;-0,166302584111691;
3,1;3,1;1;1;1;1;0;0;-5672,82901878755;-0,169090367853642;
3,15;3,15;1;1;1;1;0;0;-5673,94481771171;-0,172542110085487;
3,2;3,2;1;1;1;1;0;0;-5674,87062683508;-0,175145212560892;
3,25;3,25;1;1;1;1;0;0;-5675,76335538138;-0,179168507456779;
3,3;3,3;1;1;1;1;0;0;-5677,39592656368;-0,18228180706501;
3,35;3,35;1;1;1;1;0;0;-5678,05574996595;-0,184315145015717;
3,4;3,4;1;1;1;1;0;0;-5678,61364942803;-0,187504347413778;
3,45;3,45;1;1;1;1;0;0;-5679,63467696921;-0,191031340509653;
3,5;3,5;1;1;1;1;0;0;-5680,86223459971;-0,194463152438402;
3,55;3,55;1;1;1;1;0;0;-5682,08934519539;-0,197633542120457;
3,6;3,6;1;1;1;1;0;0;-5683,08131547292;-0,200805868953466;
3,65;3,65;1;1;1;1;0;0;-5683,94230454661;-0,203763209283352;
3,7;3,7;1;1;1;1;0;0;-5684,65577212793;-0,206945836544037;
3,75;3,75;1;1;1;1;0;0;-5685,42511906241;-0,209834035485983;
3,8;3,8;1;1;1;1;0;0;-5686,42960631505;-0,213657505810261;
3,85;3,85;1;1;1;1;0;0;-5687,43364653287;-0,217169653624296;
3,9;3,9;1;1;1;1;0;0;-5688,53335220331;-0,220159236341715;
3,95;3,95;1;1;1;1;0;0;-5689,619646829;-0,223031137138605;
4;4;1;1;1;1;0;0;-5690,40061666894;-0,226536598056555;
4,05;4,05;1;1;1;1;0;0;-5691,18203354372;-0,229425821453333;
4,1;4,1;1;1;1;1;0;0;-5692,05241034874;-0,233985520899296;
4,15;4,15;1;1;1;1;0;0;-5693,27952094442;-0,237328913062811;
4,2;4,2;1;1;1;1;0;0;-5694,42974155014;-0,239570643752813;
4,25;4,25;1;1;1;1;0;0;-5695,09939971856;-0,243426058441401;
4,3;4,3;1;1;1;1;0;0;-5695,94697774749;-0,247079767286777;
4,35;4,35;1;1;1;1;0;0;-5697,26930676098;-0,250629782676697;
4,4;4,4;1;1;1;1;0;0;-5698,13297804362;-0,253646560013294;
4,45;4,45;1;1;1;1;0;0;-5698,91394788357;-0,257027372717857;
4,5;4,5;1;1;1;1;0;0;-5699,70654062898;-0,260927025228739;
4,55;4,55;1;1;1;1;0;0;-5700,70968677714;-0,264055896550417;
4,6;4,6;1;1;1;1;0;0;-5701,71417402978;-0,267656687647104;
4,65;4,65;1;1;1;1;0;0;-5702,71821424759;-0,271163024008274;
4,7;4,7;1;1;1;1;0;0;-5703,72270150023;-0,273670274764299;
4,75;4,75;1;1;1;1;0;0;-5704,55060999684;-0,276915263384581;
4,8;4,8;1;1;1;1;0;0;-5705,10850945892;-0,280369017273188;
4,85;4,85;1;1;1;1;0;0;-5706,2739292487;-0,283771567046642;
4,9;4,9;1;1;1;1;0;0;-5707,15816413331;-0,286888442933559;
4,95;4,95;1;1;1;1;0;0;-5707,82782230174;-0,290041342377663;
5;5;1;1;1;1;0;0;-5708,49703343534;-0,293710641562939;
5,05;5,05;1;1;1;1;0;0;-5709,45905237957;-0,297900643199682;
5,1;5,1;1;1;1;1;0;0;-5710,93694951229;-0,302280187606812;
5,15;5,15;1;1;1;1;0;0;-5711,89807438687;-0,304184220731258;
5,2;5,2;1;1;1;1;0;0;-5712,45597384895;-0,307665001600981;
5,25;5,25;1;1;1;1;0;0;-5713,59010120095;-0,312505662441254;
5,3;5,3;1;1;1;1;0;0;-5714,7850252892;-0,315511599183083;
5,35;5,35;1;1;1;1;0;0;-5715,4224969502;-0,319189578294754;
5,4;5,4;1;1;1;1;0;0;-5716,14535226284;-0,323582105338573;
5,45;5,45;1;1;1;1;0;0;-5717,73053775366;-0,327331610023975;
5,5;5,5;1;1;1;1;0;0;-5718,40019592208;-0,331206656992435;
5,55;5,55;1;1;1;1;0;0;-5719,06985409051;-0,334618762135506;
5,6;5,6;1;1;1;1;0;0;-5719,74219446789;-0,337863452732563;
5,65;5,65;1;1;1;1;0;0;-5720,83340647665;-0,341638475656509;
5,7;5,7;1;1;1;1;0;0;-5721,94920540081;-0,345835834741592;
5,75;5,75;1;1;1;1;0;0;-5723,06500432497;-0,348961614072323;
5,8;5,8;1;1;1;1;0;0;-5724,02299995577;-0,354313626885414;
5,85;5,85;1;1;1;1;0;0;-5724,91572850206;-0,358092375099659;
5,9;5,9;1;1;1;1;0;0;-5725,80801001353;-0,361503176391125;
5,95;5,95;1;1;1;1;0;0;-5726,70073855983;-0,365335308015347;
6;6;1;1;1;1;0;0;-5727,59346710612;-0,369081646203995;
6,05;6,05;1;1;1;1;0;0;-5728,57023819958;-0,373006202280521;
6,1;6,1;1;1;1;1;0;0;-5729,57472545222;-0,377351529896259;
6,15;6,15;1;1;1;1;0;0;-5730,57876567004;-0,381292887032032;
6,2;6,2;1;1;1;1;0;0;-5731,58325292268;-0,384413115680218;
6,25;6,25;1;1;1;1;0;0;-5732,58729314049;-0,388824567198753;
6,3;6,3;1;1;1;1;0;0;-5733,5913333583;-0,392129085958004;
6,35;6,35;1;1;1;1;0;0;-5734,35129256146;-0,396181754767895;
6,4;6,4;1;1;1;1;0;0;-5735,34505097829;-0,400433801114559;
6,45;6,45;1;1;1;1;0;0;-5736,39692392242;-0,40458906441927;
6,5;6,5;1;1;1;1;0;0;-5737,17789376236;-0,408646240830421;
6,55;6,55;1;1;1;1;0;0;-5737,9990967366;-0,411556214094162;
6,6;6,6;1;1;1;1;0;0;-5738,89137824806;-0,415286049246788;
6,65;6,65;1;1;1;1;0;0;-5739,83015138137;-0,420445911586285;
6,7;6,7;1;1;1;1;0;0;-5741,27094462359;-0,423933528363705;
6,75;6,75;1;1;1;1;0;0;-5742,18423677185;-0,428180508315563;
6,8;6,8;1;1;1;1;0;0;-5742,96520661179;-0,431772544980049;
6,85;6,85;1;1;1;1;0;0;-5743,74617645174;-0,436079613864422;
6,9;6,9;1;1;1;1;0;0;-5744,69478435121;-0,43961588293314;
6,95;6,95;1;1;1;1;0;0;-5745,81058327537;-0,442859083414078;
7;7;1;1;1;1;0;0;-5746,64072694611;-0,447983741760254;
7,05;7,05;1;1;1;1;0;0;-5747,67337739274;-0,453096590936184;
7,1;7,1;1;1;1;1;0;0;-5749,01224669477;-0,457126535475254;
7,15;7,15;1;1;1;1;0;0;-5750,09541207668;-0,461126565933228;
7,2;7,2;1;1;1;1;0;0;-5750,88621668278;-0,464936569333076;
7,25;7,25;1;1;1;1;0;0;-5751,66718652273;-0,46948254108429;
7,3;7,3;1;1;1;1;0;0;-5752,58450198442;-0,471870265901089;
7,35;7,35;1;1;1;1;0;0;-5753,58898923706;-0,476546101272106;
7,4;7,4;1;1;1;1;0;0;-5754,50809283805;-0,479871034622192;
7,45;7,45;1;1;1;1;0;0;-5755,66859524475;-0,486669540405273;
7,5;7,5;1;1;1;1;0;0;-5757,15677417845;-0,491570048034191;
7,55;7,55;1;1;1;1;0;0;-5758,13578044605;-0,495381876826286;
7,6;7,6;1;1;1;1;0;0;-5758,86668238555;-0,497457534074783;
7,65;7,65;1;1;1;1;0;0;-5759,35573848452;-0,500500239431858;
7,7;7,7;1;1;1;1;0;0;-5759,80187924026;-0,502688847482204;
7,75;7,75;1;1;1;1;0;0;-5761,14030150746;-0,509766079485416;
7,8;7,8;1;1;1;1;0;0;-5762,91324162493;-0,515096299350262;
7,85;7,85;1;1;1;1;0;0;-5763,29947971406;-0,517855025827885;
7,9;7,9;1;1;1;1;0;0;-5763,71253989272;-0,519913546741009;
7,95;7,95;1;1;1;1;0;0;-5764,55028315549;-0,52384790033102;
8;8;1;1;1;1;0;0;-5765,44301170178;-0,527820251882076;
8,05;8,05;1;1;1;1;0;0;-5766,33574024808;-0,528905056416988;
8,1;8,1;1;1;1;1;0;0;-5767,18555345113;-0,532655864953995;
8,15;8,15;1;1;1;1;0;0;-5767,85476458473;-0,535641983151436;
8,2;8,2;1;1;1;1;0;0;-5768,88428578759;-0,542288944125175;
8,25;8,25;1;1;1;1;0;0;-5770,39794570635;-0,545932911336422;
8,3;8,3;1;1;1;1;0;0;-5771,25893478004;-0,551107451319695;
8,35;8,35;1;1;1;1;0;0;-5772,58796931591;-0,557269863784313;
8,4;8,4;1;1;1;1;0;0;-5773,43062996176;-0,559397041797638;
8,45;8,45;1;1;1;1;0;0;-5773,87945292644;-0,563363879919052;
8,5;8,5;1;1;1;1;0;0;-5774,84862442788;-0,567172653973103;
8,55;8,55;1;1;1;1;0;0;-5775,99616282464;-0,571824945509434;
8,6;8,6;1;1;1;1;0;0;-5777,13744273385;-0,575338415801525;
8,65;8,65;1;1;1;1;0;0;-5777,80710090227;-0,580148957669735;
8,7;8,7;1;1;1;1;0;0;-5778,86299715983;-0,58400422334671;
8,75;8,75;1;1;1;1;0;0;-5780,09010775551;-0,588607601821423;
8,8;8,8;1;1;1;1;0;0;-5781,21574144583;-0,592497140169144;
8,85;8,85;1;1;1;1;0;0;-5782,0481202907;-0,596010945737362;
8,9;8,9;1;1;1;1;0;0;-5782,82953716547;-0,60052901506424;
8,95;8,95;1;1;1;1;0;0;-5783,62123584122;-0,604100115597248;
9;9;1;1;1;1;0;0;-5784,62348791974;-0,608485043048859;
9,05;9,05;1;1;1;1;0;0;-5785,62752813755;-0,612257160246372;
9,1;9,1;1;1;1;1;0;0;-5786,63201539019;-0,616171956062317;
9,15;9,15;1;1;1;1;0;0;-5787,636055608;-0,620938055217266;
9,2;9,2;1;1;1;1;0;0;-5788,64054286064;-0,624638870358467;
9,25;9,25;1;1;1;1;0;0;-5789,64458307846;-0,628985017538071;
9,3;9,3;1;1;1;1;0;0;-5790,63208300773;-0,632721781730652;
9,35;9,35;1;1;1;1;0;0;-5791,41305284768;-0,637423470616341;
9,4;9,4;1;1;1;1;0;0;-5792,19402268762;-0,641117244958878;
9,45;9,45;1;1;1;1;0;0;-5793,15380645773;-0,645028203725815;
9,5;9,5;1;1;1;1;0;0;-5794,35990641661;-0,648841559886932;
9,55;9,55;1;1;1;1;0;0;-5795,02956458504;-0,653449594974518;
9,6;9,6;1;1;1;1;0;0;-5796,11228293212;-0,658164545893669;
9,65;9,65;1;1;1;1;0;0;-5797,45115223415;-0,66263422369957;
9,7;9,7;1;1;1;1;0;0;-5798,43731105895;-0,666640177369118;
9,75;9,75;1;1;1;1;0;0;-5799,21872793372;-0,671583637595177;
9,8;9,8;1;1;1;1;0;0;-5800,20041641026;-0,675600692629814;
9,85;9,85;1;1;1;1;0;0;-5801,31621533442;-0,679113864898682;
9,9;9,9;1;1;1;1;0;0;-5802,43201425858;-0,684467181563377;
9,95;9,95;1;1;1;1;0;0;-5803,54781318274;-0,688489377498627;
10;10;1;1;1;1;0;0;-5804,61577938059;-0,693386793136597;
10,05;10,05;1;1;1;1;0;0;-5805,52549525024;-0,697339549660683;
10,1;10,1;1;1;1;1;0;0;-5806,41822379654;-0,700834691524506;
10,15;10,15;1;1;1;1;0;0;-5807,26267258169;-0,70420429110527;
10,2;10,2;1;1;1;1;0;0;-5808,04364242164;-0,709405243396759;
10,25;10,25;1;1;1;1;0;0;-5809,07182252002;-0,713206082582474;
10,3;10,3;1;1;1;1;0;0;-5810,23858341427;-0,716547593474388;
10,35;10,35;1;1;1;1;0;0;-5810,98781378162;-0,721119344234467;
10,4;10,4;1;1;1;1;0;0;-5811,69144659677;-0,725486874580383;
10,45;10,45;1;1;1;1;0;0;-5812,80098703338;-0,729145780205727;
10,5;10,5;1;1;1;1;0;0;-5813,84660148995;-0,732788294553757;
10,55;10,55;1;1;1;1;0;0;-5814,40584205651;-0,73676735162735;
10,6;10,6;1;1;1;1;0;0;-5815,48274895086;-0,742192938923836;
10,65;10,65;1;1;1;1;0;0;-5816,73757570572;-0,747043639421463;
10,7;10,7;1;1;1;1;0;0;-5818,01073088841;-0,750372782349586;
10,75;10,75;1;1;1;1;0;0;-5818,76666677814;-0,754002407193184;
10,8;10,8;1;1;1;1;0;0;-5819,43632494656;-0,75837068259716;
10,85;10,85;1;1;1;1;0;0;-5820,52753695533;-0,762704312801361;
10,9;10,9;1;1;1;1;0;0;-5821,69072157098;-0,766188949346542;
10,95;10,95;1;1;1;1;0;0;-5822,3603797394;-0,770295187830925;
11;11;1;1;1;1;0;0;-5823,06535365904;-0,772918537259102;
11,05;11,05;1;1;1;1;0;0;-5823,95808220533;-0,776649117469788;
11,1;11,1;1;1;1;1;0;0;-5824,85081075162;-0,778887569904327;
11,15;11,15;1;1;1;1;0;0;-5825,73459860141;-0,781852900981903;
11,2;11,2;1;1;1;1;0;0;-5826,3948690385;-0,786286145448685;
11,25;11,25;1;1;1;1;0;0;-5826,95723884883;-0,790610983967781;
11,3;11,3;1;1;1;1;0;0;-5828,15842142464;-0,794073194265366;
11,35;11,35;1;1;1;1;0;0;-5829,23264611004;-0,797093212604523;
11,4;11,4;1;1;1;1;0;0;-5829,73019587069;-0,802074074745178;
11,45;11,45;1;1;1;1;0;0;-5830,84599479485;-0,805464461445808;
11,5;11,5;1;1;1;1;0;0;-5831,70519572924;-0,807140022516251;
11,55;11,55;1;1;1;1;0;0;-5832,26309519132;-0,812389329075813;
11,6;11,6;1;1;1;1;0;0;-5833,03557136959;-0,814473703503609;
11,65;11,65;1;1;1;1;0;0;-5833,73428680166;-0,816347599029541;
11,7;11,7;1;1;1;1;0;0;-5834,11158419429;-0,819472521543503;
11,75;11,75;1;1;1;1;0;0;-5835,31544897905;-0,824727416038513;
11,8;11,8;1;1;1;1;0;0;-5836,63509578359;-0,832634195685387;
11,85;11,85;1;1;1;1;0;0;-5838,37272014986;-0,837887972593308;
11,9;11,9;1;1;1;1;0;0;-5839,33205688513;-0,843541696667671;
11,95;11,95;1;1;1;1;0;0;-5840,2243383966;-0,847804844379425;
12;12;1;1;1;1;0;0;-5841,15372379857;-0,851946622133255;
12,05;12,05;1;1;1;1;0;0;-5842,26952272273;-0,856868103146553;
12,1;12,1;1;1;1;1;0;0;-5843,38532164689;-0,861797705292702;
12,15;12,15;1;1;1;1;0;0;-5844,50112057105;-0,866717174649239;
12,2;12,2;1;1;1;1;0;0;-5845,61691949521;-0,871458947658539;
12,25;12,25;1;1;1;1;0;0;-5846,73271841937;-0,875623896718025;
12,3;12,3;1;1;1;1;0;0;-5847,84851734353;-0,879850909113884;
12,35;12,35;1;1;1;1;0;0;-5848,96431626769;-0,885640606284142;
12,4;12,4;1;1;1;1;0;0;-5850,08011519185;-0,88923878967762;
12,45;12,45;1;1;1;1;0;0;-5851,02514681272;-0,893062055110931;
12,5;12,5;1;1;1;1;0;0;-5851,71402747863;-0,897600874304771;
12,55;12,55;1;1;1;1;0;0;-5852,62508445277;-0,902243331074715;
12,6;12,6;1;1;1;1;0;0;-5854,00061061048;-0,906307175755501;
12,65;12,65;1;1;1;1;0;0;-5854,84729456975;-0,911024212837219;
12,7;12,7;1;1;1;1;0;0;-5855,6282644097;-0,913735330104828;
12,75;12,75;1;1;1;1;0;0;-5856,40923424965;-0,918813571333885;
12,8;12,8;1;1;1;1;0;0;-5857,36275953219;-0,923103168606758;
12,85;12,85;1;1;1;1;0;0;-5858,47855845635;-0,926850587129593;
12,9;12,9;1;1;1;1;0;0;-5859,59435738051;-0,931678414344788;
12,95;12,95;1;1;1;1;0;0;-5860,55324708096;-0,935012996196747;
13;13;1;1;1;1;0;0;-5861,44597562726;-0,939111188054085;
13,05;13,05;1;1;1;1;0;0;-5862,26181418358;-0,943276360630989;
13,1;13,1;1;1;1;1;0;0;-5863,23858527705;-0,948323383927345;
13,15;13,15;1;1;1;1;0;0;-5864,46748401203;-0,952006578445435;
13,2;13,2;1;1;1;1;0;0;-5865,20956182217;-0,9553162753582;
13,25;13,25;1;1;1;1;0;0;-5865,87877295577;-0,959246531128883;
13,3;13,3;1;1;1;1;0;0;-5866,74870272597;-0,963451117277145;
13,35;13,35;1;1;1;1;0;0;-5867,75318997861;-0,968928039073944;
13,4;13,4;1;1;1;1;0;0;-5868,75723019642;-0,972700715065002;
13,45;13,45;1;1;1;1;0;0;-5869,831007847;-0,976773202419281;
13,5;13,5;1;1;1;1;0;0;-5870,94680677116;-0,980102941393852;
13,55;13,55;1;1;1;1;0;0;-5871,8350649692;-0,983719751238823;
13,6;13,6;1;1;1;1;0;0;-5872,61603480914;-0,988095328211784;
13,65;13,65;1;1;1;1;0;0;-5873,39700464909;-0,991668030619621;
13,7;13,7;1;1;1;1;0;0;-5874,33488371275;-0,997148379683495;
13,75;13,75;1;1;1;1;0;0;-5875,56199430843;-1,00115418434143;
13,8;13,8;1;1;1;1;0;0;-5876,44354698408;-1,00450843572617;
13,85;13,85;1;1;1;1;0;0;-5877,00144644617;-1,00739017128944;
13,9;13,9;1;1;1;1;0;0;-5877,78643959954;-1,01155802607536;
13,95;13,95;1;1;1;1;0;0;-5879,12575593639;-1,01491495966911;
14;14;1;1;1;1;0;0;-5879,94248856237;-1,01802252233028;
14,05;14,05;1;1;1;1;0;0;-5880,61169969597;-1,02325737476349;
14,1;14,1;1;1;1;1;0;0;-5881,34260163548;-1,02630011737347;
14,15;14,15;1;1;1;1;0;0;-5882,34664185329;-1,02858386933804;
14,2;14,2;1;1;1;1;0;0;-5882,81245214134;-1,03170715272427;
14,25;14,25;1;1;1;1;0;0;-5883,23937039958;-1,03474222123623;
14,3;14,3;1;1;1;1;0;0;-5884,17724946324;-1,03939406573772;
14,35;14,35;1;1;1;1;0;0;-5885,47365045685;-1,04515165090561;
14,4;14,4;1;1;1;1;0;0;-5886,71148988834;-1,04891829192638;
14,45;14,45;1;1;1;1;0;0;-5887,49290676312;-1,05082392692566;
14,5;14,5;1;1;1;1;0;0;-5888,23543160808;-1,05449102818966;
14,55;14,55;1;1;1;1;0;0;-5888,85055152781;-1,05737298727036;
14,6;14,6;1;1;1;1;0;0;-5889,40845098989;-1,06136485934258;
14,65;14,65;1;1;1;1;0;0;-5890,56224787421;-1,06507137417793;
14,7;14,7;1;1;1;1;0;0;-5891,55332408209;-1,06980107724667;
14,75;14,75;1;1;1;1;0;0;-5892,94002611043;-1,07804626226425;
14,8;14,8;1;1;1;1;0;0;-5894,66602757124;-1,08380004763603;
14,85;14,85;1;1;1;1;0;0;-5895,61240029658;-1,09020449221134;
14,9;14,9;1;1;1;1;0;0;-5896,88332030515;-1,09685502946377;
14,95;14,95;1;1;1;1;0;0;-5898,22844809473;-1,10023453831673;
15;15;1;1;1;1;0;0;-5898,78634755681;-1,10422931611538;
15,05;15,05;1;1;1;1;0;0;-5899,853419685;-1,10923148691654;
15,1;15,1;1;1;1;1;0;0;-5901,19228898703;-1,11404873430729;
15,15;15,15;1;1;1;1;0;0;-5902,19767030932;-1,11781463027;
15,2;15,2;1;1;1;1;0;0;-5902,97864014927;-1,12236849963665;
15,25;15,25;1;1;1;1;0;0;-5903,75960998921;-1,12682722508907;
15,3;15,3;1;1;1;1;0;0;-5904,83159950049;-1,13142088055611;
15,35;15,35;1;1;1;1;0;0;-5906,17091583734;-1,13496661186218;
15,4;15,4;1;1;1;1;0;0;-5907,10700676169;-1,14019848406315;
15,45;15,45;1;1;1;1;0;0;-5907,99973530799;-1,14435940980911;
15,5;15,5;1;1;1;1;0;0;-5908,89246385428;-1,14714115858078;
15,55;15,55;1;1;1;1;0;0;-5909,78519240057;-1,15094356238842;
15,6;15,6;1;1;1;1;0;0;-5910,67747391204;-1,15511611104012;
15,65;15,65;1;1;1;1;0;0;-5911,57601391106;-1,16020016372204;
15,7;15,7;1;1;1;1;0;0;-5912,68197806906;-1,16442330181599;
15,75;15,75;1;1;1;1;0;0;-5913,3958926852;-1,16877622902393;
15,8;15,8;1;1;1;1;0;0;-5914,71643355939;-1,17347091436386;
15,85;15,85;1;1;1;1;0;0;-5915,74997807568;-1,17659240961075;
15,9;15,9;1;1;1;1;0;0;-5916,41963624411;-1,18100397288799;
15,95;15,95;1;1;1;1;0;0;-5917,08884737771;-1,18543013930321;
16;16;1;1;1;1;0;0;-5917,92033215292;-1,18905186653137;
16,05;16,05;1;1;1;1;0;0;-5918,89620917674;-1,19383133947849;
16,1;16,1;1;1;1;1;0;0;-5920,137177852;-1,19855418801308;
16,15;16,15;1;1;1;1;0;0;-5921,47649418886;-1,20215810835361;
16,2;16,2;1;1;1;1;0;0;-5922,32094297401;-1,20506078004837;
16,25;16,25;1;1;1;1;0;0;-5922,99015410761;-1,20987623929977;
16,3;16,3;1;1;1;1;0;0;-5923,66562372876;-1,21388368308544;
16,35;16,35;1;1;1;1;0;0;-5924,75951794648;-1,21701620519161;
16,4;16,4;1;1;1;1;0;0;-5925,59949638338;-1,22009940445423;
16,45;16,45;1;1;1;1;0;0;-5926,16499543749;-1,22487463057041;
16,5;16,5;1;1;1;1;0;0;-5927,45916125698;-1,2293802946806;
16,55;16,55;1;1;1;1;0;0;-5928,5566317533;-1,23247541487217;
16,6;16,6;1;1;1;1;0;0;-5929,2540060809;-1,23562932014465;
16,65;16,65;1;1;1;1;0;0;-5929,9232172145;-1,24136559665203;
16,7;16,7;1;1;1;1;0;0;-5931,08014334259;-1,24519921839237;
16,75;16,75;1;1;1;1;0;0;-5932,21427069459;-1,24988354742527;
16,8;16,8;1;1;1;1;0;0;-5933,04441436533;-1,25305503606796;
16,85;16,85;1;1;1;1;0;0;-5933,82538420528;-1,25678613781929;
16,9;16,9;1;1;1;1;0;0;-5934,60635404523;-1,25882565975189;
16,95;16,95;1;1;1;1;0;0;-5935,19778111921;-1,26099690794945;
17;17;1;1;1;1;0;0;-5935,6466040839;-1,26408770680428;
17,05;17,05;1;1;1;1;0;0;-5936,23803115788;-1,26811385154724;
17,1;17,1;1;1;1;1;0;0;-5937,3372897935;-1,27387344837189;
17,15;17,15;1;1;1;1;0;0;-5938,56440038918;-1,27708569169044;
17,2;17,2;1;1;1;1;0;0;-5939,55324142293;-1,27984568476677;
17,25;17,25;1;1;1;1;0;0;-5939,8044749948;-1,2808384001255;
17,3;17,3;1;1;1;1;0;0;-5940,03290979057;-1,28409489989281;
17,35;17,35;1;1;1;1;0;0;-5941,44464576914;-1,29188910126686;
17,4;17,4;1;1;1;1;0;0;-5943,53319247333;-1,30236104130745;
17,45;17,45;1;1;1;1;0;0;-5945,21002010335;-1,30775332450867;
17,5;17,5;1;1;1;1;0;0;-5946,13001777399;-1,31401613354683;
17,55;17,55;1;1;1;1;0;0;-5947,11438845949;-1,31797924637794;
17,6;17,6;1;1;1;1;0;0;-5948,11887571213;-1,32278382778168;
17,65;17,65;1;1;1;1;0;0;-5949,12291592994;-1,32734790444374;
17,7;17,7;1;1;1;1;0;0;-5950,4993361573;-1,33225530385971;
17,75;17,75;1;1;1;1;0;0;-5951,64419234511;-1,33766919374466;
17,8;17,8;1;1;1;1;0;0;-5952,5369208914;-1,34120911359787;
17,85;17,85;1;1;1;1;0;0;-5953,4296494377;-1,34475573897362;
17,9;17,9;1;1;1;1;0;0;-5954,32237798399;-1,34877175092697;
17,95;17,95;1;1;1;1;0;0;-5955,21465949546;-1,354129165411;
18;18;1;1;1;1;0;0;-5956,23121668838;-1,35826572775841;
18,05;18,05;1;1;1;1;0;0;-5957,45385693581;-1,36277735233307;
18,1;18,1;1;1;1;1;0;0;-5958,2531552036;-1,36674895882607;
18,15;18,15;1;1;1;1;0;0;-5959,04753608831;-1,37099072337151;
18,2;18,2;1;1;1;1;0;0;-5960,16199390799;-1,37520283460617;
18,25;18,25;1;1;1;1;0;0;-5960,95235147927;-1,37892156839371;
18,3;18,3;1;1;1;1;0;0;-5961,71141661277;-1,38377234339714;
18,35;18,35;1;1;1;1;0;0;-5963,3372822727;-1,38774380087852;
18,4;18,4;1;1;1;1;0;0;-5964,01141078938;-1,39248386025429;
18,45;18,45;1;1;1;1;0;0;-5964,68062192298;-1,39630526304245;
18,5;18,5;1;1;1;1;0;0;-5965,71550754374;-1,40131190419197;
18,55;18,55;1;1;1;1;0;0;-5967,0002856319;-1,40467062592506;
18,6;18,6;1;1;1;1;0;0;-5967,55818509398;-1,4086776971817;
18,65;18,65;1;1;1;1;0;0;-5968,52601549094;-1,41275197267532;
18,7;18,7;1;1;1;1;0;0;-5969,65209621608;-1,41666188836098;
18,75;18,75;1;1;1;1;0;0;-5970,32801287206;-1,42187491059303;
18,8;18,8;1;1;1;1;0;0;-5971,52606620409;-1,42401188611984;
18,85;18,85;1;1;1;1;0;0;-5972,05759061147;-1,42772138118744;
18,9;18,9;1;1;1;1;0;0;-5972,81129132707;-1,43182948231697;
18,95;18,95;1;1;1;1;0;0;-5973,92709025123;-1,43497452139854;
19;19;1;1;1;1;0;0;-5975,04288917539;-1,4407953619957;
19,05;19,05;1;1;1;1;0;0;-5975,84531668696;-1,44253224134445;
19,1;19,1;1;1;1;1;0;0;-5976,29190447752;-1,44690915942192;
19,15;19,15;1;1;1;1;0;0;-5977,25615859587;-1,4505173265934;
19,2;19,2;1;1;1;1;0;0;-5978,03176401791;-1,45230531692505;
19,25;19,25;1;1;1;1;0;0;-5978,55613586809;-1,45716562867165;
19,3;19,3;1;1;1;1;0;0;-5979,78324646377;-1,46028861403465;
19,35;19,35;1;1;1;1;0;0;-5980,62411897032;-1,46351903676987;
19,4;19,4;1;1;1;1;0;0;-5981,23610964627;-1,46559283137321;
19,45;19,45;1;1;1;1;0;0;-5981,79400910835;-1,46849274635315;
19,5;19,5;1;1;1;1;0;0;-5982,30586398342;-1,46896883845329;
19,55;19,55;1;1;1;1;0;0;-5982,60448324677;-1,47428929805756;
19,6;19,6;1;1;1;1;0;0;-5984,60451705554;-1,48311004042625;
19,65;19,65;1;1;1;1;0;0;-5986,17003301404;-1,49052023887634;
19,7;19,7;1;1;1;1;0;0;-5987,2858319382;-1,49557203054428;
19,75;19,75;1;1;1;1;0;0;-5988,40163086236;-1,50105759501457;
19,8;19,8;1;1;1;1;0;0;-5989,51742978652;-1,50670796632767;
19,85;19,85;1;1;1;1;0;0;-5990,63322871068;-1,51222810149193;
19,9;19,9;1;1;1;1;0;0;-5991,74902763484;-1,51734799146652;
19,95;19,95;1;1;1;1;0;0;-5992,864826559;-1,52337074279785;
20;20;1;1;1;1;0;0;-5993,98062548316;-1,5269735455513;
20,05;20,05;1;1;1;1;0;0;-5995,09642440732;-1,5329997241497;
20,1;20,1;1;1;1;1;0;0;-5996,21222333148;-1,53631523251534;
20,15;20,15;1;1;1;1;0;0;-5997,31550528053;-1,54087334871292;
20,2;20,2;1;1;1;1;0;0;-5998,17381214527;-1,54502138495445;
20,25;20,25;1;1;1;1;0;0;-5998,95478198522;-1,54870986938477;
20,3;20,3;1;1;1;1;0;0;-5999,97804470052;-1,55493497848511;
20,35;20,35;1;1;1;1;0;0;-6001,18056838081;-1,55794337391853;
20,4;20,4;1;1;1;1;0;0;-6001,74293819114;-1,56241074204445;
20,45;20,45;1;1;1;1;0;0;-6002,93070972219;-1,56610548496246;
20,5;20,5;1;1;1;1;0;0;-6004,05366120355;-1,57121539115906;
20,55;20,55;1;1;1;1;0;0;-6004,87933452604;-1,57467797398567;
20,6;20,6;1;1;1;1;0;0;-6005,66030436599;-1,5796035528183;
20,65;20,65;1;1;1;1;0;0;-6006,44172124076;-1,58366337418556;
20,7;20,7;1;1;1;1;0;0;-6007,93884087097;-1,58816203474998;
20,75;20,75;1;1;1;1;0;0;-6008,84945081028;-1,59136041998863;
20,8;20,8;1;1;1;1;0;0;-6009,52581450109;-1,59609094262123;
20,85;20,85;1;1;1;1;0;0;-6010,19547266951;-1,59966304898262;
20,9;20,9;1;1;1;1;0;0;-6011,03813331536;-1,60430312156677;
20,95;20,95;1;1;1;1;0;0;-6012,26569094587;-1,60861551761627;
21;21;1;1;1;1;0;0;-6013,49280154155;-1,6148753464222;
21,05;21,05;1;1;1;1;0;0;-6014,63452848558;-1,61745473742485;
21,1;21,1;1;1;1;1;0;0;-6015,19242794766;-1,62198394536972;
21,15;21,15;1;1;1;1;0;0;-6016,20093851373;-1,62637591362;
21,2;21,2;1;1;1;1;0;0;-6017,329254413;-1,62918195128441;
21,25;21,25;1;1;1;1;0;0;-6018,00651217346;-1,63430258631706;
21,3;21,3;1;1;1;1;0;0;-6018,67572330706;-1,63839027285576;
21,35;21,35;1;1;1;1;0;0;-6020,00878115636;-1,6426782310009;
21,4;21,4;1;1;1;1;0;0;-6020,90016859817;-1,64687618613243;
21,45;21,45;1;1;1;1;0;0;-6021,46700875676;-1,64974391460419;
21,5;21,5;1;1;1;1;0;0;-6022,24350824845;-1,65247291326523;
21,55;21,55;1;1;1;1;0;0;-6023,0244780884;-1,65642291307449;
21,6;21,6;1;1;1;1;0;0;-6024,04684673405;-1,66098862886429;
21,65;21,65;1;1;1;1;0;0;-6025,21271355866;-1,66454493999481;
21,7;21,7;1;1;1;1;0;0;-6025,9583676474;-1,6696172952652;
21,75;21,75;1;1;1;1;0;0;-6027,71387340668;-1,67743593454361;
21,8;21,8;1;1;1;1;0;0;-6028,41705918701;-1,67927697300911;
21,85;21,85;1;1;1;1;0;0;-6028,87214063926;-1,68394327163696;
21,9;21,9;1;1;1;1;0;0;-6029,85069987202;-1,68810844421387;
21,95;21,95;1;1;1;1;0;0;-6030,85518712466;-1,69147089123726;
22;22;1;1;1;1;0;0;-6031,73182241724;-1,69524997472763;
22,05;22,05;1;1;1;1;0;0;-6032,40103355084;-1,69787049293518;
22,1;22,1;1;1;1;1;0;0;-6033,07382096305;-1,70239999890327;
22,15;22,15;1;1;1;1;0;0;-6034,14491640467;-1,70721292495728;
22,2;22,2;1;1;1;1;0;0;-6035,28887852283;-1,71283096075058;
22,25;22,25;1;1;1;1;0;0;-6036,31348234261;-1,7145836353302;
22,3;22,3;1;1;1;1;0;0;-6036,64831142682;-1,71681493520737;
22,35;22,35;1;1;1;1;0;0;-6037,06271270995;-1,71838521957397;
22,4;22,4;1;1;1;1;0;0;-6037,73237087838;-1,7196099460125;
22,45;22,45;1;1;1;1;0;0;-6038,1923697137;-1,72254011034966;
22,5;22,5;1;1;1;1;0;0;-6038,65102744454;-1,7242619395256;
22,55;22,55;1;1;1;1;0;0;-6039,75118014982;-1,73208177089691;
22,6;22,6;1;1;1;1;0;0;-6042,47943368914;-1,74373626708984;
22,65;22,65;1;1;1;1;0;0;-6043,84020769761;-1,75049886107445;
22,7;22,7;1;1;1;1;0;0;-6044,84469495025;-1,75643473863602;
22,75;22,75;1;1;1;1;0;0;-6045,96004683958;-1,76181524991989;
22,8;22,8;1;1;1;1;0;0;-6047,34764293758;-1,7655485868454;
22,85;22,85;1;1;1;1;0;0;-6048,30519153355;-1,77094012498856;
22,9;22,9;1;1;1;1;0;0;-6049,19792007984;-1,77559852600098;
22,95;22,95;1;1;1;1;0;0;-6050,26096889461;-1,78073242306709;
23;23;1;1;1;1;0;0;-6051,447846356;-1,78430154919624;
23,05;23,05;1;1;1;1;0;0;-6052,22881619595;-1,78976476192474;
23,1;23,1;1;1;1;1;0;0;-6053,12020363777;-1,79338902235031;
23,15;23,15;1;1;1;1;0;0;-6054,12424385558;-1,79752767086029;
23,2;23,2;1;1;1;1;0;0;-6055,12873110822;-1,8016342818737;
23,25;23,25;1;1;1;1;0;0;-6056,04157622166;-1,80649399757385;
23,3;23,3;1;1;1;1;0;0;-6056,93430476795;-1,81128919124603;
23,35;23,35;1;1;1;1;0;0;-6057,9267220803;-1,81513100862503;
23,4;23,4;1;1;1;1;0;0;-6058,93076229812;-1,81894645094872;
23,45;23,45;1;1;1;1;0;0;-6059,93480251593;-1,82358488440514;
23,5;23,5;1;1;1;1;0;0;-6060,93928976857;-1,82773530483246;
23,55;23,55;1;1;1;1;0;0;-6061,94332998638;-1,83264434337616;
23,6;23,6;1;1;1;1;0;0;-6062,91831294055;-1,83687224984169;
23,65;23,65;1;1;1;1;0;0;-6063,66754330789;-1,84028550982475;
23,7;23,7;1;1;1;1;0;0;-6064,61838638149;-1,84573963284492;
23,75;23,75;1;1;1;1;0;0;-6065,83387407171;-1,84994101524353;
23,8;23,8;1;1;1;1;0;0;-6066,59875065794;-1,8536901473999;
23,85;23,85;1;1;1;1;0;0;-6067,26840882637;-1,85763597488403;
23,9;23,9;1;1;1;1;0;0;-6068,3256461884;-1,86241522431374;
23,95;23,95;1;1;1;1;0;0;-6069,52057027665;-1,86595976352692;
24;24;1;1;1;1;0;0;-6070,26354215644;-1,86968326568604;
24,05;24,05;1;1;1;1;0;0;-6070,93320032487;-1,87318384647369;
24,1;24,1;1;1;1;1;0;0;-6071,69584173698;-1,87710538506508;
24,15;24,15;1;1;1;1;0;0;-6072,81164066114;-1,8821232020855;
24,2;24,2;1;1;1;1;0;0;-6073,71152176464;-1,88505351543427;
24,25;24,25;1;1;1;1;0;0;-6074,49249160458;-1,88972592353821;
24,3;24,3;1;1;1;1;0;0;-6075,40533671802;-1,89377754926682;
24,35;24,35;1;1;1;1;0;0;-6076,52113564218;-1,89838424324989;
24,4;24,4;1;1;1;1;0;0;-6077,4813664471;-1,90349474549294;
24,45;24,45;1;1;1;1;0;0;-6078,3740949934;-1,90628379583359;
24,5;24,5;1;1;1;1;0;0;-6079,19261575868;-1,91062524914742;
24,55;24,55;1;1;1;1;0;0;-6079,91234182754;-1,91589087247849;
24,6;24,6;1;1;1;1;0;0;-6081,23824711964;-1,9195157289505;
24,65;24,65;1;1;1;1;0;0;-6082,11711758634;-1,92357495427132;
24,7;24,7;1;1;1;1;0;0;-6082,7943753468;-1,92891269922256;
24,75;24,75;1;1;1;1;0;0;-6083,99555792261;-1,93253383040428;
24,8;24,8;1;1;1;1;0;0;-6085,22266851829;-1,93733111023903;
24,85;24,85;1;1;1;1;0;0;-6086,26425966144;-1,94137066602707;
24,9;24,9;1;1;1;1;0;0;-6086,89323766075;-1,94439858198166;
24,95;24,95;1;1;1;1;0;0;-6087,43951421737;-1,95006683468819;
25;25;1;1;1;1;0;0;-6088,76854875324;-1,95490539073944;
25,05;25,05;1;1;1;1;0;0;-6089,92592191616;-1,95841357111931;
25,1;25,1;1;1;1;1;0;0;-6090,47800992551;-1,96195229887962;
25,15;25,15;1;1;1;1;0;0;-6090,95991346727;-1,9657738506794;
25,2;25,2;1;1;1;1;0;0;-6092,37477868962;-1,97103753685951;
25,25;25,25;1;1;1;1;0;0;-6093,40519396213;-1,97522848844528;
25,3;25,3;1;1;1;1;0;0;-6094,16336502598;-1,98089689016342;
25,35;25,35;1;1;1;1;0;0;-6095,93094072555;-1,98662802577019;
25,4;25,4;1;1;1;1;0;0;-6096,65871342128;-1,99020683765411;
25,45;25,45;1;1;1;1;0;0;-6097,23181206742;-1,9931435585022;
25,5;25,5;1;1;1;1;0;0;-6098,01948742975;-1,9968718290329;
25,55;25,55;1;1;1;1;0;0;-6099,14780332902;-2,00104847550392;
25,6;25,6;1;1;1;1;0;0;-6099,90910363665;-2,00510650873184;
25,65;25,65;1;1;1;1;0;0;-6100,77545712824;-2,00843974947929;
25,7;25,7;1;1;1;1;0;0;-6101,44466826185;-2,01063200831413;
25,75;25,75;1;1;1;1;0;0;-6102,11432643027;-2,01325342059135;
25,8;25,8;1;1;1;1;0;0;-6102,78353756387;-2,01687574386597;
25,85;25,85;1;1;1;1;0;0;-6103,70845261759;-2,02328607439995;
25,9;25,9;1;1;1;1;0;0;-6105,38215100383;-2,03150346875191;
25,95;25,95;1;1;1;1;0;0;-6106,97806533046;-2,03781217336655;
26;26;1;1;1;1;0;0;-6108,16091947842;-2,04199492931366;
26,05;26,05;1;1;1;1;0;0;-6108,8332598558;-2,0471379160881;
26,1;26,1;1;1;1;1;0;0;-6109,69469596432;-2,05252394080162;
26,15;26,15;1;1;1;1;0;0;-6111,03356526635;-2,05642119050026;
26,2;26,2;1;1;1;1;0;0;-6112,06576867816;-2,06052958965302;
26,25;26,25;1;1;1;1;0;0;-6112,8467385181;-2,06551060080528;
26,3;26,3;1;1;1;1;0;0;-6113,81591001954;-2,07049742341042;
26,35;26,35;1;1;1;1;0;0;-6115,04302061522;-2,07515850663185;
26,4;26,4;1;1;1;1;0;0;-6115,92054997745;-2,07834929227829;
26,45;26,45;1;1;1;1;0;0;-6116,50169525045;-2,08353653550148;
26,5;26,5;1;1;1;1;0;0;-6117,70556003521;-2,08721429109573;
26,55;26,55;1;1;1;1;0;0;-6118,82314709867;-2,09190681576729;
26,6;26,6;1;1;1;1;0;0;-6119,56790711776;-2,09501072764397;
26,65;26,65;1;1;1;1;0;0;-6120,23756528619;-2,09849327802658;
26,7;26,7;1;1;1;1;0;0;-6121,01317070823;-2,10374817252159;
26,75;26,75;1;1;1;1;0;0;-6122,24072833874;-2,10695832967758;
26,8;26,8;1;1;1;1;0;0;-6123,29304831769;-2,11117580533028;
26,85;26,85;1;1;1;1;0;0;-6124,00919810796;-2,11573049426079;
26,9;26,9;1;1;1;1;0;0;-6125,23049725091;-2,12092161178589;
26,95;26,95;1;1;1;1;0;0;-6126,09014522013;-2,12334826588631;
27;27;1;1;1;1;0;0;-6126,57964835392;-2,12707474827766;
27,05;27,05;1;1;1;1;0;0;-6127,52602107926;-2,13205188512802;
27,1;27,1;1;1;1;1;0;0;-6128,75313167494;-2,13631734251976;
27,15;27,15;1;1;1;1;0;0;-6129,67447045006;-2,1414141356945;
27,2;27,2;1;1;1;1;0;0;-6130,45544029001;-2,14536651968956;
27,25;27,25;1;1;1;1;0;0;-6131,23641012995;-2,15010389685631;
27,3;27,3;1;1;1;1;0;0;-6132,18680616872;-2,15510040521622;
27,35;27,35;1;1;1;1;0;0;-6133,19084638653;-2,15794280171394;
27,4;27,4;1;1;1;1;0;0;-6134,19533363917;-2,16273218393326;
27,45;27,45;1;1;1;1;0;0;-6135,19937385699;-2,16683819890022;
27,5;27,5;1;1;1;1;0;0;-6136,2034140748;-2,171620875597;
27,55;27,55;1;1;1;1;0;0;-6137,20790132744;-2,17624574899673;
27,6;27,6;1;1;1;1;0;0;-6138,21194154525;-2,18068137764931;
27,65;27,65;1;1;1;1;0;0;-6139,14222101688;-2,18399569392204;
27,7;27,7;1;1;1;1;0;0;-6140,03494956317;-2,18976527452469;
27,75;27,75;1;1;1;1;0;0;-6140,92723107464;-2,19373121857643;
27,8;27,8;1;1;1;1;0;0;-6141,81995962093;-2,19738498330116;
27,85;27,85;1;1;1;1;0;0;-6142,71268816723;-2,20193907618523;
27,9;27,9;1;1;1;1;0;0;-6143,70108216615;-2,20612302422524;
27,95;27,95;1;1;1;1;0;0;-6144,82582178682;-2,21101805567741;
28;28;1;1;1;1;0;0;-6145,65060103965;-2,21514075994492;
28,05;28,05;1;1;1;1;0;0;-6146,5196367402;-2,21967414021492;
28,1;28,1;1;1;1;1;0;0;-6147,74719437071;-2,22468197345734;
28,15;28,15;1;1;1;1;0;0;-6148,92736630972;-2,22850099205971;
28,2;28,2;1;1;1;1;0;0;-6149,69626620938;-2,2332452237606;
28,25;28,25;1;1;1;1;0;0;-6150,36592437781;-2,23709940910339;
28,3;28,3;1;1;1;1;0;0;-6151,09369707354;-2,24181726574898;
28,35;28,35;1;1;1;1;0;0;-6152,31633732096;-2,24610850214958;
28,4;28,4;1;1;1;1;0;0;-6153,54031867287;-2,2507931292057;
28,45;28,45;1;1;1;1;0;0;-6154,33961694066;-2,25470662117004;
28,5;28,5;1;1;1;1;0;0;-6155,1205867806;-2,25886791944504;
28,55;28,55;1;1;1;1;0;0;-6155,90200365537;-2,26346656680107;
28,6;28,6;1;1;1;1;0;0;-6156,96013508706;-2,26855516433716;
28,65;28,65;1;1;1;1;0;0;-6158,07593401122;-2,27292269468308;
28,7;28,7;1;1;1;1;0;0;-6159,19173293538;-2,27697372436523;
28,75;28,75;1;1;1;1;0;0;-6160,18236210843;-2,28078126907349;
28,8;28,8;1;1;1;1;0;0;-6160,89180637632;-2,28494346141815;
28,85;28,85;1;1;1;1;0;0;-6161,60572099246;-2,28953719139099;
28,9;28,9;1;1;1;1;0;0;-6162,82478496128;-2,29440033435822;
28,95;28,95;1;1;1;1;0;0;-6163,9557830695;-2,29878053069115;
29;29;1;1;1;1;0;0;-6164,73675290945;-2,30241402983665;
29,05;29,05;1;1;1;1;0;0;-6165,5177227494;-2,30713248252869;
29,1;29,1;1;1;1;1;0;0;-6166,37379444001;-2,31172382831573;
29,15;29,15;1;1;1;1;0;0;-6167,48959336417;-2,31677681207657;
29,2;29,2;1;1;1;1;0;0;-6168,60539228833;-2,3212094604969;
29,25;29,25;1;1;1;1;0;0;-6169,72119121249;-2,32627987861633;
29,3;29,3;1;1;1;1;0;0;-6170,82536723119;-2,3312696814537;
29,35;29,35;1;1;1;1;0;0;-6171,61170148904;-2,33574524521828;
29,4;29,4;1;1;1;1;0;0;-6172,59115479146;-2,34085232019424;
29,45;29,45;1;1;1;1;0;0;-6173,81826538714;-2,34588772058487;
29,5;29,5;1;1;1;1;0;0;-6174,94568721676;-2,34977945685387;
29,55;29,55;1;1;1;1;0;0;-6175,77717199197;-2,35415503382683;
29,6;29,6;1;1;1;1;0;0;-6176,65246618008;-2,35969021916389;
29,65;29,65;1;1;1;1;0;0;-6177,87823567128;-2,36256539821625;
29,7;29,7;1;1;1;1;0;0;-6178,68200428732;-2,36761942505836;
29,75;29,75;1;1;1;1;0;0;-6179,46297412727;-2,37203419208527;
29,8;29,8;1;1;1;1;0;0;-6180,40934685261;-2,37693309783936;
29,85;29,85;1;1;1;1;0;0;-6181,52514577677;-2,38094329833984;
29,9;29,9;1;1;1;1;0;0;-6182,28734015405;-2,38465860486031;
29,95;29,95;1;1;1;1;0;0;-6183,08619138701;-2,38890200853348;
30;30;1;1;1;1;0;0;-6184,20199031117;-2,39481493830681;
30,05;30,05;1;1;1;1;0;0;-6185,31778923533;-2,39814847707748;
30,1;30,1;1;1;1;1;0;0;-6186,28114928404;-2,40276396274567;
30,15;30,15;1;1;1;1;0;0;-6187,1734307955;-2,40710079669952;
30,2;30,2;1;1;1;1;0;0;-6188,18372950087;-2,41264462471008;
30,25;30,25;1;1;1;1;0;0;-6189,25571901215;-2,41562888026237;
30,3;30,3;1;1;1;1;0;0;-6189,81853585731;-2,42003187537193;
30,35;30,35;1;1;1;1;0;0;-6190,92718222426;-2,42527648806572;
30,4;30,4;1;1;1;1;0;0;-6192,26605152629;-2,42983922362328;
30,45;30,45;1;1;1;1;0;0;-6192,95090887878;-2,43336245417595;
30,5;30,5;1;1;1;1;0;0;-6193,51953717666;-2,43811711668968;
30,55;30,55;1;1;1;1;0;0;-6194,61074918543;-2,44233444333076;
30,6;30,6;1;1;1;1;0;0;-6195,72654810959;-2,44639158248901;
30,65;30,65;1;1;1;1;0;0;-6196,84189999892;-2,45156660676003;
30,7;30,7;1;1;1;1;0;0;-6197,7185352915;-2,45470851659775;
30,75;30,75;1;1;1;1;0;0;-6198,49995216627;-2,45851472020149;
30,8;30,8;1;1;1;1;0;0;-6199,28092200622;-2,46321633458138;
30,85;30,85;1;1;1;1;0;0;-6200,06189184617;-2,46739074587822;
30,9;30,9;1;1;1;1;0;0;-6200,84286168611;-2,47109472751617;
30,95;30,95;1;1;1;1;0;0;-6201,72441436177;-2,47554048895836;
31;31;1;1;1;1;0;0;-6202,72845457959;-2,47895658016205;
31,05;31,05;1;1;1;1;0;0;-6203,73294183223;-2,48439192771912;
31,1;31,1;1;1;1;1;0;0;-6204,73698205004;-2,48747542500496;
31,15;31,15;1;1;1;1;0;0;-6205,74146930268;-2,49274775385857;
31,2;31,2;1;1;1;1;0;0;-6206,74550952049;-2,49608710408211;
31,25;31,25;1;1;1;1;0;0;-6207,74954973831;-2,50201433897018;
31,3;31,3;1;1;1;1;0;0;-6208,72810897107;-2,50488668680191;
31,35;31,35;1;1;1;1;0;0;-6209,47421009464;-2,50939786434174;
31,4;31,4;1;1;1;1;0;0;-6210,23193412367;-2,51442462205887;
31,45;31,45;1;1;1;1;0;0;-6211,45904471935;-2,51776814460754;
31,5;31,5;1;1;1;1;0;0;-6212,29902315625;-2,52292573451996;
31,55;31,55;1;1;1;1;0;0;-6213,16492961302;-2,52785116434097;
31,6;31,6;1;1;1;1;0;0;-6214,33034940279;-2,53156185150146;
31,65;31,65;1;1;1;1;0;0;-6215,00090164087;-2,53589659929276;
31,7;31,7;1;1;1;1;0;0;-6215,87217251555;-2,54117608070374;
31,75;31,75;1;1;1;1;0;0;-6217,16410316091;-2,5446629524231;
31,8;31,8;1;1;1;1;0;0;-6217,94507300085;-2,54990100860596;
31,85;31,85;1;1;1;1;0;0;-6218,76091155718;-2,55340456962585;
31,9;31,9;1;1;1;1;0;0;-6219,65364010347;-2,55811631679535;
31,95;31,95;1;1;1;1;0;0;-6220,54592161494;-2,56303012371063;
32;32;1;1;1;1;0;0;-6221,58214834018;-2,56745934486389;
32,05;32,05;1;1;1;1;0;0;-6222,69794726434;-2,57170498371124;
32,1;32,1;1;1;1;1;0;0;-6223,8137461885;-2,57603287696838;
32,15;32,15;1;1;1;1;0;0;-6224,73374385914;-2,58005291223526;
32,2;32,2;1;1;1;1;0;0;-6225,51516073392;-2,58493334054947;
32,25;32,25;1;1;1;1;0;0;-6226,32250562856;-2,5898090004921;
32,3;32,3;1;1;1;1;0;0;-6227,66137493059;-2,59401947259903;
32,35;32,35;1;1;1;1;0;0;-6228,41999302927;-2,59830683469772;
32,4;32,4;1;1;1;1;0;0;-6229,08965119769;-2,60215938091278;
32,45;32,45;1;1;1;1;0;0;-6230,25775319642;-2,60693550109863;
32,5;32,5;1;1;1;1;0;0;-6231,43256071753;-2,611303627491;
32,55;32,55;1;1;1;1;0;0;-6232,21397759231;-2,61646926403046;
32,6;32,6;1;1;1;1;0;0;-6232,99494743225;-2,62021452188492;
32,65;32,65;1;1;1;1;0;0;-6233,85414836664;-2,62472003698349;
32,7;32,7;1;1;1;1;0;0;-6234,89797468392;-2,62979924678802;
32,75;32,75;1;1;1;1;0;0;-6236,01377360808;-2,63351231813431;
32,8;32,8;1;1;1;1;0;0;-6237,12241997503;-2,63748705387115;
32,85;32,85;1;1;1;1;0;0;-6238,01738369545;-2,64288634061813;
32,9;32,9;1;1;1;1;0;0;-6238,91011224174;-2,64725714921951;
32,95;32,95;1;1;1;1;0;0;-6239,86587269841;-2,65329003334045;
33;33;1;1;1;1;0;0;-6240,99910598076;-2,65541672706604;
33,05;33,05;1;1;1;1;0;0;-6241,55700544284;-2,65950173139572;
33,1;33,1;1;1;1;1;0;0;-6242,41888858619;-2,66559809446335;
33,15;33,15;1;1;1;1;0;0;-6243,93254850494;-2,66937792301178;
33,2;33,2;1;1;1;1;0;0;-6244,77163287218;-2,67280578613281;
33,25;33,25;1;1;1;1;0;0;-6245,45827836398;-2,67787605524063;
33,3;33,3;1;1;1;1;0;0;-6246,32194964662;-2,68253684043884;
33,35;33,35;1;1;1;1;0;0;-6247,63399685912;-2,68655478954315;
33,4;33,4;1;1;1;1;0;0;-6248,4243544304;-2,69255459308624;
33,45;33,45;1;1;1;1;0;0;-6249,53791818044;-2,69717425107956;
33,5;33,5;1;1;1;1;0;0;-6250,55805165196;-2,70238488912582;
33,55;33,55;1;1;1;1;0;0;-6251,33902149191;-2,70620107650757;
33,6;33,6;1;1;1;1;0;0;-6252,66805602778;-2,71198451519012;
33,65;33,65;1;1;1;1;0;0;-6253,80665372803;-2,71655529737473;
33,7;33,7;1;1;1;1;0;0;-6254,65378472214;-2,72304713726044;
33,75;33,75;1;1;1;1;0;0;-6255,86167282033;-2,72553950548172;
33,8;33,8;1;1;1;1;0;0;-6256,53088395393;-2,73122668266296;
33,85;33,85;1;1;1;1;0;0;-6257,27653804267;-2,73480117321014;
33,9;33,9;1;1;1;1;0;0;-6258,08656514627;-2,73894220590591;
33,95;33,95;1;1;1;1;0;0;-6259,30562911509;-2,7427077293396;
34;34;1;1;1;1;0;0;-6260,5331867456;-2,7486389875412;
34,05;34,05;1;1;1;1;0;0;-6261,62350468471;-2,7530762553215;
34,1;34,1;1;1;1;1;0;0;-6262,62754490252;-2,75781244039536;
34,15;34,15;1;1;1;1;0;0;-6263,11302472289;-2,7611431479454;
34,2;34,2;1;1;1;1;0;0;-6263,75809597592;-2,76602029800415;
34,25;34,25;1;1;1;1;0;0;-6264,87389490008;-2,7701798081398;
34,3;34,3;1;1;1;1;0;0;-6266,36475604274;-2,7757254242897;
34,35;34,35;1;1;1;1;0;0;-6267,32006946458;-2,77977555990219;
34,4;34,4;1;1;1;1;0;0;-6267,98972763301;-2,78363913297653;
34,45;34,45;1;1;1;1;0;0;-6268,74074613966;-2,78770416975021;
34,5;34,5;1;1;1;1;0;0;-6269,7452333923;-2,79217004776001;
34,55;34,55;1;1;1;1;0;0;-6270,84493906274;-2,79826790094376;
34,6;34,6;1;1;1;1;0;0;-6271,99694780776;-2,80094057321548;
34,65;34,65;1;1;1;1;0;0;-6272,66615894136;-2,80615955591202;
34,7;34,7;1;1;1;1;0;0;-6273,7622883332;-2,81160026788712;
34,75;34,75;1;1;1;1;0;0;-6274,88792202352;-2,81402438879013;
34,8;34,8;1;1;1;1;0;0;-6275,34121533646;-2,81809896230698;
34,85;34,85;1;1;1;1;0;0;-6276,05423588295;-2,82238692045212;
34,9;34,9;1;1;1;1;0;0;-6277,17003480711;-2,82644301652908;
34,95;34,95;1;1;1;1;0;0;-6278,28583373127;-2,83070474863052;
35;35;1;1;1;1;0;0;-6279,27020441677;-2,83607482910156;
35,05;35,05;1;1;1;1;0;0;-6280,05609163979;-2,83925116062164;
35,1;35,1;1;1;1;1;0;0;-6280,83706147974;-2,84377783536911;
35,15;35,15;1;1;1;1;0;0;-6281,61803131969;-2,84850776195526;
35,2;35,2;1;1;1;1;0;0;-6282,7964151194;-2,85465985536575;
35,25;35,25;1;1;1;1;0;0;-6284,68156097805;-2,86138594150543;
35,3;35,3;1;1;1;1;0;0;-6285,43749686777;-2,8647243976593;
35,35;35,35;1;1;1;1;0;0;-6286,0208773149;-2,86749184131622;
35,4;35,4;1;1;1;1;0;0;-6286,8045293638;-2,87382543087006;
35,45;35,45;1;1;1;1;0;0;-6288,24264039706;-2,87690550088882;
35,5;35,5;1;1;1;1;0;0;-6288,80053985914;-2,88175582885742;
35,55;35,55;1;1;1;1;0;0;-6289,54217063446;-2,88632422685623;
35,6;35,6;1;1;1;1;0;0;-6290,65796955861;-2,89132326841354;
35,65;35,65;1;1;1;1;0;0;-6291,77376848277;-2,89507478475571;
35,7;35,7;1;1;1;1;0;0;-6292,88956740693;-2,89980918169022;
35,75;35,75;1;1;1;1;0;0;-6293,82968164472;-2,9039067029953;
35,8;35,8;1;1;1;1;0;0;-6294,61065148467;-2,90859997272491;
35,85;35,85;1;1;1;1;0;0;-6295,39206835944;-2,91324853897095;
35,9;35,9;1;1;1;1;0;0;-6296,27853841818;-2,91748583316803;
35,95;35,95;1;1;1;1;0;0;-6297,50609604868;-2,92165488004684;
36;36;1;1;1;1;0;0;-6298,519076963;-2,92589366436005;
36,05;36,05;1;1;1;1;0;0;-6299,30049383778;-2,93051272630692;
36,1;36,1;1;1;1;1;0;0;-6300,10739169759;-2,93591469526291;
36,15;36,15;1;1;1;1;0;0;-6301,00012024389;-2,93969660997391;
36,2;36,2;1;1;1;1;0;0;-6301,89240175536;-2,94322609901428;
36,25;36,25;1;1;1;1;0;0;-6302,78513030165;-2,94839709997177;
36,3;36,3;1;1;1;1;0;0;-6303,6859054748;-2,95266151428223;
36,35;36,35;1;1;1;1;0;0;-6304,93760298588;-2,95770168304443;
36,4;36,4;1;1;1;1;0;0;-6306,23489804914;-2,96139538288116;
36,45;36,45;1;1;1;1;0;0;-6306,99798649607;-2,96471506357193;
36,5;36,5;1;1;1;1;0;0;-6307,6676446645;-2,96927988529205;
36,55;36,55;1;1;1;1;0;0;-6308,3368557981;-2,97326296567917;
36,6;36,6;1;1;1;1;0;0;-6309,02797163814;-2,97714322805405;
36,65;36,65;1;1;1;1;0;0;-6309,92025314961;-2,98167914152145;
36,7;36,7;1;1;1;1;0;0;-6310,81298169591;-2,9850435256958;
36,75;36,75;1;1;1;1;0;0;-6311,89570004299;-2,99094200134277;
36,8;36,8;1;1;1;1;0;0;-6313,26273253901;-2,99418658018112;
36,85;36,85;1;1;1;1;0;0;-6313,93239070744;-2,9987359046936;
36,9;36,9;1;1;1;1;0;0;-6314,63468241812;-3,00344616174698;
36,95;36,95;1;1;1;1;0;0;-6315,85106417799;-3,00861746072769;
37;37;1;1;1;1;0;0;-6317,0786218085;-3,01233887672424;
37,05;37,05;1;1;1;1;0;0;-6317,61685173826;-3,01602423191071;
37,1;37,1;1;1;1;1;0;0;-6318,28829804599;-3,02092790603638;
37,15;37,15;1;1;1;1;0;0;-6319,84844958658;-3,0255526304245;
37,2;37,2;1;1;1;1;0;0;-6320,59589181462;-3,0301171541214;
37,25;37,25;1;1;1;1;0;0;-6321,26554998305;-3,0338442325592;
37,3;37,3;1;1;1;1;0;0;-6322,24768549442;-3,04021149873734;
37,35;37,35;1;1;1;1;0;0;-6323,69831350279;-3,04322898387909;
37,4;37,4;1;1;1;1;0;0;-6324,4310035816;-3,0481493473053;
37,45;37,45;1;1;1;1;0;0;-6325,41760944122;-3,05419892072678;
37,5;37,5;1;1;1;1;0;0;-6326,31033798751;-3,05584758520126;
37,55;37,55;1;1;1;1;0;0;-6327,2276534492;-3,06108862161636;
37,6;37,6;1;1;1;1;0;0;-6328,13781635369;-3,06533396244049;
37,65;37,65;1;1;1;1;0;0;-6328,9693011289;-3,07020038366318;
37,7;37,7;1;1;1;1;0;0;-6330,05336058046;-3,07446032762527;
37,75;37,75;1;1;1;1;0;0;-6330,76280484834;-3,08031439781189;
37,8;37,8;1;1;1;1;0;0;-6332,09809787177;-3,08365702629089;
37,85;37,85;1;1;1;1;0;0;-6333,02614216927;-3,08866083621979;
37,9;37,9;1;1;1;1;0;0;-6333,80711200921;-3,09305429458618;
37,95;37,95;1;1;1;1;0;0;-6334,58808184916;-3,09767365455627;
38;38;1;1;1;1;0;0;-6335,39408563933;-3,10200840234756;
38,05;38,05;1;1;1;1;0;0;-6336,86661835415;-3,10667395591736;
38,1;38,1;1;1;1;1;0;0;-6337,78974526857;-3,11205476522446;
38,15;38,15;1;1;1;1;0;0;-6338,63732329749;-3,11661452054977;
38,2;38,2;1;1;1;1;0;0;-6339,64181055013;-3,12188982963562;
38,25;38,25;1;1;1;1;0;0;-6340,64585076795;-3,12583774328232;
38,3;38,3;1;1;1;1;0;0;-6341,65033802059;-3,13038647174835;
38,35;38,35;1;1;1;1;0;0;-6342,6543782384;-3,13353091478348;
38,4;38,4;1;1;1;1;0;0;-6343,50240330216;-3,13770711421967;
38,45;38,45;1;1;1;1;0;0;-6344,18189623674;-3,14197033643723;
38,5;38,5;1;1;1;1;0;0;-6345,02589798707;-3,14673125743866;
38,55;38,55;1;1;1;1;0;0;-6346,14169691123;-3,15108835697174;
38,6;38,6;1;1;1;1;0;0;-6347,25749583539;-3,15653532743454;
38,65;38,65;1;1;1;1;0;0;-6348,30445139644;-3,15930932760239;
38,7;38,7;1;1;1;1;0;0;-6348,8091537143;-3,16171020269394;
38,75;38,75;1;1;1;1;0;0;-6349,77921928538;-3,1688603758812;
38,8;38,8;1;1;1;1;0;0;-6351,15429840826;-3,17286640405655;
38,85;38,85;1;1;1;1;0;0;-6351,9790776611;-3,17955702543259;
38,9;38,9;1;1;1;1;0;0;-6353,77258138054;-3,18810641765594;
38,95;38,95;1;1;1;1;0;0;-6355,25673700082;-3,19733291864395;
39;39;1;1;1;1;0;0;-6357,2165376753;-3,20759445428848;
39,05;39,05;1;1;1;1;0;0;-6359,34621158344;-3,21792304515839;
39,1;39,1;1;1;1;1;0;0;-6359,71143903578;-3,21598649024963;
39,15;39,15;1;1;1;1;0;0;-6359,61398544384;-3,2144558429718;
39,2;39,2;1;1;1;1;0;0;-6359,5022267375;-3,21387261152267;
39,25;39,25;1;1;1;1;0;0;-6359,88578261768;-3,21655780076981;
39,3;39,3;1;1;1;1;0;0;-6360,66675245762;-3,22021931409836;
39,35;39,35;1;1;1;1;0;0;-6361,44772229757;-3,2238233089447;
39,4;39,4;1;1;1;1;0;0;-6362,50540669443;-3,22860449552536;
39,45;39,45;1;1;1;1;0;0;-6363,62120561859;-3,23370337486267;
39,5;39,5;1;1;1;1;0;0;-6364,70571210497;-3,23717564344406;
39,55;39,55;1;1;1;1;0;0;-6365,37760544753;-3,24179351329803;
39,6;39,6;1;1;1;1;0;0;-6366,18495034217;-3,24585527181625;
39,65;39,65;1;1;1;1;0;0;-6367,29583188325;-3,24948787689209;
39,7;39,7;1;1;1;1;0;0;-6368,30031913589;-3,25503587722778;
39,75;39,75;1;1;1;1;0;0;-6369,15415565238;-3,25841456651688;
39,8;39,8;1;1;1;1;0;0;-6369,82336678598;-3,26296389102936;
39,85;39,85;1;1;1;1;0;0;-6370,73084748151;-3,26766490936279;
39,9;39,9;1;1;1;1;0;0;-6371,89984354989;-3,27227264642715;
39,95;39,95;1;1;1;1;0;0;-6372,57576020587;-3,27669084072113;
40;40;1;1;1;1;0;0;-6374,10372523903;-3,28198611736298;
40,05;40,05;1;1;1;1;0;0;-6374,99108936742;-3,28645944595337;
40,1;40,1;1;1;1;1;0;0;-6375,66924119753;-3,29041212797165;
40,15;40,15;1;1;1;1;0;0;-6376,48239754491;-3,29609304666519;
40,2;40,2;1;1;1;1;0;0;-6377,77790446887;-3,2992035150528;
40,25;40,25;1;1;1;1;0;0;-6378,33580393095;-3,30361247062683;
40,3;40,3;1;1;1;1;0;0;-6379,0604473829;-3,30748736858368;
40,35;40,35;1;1;1;1;0;0;-6380,07789864547;-3,31365764141083;
40,4;40,4;1;1;1;1;0;0;-6381,19369756963;-3,31791371107101;
40,45;40,45;1;1;1;1;0;0;-6382,30904945897;-3,32146376371384;
40,5;40,5;1;1;1;1;0;0;-6383,26302177634;-3,32653045654297;
40,55;40,55;1;1;1;1;0;0;-6384,09763579533;-3,33163529634476;
40,6;40,6;1;1;1;1;0;0;-6385,32519342584;-3,33621263504028;
40,65;40,65;1;1;1;1;0;0;-6386,44099235;-3,34158062934875;
40,7;40,7;1;1;1;1;0;0;-6387,27605340382;-3,34577292203903;
40,75;40,75;1;1;1;1;0;0;-6388,05702324376;-3,35070997476578;
40,8;40,8;1;1;1;1;0;0;-6389,73876825686;-3,35661202669144;
40,85;40,85;1;1;1;1;0;0;-6390,63686122106;-3,36074352264404;
40,9;40,9;1;1;1;1;0;0;-6391,41783106101;-3,36665898561478;
40,95;40,95;1;1;1;1;0;0;-6392,19880090095;-3,370281457901;
41;41;1;1;1;1;0;0;-6393,10404642236;-3,37588727474213;
41,05;41,05;1;1;1;1;0;0;-6394,21984534652;-3,37975740432739;
41,1;41,1;1;1;1;1;0;0;-6395,33564427068;-3,38462561368942;
41,15;41,15;1;1;1;1;0;0;-6396,38707017998;-3,38798195123672;
41,2;41,2;1;1;1;1;0;0;-6397,21810792037;-3,39361608028412;
41,25;41,25;1;1;1;1;0;0;-6397,99907776032;-3,39782565832138;
41,3;41,3;1;1;1;1;0;0;-6398,81089300322;-3,40255737304688;
41,35;41,35;1;1;1;1;0;0;-6399,81538025586;-3,40574949979782;
41,4;41,4;1;1;1;1;0;0;-6400,81942047367;-3,41151922941208;
41,45;41,45;1;1;1;1;0;0;-6401,82346069148;-3,41592609882355;
41,5;41,5;1;1;1;1;0;0;-6402,82794794412;-3,42039465904236;
41,55;41,55;1;1;1;1;0;0;-6403,83198816194;-3,42560738325119;
41,6;41,6;1;1;1;1;0;0;-6404,83647541458;-3,42895656824112;
41,65;41,65;1;1;1;1;0;0;-6405,84051563239;-3,43465596437454;
41,7;41,7;1;1;1;1;0;0;-6406,8445558502;-3,43857079744339;
41,75;41,75;1;1;1;1;0;0;-6407,45833466546;-3,44352722167969;
41,8;41,8;1;1;1;1;0;0;-6408,56742806724;-3,44679594039917;
41,85;41,85;1;1;1;1;0;0;-6409,42886417575;-3,45159471035004;
41,9;41,9;1;1;1;1;0;0;-6410,7592398161;-3,45730513334274;
41,95;41,95;1;1;1;1;0;0;-6411,53573930779;-3,46160054206848;
42;42;1;1;1;1;0;0;-6412,09363876987;-3,46554338932037;
42,05;42,05;1;1;1;1;0;0;-6413,16384014184;-3,46870243549347;
42,1;42,1;1;1;1;1;0;0;-6414,10753065823;-3,47267806529999;
42,15;42,15;1;1;1;1;0;0;-6414,77718882665;-3,47657144069672;
42,2;42,2;1;1;1;1;0;0;-6415,63907196999;-3,48079711198807;
42,25;42,25;1;1;1;1;0;0;-6416,64311218781;-3,4851336479187;
42,3;42,3;1;1;1;1;0;0;-6417,60289595791;-3,48766267299652;
42,35;42,35;1;1;1;1;0;0;-6418,16079541999;-3,49335163831711;
42,4;42,4;1;1;1;1;0;0;-6419,50413507027;-3,4977263212204;
42,45;42,45;1;1;1;1;0;0;-6420,23458997495;-3,50331395864487;
42,5;42,5;1;1;1;1;0;0;-6421,34770669016;-3,50753635168076;
42,55;42,55;1;1;1;1;0;0;-6422,32537185327;-3,51207613945007;
42,6;42,6;1;1;1;1;0;0;-6422,96239647945;-3,51650774478912;
42,65;42,65;1;1;1;1;0;0;-6424,07819540361;-3,52118462324142;
42,7;42,7;1;1;1;1;0;0;-6425,19399432777;-3,52550208568573;
42,75;42,75;1;1;1;1;0;0;-6426,04157235669;-3,52911591529846;
42,8;42,8;1;1;1;1;0;0;-6426,71123052512;-3,53262603282928;
42,85;42,85;1;1;1;1;0;0;-6427,38088869355;-3,53688031435013;
42,9;42,9;1;1;1;1;0;0;-6428,31832072238;-3,54300856590271;
42,95;42,95;1;1;1;1;0;0;-6429,98576062106;-3,54744493961334;
43;43;1;1;1;1;0;0;-6430,7242621526;-3,55331301689148;
43,05;43,05;1;1;1;1;0;0;-6431,61252035064;-3,557168841362;
43,1;43,1;1;1;1;1;0;0;-6432,61700760328;-3,5626432299614;
43,15;43,15;1;1;1;1;0;0;-6433,88256319394;-3,56701880693436;
43,2;43,2;1;1;1;1;0;0;-6434,64386350157;-3,57080966234207;
43,25;43,25;1;1;1;1;0;0;-6435,13113146124;-3,57383191585541;
43,3;43,3;1;1;1;1;0;0;-6436,64613248447;-3,57910752296448;
43,35;43,35;1;1;1;1;0;0;-6437,5200855681;-3,58466655015945;
43,4;43,4;1;1;1;1;0;0;-6438,30105540804;-3,58706265687943;
43,45;43,45;1;1;1;1;0;0;-6439,00379415355;-3,58987241983414;
43,5;43,5;1;1;1;1;0;0;-6439,56169361563;-3,59475612640381;
43,55;43,55;1;1;1;1;0;0;-6440,53175918671;-3,59932333230972;
43,6;43,6;1;1;1;1;0;0;-6441,73115362322;-3,60307931900024;
43,65;43,65;1;1;1;1;0;0;-6442,47457253783;-3,60615313053131;
43,7;43,7;1;1;1;1;0;0;-6443,14378367143;-3,60894501209259;
43,75;43,75;1;1;1;1;0;0;-6443,60020622815;-3,61067295074463;
43,8;43,8;1;1;1;1;0;0;-6444,06691058585;-3,61663013696671;
43,85;43,85;1;1;1;1;0;0;-6446,30163767795;-3,62723767757416;
43,9;43,9;1;1;1;1;0;0;-6448,03926204422;-3,63452076911926;
43,95;43,95;1;1;1;1;0;0;-6449,18233009273;-3,64051103591919;
44;44;1;1;1;1;0;0;-6450,29812901689;-3,64625841379166;
44,05;44,05;1;1;1;1;0;0;-6450,93291846894;-3,6493319272995;
44,1;44,1;1;1;1;1;0;0;-6451,54088583146;-3,65448862314224;
44,15;44,15;1;1;1;1;0;0;-6452,76799642714;-3,66035759449005;
44,2;44,2;1;1;1;1;0;0;-6454,15738066444;-3,66682946681976;
44,25;44,25;1;1;1;1;0;0;-6455,3612454492;-3,66953015327454;
44,3;44,3;1;1;1;1;0;0;-6455,89455799588;-3,67231011390686;
44,35;44,35;1;1;1;1;0;0;-6456,50744274148;-3,67800116539001;
44,4;44,4;1;1;1;1;0;0;-6458,19857548591;-3,68281960487366;
44,45;44,45;1;1;1;1;0;0;-6458,75960419177;-3,68750214576721;
44,5;44,5;1;1;1;1;0;0;-6459,34566684785;-3,69174271821976;
44,55;44,55;1;1;1;1;0;0;-6460,95454518441;-3,69801908731461;
44,6;44,6;1;1;1;1;0;0;-6461,99077190965;-3,70187938213348;
44,65;44,65;1;1;1;1;0;0;-6462,67741740144;-3,70533317327499;
44,7;44,7;1;1;1;1;0;0;-6463,34662853504;-3,70878159999847;
44,75;44,75;1;1;1;1;0;0;-6464,0220981562;-3,71356427669525;
44,8;44,8;1;1;1;1;0;0;-6465,01317436408;-3,71805518865585;
44,85;44,85;1;1;1;1;0;0;-6466,01766161671;-3,72187793254852;
44,9;44,9;1;1;1;1;0;0;-6467,02170183453;-3,72575014829636;
44,95;44,95;1;1;1;1;0;0;-6467,95511054993;-3,72997045516968;
45;45;1;1;1;1;0;0;-6468,67349551432;-3,73453676700592;
45,05;45,05;1;1;1;1;0;0;-6469,68692346347;-3,73867452144623;
45,1;45,1;1;1;1;1;0;0;-6470,87380092487;-3,74342232942581;
45,15;45,15;1;1;1;1;0;0;-6471,63376012802;-3,74775946140289;
45,2;45,2;1;1;1;1;0;0;-6472,37270869438;-3,75172913074493;
45,25;45,25;1;1;1;1;0;0;-6473,3767489122;-3,75719487667084;
45,3;45,3;1;1;1;1;0;0;-6474,38123616484;-3,76223921775818;
45,35;45,35;1;1;1;1;0;0;-6475,38527638265;-3,76626431941986;
45,4;45,4;1;1;1;1;0;0;-6476,38976363529;-3,77099066972733;
45,45;45,45;1;1;1;1;0;0;-6477,3938038531;-3,77554625272751;
45,5;45,5;1;1;1;1;0;0;-6478,27088618051;-3,77966910600662;
45,55;45,55;1;1;1;1;0;0;-6479,06437299556;-3,7847512960434;
45,6;45,6;1;1;1;1;0;0;-6479,95710154186;-3,78899842500687;
45,65;45,65;1;1;1;1;0;0;-6480,92627304329;-3,79319697618485;
45,7;45,7;1;1;1;1;0;0;-6482,04207196745;-3,79947394132614;
45,75;45,75;1;1;1;1;0;0;-6483,15787089161;-3,80215257406235;
45,8;45,8;1;1;1;1;0;0;-6484,08189187568;-3,8076838850975;
45,85;45,85;1;1;1;1;0;0;-6484,86286171563;-3,8126015663147;
45,9;45,9;1;1;1;1;0;0;-6485,8204103116;-3,81567865610123;
45,95;45,95;1;1;1;1;0;0;-6486,68005828082;-3,82022142410278;
46;46;1;1;1;1;0;0;-6487,60542036936;-3,8250458240509;
46,05;46,05;1;1;1;1;0;0;-6488,71719598009;-3,82975727319717;
46,1;46,1;1;1;1;1;0;0;-6489,5097887255;-3,83493185043335;
46,15;46,15;1;1;1;1;0;0;-6490,58803672433;-3,83953362703323;
46,2;46,2;1;1;1;1;0;0;-6491,69891826541;-3,84293258190155;
46,25;46,25;1;1;1;1;0;0;-6492,47988810536;-3,84805291891098;
46,3;46,3;1;1;1;1;0;0;-6493,2608579453;-3,85216444730759;
46,35;46,35;1;1;1;1;0;0;-6494,04182778525;-3,8575354218483;
46,4;46,4;1;1;1;1;0;0;-6494,97031911757;-3,86224538087845;
46,45;46,45;1;1;1;1;0;0;-6496,08611804173;-3,86645168066025;
46,5;46,5;1;1;1;1;0;0;-6497,20191696589;-3,87120217084885;
46,55;46,55;1;1;1;1;0;0;-6498,26138950206;-3,87561619281769;
46,6;46,6;1;1;1;1;0;0;-6499,042359342;-3,88013392686844;
46,65;46,65;1;1;1;1;0;0;-6499,96727439572;-3,88483911752701;
46,7;46,7;1;1;1;1;0;0;-6501,06653303135;-3,88917326927185;
46,75;46,75;1;1;1;1;0;0;-6501,84750287129;-3,89399856328964;
46,8;46,8;1;1;1;1;0;0;-6502,72860851212;-3,89803498983383;
46,85;46,85;1;1;1;1;0;0;-6503,84440743628;-3,90391290187836;
46,9;46,9;1;1;1;1;0;0;-6504,96020636044;-3,9075568318367;
46,95;46,95;1;1;1;1;0;0;-6505,87126333458;-3,91203790903091;
47;47;1;1;1;1;0;0;-6506,55880289602;-3,91708672046661;
47,05;47,05;1;1;1;1;0;0;-6507,55792573075;-3,92125844955444;
47,1;47,1;1;1;1;1;0;0;-6508,75910830656;-3,92496764659882;
47,15;47,15;1;1;1;1;0;0;-6509,54678366889;-3,93094152212143;
47,2;47,2;1;1;1;1;0;0;-6510,40598460328;-3,93527269363403;
47,25;47,25;1;1;1;1;0;0;-6511,52178352744;-3,94074827432632;
47,3;47,3;1;1;1;1;0;0;-6512,56203356611;-3,94443184137344;
47,35;47,35;1;1;1;1;0;0;-6513,45431507758;-3,94986838102341;
47,4;47,4;1;1;1;1;0;0;-6514,34704362387;-3,95453691482544;
47,45;47,45;1;1;1;1;0;0;-6515,23977217016;-3,95904421806335;
47,5;47,5;1;1;1;1;0;0;-6516,13250071646;-3,96401524543762;
47,55;47,55;1;1;1;1;0;0;-6517,10569553132;-3,96931439638138;
47,6;47,6;1;1;1;1;0;0;-6518,22149445548;-3,97333294153214;
47,65;47,65;1;1;1;1;0;0;-6519,33729337964;-3,9787283539772;
47,7;47,7;1;1;1;1;0;0;-6520,4530923038;-3,98241251707077;
47,75;47,75;1;1;1;1;0;0;-6521,2702719646;-3,98852437734604;
47,8;47,8;1;1;1;1;0;0;-6523,10356178351;-3,99502992630005;
47,85;47,85;1;1;1;1;0;0;-6523,81524122552;-3,99817079305649;
47,9;47,9;1;1;1;1;0;0;-6524,3731406876;-4,00221467018127;
47,95;47,95;1;1;1;1;0;0;-6524,97037921431;-4,00588840246201;
48;48;1;1;1;1;0;0;-6525,69234045731;-4,00512784719467;
48,05;48,05;1;1;1;1;0;0;-6525,58236989026;-4,00405794382095;
48,1;48,1;1;1;1;1;0;0;-6525,47061118392;-4,00434076786041;
48,15;48,15;1;1;1;1;0;0;-6525,48491629833;-4,003966152668;
48,2;48,2;1;1;2;1;0;0;-6525,7079866762;-4,00391012430191;
48,2;48,2;1;1;2;1;0;0;-6525,7079866762;-4,00391012430191;
48,25;48,25;1;1;2;1;0;0;-6525,93150408889;-4,00416076183319;
48,3;48,3;1;1;2;1;0;0;-6526,15457446675;-4,00334298610687;
48,35;48,35;1;1;2;1;0;0;-6526,35305792923;-4,00235801935196;
48,4;48,4;1;1;2;1;0;0;-6526,24219329253;-4,0014523267746;
48,45;48,45;1;1;2;1;0;0;-6526,13043458618;-4,00048524141312;
48,5;48,5;1;1;2;1;0;0;-6526,01867587984;-4,00000274181366;
48,55;48,55;1;1;2;1;0;0;-6525,91094048692;-3,99907499551773;
48,6;48,6;1;1;2;1;0;0;-6526,01331146193;-3,99853557348251;
48,65;48,65;1;1;2;1;0;0;-6526,12507016828;-3,99789780378342;
48,7;48,7;1;1;2;1;0;0;-6526,23682887463;-3,99704247713089;
48,75;48,75;1;1;2;1;0;0;-6526,15815074536;-3,99649858474731;
48,8;48,8;1;1;2;1;0;0;-6526,04639203901;-3,99542778730392;
48,85;48,85;1;1;2;1;0;0;-6525,93508036749;-3,99459689855576;
48,9;48,9;1;1;2;1;0;0;-6525,82332166115;-3,9942541718483;
48,95;48,95;1;1;2;1;0;0;-6525,75626643734;-3,99305373430252;
49;49;1;1;2;1;0;0;-6525,75626643734;-3,99231165647507;
49,05;49,05;1;1;2;1;0;0;-6525,75626643734;-3,99172335863113;
49,1;49,1;1;1;2;1;0;0;-6525,75626643734;-3,99123847484589;
49,15;49,15;1;1;2;1;0;0;-6525,75626643734;-3,99034589529037;
49,2;49,2;1;1;2;1;0;0;-6525,75626643734;-3,98998469114304;
49,25;49,25;1;1;2;1;0;0;-6525,75626643734;-3,98922681808472;
49,3;49,3;1;1;2;1;0;0;-6525,75626643734;-3,98873120546341;
49,35;49,35;1;1;2;1;0;0;-6525,75626643734;-3,98758858442307;
49,4;49,4;1;1;2;1;0;0;-6525,75626643734;-3,98568749427795;
49,45;49,45;1;1;2;1;0;0;-6525,70619853689;-3,985316157341;
49,5;49,5;1;1;2;1;0;0;-6525,48312815903;-3,98476272821426;
49,55;49,55;1;1;2;1;0;0;-6525,35304102484;-3,98442000150681;
49,6;49,6;1;1;2;1;0;0;-6525,46435269636;-3,98361027240753;
49,65;49,65;1;1;2;1;0;0;-6525,57611140271;-3,98335337638855;
49,7;49,7;1;1;2;1;0;0;-6525,68787010905;-3,98269176483154;
49,75;49,75;1;1;2;1;0;0;-6525,66328319366;-3,98222744464874;
49,8;49,8;1;1;2;1;0;0;-6525,55152448731;-3,98189604282379;
49,85;49,85;1;1;2;1;0;0;-6525,43976578097;-3,98130089044571;
49,9;49,9;1;1;2;1;0;0;-6525,32845410944;-3,98071080446243;
49,95;49,95;1;1;2;1;0;0;-6525,40757927354;-3,98045003414154;
50;50;1;1;2;1;0;0;-6525,51889094506;-3,97980839014053;
50,05;50,05;1;1;2;1;0;0;-6525,57924064648;-3,97900253534317;
50,1;50,1;1;1;2;1;0;0;-6525,35617026862;-3,97809416055679;
50,15;50,15;1;1;2;1;0;0;-6525,16349825888;-3,97692948579788;
50,2;50,2;1;1;2;1;0;0;-6525,05218658736;-3,97531628608704;
50,25;50,25;1;1;2;1;0;0;-6524,94042788101;-3,97439569234848;
50,3;50,3;1;1;2;1;0;0;-6524,82911620949;-3,97295415401459;
50,35;50,35;1;1;2;1;0;0;-6524,71735750314;-3,97166401147842;
50,4;50,4;1;1;2;1;0;0;-6524,6055987968;-3,97016197443008;
50,45;50,45;1;1;2;1;0;0;-6524,49428712528;-3,96975219249725;
50,5;50,5;1;1;2;1;0;0;-6524,38252841893;-3,96883487701416;
50,55;50,55;1;1;2;1;0;0;-6524,27121674741;-3,96785050630569;
50,6;50,6;1;1;2;1;0;0;-6524,15945804106;-3,9669343829155;
50,65;50,65;1;1;2;1;0;0;-6524,04769933472;-3,96676927804947;
50,7;50,7;1;1;2;1;0;0;-6523,9363876632;-3,96624535322189;
50,75;50,75;1;1;2;1;0;0;-6523,82462895685;-3,96556198596954;
50,8;50,8;1;1;2;1;0;0;-6523,74013937485;-3,96550059318542;
50,85;50,85;1;1;2;1;0;0;-6523,74013937485;-3,96512985229492;
50,9;50,9;1;1;2;1;0;0;-6523,74013937485;-3,9646789431572;
50,95;50,95;1;1;2;1;0;0;-6523,74013937485;-3,96458745002747;
51;51;1;1;2;1;0;0;-6523,74013937485;-3,96414130926132;
51,05;51,05;1;1;2;1;0;0;-6523,74013937485;-3,96394908428192;
51,1;51,1;1;1;2;1;0;0;-6523,74013937485;-3,96380513906479;
51,15;51,15;1;1;2;1;0;0;-6523,74013937485;-3,96335870027542;
51,2;51,2;1;1;2;1;0;0;-6523,74013937485;-3,96307975053787;
51,25;51,25;1;1;2;1;0;0;-6523,74013937485;-3,96285682916641;
51,3;51,3;1;1;2;1;0;0;-6523,74013937485;-3,96260559558868;
51,35;51,35;1;1;2;1;0;0;-6523,74013937485;-3,96206349134445;
51,4;51,4;1;1;2;1;0;0;-6523,74013937485;-3,96176517009735;
51,45;51,45;1;1;2;1;0;0;-6523,74013937485;-3,9615061879158;
51,5;51,5;1;1;2;1;0;0;-6523,74013937485;-3,96128296852112;
51,55;51,55;1;1;2;1;0;0;-6523,74013937485;-3,96105974912643;
51,6;51,6;1;1;2;1;0;0;-6523,74013937485;-3,96055102348328;
51,65;51,65;1;1;2;1;0;0;-6523,74013937485;-3,96031111478806;
51,7;51,7;1;1;2;1;0;0;-6523,74013937485;-3,96015763282776;
51,75;51,75;1;1;2;1;0;0;-6523,74013937485;-3,95965218544006;
51,8;51,8;1;1;2;1;0;0;-6523,74013937485;-3,95945191383362;
51,85;51,85;1;1;2;1;0;0;-6523,74013937485;-3,95907998085022;
51,9;51,9;1;1;2;1;0;0;-6523,74013937485;-3,95870804786682;
51,95;51,95;1;1;2;1;0;0;-6523,74013937485;-3,95847469568253;
52;52;1;1;2;1;0;0;-6523,74013937485;-3,9583146572113;
52,05;52,05;1;1;2;1;0;0;-6523,74013937485;-3,95787447690964;
52,1;52,1;1;1;2;1;0;0;-6523,74013937485;-3,95773082971573;
52,15;52,15;1;1;2;1;0;0;-6523,74013937485;-3,95717591047287;
52,2;52,2;1;1;2;1;0;0;-6523,74013937485;-3,9570227265358;
52,25;52,25;1;1;2;1;0;0;-6523,74013937485;-3,95674884319305;
52,3;52,3;1;1;2;1;0;0;-6523,74013937485;-3,95650118589401;
52,35;52,35;1;1;2;1;0;0;-6523,82105267825;-3,95618289709091;
52,4;52,4;1;1;2;1;0;0;-6523,93281138459;-3,95577371120453;
52,45;52,45;1;1;2;1;0;0;-6524,04412305611;-3,95556896924973;
52,5;52,5;1;1;2;1;0;0;-6524,15588176246;-3,95542412996292;
52,55;52,55;1;1;2;1;0;0;-6524,16973984205;-3,95488500595093;
52,6;52,6;1;1;2;1;0;0;-6524,0579811357;-3,95478039979935;
52,65;52,65;1;1;2;1;0;0;-6523,94666946418;-3,95426899194717;
52,7;52,7;1;1;2;1;0;0;-6523,9399639418;-3,95426630973816;
52,75;52,75;1;1;2;1;0;0;-6524,05127561332;-3,95367205142975;
52,8;52,8;1;1;2;1;0;0;-6524,16303431967;-3,95368218421936;
52,85;52,85;1;1;2;1;0;0;-6524,27479302601;-3,95323574542999;
52,9;52,9;1;1;2;1;0;0;-6524,38610469753;-3,95293474197388;
52,95;52,95;1;1;2;1;0;0;-6524,3503419115;-3,95282953977585;
53;53;1;1;2;1;0;0;-6524,23903023998;-3,95232558250427;
53,05;53,05;1;1;2;1;0;0;-6524,12727153364;-3,95217686891556;
53,1;53,1;1;1;2;1;0;0;-6524,01595986211;-3,95195424556732;
53,15;53,15;1;1;2;1;0;0;-6523,90420115577;-3,95165681838989;
53,2;53,2;1;1;2;1;0;0;-6523,82149971307;-3,95135939121246;
53,25;53,25;1;1;2;1;0;0;-6523,93325841942;-3,95120680332184;
53,3;53,3;1;1;2;1;0;0;-6524,04457009094;-3,95103633403778;
53,35;53,35;1;1;2;1;0;0;-6524,15632879728;-3,95066797733307;
53,4;53,4;1;1;2;1;0;0;-6524,26808750363;-3,95056009292603;
53,45;53,45;1;1;2;1;0;0;-6524,35302412046;-3,95019739866257;
53,5;53,5;1;1;2;1;0;0;-6524,24171244893;-3,94982546567917;
53,55;53,55;1;1;2;1;0;0;-6524,12995374259;-3,94979506731033;
53,6;53,6;1;1;2;1;0;0;-6524,01864207107;-3,94937247037888;
53,65;53,65;1;1;2;1;0;0;-6523,90688336472;-3,94930094480515;
53,7;53,7;1;1;2;1;0;0;-6523,80451238971;-3,94896924495697;
53,75;53,75;1;1;2;1;0;0;-6523,9153770264;-3,94864529371262;
53,8;53,8;1;1;2;1;0;0;-6524,02713573275;-3,9484965801239;
53,85;53,85;1;1;2;1;0;0;-6524,13844740427;-3,94825667142868;
53,9;53,9;1;1;2;1;0;0;-6524,20147931465;-3,94795119762421;
53,95;53,95;1;1;2;1;0;0;-6524,0897206083;-3,94777983427048;
54;54;1;1;2;1;0;0;-6523,97840893678;-3,94749969244003;
54,05;54,05;1;1;2;1;0;0;-6523,97080934475;-3,94738346338272;
54,1;54,1;1;1;2;1;0;0;-6524,19387972262;-3,94694536924362;
54,15;54,15;1;1;2;1;0;0;-6524,31815540407;-3,9467191696167;
54,2;54,2;1;1;2;1;0;0;-6524,20684373255;-3,94664466381073;
54,25;54,25;1;1;2;1;0;0;-6524,09508502621;-3,94617676734924;
54,3;54,3;1;1;2;1;0;0;-6523,98377335469;-3,94614428281784;
54,35;54,35;1;1;2;1;0;0;-6524,0615574143;-3,94574373960495;
54,4;54,4;1;1;2;1;0;0;-6524,285074827;-3,94571095705032;
54,45;54,45;1;1;2;1;0;0;-6524,21176111563;-3,94528806209564;
54,5;54,5;1;1;2;1;0;0;-6524,10000240929;-3,94531965255737;
54,55;54,55;1;1;2;1;0;0;-6523,98869073777;-3,94497573375702;
54,6;54,6;1;1;2;1;0;0;-6523,92923510599;-3,94460380077362;
54,65;54,65;1;1;2;1;0;0;-6524,04054677751;-3,94477784633636;
54,7;54,7;1;1;2;1;0;0;-6524,15230548386;-3,94428282976151;
54,75;54,75;1;1;2;1;0;0;-6524,26361715538;-3,94403368234634;
54,8;54,8;1;1;2;1;0;0;-6524,16258728484;-3,94388496875763;
54,85;54,85;1;1;2;1;0;0;-6524,05082857849;-3,94368022680283;
54,9;54,9;1;1;2;1;0;0;-6523,93951690697;-3,94323378801346;
54,95;54,95;1;1;2;1;0;0;-6523,92029440948;-3,94329309463501;
55;55;1;1;2;1;0;0;-6524,03205311583;-3,94282042980194;
55,05;55,05;1;1;2;1;0;0;-6524,14336478735;-3,94271999597549;
55,1;55,1;1;1;2;1;0;0;-6523,96857417062;-3,94229263067245;
55,15;55,15;1;1;2;1;0;0;-6523,74550379276;-3,9423331618309;
55,2;55,2;1;1;2;1;0;0;-6523,80495942453;-3,94190818071365;
55,25;55,25;1;1;2;1;0;0;-6523,91671813088;-3,94176125526428;
55,3;55,3;1;1;2;1;0;0;-6524,02847683723;-3,94146382808685;
55,35;55,35;1;1;2;1;0;0;-6524,13978850875;-3,9412921667099;
55,4;55,4;1;1;2;1;0;0;-6524,17108094652;-3,94125252962112;
55,45;55,45;1;1;2;1;0;0;-6524,05932224018;-3,94075781106949;
55,5;55,5;1;1;2;1;0;0;-6523,94801056866;-3,94073724746704;
55,55;55,55;1;1;2;1;0;0;-6523,87648499659;-3,94053250551224;
55,6;55,6;1;1;2;1;0;0;-6523,98824370294;-3,94018203020096;
55,65;55,65;1;1;2;1;0;0;-6524,09955537446;-3,93995881080627;
55,7;55,7;1;1;2;1;0;0;-6524,21131408081;-3,93977552652359;
55,75;55,75;1;1;2;1;0;0;-6524,27658116531;-3,93962681293488;
55,8;55,8;1;1;2;1;0;0;-6524,16482245897;-3,93947809934616;
55,85;55,85;1;1;2;1;0;0;-6524,05306375262;-3,93932908773422;
55,9;55,9;1;1;2;1;0;0;-6523,9417520811;-3,93893390893936;
55,95;55,95;1;1;2;1;0;0;-6523,82999337475;-3,93890231847763;
56;56;1;1;2;1;0;0;-6523,77903140466;-3,93856197595596;
56,05;56,05;1;1;2;1;0;0;-6523,89079011101;-3,93855065107346;
56,1;56,1;1;1;2;1;0;0;-6524,00254881735;-3,93819749355316;
56,15;56,15;1;1;2;1;0;0;-6524,11386048887;-3,93804848194122;
56,2;56,2;1;1;2;1;0;0;-6524,16795170275;-3,93789976835251;
56,25;56,25;1;1;2;1;0;0;-6523,94488132488;-3,93770128488541;
56,3;56,3;1;1;2;1;0;0;-6524,07586252872;-3,93747806549072;
56,35;56,35;1;1;2;1;0;0;-6524,29535662798;-3,93725514411926;
56,4;56,4;1;1;2;1;0;0;-6524,19522082709;-3,93703192472458;
56,45;56,45;1;1;2;1;0;0;-6524,08346212075;-3,93684238195419;
56,5;56,5;1;1;2;1;0;0;-6523,97215044923;-3,93669366836548;
56,55;56,55;1;1;2;1;0;0;-6523,86039174288;-3,93654465675354;
56,6;56,6;1;1;2;1;0;0;-6523,78841913599;-3,93639594316483;
56,65;56,65;1;1;2;1;0;0;-6523,90017784234;-3,93624722957611;
56,7;56,7;1;1;2;1;0;0;-6524,01193654869;-3,93603831529617;
56,75;56,75;1;1;2;1;0;0;-6524,12324822021;-3,93566638231277;
56,8;56,8;1;1;2;1;0;0;-6524,23500692655;-3,93552780151367;
56,85;56,85;1;1;2;1;0;0;-6524,34631859807;-3,9354532957077;
56,9;56,9;1;1;2;1;0;0;-6524,28105151357;-3,93526285886765;
56,95;56,95;1;1;2;1;0;0;-6524,16929280722;-3,93496543169022;
57;57;1;1;2;1;0;0;-6524,05753410088;-3,93466800451279;
57,05;57,05;1;1;2;1;0;0;-6523,94622242935;-3,93446922302246;
57,1;57,1;1;1;2;1;0;0;-6523,83446372301;-3,93453121185303;
57,15;57,15;1;1;2;1;0;0;-6523,89973080752;-3,93416255712509;
57,2;57,2;1;1;2;1;0;0;-6524,01148951386;-3,93425136804581;
57,25;57,25;1;1;2;1;0;0;-6524,12280118538;-3,93368571996689;
57,3;57,3;1;1;2;1;0;0;-6524,23455989173;-3,93376559019089;
57,35;57,35;1;1;2;1;0;0;-6524,13755333462;-3,93347591161728;
57,4;57,4;1;1;2;1;0;0;-6524,0262416631;-3,93352538347244;
57,45;57,45;1;1;2;1;0;0;-6523,91448295675;-3,93326729536057;
57,5;57,5;1;1;2;1;0;0;-6523,975279693;-3,9329868555069;
57,55;57,55;1;1;2;1;0;0;-6524,08659136452;-3,93291234970093;
57,6;57,6;1;1;2;1;0;0;-6524,19835007087;-3,93283784389496;
57,65;57,65;1;1;2;1;0;0;-6524,31010877722;-3,93243879079819;
57,7;57,7;1;1;2;1;0;0;-6524,42142044874;-3,93254846334457;
57,75;57,75;1;1;2;1;0;0;-6524,42589079699;-3,93220692873001;
57,8;57,8;1;1;2;1;0;0;-6524,42589079699;-3,93211394548416;
57,85;57,85;1;1;2;1;0;0;-6524,42589079699;-3,93181651830673;
57,9;57,9;1;1;2;1;0;0;-6524,42589079699;-3,93181800842285;
57,95;57,95;1;1;2;1;0;0;-6524,42589079699;-3,93152683973312;
58;58;1;1;2;1;0;0;-6524,42589079699;-3,93126040697098;
58,05;58,05;1;1;2;1;0;0;-6524,42589079699;-3,93111169338226;
58,1;58,1;1;1;2;1;0;0;-6524,42589079699;-3,93100172281265;
58,15;58,15;1;1;2;1;0;0;-6524,42589079699;-3,93092751502991;
58,2;58,2;1;1;2;1;0;0;-6524,42589079699;-3,93073737621307;
58,25;58,25;1;1;2;1;0;0;-6524,42589079699;-3,93056899309158;
58,3;58,3;1;1;2;1;0;0;-6524,42589079699;-3,93045574426651;
58,35;58,35;1;1;2;1;0;0;-6524,42589079699;-3,93016666173935;
58,4;58,4;1;1;2;1;0;0;-6524,42589079699;-3,93016666173935;
58,45;58,45;1;1;2;1;0;0;-6524,42589079699;-3,92971187829971;
58,5;58,5;1;1;2;1;0;0;-6524,42589079699;-3,9297941327095;
58,55;58,55;1;1;2;1;0;0;-6524,42589079699;-3,9294046163559;
58,6;58,6;1;1;2;1;0;0;-6524,42589079699;-3,92949998378754;
58,65;58,65;1;1;2;1;0;0;-6524,42589079699;-3,92927706241608;
58,7;58,7;1;1;2;1;0;0;-6524,42589079699;-3,92905384302139;
58,75;58,75;1;1;2;1;0;0;-6524,42589079699;-3,92896413803101;
58,8;58,8;1;1;2;1;0;0;-6524,42589079699;-3,92886608839035;
58,85;58,85;1;1;2;1;0;0;-6524,42589079699;-3,92850011587143;
58,9;58,9;1;1;2;1;0;0;-6524,42589079699;-3,92862915992737;
58,95;58,95;1;1;2;1;0;0;-6524,42589079699;-3,92819613218308;
59;59;1;1;2;1;0;0;-6524,42589079699;-3,92811119556427;
59,05;59,05;1;1;2;1;0;0;-6524,42589079699;-3,9280366897583;
59,1;59,1;1;1;2;1;0;0;-6524,42589079699;-3,92796248197556;
59,15;59,15;1;1;2;1;0;0;-6524,42589079699;-3,92758160829544;
59,2;59,2;1;1;2;1;0;0;-6524,42589079699;-3,92755389213562;
59,25;59,25;1;1;2;1;0;0;-6524,42589079699;-3,9272540807724;
59,3;59,3;1;1;2;1;0;0;-6524,42589079699;-3,92717987298965;
59,35;59,35;1;1;2;1;0;0;-6524,42589079699;-3,92703860998154;
59,4;59,4;1;1;2;1;0;0;-6524,42589079699;-3,92681539058685;
59,45;59,45;1;1;2;1;0;0;-6524,42589079699;-3,92659217119217;
59,5;59,5;1;1;2;1;0;0;-6524,42589079699;-3,92658412456512;
59,55;59,55;1;1;2;1;0;0;-6524,42589079699;-3,92633408308029;
59,6;59,6;1;1;2;1;0;0;-6524,42589079699;-3,92614811658859;
59,65;59,65;1;1;2;1;0;0;-6524,42589079699;-3,92614811658859;
59,7;59,7;1;1;2;1;0;0;-6524,42589079699;-3,92591774463654;
59,75;59,75;1;1;2;1;0;0;-6524,42589079699;-3,92562001943588;
59,8;59,8;1;1;2;1;0;0;-6524,42589079699;-3,92545223236084;
59,85;59,85;1;1;2;1;0;0;-6524,42589079699;-3,92536520957947;
59,9;59,9;1;1;2;1;0;0;-6524,42589079699;-3,92512023448944;
59,95;59,95;1;1;2;1;0;0;-6524,42589079699;-3,9252120256424;
60;60;1;1;2;1;0;0;-6524,42589079699;-3,92477720975876;
60,05;60,05;1;1;2;1;0;0;-6524,42589079699;-3,9248862862587;
60,1;60,1;1;1;2;1;0;0;-6524,42589079699;-3,92455130815506;
60,15;60,15;1;1;2;1;0;0;-6524,42589079699;-3,92458379268646;
60,2;60,2;1;1;2;1;0;0;-6524,42589079699;-3,92427325248718;
60,25;60,25;1;1;2;1;0;0;-6524,42589079699;-3,92430812120438;
60,3;60,3;1;1;2;1;0;0;-6524,42589079699;-3,92387330532074;
60,35;60,35;1;1;2;1;0;0;-6524,42589079699;-3,9238765835762;
60,4;60,4;1;1;2;1;0;0;-6524,42589079699;-3,9236444234848;
60,45;60,45;1;1;2;1;0;0;-6524,42589079699;-3,92369717359543;
60,5;60,5;1;1;2;1;0;0;-6524,42589079699;-3,92340034246445;
60,55;60,55;1;1;2;1;0;0;-6524,42589079699;-3,92318993806839;
60,6;60,6;1;1;2;1;0;0;-6524,42589079699;-3,92311573028564;
60,65;60,65;1;1;2;1;0;0;-6524,42589079699;-3,92304122447968;
60,7;60,7;1;1;2;1;0;0;-6524,42589079699;-3,92281085252762;
60,75;60,75;1;1;2;1;0;0;-6524,42589079699;-3,92247706651688;
60,8;60,8;1;1;2;1;0;0;-6524,42589079699;-3,92257750034332;
60,85;60,85;1;1;2;1;0;0;-6524,42589079699;-3,92236739397049;
60,9;60,9;1;1;2;1;0;0;-6524,42589079699;-3,92215490341187;
60,95;60,95;1;1;2;1;0;0;-6524,42589079699;-3,92199337482452;
61;61;1;1;2;1;0;0;-6524,42589079699;-3,92192423343658;
61,05;61,05;1;1;2;1;0;0;-6524,42589079699;-3,92177551984787;
61,1;61,1;1;1;2;1;0;0;-6524,42589079699;-3,92162680625916;
61,15;61,15;1;1;2;1;0;0;-6524,42589079699;-3,92147809267044;
61,2;61,2;1;1;2;1;0;0;-6524,42589079699;-3,9213290810585;
61,25;61,25;1;1;2;1;0;0;-6524,42589079699;-3,92112106084824;
61,3;61,3;1;1;2;1;0;0;-6524,42589079699;-3,92089873552322;
61,35;61,35;1;1;2;1;0;0;-6524,42589079699;-3,92078757286072;
61,4;61,4;1;1;2;1;0;0;-6524,42589079699;-3,92071336507797;
61,45;61,45;1;1;2;1;0;0;-6524,42589079699;-3,92057448625565;
61,5;61,5;1;1;2;1;0;0;-6524,42589079699;-3,92035156488419;
61,55;61,55;1;1;2;1;0;0;-6524,42589079699;-3,92039716243744;
61,6;61,6;1;1;2;1;0;0;-6524,42589079699;-3,92011523246765;
61,65;61,65;1;1;2;1;0;0;-6524,42589079699;-3,91989409923553;
61,7;61,7;1;1;2;1;0;0;-6524,42589079699;-3,91981989145279;
61,75;61,75;1;1;2;1;0;0;-6524,42589079699;-3,91974538564682;
61,8;61,8;1;1;2;1;0;0;-6524,42589079699;-3,91967087984085;
61,85;61,85;1;1;2;1;0;0;-6524,42589079699;-3,91948640346527;
61,9;61,9;1;1;2;1;0;0;-6524,42589079699;-3,91918897628784;
61,95;61,95;1;1;2;1;0;0;-6524,42589079699;-3,91901701688766;
62;62;1;1;2;1;0;0;-6524,42589079699;-3,91901701688766;
62,05;62,05;1;1;2;1;0;0;-6524,42589079699;-3,91898661851883;
62,1;62,1;1;1;2;1;0;0;-6524,42589079699;-3,9186680316925;
62,15;62,15;1;1;2;1;0;0;-6524,42589079699;-3,9186155796051;
62,2;62,2;1;1;2;1;0;0;-6524,42589079699;-3,9183309674263;
62,25;62,25;1;1;2;1;0;0;-6524,42589079699;-3,91825646162033;
62,3;62,3;1;1;2;1;0;0;-6524,42589079699;-3,91818195581436;
62,35;62,35;1;1;2;1;0;0;-6524,42589079699;-3,91803622245789;
62,4;62,4;1;1;2;1;0;0;-6524,42589079699;-3,9177617430687;
62,45;62,45;1;1;2;1;0;0;-6524,42589079699;-3,91780644655228;
62,5;62,5;1;1;2;1;0;0;-6524,42589079699;-3,91758352518082;
62,55;62,55;1;1;2;1;0;0;-6524,42589079699;-3,91736030578613;
62,6;62,6;1;1;2;1;0;0;-6524,42589079699;-3,91737341880798;
62,65;62,65;1;1;2;1;0;0;-6524,42589079699;-3,91716748476028;
62,7;62,7;1;1;2;1;0;0;-6524,42589079699;-3,9169442653656;
62,75;62,75;1;1;2;1;0;0;-6524,42589079699;-3,91705095767975;
62,8;62,8;1;1;2;1;0;0;-6524,42589079699;-3,91658306121826;
62,85;62,85;1;1;2;1;0;0;-6524,42589079699;-3,91671240329742;
62,9;62,9;1;1;2;1;0;0;-6524,42589079699;-3,91647040843964;
62,95;62,95;1;1;2;1;0;0;-6524,42589079699;-3,91634047031403;
63;63;1;1;2;1;0;0;-6524,42589079699;-3,91614526510239;
63,05;63,05;1;1;2;1;0;0;-6524,42589079699;-3,91624808311462;
63,1;63,1;1;1;2;1;0;0;-6524,42589079699;-3,91595780849457;
63,15;63,15;1;1;2;1;0;0;-6524,42589079699;-3,91580849885941;
63,2;63,2;1;1;2;1;0;0;-6524,42589079699;-3,91563951969147;
63,25;63,25;1;1;2;1;0;0;-6524,42589079699;-3,91549080610275;
63,3;63,3;1;1;2;1;0;0;-6524,42589079699;-3,91534209251404;
63,35;63,35;1;1;2;1;0;0;-6524,42589079699;-3,9153179526329;
63,4;63,4;1;1;2;1;0;0;-6524,42589079699;-3,91505807638168;
63,45;63,45;1;1;2;1;0;0;-6524,42589079699;-3,91513258218765;
63,5;63,5;1;1;2;1;0;0;-6524,42589079699;-3,91488462686539;
63,55;63,55;1;1;2;1;0;0;-6524,42589079699;-3,91470611095428;
63,6;63,6;1;1;2;1;0;0;-6524,42589079699;-3,91459494829178;
63,65;63,65;1;1;2;1;0;0;-6524,42589079699;-3,91443908214569;
63,7;63,7;1;1;2;1;0;0;-6524,42589079699;-3,91440838575363;
63,75;63,75;1;1;2;1;0;0;-6524,42589079699;-3,91413748264313;
63,8;63,8;1;1;2;1;0;0;-6524,42589079699;-3,91409188508987;
63,85;63,85;1;1;2;1;0;0;-6524,42589079699;-3,91404032707214;
63,9;63,9;1;1;2;1;0;0;-6524,42589079699;-3,91381710767746;
63,95;63,95;1;1;2;1;0;0;-6524,42589079699;-3,91367077827454;
64;64;1;1;2;1;0;0;-6524,42589079699;-3,9136478304863;
64,05;64,05;1;1;2;1;0;0;-6524,42589079699;-3,91357332468033;
64,1;64,1;1;1;2;1;0;0;-6524,42589079699;-3,91317129135132;
64,15;64,15;1;1;2;1;0;0;-6524,42589079699;-3,91311824321747;
64,2;64,2;1;1;2;1;0;0;-6524,42589079699;-3,91300141811371;
64,25;64,25;1;1;2;1;0;0;-6524,42589079699;-3,9129501581192;
64,3;64,3;1;1;2;1;0;0;-6524,42589079699;-3,9127054810524;
64,35;64,35;1;1;2;1;0;0;-6524,42589079699;-3,91255676746368;
64,4;64,4;1;1;2;1;0;0;-6524,42589079699;-3,91253471374512;
64,45;64,45;1;1;2;1;0;0;-6524,42589079699;-3,91233861446381;
64,5;64,5;1;1;2;1;0;0;-6524,42589079699;-3,91239166259766;
64,55;64,55;1;1;2;1;0;0;-6524,42589079699;-3,91195386648178;
64,6;64,6;1;1;2;1;0;0;-6524,42589079699;-3,91196727752686;
64,65;64,65;1;1;2;1;0;0;-6524,42589079699;-3,91186684370041;
64,7;64,7;1;1;2;1;0;0;-6524,42589079699;-3,91176342964172;
64,75;64,75;1;1;2;1;0;0;-6524,42589079699;-3,91169011592865;
64,8;64,8;1;1;2;1;0;0;-6524,42589079699;-3,91150295734406;
64,85;64,85;1;1;2;1;0;0;-6524,42589079699;-3,91129553318024;
64,9;64,9;1;1;2;1;0;0;-6524,42589079699;-3,91113638877869;
64,95;64,95;1;1;2;1;0;0;-6524,42589079699;-3,91112685203552;
65;65;1;1;2;1;0;0;-6524,42589079699;-3,910893201828;
65,05;65,05;1;1;2;1;0;0;-6524,42589079699;-3,91097068786621;
65,1;65,1;1;1;2;1;0;0;-6524,42589079699;-3,91052782535553;
65,15;65,15;1;1;2;1;0;0;-6524,42589079699;-3,91061097383499;
65,2;65,2;1;1;2;1;0;0;-6524,42589079699;-3,91038775444031;
65,25;65,25;1;1;2;1;0;0;-6524,42589079699;-3,91032069921494;
65,3;65,3;1;1;2;1;0;0;-6524,42589079699;-3,91032069921494;
65,35;65,35;1;1;2;1;0;0;-6524,42589079699;-3,91020983457565;
65,4;65,4;1;1;2;1;0;0;-6524,42589079699;-3,90998899936676;
65,45;65,45;1;1;2;1;0;0;-6524,42589079699;-3,90985101461411;
65,5;65,5;1;1;2;1;0;0;-6524,42589079699;-3,90967100858688;
65,55;65,55;1;1;2;1;0;0;-6524,42589079699;-3,90952229499817;
65,6;65,6;1;1;2;1;0;0;-6524,42589079699;-3,90949636697769;
65,65;65,65;1;1;2;1;0;0;-6524,42589079699;-3,90927314758301;
65,7;65,7;1;1;2;1;0;0;-6524,42589079699;-3,90926480293274;
65,75;65,75;1;1;2;1;0;0;-6524,42589079699;-3,90911608934402;
65,8;65,8;1;1;2;1;0;0;-6524,42589079699;-3,90896737575531;
65,85;65,85;1;1;2;1;0;0;-6524,42589079699;-3,9088186621666;
65,9;65,9;1;1;2;1;0;0;-6524,42589079699;-3,90866994857788;
65,95;65,95;1;1;2;1;0;0;-6524,42589079699;-3,90857756137848;
66;66;1;1;2;1;0;0;-6524,42589079699;-3,908551633358;
66,05;66,05;1;1;2;1;0;0;-6524,42589079699;-3,90848785638809;
66,1;66,1;1;1;2;1;0;0;-6524,42589079699;-3,90819817781448;
66,15;66,15;1;1;2;1;0;0;-6524,42589079699;-3,90807062387466;
66,2;66,2;1;1;2;1;0;0;-6524,42589079699;-3,90812546014786;
66,25;66,25;1;1;2;1;0;0;-6524,42589079699;-3,90788048505783;
66,3;66,3;1;1;2;1;0;0;-6524,42589079699;-3,90788048505783;
66,35;66,35;1;1;2;1;0;0;-6524,42589079699;-3,90781611204147;
66,4;66,4;1;1;2;1;0;0;-6524,42589079699;-3,90751391649246;
66,45;66,45;1;1;2;1;0;0;-6524,42589079699;-3,90755027532578;
66,5;66,5;1;1;2;1;0;0;-6524,42589079699;-3,90729755163193;
66,55;66,55;1;1;2;1;0;0;-6524,42589079699;-3,90713542699814;
66,6;66,6;1;1;2;1;0;0;-6524,42589079699;-3,90722990036011;
66,65;66,65;1;1;2;1;0;0;-6524,42589079699;-3,90706062316895;
66,7;66,7;1;1;2;1;0;0;-6524,42589079699;-3,90691637992859;
66,75;66,75;1;1;2;1;0;0;-6524,42589079699;-3,90683233737946;
66,8;66,8;1;1;2;1;0;0;-6524,42589079699;-3,90685021877289;
66,85;66,85;1;1;2;1;0;0;-6524,42589079699;-3,90658348798752;
66,9;66,9;1;1;2;1;0;0;-6524,42589079699;-3,90654891729355;
66,95;66,95;1;1;2;1;0;0;-6524,42589079699;-3,9064148068428;
67;67;1;1;2;1;0;0;-6524,42589079699;-3,90621483325958;
67,05;67,05;1;1;2;1;0;0;-6524,42589079699;-3,90614032745361;
67,1;67,1;1;1;2;1;0;0;-6524,42589079699;-3,90606611967087;
67,15;67,15;1;1;2;1;0;0;-6524,42589079699;-3,9059916138649;
67,2;67,2;1;1;2;1;0;0;-6524,42589079699;-3,90591710805893;
67,25;67,25;1;1;2;1;0;0;-6524,42589079699;-3,90584290027618;
67,3;67,3;1;1;2;1;0;0;-6524,42589079699;-3,90558540821075;
67,35;67,35;1;1;2;1;0;0;-6524,42589079699;-3,9054548740387;
67,4;67,4;1;1;2;1;0;0;-6524,42589079699;-3,9055135846138;
67,45;67,45;1;1;2;1;0;0;-6524,42589079699;-3,90515476465225;
67,5;67,5;1;1;2;1;0;0;-6524,42589079699;-3,9052340388298;
67,55;67,55;1;1;2;1;0;0;-6524,42589079699;-3,90493661165237;
67,6;67,6;1;1;2;1;0;0;-6524,42589079699;-3,90497446060181;
67,65;67,65;1;1;2;1;0;0;-6524,42589079699;-3,90485286712646;
67,7;67,7;1;1;2;1;0;0;-6524,42589079699;-3,90465676784515;
67,75;67,75;1;1;2;1;0;0;-6524,42589079699;-3,90465676784515;
67,8;67,8;1;1;2;1;0;0;-6524,42589079699;-3,90448331832886;
67,85;67,85;1;1;2;1;0;0;-6524,42589079699;-3,90444666147232;
67,9;67,9;1;1;2;1;0;0;-6524,42589079699;-3,9042541384697;
67,95;67,95;1;1;2;1;0;0;-6524,42589079699;-3,90424430370331;
68;68;1;1;2;1;0;0;-6524,42589079699;-3,90392810106277;
68,05;68,05;1;1;2;1;0;0;-6524,42589079699;-3,9039820432663;
68,1;68,1;1;1;2;1;0;0;-6524,42589079699;-3,90392392873764;
68,15;68,15;1;1;2;1;0;0;-6524,42589079699;-3,90374153852463;
68,2;68,2;1;1;2;1;0;0;-6524,42589079699;-3,90357106924057;
68,25;68,25;1;1;2;1;0;0;-6524,42589079699;-3,90366435050964;
68,3;68,3;1;1;2;1;0;0;-6524,42589079699;-3,90353620052338;
68,35;68,35;1;1;2;1;0;0;-6524,42589079699;-3,90323877334595;
68,4;68,4;1;1;2;1;0;0;-6524,42589079699;-3,90335410833359;
68,45;68,45;1;1;2;1;0;0;-6524,42589079699;-3,90320539474487;
68,5;68,5;1;1;2;1;0;0;-6524,42589079699;-3,90305668115616;
68,55;68,55;1;1;2;1;0;0;-6524,42589079699;-3,90290796756744;
68,6;68,6;1;1;2;1;0;0;-6524,42589079699;-3,90289068222046;
68,65;68,65;1;1;2;1;0;0;-6524,42589079699;-3,90271723270416;
68,7;68,7;1;1;2;1;0;0;-6524,42589079699;-3,90264868736267;
68,75;68,75;1;1;2;1;0;0;-6524,42589079699;-3,90277802944183;
68,8;68,8;1;1;2;1;0;0;-6524,42589079699;-3,9025291800499;
68,85;68,85;1;1;2;1;0;0;-6524,42589079699;-3,90248984098434;
68,9;68,9;1;1;2;1;0;0;-6524,42589079699;-3,90242069959641;
68,95;68,95;1;1;2;1;0;0;-6524,42589079699;-3,90218704938889;
69;69;1;1;2;1;0;0;-6524,42589079699;-3,90211284160614;
69,05;69,05;1;1;2;1;0;0;-6524,42589079699;-3,90211522579193;
69,1;69,1;1;1;2;1;0;0;-6524,42589079699;-3,90187948942184;
69,15;69,15;1;1;2;1;0;0;-6524,42589079699;-3,9017790555954;
69,2;69,2;1;1;2;1;0;0;-6524,42589079699;-3,9017790555954;
69,25;69,25;1;1;2;1;0;0;-6524,42589079699;-3,90153914690018;
69,3;69,3;1;1;2;1;0;0;-6524,42589079699;-3,90149980783463;
69,35;69,35;1;1;2;1;0;0;-6524,42589079699;-3,90131235122681;
69,4;69,4;1;1;2;1;0;0;-6524,42589079699;-3,90112012624741;
69,45;69,45;1;1;2;1;0;0;-6524,42589079699;-3,90118181705475;
69,5;69,5;1;1;2;1;0;0;-6524,42589079699;-3,90092611312866;
69,55;69,55;1;1;2;1;0;0;-6524,42589079699;-3,90091359615326;
69,6;69,6;1;1;2;1;0;0;-6524,42589079699;-3,90091359615326;
69,65;69,65;1;1;2;1;0;0;-6524,42589079699;-3,90061795711517;
69,7;69,7;1;1;2;1;0;0;-6524,42589079699;-3,90069246292114;
69,75;69,75;1;1;2;1;0;0;-6524,42589079699;-3,90044718980789;
69,8;69,8;1;1;2;1;0;0;-6524,42589079699;-3,90046209096909;
69,85;69,85;1;1;2;1;0;0;-6524,42589079699;-3,90038758516312;
69,9;69,9;1;1;2;1;0;0;-6524,42589079699;-3,90016287565231;
69,95;69,95;1;1;2;1;0;0;-6524,42589079699;-3,90021055936813;
70;70;1;1;2;1;0;0;-6524,42589079699;-3,89989703893662;
70,05;70,05;1;1;2;1;0;0;-6524,42589079699;-3,89989703893662;
70,1;70,1;1;1;2;1;0;0;-6524,42589079699;-3,89989703893662;
70,15;70,15;1;1;2;1;0;0;-6524,42589079699;-3,89971762895584;
70,2;70,2;1;1;2;1;0;0;-6524,42589079699;-3,89974445104599;
70,25;70,25;1;1;2;1;0;0;-6524,42589079699;-3,89941245317459;
70,3;70,3;1;1;2;1;0;0;-6524,42589079699;-3,8993364572525;
70,35;70,35;1;1;2;1;0;0;-6524,42589079699;-3,8994237780571;
70,4;70,4;1;1;2;1;0;0;-6524,42589079699;-3,89911532402039;
70,45;70,45;1;1;2;1;0;0;-6524,42589079699;-3,89904081821442;
70,5;70,5;1;1;2;1;0;0;-6524,42589079699;-3,89896661043167;
70,55;70,55;1;1;2;1;0;0;-6524,42589079699;-3,8988921046257;
70,6;70,6;1;1;2;1;0;0;-6524,42589079699;-3,89887690544128;
70,65;70,65;1;1;2;1;0;0;-6524,42589079699;-3,89886617660522;
70,7;70,7;1;1;2;1;0;0;-6524,42589079699;-3,89850944280624;
70,75;70,75;1;1;2;1;0;0;-6524,42589079699;-3,89867573976517;
70,8;70,8;1;1;2;1;0;0;-6524,42589079699;-3,89852702617645;
70,85;70,85;1;1;2;1;0;0;-6524,42589079699;-3,89837831258774;
70,9;70,9;1;1;2;1;0;0;-6524,42589079699;-3,89822959899902;
70,95;70,95;1;1;2;1;0;0;-6524,42589079699;-3,89808088541031;
71;71;1;1;2;1;0;0;-6524,42589079699;-3,89793187379837;
71,05;71,05;1;1;2;1;0;0;-6524,42589079699;-3,89800816774368;
71,1;71,1;1;1;2;1;0;0;-6524,42589079699;-3,89786332845688;
71,15;71,15;1;1;2;1;0;0;-6524,42589079699;-3,89764010906219;
71,2;71,2;1;1;2;1;0;0;-6524,42589079699;-3,8975578546524;
71,25;71,25;1;1;2;1;0;0;-6524,42589079699;-3,89762073755264;
71,3;71,3;1;1;2;1;0;0;-6524,42589079699;-3,89747202396393;
71,35;71,35;1;1;2;1;0;0;-6524,42589079699;-3,89732331037521;
71,4;71,4;1;1;2;1;0;0;-6524,42589079699;-3,8971745967865;
71,45;71,45;1;1;2;1;0;0;-6524,42589079699;-3,89702558517456;
71,5;71,5;1;1;2;1;0;0;-6524,42589079699;-3,89701664447784;
71,55;71,55;1;1;2;1;0;0;-6524,42589079699;-3,89701664447784;
71,6;71,6;1;1;2;1;0;0;-6524,42589079699;-3,8968825340271;
71,65;71,65;1;1;2;1;0;0;-6524,42589079699;-3,89665931463242;
71,7;71,7;1;1;2;1;0;0;-6524,42589079699;-3,89678508043289;
71,75;71,75;1;1;2;1;0;0;-6524,42589079699;-3,89655441045761;
71,8;71,8;1;1;2;1;0;0;-6524,42589079699;-3,89648377895355;
71,85;71,85;1;1;2;1;0;0;-6524,42589079699;-3,89649659395218;
71,9;71,9;1;1;2;1;0;0;-6524,42589079699;-3,89608174562454;
71,95;71,95;1;1;2;1;0;0;-6524,42589079699;-3,89626652002335;
72;72;1;1;2;1;0;0;-6524,42589079699;-3,8961923122406;
72,05;72,05;1;1;2;1;0;0;-6524,42589079699;-3,89593660831451;
72,1;72,1;1;1;2;1;0;0;-6524,42589079699;-3,89598190784454;
72,15;72,15;1;1;2;1;0;0;-6524,42589079699;-3,89591872692108;
72,2;72,2;1;1;2;1;0;0;-6524,42589079699;-3,89570951461792;
72,25;72,25;1;1;2;1;0;0;-6524,42589079699;-3,89570951461792;
72,3;72,3;1;1;2;1;0;0;-6524,42589079699;-3,89563202857971;
72,35;72,35;1;1;2;1;0;0;-6524,42589079699;-3,89536410570145;
72,4;72,4;1;1;2;1;0;0;-6524,42589079699;-3,89529198408127;
72,45;72,45;1;1;2;1;0;0;-6524,42589079699;-3,89529198408127;
72,5;72,5;1;1;2;1;0;0;-6524,42589079699;-3,89514327049255;
72,55;72,55;1;1;2;1;0;0;-6524,42589079699;-3,89503568410873;
72,6;72,6;1;1;2;1;0;0;-6524,42589079699;-3,89495730400085;
72,65;72,65;1;1;2;1;0;0;-6524,42589079699;-3,89480471611023;
72,7;72,7;1;1;2;1;0;0;-6524,42589079699;-3,89473050832748;
72,75;72,75;1;1;2;1;0;0;-6524,42589079699;-3,89465600252151;
72,8;72,8;1;1;2;1;0;0;-6524,42589079699;-3,89458149671555;
72,85;72,85;1;1;2;1;0;0;-6524,42589079699;-3,8945072889328;
72,9;72,9;1;1;2;1;0;0;-6524,42589079699;-3,89443278312683;
72,95;72,95;1;1;2;1;0;0;-6524,42589079699;-3,89435857534409;
73;73;1;1;2;1;0;0;-6524,42589079699;-3,8943549990654;
73,05;73,05;1;1;2;1;0;0;-6524,42589079699;-3,89405727386475;
73,1;73,1;1;1;2;1;0;0;-6524,42589079699;-3,89401793479919;
73,15;73,15;1;1;2;1;0;0;-6524,42589079699;-3,89401793479919;
73,2;73,2;1;1;2;1;0;0;-6524,42589079699;-3,89390051364899;
73,25;73,25;1;1;2;1;0;0;-6524,42589079699;-3,89360547065735;
73,3;73,3;1;1;2;1;0;0;-6524,42589079699;-3,89380037784576;
73,35;73,35;1;1;2;1;0;0;-6524,42589079699;-3,89361470937729;
73,4;73,4;1;1;2;1;0;0;-6524,42589079699;-3,89344662427902;
73,45;73,45;1;1;2;1;0;0;-6524,42589079699;-3,89352083206177;
73,5;73,5;1;1;2;1;0;0;-6524,42589079699;-3,89330357313156;
73,55;73,55;1;1;2;1;0;0;-6524,42589079699;-3,89313250780106;
73,6;73,6;1;1;2;1;0;0;-6524,42589079699;-3,89328122138977;
73,65;73,65;1;1;2;1;0;0;-6524,42589079699;-3,89313876628876;
73,7;73,7;1;1;2;1;0;0;-6524,42589079699;-3,89299005270004;
73,75;73,75;1;1;2;1;0;0;-6524,42589079699;-3,89284133911133;
73,8;73,8;1;1;2;1;0;0;-6524,42589079699;-3,89281064271927;
73,85;73,85;1;1;2;1;0;0;-6524,42589079699;-3,89269411563873;
73,9;73,9;1;1;2;1;0;0;-6524,42589079699;-3,89258682727814;
73,95;73,95;1;1;2;1;0;0;-6524,42589079699;-3,89258682727814;
74;74;1;1;2;1;0;0;-6524,42589079699;-3,8924252986908;
74,05;74,05;1;1;2;1;0;0;-6524,42589079699;-3,89249086380005;
74,1;74,1;1;1;2;1;0;0;-6524,42589079699;-3,8920995593071;
74,15;74,15;1;1;2;1;0;0;-6524,42589079699;-3,89220952987671;
74,2;74,2;1;1;2;1;0;0;-6524,42589079699;-3,89200538396835;
74,25;74,25;1;1;2;1;0;0;-6524,42589079699;-3,89194458723068;
74,3;74,3;1;1;2;1;0;0;-6524,42589079699;-3,89190763235092;
74,35;74,35;1;1;2;1;0;0;-6524,42589079699;-3,89160990715027;
74,4;74,4;1;1;2;1;0;0;-6524,42589079699;-3,89179706573486;
74,45;74,45;1;1;2;1;0;0;-6524,42589079699;-3,89142781496048;
74,5;74,5;1;1;2;1;0;0;-6524,42589079699;-3,89156609773636;
74,55;74,55;1;1;2;1;0;0;-6524,42589079699;-3,89145195484161;
74,6;74,6;1;1;2;1;0;0;-6524,42589079699;-3,89124363660812;
74,65;74,65;1;1;2;1;0;0;-6524,42589079699;-3,89120161533356;
74,7;74,7;1;1;2;1;0;0;-6524,42589079699;-3,8912758231163;
74,75;74,75;1;1;2;1;0;0;-6524,42589079699;-3,89100581407547;
74,8;74,8;1;1;2;1;0;0;-6524,42589079699;-3,89097094535828;
74,85;74,85;1;1;2;1;0;0;-6524,42589079699;-3,89084070920944;
74,9;74,9;1;1;2;1;0;0;-6524,42589079699;-3,89084070920944;
74,95;74,95;1;1;2;1;0;0;-6524,42589079699;-3,89084070920944;
75;75;1;1;2;1;0;0;-6524,42589079699;-3,89054179191589;
75,05;75,05;1;1;2;1;0;0;-6524,42589079699;-3,89058291912079;
75,1;75,1;1;1;2;1;0;0;-6524,42589079699;-3,89032363891602;
75,15;75,15;1;1;2;1;0;0;-6524,42589079699;-3,89058828353882;
75,2;75,2;1;1;2;1;0;0;-6524,42589079699;-3,89025092124939;
75,25;75,25;1;1;2;1;0;0;-6524,42589079699;-3,89039814472198;
75,3;75,3;1;1;2;1;0;0;-6524,42589079699;-3,89012306928635;
75,35;75,35;1;1;2;1;0;0;-6524,42589079699;-3,890181183815;
75,4;75,4;1;1;2;1;0;0;-6524,42589079699;-3,88995796442032;
75,45;75,45;1;1;2;1;0;0;-6524,42589079699;-3,89005333185196;
75,5;75,5;1;1;2;1;0;0;-6524,42589079699;-3,88972133398056;
75,55;75,55;1;1;2;1;0;0;-6524,42589079699;-3,88986080884933;
75,6;75,6;1;1;2;1;0;0;-6524,42589079699;-3,88963788747787;
75,65;75,65;1;1;2;1;0;0;-6524,42589079699;-3,8894510269165;
75,7;75,7;1;1;2;1;0;0;-6524,42589079699;-3,88962805271149;
75,75;75,75;1;1;2;1;0;0;-6524,42589079699;-3,88926416635513;
75,8;75,8;1;1;2;1;0;0;-6524,42589079699;-3,8893386721611;
75,85;75,85;1;1;2;1;0;0;-6524,42589079699;-3,88920873403549;
75,9;75,9;1;1;2;1;0;0;-6524,42589079699;-3,8890078663826;
75,95;75,95;1;1;2;1;0;0;-6524,42589079699;-3,88902604579926;
76;76;1;1;2;1;0;0;-6524,42589079699;-3,88893723487854;
76,05;76,05;1;1;2;1;0;0;-6524,42589079699;-3,88877093791962;
76,1;76,1;1;1;2;1;0;0;-6524,42589079699;-3,88888210058212;
76,15;76,15;1;1;2;1;0;0;-6524,42589079699;-3,88865381479263;
76,2;76,2;1;1;2;1;0;0;-6524,42589079699;-3,88850510120392;
76,25;76,25;1;1;2;1;0;0;-6524,42589079699;-3,88845950365067;
76,3;76,3;1;1;2;1;0;0;-6524,42589079699;-3,88845950365067;
76,35;76,35;1;1;2;1;0;0;-6524,42589079699;-3,88832807540894;
76,4;76,4;1;1;2;1;0;0;-6524,42589079699;-3,88821214437485;
76,45;76,45;1;1;2;1;0;0;-6524,42589079699;-3,88818144798279;
76,5;76,5;1;1;2;1;0;0;-6524,42589079699;-3,88802021741867;
76,55;76,55;1;1;2;1;0;0;-6524,42589079699;-3,88803213834763;
76,6;76,6;1;1;2;1;0;0;-6524,42589079699;-3,88782888650894;
76,65;76,65;1;1;2;1;0;0;-6524,42589079699;-3,88782888650894;
76,7;76,7;1;1;2;1;0;0;-6524,42589079699;-3,88782888650894;
76,75;76,75;1;1;2;1;0;0;-6524,42589079699;-3,88772815465927;
76,8;76,8;1;1;2;1;0;0;-6524,42589079699;-3,88759523630142;
76,85;76,85;1;1;2;1;0;0;-6524,42589079699;-3,88740479946136;
76,9;76,9;1;1;2;1;0;0;-6524,42589079699;-3,88728678226471;
76,95;76,95;1;1;2;1;0;0;-6524,42589079699;-3,88727217912674;
77;77;1;1;2;1;0;0;-6524,42589079699;-3,88729900121689;
77,05;77,05;1;1;2;1;0;0;-6524,42589079699;-3,8870757818222;
77,1;77,1;1;1;2;1;0;0;-6524,42589079699;-3,88704419136047;
77,15;77,15;1;1;2;1;0;0;-6524,42589079699;-3,88703614473343;
77,2;77,2;1;1;2;1;0;0;-6524,42589079699;-3,8868123292923;
77,25;77,25;1;1;2;1;0;0;-6524,42589079699;-3,88673812150955;
77,3;77,3;1;1;2;1;0;0;-6524,42589079699;-3,88666361570358;
77,35;77,35;1;1;2;1;0;0;-6524,42589079699;-3,88658940792084;
77,4;77,4;1;1;2;1;0;0;-6524,42589079699;-3,88656347990036;
77,45;77,45;1;1;2;1;0;0;-6524,42589079699;-3,88646692037582;
77,5;77,5;1;1;2;1;0;0;-6524,42589079699;-3,88640195131302;
77,55;77,55;1;1;2;1;0;0;-6524,42589079699;-3,88625204563141;
77,6;77,6;1;1;2;1;0;0;-6524,42589079699;-3,88622909784317;
77,65;77,65;1;1;2;1;0;0;-6524,42589079699;-3,88626992702484;
77,7;77,7;1;1;2;1;0;0;-6524,42589079699;-3,88617604970932;
77,75;77,75;1;1;2;1;0;0;-6524,42589079699;-3,88595789670944;
77,8;77,8;1;1;2;1;0;0;-6524,42589079699;-3,88603657484055;
77,85;77,85;1;1;2;1;0;0;-6524,42589079699;-3,88575404882431;
77,9;77,9;1;1;2;1;0;0;-6524,42589079699;-3,88575345277786;
77,95;77,95;1;1;2;1;0;0;-6524,42589079699;-3,88570636510849;
78;78;1;1;2;1;0;0;-6524,42589079699;-3,88556033372879;
78,05;78,05;1;1;2;1;0;0;-6524,42589079699;-3,88560682535172;
78,1;78,1;1;1;2;1;0;0;-6524,42589079699;-3,88536542654037;
78,15;78,15;1;1;2;1;0;0;-6524,42589079699;-3,8854193687439;
78,2;78,2;1;1;2;1;0;0;-6524,42589079699;-3,88538092374802;
78,25;78,25;1;1;2;1;0;0;-6524,42589079699;-3,88525784015656;
78,3;78,3;1;1;2;1;0;0;-6524,42589079699;-3,88507902622223;
78,35;78,35;1;1;2;1;0;0;-6524,42589079699;-3,88514846563339;
78,4;78,4;1;1;2;1;0;0;-6524,42589079699;-3,88487011194229;
78,45;78,45;1;1;2;1;0;0;-6524,42589079699;-3,88494431972504;
78,5;78,5;1;1;3;1;0;0;-6524,42589079699;-3,88495087623596;
78,5;78,5;1;1;3;1;0;0;-6524,42589079699;-3,88495087623596;
78,55;78,55;1;1;3;1;0;0;-6524,42589079699;-3,88480216264725;
78,6;78,6;1;1;3;1;0;0;-6524,42589079699;-3,88465344905853;
78,65;78,65;1;1;3;1;0;0;-6524,42589079699;-3,88452172279358;
78,7;78,7;1;1;3;1;0;0;-6524,42589079699;-3,88420820236206;
78,75;78,75;1;1;3;1;0;0;-6524,42589079699;-3,88379275798798;
78,8;78,8;1;1;3;1;0;0;-6524,35481225976;-3,88268887996674;
78,85;78,85;1;1;3;1;0;0;-6523,93906987215;-3,88002872467041;
78,9;78,9;1;1;3;1;0;0;-6523,22336711671;-3,87588500976563;
78,95;78,95;1;1;3;1;0;0;-6519,72889588668;-3,85547608137131;
79;79;1;1;3;1;0;0;-6517,37525753103;-3,84204924106598;
79,05;79,05;1;1;3;1;0;0;-6515,96307451764;-3,83213132619858;
79,1;79,1;1;1;3;1;0;0;-6514,62420521561;-3,82650077342987;
79,15;79,15;1;1;3;1;0;0;-6513,75829875884;-3,82087677717209;
79,2;79,2;1;1;3;1;0;0;-6513,08685245111;-3,81757467985153;
79,25;79,25;1;1;3;1;0;0;-6512,41719428269;-3,8129648566246;
79,3;79,3;1;1;3;1;0;0;-6510,45649953855;-3,79974782466888;
79,35;79,35;1;1;3;1;0;0;-6508,28838063543;-3,78921866416931;
79,4;79,4;1;1;3;1;0;0;-6506,87530355239;-3,78207623958588;
79,45;79,45;1;1;3;1;0;0;-6505,97944576232;-3,77731412649155;
79,5;79,5;1;1;3;1;0;0;-6505,12337407171;-3,77049267292023;
79,55;79,55;1;1;3;1;0;0;-6503,78450476968;-3,76486718654633;
79,6;79,6;1;1;3;1;0;0;-6502,7844878653;-3,75995606184006;
79,65;79,65;1;1;3;1;0;0;-6501,72680346844;-3,75250369310379;
79,7;79,7;1;1;3;1;0;0;-6500,30076237546;-3,74660640954971;
79,75;79,75;1;1;3;1;0;0;-6499,80589482376;-3,7442609667778;
79,8;79,8;1;1;3;1;0;0;-6499,47106573955;-3,74043047428131;
79,85;79,85;1;1;3;1;0;0;-6498,15052486536;-3,73351514339447;
79,9;79,9;1;1;3;1;0;0;-6497,40263560249;-3,72950673103333;
79,95;79,95;1;1;3;1;0;0;-6496,45760398163;-3,72481435537338;
80;80;1;1;3;1;0;0;-6495,41333062953;-3,72145086526871;
80,05;80,05;1;1;3;1;0;0;-6494,85543116745;-3,71642589569092;
80,1;80,1;1;1;3;1;0;0;-6494,29753170537;-3,71548235416412;
80,15;80,15;1;1;3;1;0;0;-6493,79148828304;-3,71140152215958;
80,2;80,2;1;1;3;1;0;0;-6493,3453475273;-3,70990008115768;
80,25;80,25;1;1;3;1;0;0;-6492,94882763719;-3,70943754911423;
80,3;80,3;1;1;3;1;0;0;-6492,00781932975;-3,70052427053452;
80,35;80,35;1;1;3;1;0;0;-6490,07349964031;-3,69235336780548;
80,4;80,4;1;1;3;1;0;0;-6488,9232790346;-3,68419706821442;
80,45;80,45;1;1;3;1;0;0;-6487,71360279711;-3,6762735247612;
80,5;80,5;1;1;3;1;0;0;-6486,44625906714;-3,67055267095566;
80,55;80,55;1;1;3;1;0;0;-6485,55397755567;-3,66557747125626;
80,6;80,6;1;1;3;1;0;0;-6484,53742036275;-3,65988373756409;
80,65;80,65;1;1;3;1;0;0;-6483,31030976707;-3,65508288145065;
80,7;80,7;1;1;3;1;0;0;-6482,46228470331;-3,64822328090668;
80,75;80,75;1;1;3;1;0;0;-6481,59011975899;-3,6438724398613;
80,8;80,8;1;1;3;1;0;0;-6480,6973912127;-3,64007979631424;
80,85;80,85;1;1;3;1;0;0;-6479,80421563158;-3,63307446241379;
80,9;80,9;1;1;3;1;0;0;-6478,69288705567;-3,62836301326752;
80,95;80,95;1;1;3;1;0;0;-6477,23912980352;-3,62175613641739;
81;81;1;1;3;1;0;0;-6476,26727609313;-3,61624181270599;
81,05;81,05;1;1;3;1;0;0;-6475,42238027316;-3,61109584569931;
81,1;81,1;1;1;3;1;0;0;-6474,306581349;-3,60645949840546;
81,15;81,15;1;1;3;1;0;0;-6473,42860495194;-3,60126584768295;
81,2;81,2;1;1;3;1;0;0;-6472,7446416691;-3,59632045030594;
81,25;81,25;1;1;3;1;0;0;-6471,50635520279;-3,59115183353424;
81,3;81,3;1;1;3;1;0;0;-6470,81926267617;-3,58708143234253;
81,35;81,35;1;1;3;1;0;0;-6469,8670784981;-3,58097970485687;
81,4;81,4;1;1;3;1;0;0;-6468,64443825067;-3,57571303844452;
81,45;81,45;1;1;3;1;0;0;-6467,75215673921;-3,57212692499161;
81,5;81,5;1;1;3;1;0;0;-6466,89116766552;-3,56656968593597;
81,55;81,55;1;1;3;1;0;0;-6466,11019782557;-3,56165498495102;
81,6;81,6;1;1;3;1;0;0;-6465,3287809508;-3,55653584003448;
81,65;81,65;1;1;3;1;0;0;-6464,26304992708;-3,5524770617485;
81,7;81,7;1;1;3;1;0;0;-6463,14725100292;-3,5457319021225;
81,75;81,75;1;1;3;1;0;0;-6462,03994574044;-3,54274094104767;
81,8;81,8;1;1;3;1;0;0;-6461,45880046744;-3,53669375181198;
81,85;81,85;1;1;3;1;0;0;-6460,38591688652;-3,53206604719162;
81,9;81,9;1;1;3;1;0;0;-6459,32420917623;-3,52604448795319;
81,95;81,95;1;1;3;1;0;0;-6458,43148062994;-3,52177709341049;
82;82;1;1;3;1;0;0;-6457,53875208364;-3,51677238941193;
82,05;82,05;1;1;3;1;0;0;-6456,64647057218;-3,5123136639595;
82,1;82,1;1;1;3;1;0;0;-6455,6571825036;-3,50538790225983;
82,15;82,15;1;1;3;1;0;0;-6454,4948919576;-3,5028412938118;
82,2;82,2;1;1;3;1;0;0;-6454,04875120187;-3,49817425012589;
82,25;82,25;1;1;3;1;0;0;-6452,60840499448;-3,49252551794052;
82,3;82,3;1;1;3;1;0;0;-6451,92622985094;-3,48980754613876;
82,35;82,35;1;1;3;1;0;0;-6451,48008909521;-3,48518162965775;
82,4;82,4;1;1;3;1;0;0;-6450,17921775334;-3,48028719425201;
82,45;82,45;1;1;3;1;0;0;-6449,48765487847;-3,47534596920013;
82,5;82,5;1;1;3;1;0;0;-6448,81844374487;-3,47265690565109;
82,55;82,55;1;1;3;1;0;0;-6448,19170091968;-3,47005635499954;
82,6;82,6;1;1;3;1;0;0;-6447,83228492007;-3,46673756837845;
82,65;82,65;1;1;3;1;0;0;-6447,19436622424;-3,4622997045517;
82,7;82,7;1;1;3;1;0;0;-6444,74774462491;-3,44821751117706;
82,75;82,75;1;1;3;1;0;0;-6443,25777755191;-3,44254434108734;
82,8;82,8;1;1;3;1;0;0;-6442,25329029927;-3,43598574399948;
82,85;82,85;1;1;3;1;0;0;-6441,24925008145;-3,43053758144379;
82,9;82,9;1;1;3;1;0;0;-6439,89965194362;-3,42362642288208;
82,95;82,95;1;1;3;1;0;0;-6438,82587429304;-3,41982007026672;
83;83;1;1;3;1;0;0;-6438,1293940351;-3,41453492641449;
83,05;83,05;1;1;3;1;0;0;-6437,34395384689;-3,40855956077576;
83,1;83,1;1;1;3;1;0;0;-6435,90897205741;-3,40413898229599;
83,15;83,15;1;1;3;1;0;0;-6435,10520344137;-3,39879155158997;
83,2;83,2;1;1;3;1;0;0;-6434,14989001952;-3,39368492364883;
83,25;83,25;1;1;3;1;0;0;-6433,03409109536;-3,38951379060745;
83,3;83,3;1;1;3;1;0;0;-6432,28843700662;-3,38496446609497;
83,35;83,35;1;1;3;1;0;0;-6431,00276484881;-3,37735176086426;
83,4;83,4;1;1;3;1;0;0;-6430,01213567576;-3,37204217910767;
83,45;83,45;1;1;3;1;0;0;-6429,34292454216;-3,3688160777092;
83,5;83,5;1;1;3;1;0;0;-6428,63973876183;-3,36469739675522;
83,55;83,55;1;1;3;1;0;0;-6427,74701021554;-3,36221963167191;
83,6;83,6;1;1;3;1;0;0;-6426,95262933083;-3,35815817117691;
83,65;83,65;1;1;3;1;0;0;-6426,28341819723;-3,35273683071136;
83,7;83,7;1;1;3;1;0;0;-6425,24406222821;-3,34919989109039;
83,75;83,75;1;1;3;1;0;0;-6424,55741673642;-3,34629386663437;
83,8;83,8;1;1;3;1;0;0;-6424,14033324433;-3,34589034318924;
83,85;83,85;1;1;3;1;0;0;-6423,91726286647;-3,34423512220383;
83,9;83,9;1;1;3;1;0;0;-6423,6941924886;-3,34123730659485;
83,95;83,95;1;1;3;1;0;0;-6423,19619569312;-3,3382111787796;
84;84;1;1;3;1;0;0;-6421,01958312832;-3,326316177845;
84,05;84,05;1;1;3;1;0;0;-6419,29536980682;-3,31887781620026;
84,1;84,1;1;1;3;1;0;0;-6418,39638277297;-3,3135986328125;
84,15;84,15;1;1;3;1;0;0;-6417,61541293302;-3,30771327018738;
84,2;84,2;1;1;3;1;0;0;-6416,31856490458;-3,30074608325958;
84,25;84,25;1;1;3;1;0;0;-6414,79864649827;-3,29445898532867;
84,3;84,3;1;1;3;1;0;0;-6413,94793922557;-3,2875594496727;
84,35;84,35;1;1;3;1;0;0;-6413,16696938562;-3,28527063131332;
84,4;84,4;1;1;3;1;0;0;-6412,38555251085;-3,28115701675415;
84,45;84,45;1;1;3;1;0;0;-6411,17408813405;-3,27544748783112;
84,5;84,5;1;1;3;1;0;0;-6410,10120455313;-3,26870888471603;
84,55;84,55;1;1;3;1;0;0;-6409,20847600684;-3,26435625553131;
84,6;84,6;1;1;3;1;0;0;-6408,31574746054;-3,25933575630188;
84,65;84,65;1;1;3;1;0;0;-6407,25225161095;-3,25561195611954;
84,7;84,7;1;1;3;1;0;0;-6406,13645268679;-3,24904173612595;
84,75;84,75;1;1;3;1;0;0;-6405,02065376263;-3,24393510818481;
84,8;84,8;1;1;3;1;0;0;-6403,90485483847;-3,2386788725853;
84,85;84,85;1;1;3;1;0;0;-6402,91511973507;-3,23339223861694;
84,9;84,9;1;1;3;1;0;0;-6402,11358629316;-3,22854250669479;
84,95;84,95;1;1;3;1;0;0;-6401,33261645321;-3,22453320026398;
85;85;1;1;3;1;0;0;-6400,55164661326;-3,22068512439728;
85,05;85,05;1;1;3;1;0;0;-6399,77067677332;-3,21469247341156;
85,1;85,1;1;1;3;1;0;0;-6398,56100053583;-3,21032226085663;
85,15;85,15;1;1;3;1;0;0;-6397,47559997979;-3,20581763982773;
85,2;85,2;1;1;3;1;0;0;-6396,75140356267;-3,20075452327728;
85,25;85,25;1;1;3;1;0;0;-6395,7446811359;-3,19511651992798;
85,3;85,3;1;1;3;1;0;0;-6394,38122491848;-3,19057643413544;
85,35;85,35;1;1;3;1;0;0;-6393,61321908847;-3,18633794784546;
85,4;85,4;1;1;3;1;0;0;-6392,94356092004;-3,18083077669144;
85,45;85,45;1;1;3;1;0;0;-6392,14918003533;-3,17683517932892;
85,5;85,5;1;1;3;1;0;0;-6391,14513981752;-3,17155748605728;
85,55;85,55;1;1;3;1;0;0;-6390,14065256488;-3,16681146621704;
85,6;85,6;1;1;3;1;0;0;-6389,12811868539;-3,16038519144058;
85,65;85,65;1;1;3;1;0;0;-6388,01768417913;-3,15770179033279;
85,7;85,7;1;1;3;1;0;0;-6387,33014461769;-3,15199285745621;
85,75;85,75;1;1;3;1;0;0;-6386,47049664847;-3,14749866724014;
85,8;85,8;1;1;3;1;0;0;-6385,35469772431;-3,14237087965012;
85,85;85,85;1;1;3;1;0;0;-6384,23889880015;-3,13875705003738;
85,9;85,9;1;1;3;1;0;0;-6383,69306927836;-3,13245564699173;
85,95;85,95;1;1;3;1;0;0;-6382,36626991662;-3,12773793935776;
86;86;1;1;3;1;0;0;-6381,55490170855;-3,12317669391632;
86,05;86,05;1;1;3;1;0;0;-6380,73593390844;-3,11785161495209;
86,1;86,1;1;1;3;1;0;0;-6379,62013498428;-3,11304271221161;
86,15;86,15;1;1;3;1;0;0;-6378,50433606012;-3,10770362615585;
86,2;86,2;1;1;3;1;0;0;-6377,38853713596;-3,10338854789734;
86,25;86,25;1;1;3;1;0;0;-6376,52039550506;-3,09913635253906;
86,3;86,3;1;1;3;1;0;0;-6375,82972669984;-3,09410929679871;
86,35;86,35;1;1;3;1;0;0;-6375,08317854145;-3,08895707130432;
86,4;86,4;1;1;3;1;0;0;-6373,85606794577;-3,08401256799698;
86,45;86,45;1;1;3;1;0;0;-6372,98345596662;-3,08020889759064;
86,5;86,5;1;1;3;1;0;0;-6372,31335076337;-3,07561248540878;
86,55;86,55;1;1;3;1;0;0;-6371,42017518225;-3,07112485170364;
86,6;86,6;1;1;3;1;0;0;-6370,19574679552;-3,06743860244751;
86,65;86,65;1;1;3;1;0;0;-6369,7022203483;-3,06358844041824;
86,7;86,7;1;1;3;1;0;0;-6368,24488681754;-3,05406510829926;
86,75;86,75;1;1;3;1;0;0;-6366,81661055044;-3,0496346950531;
86,8;86,8;1;1;3;1;0;0;-6366,26541661074;-3,04363071918488;
86,85;86,85;1;1;3;1;0;0;-6365,36017108934;-3,04225414991379;
86,9;86,9;1;1;3;1;0;0;-6364,92788841319;-3,04114997386932;
86,95;86,95;1;1;3;1;0;0;-6363,52822237491;-3,03082913160324;
87;87;1;1;3;1;0;0;-6362,00070437657;-3,02334040403366;
87,05;87,05;1;1;3;1;0;0;-6361,07444821837;-3,01961988210678;
87,1;87,1;1;1;3;1;0;0;-6360,39674342309;-3,01417499780655;
87,15;87,15;1;1;3;1;0;0;-6359,30016699642;-3,00907045602798;
87,2;87,2;1;1;3;1;0;0;-6358,18436807226;-3,0043038725853;
87,25;87,25;1;1;3;1;0;0;-6357,17406936689;-3,00010591745377;
87,3;87,3;1;1;3;1;0;0;-6356,36717150707;-2,99518525600433;
87,35;87,35;1;1;3;1;0;0;-6355,5857546323;-2,99100339412689;
87,4;87,4;1;1;3;1;0;0;-6354,80478479235;-2,9865488409996;
87,45;87,45;1;1;3;1;0;0;-6354,02381495241;-2,98197984695435;
87,5;87,5;1;1;3;1;0;0;-6353,22272854532;-2,97713756561279;
87,55;87,55;1;1;3;1;0;0;-6352,25176890458;-2,97253489494324;
87,6;87,6;1;1;3;1;0;0;-6351,04879818947;-2,96804398298264;
87,65;87,65;1;1;3;1;0;0;-6349,96429170309;-2,96343058347702;
87,7;87,7;1;1;3;1;0;0;-6349,16588750495;-2,95853197574615;
87,75;87,75;1;1;3;1;0;0;-6348,38447063018;-2,95530736446381;
87,8;87,8;1;1;3;1;0;0;-6347,40322918846;-2,94968038797379;
87,85;87,85;1;1;3;1;0;0;-6346,17567155796;-2,94354677200317;
87,9;87,9;1;1;3;1;0;0;-6345,23511028535;-2,94077455997467;
87,95;87,95;1;1;3;1;0;0;-6344,74963046498;-2,93505012989044;
88;88;1;1;3;1;0;0;-6343,11705928267;-2,92995512485504;
88,05;88,05;1;1;3;1;0;0;-6342,89398890481;-2,92706519365311;
88,1;88,1;1;1;3;1;0;0;-6341,94314583121;-2,9209777712822;
88,15;88,15;1;1;3;1;0;0;-6340,60427652919;-2,91697412729263;
88,2;88,2;1;1;3;1;0;0;-6339,65432752525;-2,90947943925858;
88,25;88,25;1;1;3;1;0;0;-6338,76159897895;-2,90617644786835;
88,3;88,3;1;1;3;1;0;0;-6337,51481885095;-2,90158659219742;
88,35;88,35;1;1;3;1;0;0;-6336,71283837421;-2,89548635482788;
88,4;88,4;1;1;3;1;0;0;-6335,93186853427;-2,89223849773407;
88,45;88,45;1;1;3;1;0;0;-6335,15089869432;-2,88746029138565;
88,5;88,5;1;1;3;1;0;0;-6334,36992885437;-2,88542240858078;
88,55;88,55;1;1;3;1;0;0;-6333,37035898481;-2,8773558139801;
88,6;88,6;1;1;3;1;0;0;-6331,41055831033;-2,86891490221024;
88,65;88,65;1;1;3;1;0;0;-6330,62958847038;-2,86655217409134;
88,7;88,7;1;1;3;1;0;0;-6330,15304934652;-2,86448657512665;
88,75;88,75;1;1;3;1;0;0;-6329,75563538675;-2,86278784275055;
88,8;88,8;1;1;3;1;0;0;-6329,39621938714;-2,85835683345795;
88,85;88,85;1;1;3;1;0;0;-6327,99744741852;-2,85238772630692;
88,9;88,9;1;1;3;1;0;0;-6327,09935445432;-2,85044997930527;
88,95;88,95;1;1;3;1;0;0;-6326,5866055096;-2,84743636846542;
89;89;1;1;3;1;0;0;-6325,98444959981;-2,84067541360855;
89,05;89,05;1;1;3;1;0;0;-6323,68222024908;-2,83050388097763;
89,1;89,1;1;1;3;1;0;0;-6322,3406687381;-2,82201170921326;
89,15;89,15;1;1;3;1;0;0;-6321,38714345555;-2,81904816627502;
89,2;89,2;1;1;3;1;0;0;-6320,71212086922;-2,81253010034561;
89,25;89,25;1;1;3;1;0;0;-6319,27132762701;-2,80687779188156;
89,3;89,3;1;1;3;1;0;0;-6318,07997981736;-2,8022301197052;
89,35;89,35;1;1;3;1;0;0;-6317,35801857436;-2,79682904481888;
89,4;89,4;1;1;3;1;0;0;-6316,51088758026;-2,7928552031517;
89,45;89,45;1;1;3;1;0;0;-6315,10362194995;-2,78407394886017;
89,5;89,5;1;1;3;1;0;0;-6314,20195270715;-2,7829784154892;
89,55;89,55;1;1;3;1;0;0;-6313,83001973243;-2,77890086174011;
89,6;89,6;1;1;3;1;0;0;-6312,18850785361;-2,77302205562592;
89,65;89,65;1;1;3;1;0;0;-6311,25152285961;-2,76891469955444;
89,7;89,7;1;1;3;1;0;0;-6310,69362339753;-2,76462644338608;
89,75;89,75;1;1;3;1;0;0;-6310,09996114942;-2,75993406772614;
89,8;89,8;1;1;3;1;0;0;-6309,0588170411;-2,75470644235611;
89,85;89,85;1;1;3;1;0;0;-6307,94301811694;-2,75208711624146;
89,9;89,9;1;1;3;1;0;0;-6307,24027937143;-2,7475842833519;
89,95;89,95;1;1;3;1;0;0;-6306,35783262612;-2,74344056844711;
90;90;1;1;3;1;0;0;-6305,4329175724;-2,73874133825302;
90,05;90,05;1;1;3;1;0;0;-6304,76325940398;-2,73396819829941;
90,1;90,1;1;1;3;1;0;0;-6303,74714924588;-2,72864311933517;
90,15;90,15;1;1;3;1;0;0;-6302,57100062029;-2,72416919469833;
90,2;90,2;1;1;3;1;0;0;-6301,54818493981;-2,72009372711182;
90,25;90,25;1;1;3;1;0;0;-6300,87852677138;-2,71556943655014;
90,3;90,3;1;1;3;1;0;0;-6300,02200804595;-2,71065801382065;
90,35;90,35;1;1;3;1;0;0;-6298,90620912179;-2,7054825425148;
90,4;90,4;1;1;3;1;0;0;-6297,79041019763;-2,7011975646019;
90,45;90,45;1;1;3;1;0;0;-6296,91690414882;-2,69564807415009;
90,5;90,5;1;1;3;1;0;0;-6296,24769301522;-2,69134700298309;
90,55;90,55;1;1;3;1;0;0;-6295,3491530162;-2,68633246421814;
90,6;90,6;1;1;3;1;0;0;-6294,34466576356;-2,6819258928299;
90,65;90,65;1;1;3;1;0;0;-6293,20830323743;-2,67673492431641;
90,7;90,7;1;1;3;1;0;0;-6292,0630000148;-2,67308235168457;
90,75;90,75;1;1;3;1;0;0;-6291,28158314003;-2,66723930835724;
90,8;90,8;1;1;3;1;0;0;-6290,31017646447;-2,66264170408249;
90,85;90,85;1;1;3;1;0;0;-6289,19661271443;-2,65801936388016;
90,9;90,9;1;1;3;1;0;0;-6288,40044369042;-2,65332370996475;
90,95;90,95;1;1;3;1;0;0;-6287,61947385047;-2,64822781085968;
91;91;1;1;3;1;0;0;-6286,4294671453;-2,64280706644058;
91,05;91,05;1;1;3;1;0;0;-6285,39949890762;-2,64022827148438;
91,1;91,1;1;1;3;1;0;0;-6284,80762479881;-2,63440996408463;
91,15;91,15;1;1;3;1;0;0;-6283,5854315862;-2,62969851493835;
91,2;91,2;1;1;3;1;0;0;-6282,76378157715;-2,62612551450729;
91,25;91,25;1;1;3;1;0;0;-6282,08831195599;-2,62071698904037;
91,3;91,3;1;1;3;1;0;0;-6280,92244513139;-2,6150980591774;
91,35;91,35;1;1;3;1;0;0;-6279,69488750088;-2,61052429676056;
91,4;91,4;1;1;3;1;0;0;-6278,67520106418;-2,60660976171494;
91,45;91,45;1;1;3;1;0;0;-6277,87724390087;-2,60150372982025;
91,5;91,5;1;1;3;1;0;0;-6277,0958270261;-2,59697467088699;
91,55;91,55;1;1;3;1;0;0;-6275,81373114689;-2,59127527475357;
91,6;91,6;1;1;3;1;0;0;-6275,24912616243;-2,58788675069809;
91,65;91,65;1;1;3;1;0;0;-6274,47486184487;-2,5829616189003;
91,7;91,7;1;1;3;1;0;0;-6273,35906292071;-2,57816255092621;
91,75;91,75;1;1;3;1;0;0;-6272,24326399655;-2,5736129283905;
91,8;91,8;1;1;3;1;0;0;-6271,36439352984;-2,57086724042892;
91,85;91,85;1;1;3;1;0;0;-6270,91825277411;-2,56673276424408;
91,9;91,9;1;1;3;1;0;0;-6270,03982934222;-2,56057858467102;
91,95;91,95;1;1;3;1;0;0;-6268,7009600402;-2,55327969789505;
92;92;1;1;3;1;0;0;-6267,15690175332;-2,54857927560806;
92,05;92,05;1;1;3;1;0;0;-6266,35715645071;-2,54294961690903;
92,1;92,1;1;1;3;1;0;0;-6265,49884958597;-2,53793507814407;
92,15;92,15;1;1;3;1;0;0;-6264,36472223397;-2,5320366024971;
92,2;92,2;1;1;3;1;0;0;-6263,32402516047;-2,52877205610275;
92,25;92,25;1;1;3;1;0;0;-6262,75986721084;-2,52399384975433;
92,3;92,3;1;1;3;1;0;0;-6261,7553799582;-2,51964092254639;
92,35;92,35;1;1;3;1;0;0;-6260,75133974038;-2,51574456691742;
92,4;92,4;1;1;3;1;0;0;-6259,74729952257;-2,51095443964005;
92,45;92,45;1;1;3;1;0;0;-6258,83221923501;-2,50687211751938;
92,5;92,5;1;1;3;1;0;0;-6258,05124939506;-2,50252723693848;
92,55;92,55;1;1;3;1;0;0;-6257,20098915718;-2,49773606657982;
92,6;92,6;1;1;3;1;0;0;-6256,30826061089;-2,49302193522453;
92,65;92,65;1;1;3;1;0;0;-6255,33774800498;-2,48864635825157;
92,7;92,7;1;1;3;1;0;0;-6254,33326075234;-2,48372629284859;
92,75;92,75;1;1;3;1;0;0;-6253,31178617633;-2,47866585850716;
92,8;92,8;1;1;3;1;0;0;-6252,08422854583;-2,47368782758713;
92,85;92,85;1;1;3;1;0;0;-6251,25989632782;-2,46939480304718;
92,9;92,9;1;1;3;1;0;0;-6250,47892648787;-2,46473595499992;
92,95;92,95;1;1;3;1;0;0;-6249,38860854876;-2,45991721749306;
93;93;1;1;3;1;0;0;-6248,40870821151;-2,45553702116013;
93,05;93,05;1;1;3;1;0;0;-6247,37426962557;-2,44990542531013;
93,1;93,1;1;1;3;1;0;0;-6246,6809186114;-2,44643226265907;
93,15;93,15;1;1;3;1;0;0;-6245,75198024425;-2,44025334715843;
93,2;93,2;1;1;3;1;0;0;-6244,30582258413;-2,43477135896683;
93,25;93,25;1;1;3;1;0;0;-6243,68310307237;-2,43035361170769;
93,3;93,3;1;1;3;1;0;0;-6243,05591321236;-2,4274043738842;
93,35;93,35;1;1;3;1;0;0;-6242,24990942219;-2,4225178360939;
93,4;93,4;1;1;3;1;0;0;-6241,24542216955;-2,4179995059967;
93,45;93,45;1;1;3;1;0;0;-6240,16762120555;-2,412139326334;
93,5;93,5;1;1;3;1;0;0;-6238,71699319718;-2,40782633423805;
93,55;93,55;1;1;3;1;0;0;-6238,0164896258;-2,40406185388565;
93,6;93,6;1;1;3;1;0;0;-6237,44652022343;-2,39860698580742;
93,65;93,65;1;1;3;1;0;0;-6235,84121816548;-2,39412605762482;
93,7;93,7;1;1;3;1;0;0;-6235,2605199273;-2,38757967948914;
93,75;93,75;1;1;3;1;0;0;-6234,00256392867;-2,38430604338646;
93,8;93,8;1;1;3;1;0;0;-6233,33290576024;-2,38131955265999;
93,85;93,85;1;1;3;1;0;0;-6232,66324759182;-2,37783417105675;
93,9;93,9;1;1;3;1;0;0;-6231,99358942339;-2,37349897623062;
93,95;93,95;1;1;3;1;0;0;-6230,47635322604;-2,36337944865227;
94;94;1;1;3;1;0;0;-6228,87686262081;-2,35824048519135;
94,05;94,05;1;1;3;1;0;0;-6228,15043102956;-2,35599845647812;
94,1;94,1;1;1;3;1;0;0;-6227,5612391297;-2,35130533576012;
94,15;94,15;1;1;3;1;0;0;-6226,78026928976;-2,34825015068054;
94,2;94,2;1;1;3;1;0;0;-6225,99929944981;-2,34310388565063;
94,25;94,25;1;1;3;1;0;0;-6224,81868047597;-2,33837082982063;
94,3;94,3;1;1;3;1;0;0;-6224,05693313351;-2,33653634786606;
94,35;94,35;1;1;3;1;0;0;-6223,61034534295;-2,33289554715157;
94,4;94,4;1;1;3;1;0;0;-6221,69524815101;-2,32292592525482;
94,45;94,45;1;1;3;1;0;0;-6220,77882675897;-2,31698960065842;
94,5;94,5;1;1;3;1;0;0;-6219,9500241927;-2,31240928173065;
94,55;94,55;1;1;3;1;0;0;-6218,83422526854;-2,30785459280014;
94,6;94,6;1;1;3;1;0;0;-6217,71842634438;-2,30275735259056;
94,65;94,65;1;1;3;1;0;0;-6216,60352148987;-2,29833915829659;
94,7;94,7;1;1;3;1;0;0;-6215,70364038638;-2,2930982708931;
94,75;94,75;1;1;3;1;0;0;-6214,81404108386;-2,29083657264709;
94,8;94,8;1;1;3;1;0;0;-6214,24273057702;-2,28591248393059;
94,85;94,85;1;1;3;1;0;0;-6213,33033249841;-2,28106006979942;
94,9;94,9;1;1;3;1;0;0;-6212,07684684803;-2,27575644850731;
94,95;94,95;1;1;3;1;0;0;-6211,24089172456;-2,27249190211296;
95;95;1;1;3;1;0;0;-6210,45992188461;-2,26686507463455;
95,05;95,05;1;1;3;1;0;0;-6209,67895204467;-2,26261556148529;
95,1;95,1;1;1;3;1;0;0;-6208,73168524968;-2,25861296057701;
95,15;95,15;1;1;3;1;0;0;-6207,72764503186;-2,25247487425804;
95,2;95,2;1;1;3;1;0;0;-6206,72315777922;-2,249596118927;
95,25;95,25;1;1;3;1;0;0;-6205,71911756141;-2,24561929702759;
95,3;95,3;1;1;3;1;0;0;-6204,90372603991;-2,24013820290565;
95,35;95,35;1;1;3;1;0;0;-6204,12230916514;-2,23548367619514;
95,4;95,4;1;1;3;1;0;0;-6203,22734544472;-2,23131954669952;
95,45;95,45;1;1;3;1;0;0;-6202,22285819208;-2,22590073943138;
95,5;95,5;1;1;3;1;0;0;-6201,21881797426;-2,22161889076233;
95,55;95,55;1;1;3;1;0;0;-6200,21433072162;-2,21608817577362;
95,6;95,6;1;1;3;1;0;0;-6199,21029050381;-2,21226647496223;
95,65;95,65;1;1;3;1;0;0;-6198,206250286;-2,20753565430641;
95,7;95,7;1;1;3;1;0;0;-6197,20176303336;-2,20212146639824;
95,75;95,75;1;1;3;1;0;0;-6196,19772281554;-2,19808787107468;
95,8;95,8;1;1;3;1;0;0;-6195,19368259773;-2,19284996390343;
95,85;95,85;1;1;3;1;0;0;-6194,22361702664;-2,18921259045601;
95,9;95,9;1;1;3;1;0;0;-6193,39392039073;-2,18421369791031;
95,95;95,95;1;1;3;1;0;0;-6192,53650759564;-2,17943549156189;
96;96;1;1;3;1;0;0;-6191,64377904935;-2,17553317546844;
96,05;96,05;1;1;3;1;0;0;-6190,53066233414;-2,17013999819756;
96,1;96,1;1;1;3;1;0;0;-6189,517234385;-2,16574490070343;
96,15;96,15;1;1;3;1;0;0;-6188,95933492292;-2,1611987054348;
96,2;96,2;1;1;3;1;0;0;-6187,49708400908;-2,15636849403381;
96,25;96,25;1;1;3;1;0;0;-6186,75142992034;-2,15120941400528;
96,3;96,3;1;1;3;1;0;0;-6186,01784577188;-2,14750915765762;
96,35;96,35;1;1;3;1;0;0;-6185,12556426042;-2,14242577552795;
96,4;96,4;1;1;3;1;0;0;-6184,23283571412;-2,13875472545624;
96,45;96,45;1;1;3;1;0;0;-6183,32937833202;-2,13296070694923;
96,5;96,5;1;1;3;1;0;0;-6182,12014912936;-2,12775126099586;
96,55;96,55;1;1;3;1;0;0;-6180,89661481228;-2,12326526641846;
96,6;96,6;1;1;3;1;0;0;-6179,92699627602;-2,12030172348022;
96,65;96,65;1;1;3;1;0;0;-6179,33735734134;-2,11386740207672;
96,7;96,7;1;1;3;1;0;0;-6178,00876984029;-2,10960045456886;
96,75;96,75;1;1;3;1;0;0;-6177,1759439606;-2,10568949580193;
96,8;96,8;1;1;3;1;0;0;-6176,59256351348;-2,10160732269287;
96,85;96,85;1;1;3;1;0;0;-6175,98996056886;-2,09834769368172;
96,9;96,9;1;1;3;1;0;0;-6174,48792355556;-2,09254592657089;
96,95;96,95;1;1;3;1;0;0;-6173,35737248217;-2,08578079938889;
97;97;1;1;3;1;0;0;-6172,23889134905;-2,08064332604408;
97,05;97,05;1;1;3;1;0;0;-6171,20489979794;-2,07588136196136;
97,1;97,1;1;1;3;1;0;0;-6170,42348292317;-2,07091435790062;
97,15;97,15;1;1;3;1;0;0;-6169,58618669522;-2,06722304224968;
97,2;97,2;1;1;3;1;0;0;-6168,58214647741;-2,06204071640968;
97,25;97,25;1;1;3;1;0;0;-6167,5781062596;-2,05770805478096;
97,3;97,3;1;1;3;1;0;0;-6166,57361900696;-2,05451279878616;
97,35;97,35;1;1;3;1;0;0;-6165,56957878914;-2,04793065786362;
97,4;97,4;1;1;3;1;0;0;-6164,64555780507;-2,04548925161362;
97,45;97,45;1;1;3;1;0;0;-6164,0648595669;-2,03928142786026;
97,5;97,5;1;1;3;1;0;0;-6162,66072318036;-2,03619241714478;
97,55;97,55;1;1;3;1;0;0;-6162,20832393708;-2,0320188999176;
97,6;97,6;1;1;3;1;0;0;-6161,19891930136;-2,02662095427513;
97,65;97,65;1;1;3;1;0;0;-6159,88150767095;-2,02127367258072;
97,7;97,7;1;1;3;1;0;0;-6159,05672841811;-2,01767086982727;
97,75;97,75;1;1;3;1;0;0;-6158,27575857817;-2,01279491186142;
97,8;97,8;1;1;3;1;0;0;-6157,48718914619;-2,00804486870766;
97,85;97,85;1;1;3;1;0;0;-6156,48314892837;-2,00387641787529;
97,9;97,9;1;1;3;1;0;0;-6155,47866167573;-1,99893087148666;
97,95;97,95;1;1;3;1;0;0;-6154,47462145792;-1,99419230222702;
98;98;1;1;3;1;0;0;-6153,47013420528;-1,98911041021347;
98,05;98,05;1;1;3;1;0;0;-6152,46609398747;-1,98613628745079;
98,1;98,1;1;1;3;1;0;0;-6151,46205376965;-1,9809590280056;
98,15;98,15;1;1;3;1;0;0;-6150,45756651701;-1,97650283575058;
98,2;98,2;1;1;3;1;0;0;-6149,65871528405;-1,97060495615005;
98,25;98,25;1;1;3;1;0;0;-6148,87774544411;-1,96696028113365;
98,3;98,3;1;1;3;1;0;0;-6148,09677560416;-1,96331202983856;
98,35;98,35;1;1;3;1;0;0;-6147,10569939628;-1,95715799927711;
98,4;98,4;1;1;3;1;0;0;-6145,98990047212;-1,9523024559021;
98,45;98,45;1;1;3;1;0;0;-6144,87410154796;-1,94871112704277;
98,5;98,5;1;1;3;1;0;0;-6144,09626095179;-1,94449841976166;
98,55;98,55;1;1;3;1;0;0;-6143,38592261425;-1,93887457251549;
98,6;98,6;1;1;3;1;0;0;-6142,16909381956;-1,9349317252636;
98,65;98,65;1;1;3;1;0;0;-6140,98579263676;-1,92906826734543;
98,7;98,7;1;1;3;1;0;0;-6139,98175241895;-1,92570105195045;
98,75;98,75;1;1;3;1;0;0;-6139,04789666872;-1,92062720656395;
98,8;98,8;1;1;3;1;0;0;-6138,25306874919;-1,91708713769913;
98,85;98,85;1;1;3;1;0;0;-6137,47209890924;-1,91224291920662;
98,9;98,9;1;1;3;1;0;0;-6136,07377397544;-1,90582618117332;
98,95;98,95;1;1;3;1;0;0;-6135,28788675241;-1,90242916345596;
99;99;1;1;3;1;0;0;-6134,84129896185;-1,89837381243706;
99,05;99,05;1;1;3;1;0;0;-6133,75545137099;-1,89333900809288;
99,1;99,1;1;1;3;1;0;0;-6132,52834077531;-1,88792407512665;
99,15;99,15;1;1;3;1;0;0;-6131,39466045814;-1,88445910811424;
99,2;99,2;1;1;3;1;0;0;-6130,83676099606;-1,87945514917374;
99,25;99,25;1;1;3;1;0;0;-6130,0097465691;-1,87560021877289;
99,3;99,3;1;1;3;1;0;0;-6129,00525931646;-1,87088996171951;
99,35;99,35;1;1;3;1;0;0;-6127,86979085998;-1,86436995863914;
99,4;99,4;1;1;3;1;0;0;-6126,73968682141;-1,85963109135628;
99,45;99,45;1;1;3;1;0;0;-6125,91803681235;-1,85487568378448;
99,5;99,5;1;1;3;1;0;0;-6124,69092621667;-1,85122460126877;
99,55;99,55;1;1;3;1;0;0;-6123,89654533196;-1,8462398648262;
99,6;99,6;1;1;3;1;0;0;-6122,956878129;-1,84139654040337;
99,65;99,65;1;1;3;1;0;0;-6121,84107920484;-1,83680564165115;
99,7;99,7;1;1;3;1;0;0;-6120,98813675801;-1,83206275105476;
99,75;99,75;1;1;3;1;0;0;-6120,20716691806;-1,82941228151321;
99,8;99,8;1;1;3;1;0;0;-6119,42619707812;-1,8247452378273;
99,85;99,85;1;1;3;1;0;0;-6118,61616997452;-1,81905999779701;
99,9;99,9;1;1;3;1;0;0;-6117,3971060057;-1,81453853845596;
99,95;99,95;1;1;3;1;0;0;-6116,29114184769;-1,81057378649712;
100;100;1;1;3;1;0;0;-6115,59197938079;-1,8064746260643;
100,05;100,05;1;1;3;1;0;0;-6114,71400298374;-1,80152669548988;
100,1;100,1;1;1;3;1;0;0;-6113,37468664688;-1,79608285427094;
100,15;100,15;1;1;3;1;0;0;-6112,03581734486;-1,78986966609955;
100,2;100,2;1;1;3;1;0;0;-6111,49535224097;-1,78606405854225;
100,25;100,25;1;1;3;1;0;0;-6111,04921148523;-1,78434386849403;
100,3;100,3;1;1;3;1;0;0;-6109,88468576511;-1,77814304828644;
100,35;100,35;1;1;3;1;0;0;-6108,67635063209;-1,77409321069717;
100,4;100,4;1;1;3;1;0;0;-6107,85559469269;-1,76833257079124;
100,45;100,45;1;1;3;1;0;0;-6107,05540235525;-1,76667079329491;
100,5;100,5;1;1;3;1;0;0;-6106,35758099282;-1,76122516393661;
100,55;100,55;1;1;3;1;0;0;-6105,13002336232;-1,75388216972351;
100,6;100,6;1;1;3;1;0;0;-6103,95521584121;-1,75098106265068;
100,65;100,65;1;1;3;1;0;0;-6103,28555767278;-1,74698084592819;
100,7;100,7;1;1;3;1;0;0;-6102,60248845959;-1,74245983362198;
100,75;100,75;1;1;3;1;0;0;-6101,19119951585;-1,73791095614433;
100,8;100,8;1;1;3;1;0;0;-6100,18134784531;-1,73317492008209;
100,85;100,85;1;1;3;1;0;0;-6099,39367248298;-1,7286105453968;
100,9;100,9;1;1;3;1;0;0;-6098,61225560821;-1,72415554523468;
100,95;100,95;1;1;3;1;0;0;-6097,60732132074;-1,71877324581146;
101;101;1;1;3;1;0;0;-6096,49152239658;-1,71445176005363;
101,05;101,05;1;1;3;1;0;0;-6095,55632554188;-1,70865148305893;
101,1;101,1;1;1;3;1;0;0;-6094,66404403041;-1,70542925596237;
101,15;101,15;1;1;3;1;0;0;-6093,77131548412;-1,70002549886703;
101,2;101,2;1;1;3;1;0;0;-6092,87858693783;-1,69649332761765;
101,25;101,25;1;1;3;1;0;0;-6091,98585839153;-1,6924424469471;
101,3;101,3;1;1;3;1;0;0;-6091,09312984524;-1,68743044137955;
101,35;101,35;1;1;3;1;0;0;-6090,20084833377;-1,683119982481;
101,4;101,4;1;1;3;1;0;0;-6089,08773161856;-1,6775731742382;
101,45;101,45;1;1;3;1;0;0;-6087,86017398806;-1,67296379804611;
101,5;101,5;1;1;3;1;0;0;-6086,78863151161;-1,66916027665138;
101,55;101,55;1;1;3;1;0;0;-6086,06845840792;-1,66467308998108;
101,6;101,6;1;1;3;1;0;0;-6085,39924727432;-1,66013106703758;
101,65;101,65;1;1;3;1;0;0;-6084,23472155419;-1,65634870529175;
101,7;101,7;1;1;3;1;0;0;-6083,22442284882;-1,65092065930367;
101,75;101,75;1;1;3;1;0;0;-6082,44300597405;-1,64649024605751;
101,8;101,8;1;1;3;1;0;0;-6081,56234736804;-1,64135456085205;
101,85;101,85;1;1;3;1;0;0;-6080,44654844388;-1,63677513599396;
101,9;101,9;1;1;3;1;0;0;-6079,33074951972;-1,63081705570221;
101,95;101,95;1;1;3;1;0;0;-6078,21495059556;-1,62581473588943;
102;102;1;1;3;1;0;0;-6077,0991516714;-1,62040069699287;
102,05;102,05;1;1;3;1;0;0;-6075,98335274724;-1,61574855446815;
102,1;102,1;1;1;3;1;0;0;-6074,86755382308;-1,61093696951866;
102,15;102,15;1;1;3;1;0;0;-6074,23768175411;-1,60652726888657;
102,2;102,2;1;1;3;1;0;0;-6073,50230946635;-1,60349562764168;
102,25;102,25;1;1;3;1;0;0;-6072,49782221372;-1,59848988056183;
102,3;102,3;1;1;3;1;0;0;-6071,4937819959;-1,59406393766403;
102,35;102,35;1;1;3;1;0;0;-6070,48929474326;-1,58981367945671;
102,4;102,4;1;1;3;1;0;0;-6069,48391342097;-1,58336520195007;
102,45;102,45;1;1;3;1;0;0;-6067,34708695563;-1,57480657100677;
102,5;102,5;1;1;3;1;0;0;-6067,00421124456;-1,57359048724175;
102,55;102,55;1;1;3;1;0;0;-6066,66938216035;-1,5714867413044;
102,6;102,6;1;1;3;1;0;0;-6065,45791778356;-1,56627207994461;
102,65;102,65;1;1;3;1;0;0;-6064,50260436171;-1,56194046139717;
102,7;102,7;1;1;3;1;0;0;-6063,91341246185;-1,56075939536095;
102,75;102,75;1;1;3;1;0;0;-6063,69034208399;-1,55774429440498;
102,8;102,8;1;1;3;1;0;0;-6062,99430886086;-1,55499458312988;
102,85;102,85;1;1;3;1;0;0;-6062,12795536927;-1,55146956443787;
102,9;102,9;1;1;3;1;0;0;-6061,68181461353;-1,54849916696548;
102,95;102,95;1;1;3;1;0;0;-6061,04076667393;-1,54478460550308;
103;103;1;1;3;1;0;0;-6059,76180003851;-1,53786927461624;
103,05;103,05;1;1;3;1;0;0;-6057,87352493608;-1,53059169650078;
103,1;103,1;1;1;3;1;0;0;-6056,40054518644;-1,52363181114197;
103,15;103,15;1;1;3;1;0;0;-6055,91461833125;-1,51825606822968;
103,2;103,2;1;1;3;1;0;0;-6054,691531049;-1,51396349072456;
103,25;103,25;1;1;3;1;0;0;-6053,67407978642;-1,51124745607376;
103,3;103,3;1;1;3;1;0;0;-6053,34819139871;-1,50837942957878;
103,35;103,35;1;1;3;1;0;0;-6052,15192620599;-1,50085017085075;
103,4;103,4;1;1;3;1;0;0;-6050,88905282427;-1,49822980165482;
103,45;103,45;1;1;3;1;0;0;-6050,10808298433;-1,49312928318977;
103,5;103,5;1;1;3;1;0;0;-6049,32666610955;-1,48835837841034;
103,55;103,55;1;1;3;1;0;0;-6048,54569626961;-1,48370966315269;
103,6;103,6;1;1;3;1;0;0;-6047,37401799227;-1,47827595472336;
103,65;103,65;1;1;3;1;0;0;-6046,14690739659;-1,47342473268509;
103,7;103,7;1;1;3;1;0;0;-6045,15449008424;-1,46964907646179;
103,75;103,75;1;1;3;1;0;0;-6044,48527895064;-1,46549955010414;
103,8;103,8;1;1;3;1;0;0;-6043,41016019559;-1,46077290177345;
103,85;103,85;1;1;3;1;0;0;-6042,13253466464;-1,45603254437447;
103,9;103,9;1;1;3;1;0;0;-6041,45751207831;-1,45170271396637;
103,95;103,95;1;1;3;1;0;0;-6040,76639623826;-1,44687175750732;
104;104;1;1;3;1;0;0;-6039,55493186147;-1,4421235024929;
104,05;104,05;1;1;3;1;0;0;-6038,41320491744;-1,43703699111938;
104,1;104,1;1;1;3;1;0;0;-6037,63178804267;-1,43257141113281;
104,15;104,15;1;1;3;1;0;0;-6036,82801942663;-1,42855241894722;
104,2;104,2;1;1;3;1;0;0;-6035,93529088033;-1,42366707324982;
104,25;104,25;1;1;3;1;0;0;-6035,04300936887;-1,41891345381737;
104,3;104,3;1;1;3;1;0;0;-6033,32013715183;-1,41383901238441;
104,35;104,35;1;1;3;1;0;0;-6032,50027528208;-1,4097660779953;
104,4;104,4;1;1;3;1;0;0;-6031,35184281566;-1,40318125486374;
104,45;104,45;1;1;3;1;0;0;-6030,5194639708;-1,39733582735062;
104,5;104,5;1;1;3;1;0;0;-6029,4452392854;-1,39346286654472;
104,55;104,55;1;1;3;1;0;0;-6028,43538761486;-1,38983011245728;
104,6;104,6;1;1;3;1;0;0;-6027,65441777491;-1,38404116034508;
104,65;104,65;1;1;3;1;0;0;-6026,38841514942;-1,37924879789352;
104,7;104,7;1;1;3;1;0;0;-6025,37632830475;-1,37638837099075;
104,75;104,75;1;1;3;1;0;0;-6024,87296709137;-1,37196198105812;
104,8;104,8;1;1;3;1;0;0;-6023,56494319229;-1,36667251586914;
104,85;104,85;1;1;3;1;0;0;-6022,52424611879;-1,36083155870438;
104,9;104,9;1;1;3;1;0;0;-6021,74282924402;-1,35597914457321;
104,95;104,95;1;1;3;1;0;0;-6020,96185940407;-1,35512471199036;
105;105;1;1;3;1;0;0;-6019,98374720613;-1,34721592068672;
105,05;105,05;1;1;3;1;0;0;-6018,55904721763;-1,34400516748428;
105,1;105,1;1;1;3;1;0;0;-6018,27115679009;-1,34194225072861;
105,15;105,15;1;1;3;1;0;0;-6017,32254889062;-1,33747905492783;
105,2;105,2;1;1;3;1;0;0;-6016,86120895082;-1,33488982915878;
105,25;105,25;1;1;3;1;0;0;-6016,3958456976;-1,3322040438652;
105,3;105,3;1;1;3;1;0;0;-6014,86475142065;-1,32698029279709;
105,35;105,35;1;1;3;1;0;0;-6014,23309121239;-1,32314592599869;
105,4;105,4;1;1;3;1;0;0;-6013,73688255621;-1,31926134228706;
105,45;105,45;1;1;3;1;0;0;-6012,45076336358;-1,31654232740402;
105,5;105,5;1;1;3;1;0;0;-6012,11101689629;-1,31408452987671;
105,55;105,55;1;1;3;1;0;0;-6011,70645037931;-1,31059020757675;
105,6;105,6;1;1;3;1;0;0;-6010,37473363449;-1,30429670214653;
105,65;105,65;1;1;3;1;0;0;-6008,86152075056;-1,29631742835045;
105,7;105,7;1;1;3;1;0;0;-6007,64916230412;-1,29235506057739;
105,75;105,75;1;1;3;1;0;0;-6006,75643375783;-1,28648027777672;
105,8;105,8;1;1;3;1;0;0;-6005,86415224636;-1,28116220235825;
105,85;105,85;1;1;3;1;0;0;-6004,97142370007;-1,27671584486961;
105,9;105,9;1;1;3;1;0;0;-6003,8748472734;-1,27245143055916;
105,95;105,95;1;1;3;1;0;0;-6002,75904834924;-1,26768887042999;
106;106;1;1;3;1;0;0;-6001,64324942508;-1,26279339194298;
106,05;106,05;1;1;3;1;0;0;-6000,52745050092;-1,25815346837044;
106,1;106,1;1;1;3;1;0;0;-5999,47200127819;-1,25452548265457;
106,15;106,15;1;1;3;1;0;0;-5998,89487931861;-1,24908693134785;
106,2;106,2;1;1;3;1;0;0;-5997,8081376581;-1,2438115477562;
106,25;106,25;1;1;3;1;0;0;-5996,65031746036;-1,23884819447994;
106,3;106,3;1;1;3;1;0;0;-5995,86890058559;-1,23540714383125;
106,35;106,35;1;1;3;1;0;0;-5995,08793074564;-1,23084187507629;
106,4;106,4;1;1;3;1;0;0;-5994,27432736344;-1,22627258300781;
106,45;106,45;1;1;3;1;0;0;-5993,05436932496;-1,22251071035862;
106,5;106,5;1;1;3;1;0;0;-5991,89297284862;-1,21688812971115;
106,55;106,55;1;1;3;1;0;0;-5991,05210034207;-1,21314153075218;
106,6;106,6;1;1;3;1;0;0;-5989,99620408451;-1,20680145919323;
106,65;106,65;1;1;3;1;0;0;-5988,91840312051;-1,20280466973782;
106,7;106,7;1;1;3;1;0;0;-5988,2491919869;-1,19952417910099;
106,75;106,75;1;1;3;1;0;0;-5987,19866014725;-1,19191363453865;
106,8;106,8;1;1;3;1;0;0;-5985,74803213888;-1,18651166558266;
106,85;106,85;1;1;3;1;0;0;-5984,48068840891;-1,18275783956051;
106,9;106,9;1;1;3;1;0;0;-5983,74576315598;-1,17856174707413;
106,95;106,95;1;1;3;1;0;0;-5982,95585261953;-1,17396801710129;
107;107;1;1;3;1;0;0;-5982,02423204342;-1,17008320987225;
107,05;107,05;1;1;3;1;0;0;-5981,14625564637;-1,16425782442093;
107,1;107,1;1;1;3;1;0;0;-5980,14221542856;-1,16126403212547;
107,15;107,15;1;1;3;1;0;0;-5979,22624107134;-1,15758307278156;
107,2;107,2;1;1;3;1;0;0;-5978,23024748039;-1,14998526871204;
107,25;107,25;1;1;3;1;0;0;-5976,75771476557;-1,14674180746078;
107,3;107,3;1;1;3;1;0;0;-5976,09207991057;-1,14384539425373;
107,35;107,35;1;1;3;1;0;0;-5975,53418044849;-1,14222601056099;
107,4;107,4;1;1;3;1;0;0;-5975,17744665783;-1,14019401371479;
107,45;107,45;1;1;3;1;0;0;-5974,84261757362;-1,13654494285583;
107,5;107,5;1;1;3;1;0;0;-5973,91859658955;-1,13221883773804;
107,55;107,55;1;1;3;1;0;0;-5972,86895881955;-1,12904228270054;
107,6;107,6;1;1;3;1;0;0;-5972,15504420341;-1,12548381090164;
107,65;107,65;1;1;3;1;0;0;-5970,78175321983;-1,11853949725628;
107,7;107,7;1;1;3;1;0;0;-5969,58593506192;-1,11209206283092;
107,75;107,75;1;1;3;1;0;0;-5968,58144780928;-1,10755398869514;
107,8;107,8;1;1;3;1;0;0;-5967,57740759147;-1,10239043831825;
107,85;107,85;1;1;3;1;0;0;-5966,57336737366;-1,09806410968304;
107,9;107,9;1;1;3;1;0;0;-5965,56888012102;-1,09354697167873;
107,95;107,95;1;1;3;1;0;0;-5964,43698794314;-1,08616605401039;
108;108;1;1;3;1;0;0;-5963,10214195454;-1,08318798243999;
108,05;108,05;1;1;3;1;0;0;-5962,87907157668;-1,0816715657711;
108,1;108,1;1;1;3;1;0;0;-5962,21790706993;-1,07564844191074;
108,15;108,15;1;1;3;1;0;0;-5960,87903776791;-1,07066735625267;
108,2;108,2;1;1;3;1;0;0;-5959,59738892353;-1,06688126921654;
108,25;108,25;1;1;3;1;0;0;-5958,81463094428;-1,06210477650166;
108,3;108,3;1;1;3;1;0;0;-5958,03097889538;-1,0572449862957;
108,35;108,35;1;1;3;1;0;0;-5957,02962088652;-1,05375938117504;
108,4;108,4;1;1;3;1;0;0;-5956,02513363388;-1,04827433824539;
108,45;108,45;1;1;3;1;0;0;-5954,82573919737;-1,04329310357571;
108,5;108,5;1;1;3;1;0;0;-5953,88517792476;-1,03955559432507;
108,55;108,55;1;1;3;1;0;0;-5953,1971913285;-1,03552587330341;
108,6;108,6;1;1;3;1;0;0;-5952,51054583671;-1,03102691471577;
108,65;108,65;1;1;3;1;0;0;-5951,40681685283;-1,02670378983021;
108,7;108,7;1;1;3;1;0;0;-5950,29101792867;-1,02114848792553;
108,75;108,75;1;1;3;1;0;0;-5949,17521900451;-1,0174897313118;
108,8;108,8;1;1;3;1;0;0;-5948,27578493584;-1,01285189390182;
108,85;108,85;1;1;3;1;0;0;-5947,49481509589;-1,00767254829407;
108,9;108,9;1;1;3;1;0;0;-5946,06251551536;-1,00335411727428;
108,95;108,95;1;1;3;1;0;0;-5945,27528718786;-0,997345820069313;
109;109;1;1;3;1;0;0;-5944,36870056198;-0,991934239864349;
109,05;109,05;1;1;3;1;0;0;-5943,08749875242;-0,988857746124268;
109,1;109,1;1;1;3;1;0;0;-5942,51887045453;-0,984125733375549;
109,15;109,15;1;1;3;1;0;0;-5941,3753553712;-0,980222672224045;
109,2;109,2;1;1;3;1;0;0;-5940,37176218821;-0,974681079387665;
109,25;109,25;1;1;3;1;0;0;-5938,94080371216;-0,96807524561882;
109,3;109,3;1;1;3;1;0;0;-5938,28500362332;-0,967182591557503;
109,35;109,35;1;1;3;1;0;0;-5937,44189594264;-0,959724709391594;
109,4;109,4;1;1;3;1;0;0;-5936,10302664062;-0,953585281968117;
109,45;109,45;1;1;3;1;0;0;-5935,20403960677;-0,952626168727875;
109,5;109,5;1;1;3;1;0;0;-5934,68994955757;-0,947887748479843;
109,55;109,55;1;1;3;1;0;0;-5933,82672530976;-0,946013629436493;
109,6;109,6;1;1;3;1;0;0;-5932,92192682318;-0,940722972154617;
109,65;109,65;1;1;3;1;0;0;-5931,90805183921;-0,938204675912857;
109,7;109,7;1;1;3;1;0;0;-5931,56875240674;-0,937643647193909;
109,75;109,75;1;1;3;1;0;0;-5931,1471985664;-0,931772515177727;
109,8;109,8;1;1;3;1;0;0;-5930,02067080643;-0,93044139444828;
109,85;109,85;1;1;3;1;0;0;-5929,27769892664;-0,922712385654449;
109,9;109,9;1;1;3;1;0;0;-5927,77074453027;-0,918265208601952;
109,95;109,95;1;1;3;1;0;0;-5926,87801598398;-0,913169905543327;
110;110;1;1;3;1;0;0;-5925,98528743768;-0,90849481523037;
110,05;110,05;1;1;3;1;0;0;-5925,07914784663;-0,902406796813011;
110,1;110,1;1;1;3;1;0;0;-5923,8511431813;-0,897566229104996;
110,15;110,15;1;1;3;1;0;0;-5922,49975690416;-0,89447982609272;
110,2;110,2;1;1;3;1;0;0;-5921,92084680529;-0,888239070773125;
110,25;110,25;1;1;3;1;0;0;-5920,90741885614;-0,88658794760704;
110,3;110,3;1;1;3;1;0;0;-5920,3942228766;-0,880930423736572;
110,35;110,35;1;1;3;1;0;0;-5918,8586582514;-0,87513878941536;
110,4;110,4;1;1;3;1;0;0;-5917,96190639168;-0,870952233672142;
110,45;110,45;1;1;3;1;0;0;-5917,24530956659;-0,866604596376419;
110,5;110,5;1;1;3;1;0;0;-5915,84474945866;-0,863009169697762;
110,55;110,55;1;1;3;1;0;0;-5915,0776376983;-0,858496576547623;
110,6;110,6;1;1;3;1;0;0;-5914,30784372899;-0,853196159005165;
110,65;110,65;1;1;3;1;0;0;-5912,96897442696;-0,848933309316635;
110,7;110,7;1;1;3;1;0;0;-5912,04629454737;-0,845197960734367;
110,75;110,75;1;1;3;1;0;0;-5911,26532470742;-0,840007588267326;
110,8;110,8;1;1;3;1;0;0;-5910,48435486747;-0,836312919855118;
110,85;110,85;1;1;3;1;0;0;-5909,59207335601;-0,831730514764786;
110,9;110,9;1;1;3;1;0;0;-5908,69934480971;-0,827977657318115;
110,95;110,95;1;1;3;1;0;0;-5907,80706329824;-0,823115482926369;
111;111;1;1;3;1;0;0;-5906,6756181552;-0,818767175078392;
111,05;111,05;1;1;3;1;0;0;-5905,44806052469;-0,813573002815247;
111,1;111,1;1;1;3;1;0;0;-5904,53387430678;-0,810230150818825;
111,15;111,15;1;1;3;1;0;0;-5903,75290446683;-0,805352553725243;
111,2;111,2;1;1;3;1;0;0;-5902,91069085581;-0,800506845116615;
111,25;111,25;1;1;3;1;0;0;-5901,68358026013;-0,795665457844734;
111,3;111,3;1;1;3;1;0;0;-5900,45602262962;-0,790641978383064;
111,35;111,35;1;1;3;1;0;0;-5899,46807566552;-0,785699486732483;
111,4;111,4;1;1;3;1;0;0;-5898,57534711923;-0,780487284064293;
111,45;111,45;1;1;3;1;0;0;-5897,59321160786;-0,77510878443718;
111,5;111,5;1;1;3;1;0;0;-5896,4774126837;-0,770620703697205;
111,55;111,55;1;1;3;1;0;0;-5895,43626857538;-0,767584145069122;
111,6;111,6;1;1;3;1;0;0;-5894,65529873543;-0,76350636780262;
111,65;111,65;1;1;3;1;0;0;-5893,87432889548;-0,758596509695053;
111,7;111,7;1;1;3;1;0;0;-5892,81753856827;-0,754283592104912;
111,75;111,75;1;1;3;1;0;0;-5891,70173964411;-0,75020544230938;
111,8;111,8;1;1;3;1;0;0;-5890,58594071995;-0,745046213269234;
111,85;111,85;1;1;3;1;0;0;-5889,59844079068;-0,74121817946434;
111,9;111,9;1;1;3;1;0;0;-5888,79467217464;-0,737821534276009;
111,95;111,95;1;1;3;1;0;0;-5888,2287260857;-0,736544132232666;
112;112;1;1;3;1;0;0;-5887,9998442551;-0,735153928399086;
112,05;112,05;1;1;3;1;0;0;-5886,79776760964;-0,728322342038155;
112,1;112,1;1;1;3;1;0;0;-5885,73069548145;-0,723650977015495;
112,15;112,15;1;1;3;1;0;0;-5885,06461359163;-0,722785443067551;
112,2;112,2;1;1;3;1;0;0;-5884,61847283589;-0,719888061285019;
112,25;112,25;1;1;3;1;0;0;-5883,75480155325;-0,713950917124748;
112,3;112,3;1;1;3;1;0;0;-5882,13787658983;-0,708009973168373;
112,35;112,35;1;1;3;1;0;0;-5881,06856928751;-0,703243240714073;
112,4;112,4;1;1;3;1;0;0;-5880,12800801491;-0,698316842317581;
112,45;112,45;1;1;3;1;0;0;-5879,23527946861;-0,693009942770004;
112,5;112,5;1;1;3;1;0;0;-5878,34255092232;-0,688823983073235;
112,55;112,55;1;1;3;1;0;0;-5877,45026941085;-0,68355605006218;
112,6;112,6;1;1;3;1;0;0;-5876,41806599904;-0,678895115852356;
112,65;112,65;1;1;3;1;0;0;-5875,30226707488;-0,675142407417297;
112,7;112,7;1;1;3;1;0;0;-5874,18646815072;-0,670643597841263;
112,75;112,75;1;1;3;1;0;0;-5873,26736454973;-0,664723291993141;
112,8;112,8;1;1;3;1;0;0;-5872,37865931686;-0,662281885743141;
112,85;112,85;1;1;3;1;0;0;-5871,59768947692;-0,657588765025139;
112,9;112,9;1;1;3;1;0;0;-5870,81671963697;-0,653543174266815;
112,95;112,95;1;1;3;1;0;0;-5869,72729576751;-0,649081245064735;
113;113;1;1;3;1;0;0;-5868,50018517183;-0,643867328763008;
113,05;113,05;1;1;3;1;0;0;-5867,33476538205;-0,639817789196968;
113,1;113,1;1;1;3;1;0;0;-5866,87029619847;-0,634842589497566;
113,15;113,15;1;1;3;1;0;0;-5865,67805431917;-0,630975216627121;
113,2;113,2;1;1;3;1;0;0;-5864,61768771336;-0,627837330102921;
113,25;113,25;1;1;3;1;0;0;-5863,83671787341;-0,621496252715588;
113,3;113,3;1;1;3;1;0;0;-5863,05530099864;-0,617728792130947;
113,35;113,35;1;1;3;1;0;0;-5862,16212541752;-0,613877959549427;
113,4;113,4;1;1;3;1;0;0;-5861,15763816488;-0,609182342886925;
113,45;113,45;1;1;3;1;0;0;-5860,15359794707;-0,604127906262875;
113,5;113,5;1;1;3;1;0;0;-5859,14911069443;-0,59975229203701;
113,55;113,55;1;1;3;1;0;0;-5857,96759765094;-0,59330876916647;
113,6;113,6;1;1;3;1;0;0;-5856,88711447798;-0,59110801666975;
113,65;113,65;1;1;3;1;0;0;-5856,22952624984;-0,585685819387436;
113,7;113,7;1;1;3;1;0;0;-5854,89065694782;-0,580768138170242;
113,75;113,75;1;1;3;1;0;0;-5853,98183514781;-0,577926002442837;
113,8;113,8;1;1;3;1;0;0;-5853,13917450196;-0,573169067502022;
113,85;113,85;1;1;3;1;0;0;-5852,44895273157;-0,571646653115749;
113,9;113,9;1;1;3;1;0;0;-5850,66304860415;-0,562933683395386;
113,95;113,95;1;1;3;1;0;0;-5849,99204933125;-0,559456087648869;
114;114;1;1;3;1;0;0;-5849,52936828698;-0,557454377412796;
114,05;114,05;1;1;3;1;0;0;-5849,08322753125;-0,554684847593308;
114,1;114,1;1;1;3;1;0;0;-5848,33667937285;-0,551024377346039;
114,15;114,15;1;1;3;1;0;0;-5846,95444769276;-0,544791147112846;
114,2;114,2;1;1;3;1;0;0;-5845,81227371391;-0,541265420615673;
114,25;114,25;1;1;3;1;0;0;-5845,03130387396;-0,535723641514778;
114,3;114,3;1;1;3;1;0;0;-5844,05408574567;-0,532751232385635;
114,35;114,35;1;1;3;1;0;0;-5842,96779111998;-0,527438446879387;
114,4;114,4;1;1;3;1;0;0;-5842,07506257369;-0,522980950772762;
114,45;114,45;1;1;3;1;0;0;-5841,13360723143;-0,518840029835701;
114,5;114,5;1;1;3;1;0;0;-5840,12956701362;-0,513538494706154;
114,55;114,55;1;1;3;1;0;0;-5839,12507976098;-0,509396344423294;
114,6;114,6;1;1;3;1;0;0;-5838,12103954316;-0,506324544548988;
114,65;114,65;1;1;3;1;0;0;-5837,15455025068;-0,501076206564903;
114,7;114,7;1;1;3;1;0;0;-5836,26226873922;-0,496831685304642;
114,75;114,75;1;1;3;1;0;0;-5835,36954019292;-0,492414422333241;
114,8;114,8;1;1;3;1;0;0;-5834,47681164663;-0,488553307950497;
114,85;114,85;1;1;3;1;0;0;-5833,44773747859;-0,483909919857979;
114,9;114,9;1;1;3;1;0;0;-5832,40972261405;-0,480199381709099;
114,95;114,95;1;1;3;1;0;0;-5831,74051148045;-0,475718900561333;
115;115;1;1;3;1;0;0;-5830,82811340184;-0,471036992967129;
115,05;115,05;1;1;3;1;0;0;-5829,60100280616;-0,467004179954529;
115,1;115,1;1;1;3;1;0;0;-5828,51560225012;-0,463383570313454;
115,15;115,15;1;1;3;1;0;0;-5827,84639111652;-0,457784682512283;
115,2;115,2;1;1;3;1;0;0;-5826,99568384382;-0,454525128006935;
115,25;115,25;1;1;3;1;0;0;-5825,991643626;-0,449473895132542;
115,3;115,3;1;1;3;1;0;0;-5824,98715637336;-0,445515289902687;
115,35;115,35;1;1;3;1;0;0;-5823,98311615555;-0,440922304987907;
115,4;115,4;1;1;3;1;0;0;-5822,97862890291;-0,438073016703129;
115,45;115,45;1;1;3;1;0;0;-5822,01079850595;-0,432446897029877;
115,5;115,5;1;1;3;1;0;0;-5821,11806995966;-0,427991934120655;
115,55;115,55;1;1;3;1;0;0;-5820,22534141337;-0,424843616783619;
115,6;115,6;1;1;3;1;0;0;-5819,33261286707;-0,41860144585371;
115,65;115,65;1;1;3;1;0;0;-5817,99731984365;-0,415549352765083;
115,7;115,7;1;1;3;1;0;0;-5817,42958561541;-0,410993285477161;
115,75;115,75;1;1;3;1;0;0;-5816,18325252224;-0,405741408467293;
115,8;115,8;1;1;3;1;0;0;-5814,9127795485;-0,401268601417542;
115,85;115,85;1;1;3;1;0;0;-5814,09202360909;-0,396709367632866;
115,9;115,9;1;1;3;1;0;0;-5813,31105376914;-0,393387675285339;
115,95;115,95;1;1;3;1;0;0;-5812,52069619786;-0,388555750250816;
116;116;1;1;3;1;0;0;-5811,51620894522;-0,384588912129402;
116,05;116,05;1;1;3;1;0;0;-5810,51216872741;-0,380843542516232;
116,1;116,1;1;1;3;1;0;0;-5809,5081285096;-0,377393886446953;
116,15;116,15;1;1;3;1;0;0;-5808,50364125696;-0,370648950338364;
116,2;116,2;1;1;3;1;0;0;-5807,43925133772;-0,36865808069706;
116,25;116,25;1;1;3;1;0;0;-5807,18980590515;-0,365544557571411;
116,3;116,3;1;1;3;1;0;0;-5806,20990556791;-0,359685309231281;
116,35;116,35;1;1;3;1;0;0;-5804,58627508211;-0,35571601241827;
116,4;116,4;1;1;3;1;0;0;-5804,02479934143;-0,351458191871643;
116,45;116,45;1;1;3;1;0;0;-5803,23801804875;-0,347923189401627;
116,5;116,5;1;1;3;1;0;0;-5802,23397783094;-0,343030691146851;
116,55;116,55;1;1;3;1;0;0;-5801,22367912557;-0,337557829916477;
116,6;116,6;1;1;3;1;0;0;-5800,10788020141;-0,334905870258808;
116,65;116,65;1;1;3;1;0;0;-5799,38189564498;-0,329935289919376;
116,7;116,7;1;1;3;1;0;0;-5798,28755439244;-0,326404795050621;
116,75;116,75;1;1;3;1;0;0;-5797,05999676194;-0,321518965065479;
116,8;116,8;1;1;3;1;0;0;-5796,33088296173;-0,316530987620354;
116,85;116,85;1;1;3;1;0;0;-5795,63127346001;-0,313355103135109;
116,9;116,9;1;1;3;1;0;0;-5794,62723324219;-0,30939444899559;
116,95;116,95;1;1;3;1;0;0;-5793,62319302438;-0,304483827203512;
117;117;1;1;3;1;0;0;-5792,61870577174;-0,299841817468405;
117,05;117,05;1;1;3;1;0;0;-5791,61466555393;-0,296697858721018;
117,1;117,1;1;1;3;1;0;0;-5790,80776769411;-0,292466674000025;
117,15;117,15;1;1;3;1;0;0;-5790,02679785416;-0,287735927850008;
117,2;117,2;1;1;3;1;0;0;-5788,92619811406;-0,283482652157545;
117,25;117,25;1;1;3;1;0;0;-5787,69864048356;-0,278907772153616;
117,3;117,3;1;1;3;1;0;0;-5786,70532910155;-0,275403130799532;
117,35;117,35;1;1;3;1;0;0;-5785,99633186849;-0,270773563534021;
117,4;117,4;1;1;3;1;0;0;-5785,00078531236;-0,266273766756058;
117,45;117,45;1;1;3;1;0;0;-5783,99450992042;-0,262424945831299;
117,5;117,5;1;1;3;1;0;0;-5783,23812699587;-0,258518569171429;
117,55;117,55;1;1;3;1;0;0;-5782,12232807171;-0,25427496060729;
117,6;117,6;1;1;3;1;0;0;-5781,1272285504;-0,250541195273399;
117,65;117,65;1;1;3;1;0;0;-5780,31675441198;-0,245202872902155;
117,7;117,7;1;1;3;1;0;0;-5779,42402586569;-0,240767262876034;
117,75;117,75;1;1;3;1;0;0;-5778,5312973194;-0,237436685711145;
117,8;117,8;1;1;3;1;0;0;-5777,59610046469;-0,231655742973089;
117,85;117,85;1;1;3;1;0;0;-5776,41861073463;-0,230365451425314;
117,9;117,9;1;1;3;1;0;0;-5775,65775746182;-0,223241373896599;
117,95;117,95;1;1;3;1;0;0;-5774,19640061764;-0,219742581248283;
118;118;1;1;3;1;0;0;-5773,41498374287;-0,214112568646669;
118,05;118,05;1;1;3;1;0;0;-5772,54103065924;-0,210257321596146;
118,1;118,1;1;1;3;1;0;0;-5771,53699044143;-0,205986704677343;
118,15;118,15;1;1;3;1;0;0;-5770,53295022361;-0,202028844505548;
118,2;118,2;1;1;3;1;0;0;-5769,52846297097;-0,198381561785936;
118,25;118,25;1;1;3;1;0;0;-5768,52442275316;-0,192335937172174;
118,3;118,3;1;1;3;1;0;0;-5766,85653581965;-0,186391416937113;
118,35;118,35;1;1;3;1;0;0;-5766,43319384001;-0,183094143867493;
118,4;118,4;1;1;3;1;0;0;-5766,05410830808;-0,18071174621582;
118,45;118,45;1;1;3;1;0;0;-5765,168532319;-0,178625229746103;
118,5;118,5;1;1;3;1;0;0;-5764,32006022042;-0,17649544402957;
118,55;118,55;1;1;3;1;0;0;-5763,63743804205;-0,171609856188297;
118,6;118,6;1;1;3;1;0;0;-5762,41032744638;-0,166873782873154;
118,65;118,65;1;1;3;1;0;0;-5761,18276981587;-0,162422731518745;
118,7;118,7;1;1;3;1;0;0;-5760,2006343045;-0,156785231083632;
118,75;118,75;1;1;3;1;0;0;-5759,41966446455;-0,153972348198295;
118,8;118,8;1;1;3;1;0;0;-5758,63824758978;-0,14800145290792;
118,85;118,85;1;1;3;1;0;0;-5757,66728794904;-0,145192509517074;
118,9;118,9;1;1;3;1;0;0;-5756,66324773123;-0,141395479440689;
118,95;118,95;1;1;3;1;0;0;-5755,65876047859;-0,136280693113804;
119;119;1;1;3;1;0;0;-5754,65472026078;-0,132171409204602;
119,05;119,05;1;1;3;1;0;0;-5753,65023300814;-0,127496244385839;
119,1;119,1;1;1;3;1;0;0;-5752,64619279032;-0,124065708369017;
119,15;119,15;1;1;3;1;0;0;-5751,64215257251;-0,119357127696276;
119,2;119,2;1;1;3;1;0;0;-5750,63766531987;-0,115309981629252;
119,25;119,25;1;1;3;1;0;0;-5749,63362510206;-0,111714713275433;
119,3;119,3;1;1;3;1;0;0;-5748,83164462532;-0,106424186378717;
119,35;119,35;1;1;3;1;0;0;-5748,05022775054;-0,102949449792504;
119,4;119,4;1;1;3;1;0;0;-5747,24914134345;-0,098338145762682;
119,45;119,45;1;1;3;1;0;0;-5746,35685983199;-0,0954584311693907;
119,5;119,5;1;1;3;1;0;0;-5745,46413128569;-0,0901717878878117;
119,55;119,55;1;1;3;1;0;0;-5744,19499941643;-0,0859817862510681;
119,6;119,6;1;1;3;1;0;0;-5743,02421520874;-0,0826746039092541;
119,65;119,65;1;1;3;1;0;0;-5742,35500407514;-0,0774962268769741;
119,7;119,7;1;1;3;1;0;0;-5741,29374339968;-0,0737887807190418;
119,75;119,75;1;1;3;1;0;0;-5740,10463076416;-0,0694375624880195;
119,8;119,8;1;1;3;1;0;0;-5739,25928790936;-0,0654874928295612;
119,85;119,85;1;1;3;1;0;0;-5738,47831806941;-0,0619738595560193;
119,9;119,9;1;1;3;1;0;0;-5737,69734822946;-0,0570958759635687;
119,95;119,95;1;1;3;1;0;0;-5736,7013546385;-0,052781505510211;
120;120;1;1;3;1;0;0;-5735,58555571435;-0,0501206470653415;
120,05;120,05;1;1;3;1;0;0;-5734,84437197386;-0,0442135194316506;
120,1;120,1;1;1;3;1;0;0;-5733,71784421389;-0,0399431865662336;
120,15;120,15;1;1;3;1;0;0;-5732,49028658338;-0,0359988631680608;
120,2;120,2;1;1;3;1;0;0;-5731,63868524102;-0,0321476301178336;
120,25;120,25;1;1;3;1;0;0;-5730,91359475425;-0,0272359745576978;
120,3;120,3;1;1;3;1;0;0;-5729,58679539251;-0,022554942406714;
120,35;120,35;1;1;3;1;0;0;-5728,52151140362;-0,0185934919863939;
120,4;120,4;1;1;3;1;0;0;-5727,74009452885;-0,0131233921274543;
120,45;120,45;1;1;3;1;0;0;-5726,35920395323;-0,0101090595126152;
120,5;120,5;1;1;3;1;0;0;-5725,89831104826;-0,00537190586328506;
120,55;120,55;1;1;3;1;0;0;-5724,82274525838;-0,00031360425055027;
120,6;120,6;1;1;3;1;0;0;-5723,59518762788;0,00278436578810215;
120,65;120,65;1;1;3;1;0;0;-5722,66669629555;0,00697667710483074;
120,7;120,7;1;1;3;1;0;0;-5722,05247044548;0,00881946180015802;
120,75;120,75;1;1;3;1;0;0;-5721,05334761074;0,0150785548612475;
120,8;120,8;1;1;3;1;0;0;-5720,02472047753;0,0181675842031837;
120,85;120,85;1;1;3;1;0;0;-5719,34299236882;0,022642551921308;
120,9;120,9;1;1;3;1;0;0;-5717,84810791273;0,0272623402997851;
120,95;120,95;1;1;3;1;0;0;-5717,10915934637;0,0300889974460006;
121;121;1;1;3;1;0;0;-5716,43950117795;0,0336187658831477;
121,05;121,05;1;1;3;1;0;0;-5715,69116488025;0,0368906697258353;
121,1;121,1;1;1;3;1;0;0;-5714,93835823431;0,0394178368151188;
121,15;121,15;1;1;3;1;0;0;-5714,32860273248;0,0411190744489431;
121,2;121,2;1;1;3;1;0;0;-5713,64329834517;0,0437835464254022;
121,25;121,25;1;1;3;1;0;0;-5712,29906462523;0,051748976111412;
121,3;121,3;1;1;3;1;0;0;-5711,03663827835;0,0549516174942255;
121,35;121,35;1;1;3;1;0;0;-5710,33613470697;0,0593853741884232;
121,4;121,4;1;1;3;1;0;0;-5708,82515699717;0,0649686763063073;
121,45;121,45;1;1;3;1;0;0;-5708,11258348551;0,068679740652442;
121,5;121,5;1;1;3;1;0;0;-5707,54261408314;0,0722920009866357;
121,55;121,55;1;1;3;1;0;0;-5706,28823436311;0,0780732743442059;
121,6;121,6;1;1;3;1;0;0;-5705,18942276232;0,0810712203383446;
121,65;121,65;1;1;3;1;0;0;-5704,44823902183;0,085097337141633;
121,7;121,7;1;1;3;1;0;0;-5703,28863068478;0,0920967292040586;
121,75;121,75;1;1;3;1;0;0;-5702,12812827808;0,0939019024372101;
121,8;121,8;1;1;3;1;0;0;-5701,570228816;0,0970530137419701;
121,85;121,85;1;1;3;1;0;0;-5700,57155301609;0,101996893063188;
121,9;121,9;1;1;3;1;0;0;-5699,28811603242;0,106251779943705;
121,95;121,95;1;1;3;1;0;0;-5698,50491101834;0,110041359439492;
122;122;1;1;3;1;0;0;-5697,68996653167;0,114013208076358;
122,05;122,05;1;1;3;1;0;0;-5696,7976850202;0,11868747882545;
122,1;122,1;1;1;3;1;0;0;-5695,90495647391;0,121906185522676;
122,15;122,15;1;1;3;1;0;0;-5694,86962381831;0,126598160713911;
122,2;122,2;1;1;3;1;0;0;-5693,63044328235;0,130561916157603;
122,25;122,25;1;1;3;1;0;0;-5692,96078511392;0,133462082594633;
122,3;122,3;1;1;3;1;0;0;-5691,83425735395;0,137356193736196;
122,35;122,35;1;1;3;1;0;0;-5690,80160690731;0,141762169077992;
122,4;122,4;1;1;3;1;0;0;-5690,01348451016;0,147174932062626;
122,45;122,45;1;1;3;1;0;0;-5689,07471137685;0,150584261864424;
122,5;122,5;1;1;3;1;0;0;-5687,95891245269;0,15495995990932;
122,55;122,55;1;1;3;1;0;0;-5686,84311352853;0,15986792743206;
122,6;122,6;1;1;3;1;0;0;-5685,72731460437;0,165477246046066;
122,65;122,65;1;1;3;1;0;0;-5684,61151568021;0,169988702982664;
122,7;122,7;1;1;3;1;0;0;-5683,49616379088;0,172907765954733;
122,75;122,75;1;1;3;1;0;0;-5682,69597145344;0,17693642526865;
122,8;122,8;1;1;3;1;0;0;-5681,91500161349;0,181427411735058;
122,85;122,85;1;1;3;1;0;0;-5681,09156346513;0,185351949185133;
122,9;122,9;1;1;3;1;0;0;-5679,86624100876;0,190981850028038;
122,95;122,95;1;1;3;1;0;0;-5678,63913041307;0,193709041923285;
123;123;1;1;3;1;0;0;-5677,82284482192;0,196385458111763;
123,05;123,05;1;1;3;1;0;0;-5676,8362389623;0,201830957084894;
123,1;123,1;1;1;3;1;0;0;-5676,01324784877;0,205433033406734;
123,15;123,15;1;1;3;1;0;0;-5675,2671467252;0,210426189005375;
123,2;123,2;1;1;3;1;0;0;-5673,9023494033;0,213371887803078;
123,25;123,25;1;1;3;1;0;0;-5673,22777385179;0,21719466894865;
123,3;123,3;1;1;3;1;0;0;-5672,37885471839;0,22201880812645;
123,35;123,35;1;1;3;1;0;0;-5671,15174412271;0,224581882357597;
123,4;123,4;1;1;3;1;0;0;-5670,28315545699;0,228167045861483;
123,45;123,45;1;1;3;1;0;0;-5669,40562609476;0,233265683054924;
123,5;123,5;1;1;3;1;0;0;-5668,40113884212;0,236576553434134;
123,55;123,55;1;1;3;1;0;0;-5667,48561151973;0,240555666387081;
123,6;123,6;1;1;3;1;0;0;-5666,701512436;0,244592037051916;
123,65;123,65;1;1;3;1;0;0;-5665,60493600934;0,248506776988506;
123,7;123,7;1;1;3;1;0;0;-5664,48913708518;0,251754075288773;
123,75;123,75;1;1;3;1;0;0;-5663,59417336476;0,256821606308222;
123,8;123,8;1;1;3;1;0;0;-5662,78414626116;0,260766372084618;
123,85;123,85;1;1;3;1;0;0;-5661,55658863065;0,264289285987616;
123,9;123,9;1;1;3;1;0;0;-5660,7456674574;0,268572084605694;
123,95;123,95;1;1;3;1;0;0;-5660,07600928898;0,270342864096165;
124;124;1;1;3;1;0;0;-5659,33929589675;0,274700913578272;
124,05;124,05;1;1;3;1;0;0;-5658,44656735045;0,277527291327715;
124,1;124,1;1;1;3;1;0;0;-5657,55383880416;0,28053242713213;
124,15;124,15;1;1;3;1;0;0;-5656,84528860592;0,282103177160025;
124,2;124,2;1;1;3;1;0;0;-5656,51045952171;0,283951126039028;
124,25;124,25;1;1;3;1;0;0;-5655,53368842825;0,289813056588173;
124,3;124,3;1;1;3;1;0;0;-5653,3315948784;0,297603253275156;
124,35;124,35;1;1;3;1;0;0;-5652,28642745665;0,300940647721291;
124,4;124,4;1;1;3;1;0;0;-5651,64180323845;0,30391113832593;
124,45;124,45;1;1;3;1;0;0;-5651,08390377637;0,306379124522209;
124,5;124,5;1;1;3;1;0;0;-5650,08656908093;0,311703290790319;
124,55;124,55;1;1;3;1;0;0;-5648,78659180872;0,315133817493916;
124,6;124,6;1;1;3;1;0;0;-5648,11827474477;0,320419110357761;
124,65;124,65;1;1;3;1;0;0;-5646,9635837908;0,32319899648428;
124,7;124,7;1;1;3;1;0;0;-5646,40255508494;0,325320437550545;
124,75;124,75;1;1;3;1;0;0;-5645,82051574229;0,328281819820404;
124,8;124,8;1;1;3;1;0;0;-5644,65196670873;0,332117304205894;
124,85;124,85;1;1;3;1;0;0;-5643,90050116726;0,332835279405117;
124,9;124,9;1;1;3;1;0;0;-5643,56611911787;0,333877094089985;
124,95;124,95;1;1;3;1;0;0;-5642,53302163641;0,338933169841766;
125;125;1;1;3;1;0;0;-5641,55133315987;0,344214402139187;
125,05;125,05;1;1;3;1;0;0;-5640,77036331992;0,346142537891865;
125,1;125,1;1;1;3;1;0;0;-5639,65948177884;0,352491028606892;
125,15;125,15;1;1;3;1;0;0;-5638,58972744169;0,354183986783028;
125,2;125,2;1;1;3;1;0;0;-5637,83289748232;0,360951498150826;
125,25;125,25;1;1;3;1;0;0;-5636,23027763331;0,366131141781807;
125,3;125,3;1;1;3;1;0;0;-5635,13280713699;0,371830984950066;
125,35;125,35;1;1;3;1;0;0;-5633,68217912862;0,376764871180058;
125,4;125,4;1;1;3;1;0;0;-5632,23155112025;0,384256094694138;
125,45;125,45;1;1;3;1;0;0;-5631,53015347922;0,384653098881245;
125,5;125,5;1;1;3;1;0;0;-5631,195324395;0,387374646961689;
125,55;125,55;1;1;3;1;0;0;-5629,9342391526;0,393991768360138;
125,6;125,6;1;1;3;1;0;0;-5628,34771255731;0,397123396396637;
125,65;125,65;1;1;3;1;0;0;-5627,78042536389;0,401194244623184;
125,7;125,7;1;1;3;1;0;0;-5627,2046445088;0,403693243861198;
125,75;125,75;1;1;3;1;0;0;-5625,71914778404;0,409116148948669;
125,8;125,8;1;1;3;1;0;0;-5624,56982124798;0,412252768874168;
125,85;125,85;1;1;3;1;0;0;-5623,78885140803;0,415722765028477;
125,9;125,9;1;1;3;1;0;0;-5622,76380055343;0,42021919041872;
125,95;125,95;1;1;3;1;0;0;-5622,09369535018;0,422260910272598;
126;126;1;1;3;1;0;0;-5621,01321217722;0,428218729794025;
126,05;126,05;1;1;3;1;0;0;-5619,68820095478;0,430352836847305;
126,1;126,1;1;1;3;1;0;0;-5618,98009779137;0,433756150305271;
126,15;126,15;1;1;3;1;0;0;-5618,31043962294;0,437049008905888;
126,2;126,2;1;1;3;1;0;0;-5617,63228779284;0,439922139048576;
126,25;126,25;1;1;3;1;0;0;-5616,63852937601;0,443717464804649;
126,3;126,3;1;1;3;1;0;0;-5615,63448915819;0,446037910878658;
126,35;126,35;1;1;3;1;0;0;-5614,63044894038;0,4489890858531;
126,4;126,4;1;1;3;1;0;0;-5613,7202860359;0,453537628054619;
126,45;126,45;1;1;3;1;0;0;-5613,23659435483;0,452413372695446;
126,5;126,5;1;1;3;1;0;0;-5613,12483564848;0,451845116913319;
126,55;126,55;1;1;3;1;0;0;-5613,01307694214;0,450259521603584;
126,6;126,6;1;1;3;1;0;0;-5612,95228020588;0,44848196208477;
126,65;126,65;1;1;3;1;0;0;-5613,11410681267;0,447014346718788;
126,7;126,7;1;1;4;1;0;0;-5613,33717719054;0,445486158132553;
126,7;126,7;1;1;4;1;0;0;-5613,33717719054;0,445486158132553;
126,75;126,75;1;1;4;1;0;0;-5613,56024756841;0,44411513954401;
126,8;126,8;1;1;4;1;0;0;-5613,55175390673;0,442811287939548;
126,85;126,85;1;1;4;1;0;0;-5613,44044223521;0,441437810659409;
126,9;126,9;1;1;4;1;0;0;-5613,32868352886;0,440156646072865;
126,95;126,95;1;1;4;1;0;0;-5613,21737185734;0,439024232327938;
127;127;1;1;4;1;0;0;-5613,18607941956;0,437713898718357;
127,05;127,05;1;1;4;1;0;0;-5613,29739109108;0,436801835894585;
127,1;127,1;1;1;4;1;0;0;-5613,40914979743;0,435679405927658;
127,15;127,15;1;1;4;1;0;0;-5613,45921769787;0,434585735201836;
127,2;127,2;1;1;4;1;0;0;-5613,34745899152;0,433605462312698;
127,25;127,25;1;1;4;1;0;0;-5613,23614732;0,432429537177086;
127,3;127,3;1;1;4;1;0;0;-5613,12438861366;0,431372746825218;
127,35;127,35;1;1;4;1;0;0;-5613,22273627524;0,430333577096462;
127,4;127,4;1;1;4;1;0;0;-5613,33404794676;0,428956747055054;
127,45;127,45;1;1;4;1;0;0;-5613,44580665311;0,427742972970009;
127,5;127,5;1;1;4;1;0;0;-5613,55711832463;0,426412969827652;
127,55;127,55;1;1;4;1;0;0;-5613,62730279222;0,425611734390259;
127,6;127,6;1;1;4;1;0;0;-5613,62730279222;0,424609445035458;
127,65;127,65;1;1;4;1;0;0;-5613,62730279222;0,423561595380306;
127,7;127,7;1;1;4;1;0;0;-5613,62730279222;0,422498248517513;
127,75;127,75;1;1;4;1;0;0;-5613,62730279222;0,421696975827217;
127,8;127,8;1;1;4;1;0;0;-5613,62730279222;0,420664735138416;
127,85;127,85;1;1;4;1;0;0;-5613,62730279222;0,4198082908988;
127,9;127,9;1;1;4;1;0;0;-5613,62730279222;0,418853722512722;
127,95;127,95;1;1;4;1;0;0;-5613,62730279222;0,417961813509464;
128;128;1;1;4;1;0;0;-5613,62730279222;0,417192131280899;
128,05;128,05;1;1;4;1;0;0;-5613,62730279222;0,416095517575741;
128,1;128,1;1;1;4;1;0;0;-5613,62730279222;0,415196903049946;
128,15;128,15;1;1;4;1;0;0;-5613,62730279222;0,414298474788666;
128,2;128,2;1;1;4;1;0;0;-5613,62730279222;0,413002818822861;
128,25;128,25;1;1;4;1;0;0;-5613,62730279222;0,411842428147793;
128,3;128,3;1;1;4;1;0;0;-5613,62730279222;0,410764738917351;
128,35;128,35;1;1;4;1;0;0;-5613,62730279222;0,410060472786427;
128,4;128,4;1;1;4;1;0;0;-5613,62730279222;0,409226529300213;
128,45;128,45;1;1;4;1;0;0;-5613,62730279222;0,408406034111977;
128,5;128,5;1;1;4;1;0;0;-5613,62730279222;0,407458618283272;
128,55;128,55;1;1;4;1;0;0;-5613,62730279222;0,406447947025299;
128,6;128,6;1;1;4;1;0;0;-5613,62730279222;0,405689142644405;
128,65;128,65;1;1;4;1;0;0;-5613,62730279222;0,404710881412029;
128,7;128,7;1;1;4;1;0;0;-5613,62730279222;0,403834655880928;
128,75;128,75;1;1;4;1;0;0;-5613,62730279222;0,402630493044853;
128,8;128,8;1;1;4;1;0;0;-5613,62730279222;0,401045456528664;
128,85;128,85;1;1;4;1;0;0;-5613,62730279222;0,400163196027279;
128,9;128,9;1;1;4;1;0;0;-5613,62730279222;0,399122424423695;
128,95;128,95;1;1;4;1;0;0;-5613,62730279222;0,398005843162537;
129;129;1;1;4;1;0;0;-5613,82623328951;0,396782159805298;
129,05;129,05;1;1;4;1;0;0;-5614,04930366738;0,395686775445938;
129,1;129,1;1;1;4;1;0;0;-5614,26432741839;0,394733063876629;
129,15;129,15;1;1;4;1;0;0;-5614,16016830407;0,393624678254128;
129,2;129,2;1;1;4;1;0;0;-5614,04885663255;0,392444506287575;
129,25;129,25;1;1;4;1;0;0;-5614,02516378681;0,390881076455116;
129,3;129,3;1;1;4;1;0;0;-5614,13647545833;0,38940604776144;
129,35;129,35;1;1;4;1;0;0;-5614,24823416467;0,388763509690762;
129,4;129,4;1;1;4;1;0;0;-5614,35999287102;0,388339050114155;
129,45;129,45;1;1;4;1;0;0;-5614,47130454254;0,38755651563406;
129,5;129,5;1;1;4;1;0;0;-5614,58306324889;0,386961475014687;
129,55;129,55;1;1;4;1;0;0;-5614,69437492041;0,386228524148464;
129,6;129,6;1;1;4;1;0;0;-5614,73684322882;0,385373346507549;
129,65;129,65;1;1;4;1;0;0;-5614,73684322882;0,384531132876873;
129,7;129,7;1;1;4;1;0;0;-5614,73684322882;0,383731760084629;
129,75;129,75;1;1;4;1;0;0;-5614,73684322882;0,383019000291824;
129,8;129,8;1;1;4;1;0;0;-5614,73684322882;0,38194827735424;
129,85;129,85;1;1;4;1;0;0;-5614,73684322882;0,381301194429398;
129,9;129,9;1;1;4;1;0;0;-5614,73684322882;0,380507372319698;
129,95;129,95;1;1;4;1;0;0;-5614,73684322882;0,379761531949043;
130;130;1;1;4;1;0;0;-5614,73684322882;0,378912650048733;
130,05;130,05;1;1;4;1;0;0;-5614,73684322882;0,378324948251247;
130,1;130,1;1;1;4;1;0;0;-5614,73684322882;0,377448052167892;
130,15;130,15;1;1;4;1;0;0;-5614,73684322882;0,376614928245544;
130,2;130,2;1;1;4;1;0;0;-5614,73684322882;0,375959202647209;
130,25;130,25;1;1;4;1;0;0;-5614,73684322882;0,375159941613674;
130,3;130,3;1;1;4;1;0;0;-5614,73684322882;0,374257899820805;
130,35;130,35;1;1;4;1;0;0;-5614,73684322882;0,373445190489292;
130,4;130,4;1;1;4;1;0;0;-5614,73684322882;0,372324287891388;
130,45;130,45;1;1;4;1;0;0;-5614,73684322882;0,371654443442822;
130,5;130,5;1;1;4;1;0;0;-5614,73684322882;0,370897874236107;
130,55;130,55;1;1;4;1;0;0;-5614,73684322882;0,370073541998863;
130,6;130,6;1;1;4;1;0;0;-5614,73684322882;0,369288139045238;
130,65;130,65;1;1;4;1;0;0;-5614,73684322882;0,368774011731148;
130,7;130,7;1;1;4;1;0;0;-5614,73684322882;0,367905981838703;
130,75;130,75;1;1;4;1;0;0;-5614,73684322882;0,367188043892384;
130,8;130,8;1;1;4;1;0;0;-5614,73684322882;0,366534069180489;
130,85;130,85;1;1;4;1;0;0;-5614,66352951746;0,366174541413784;
130,9;130,9;1;1;4;1;0;0;-5614,55221784594;0,365282893180847;
130,95;130,95;1;1;4;1;0;0;-5614,44045913959;0,364693365991116;
131;131;1;1;4;1;0;0;-5614,32914746807;0,363895110785961;
131,05;131,05;1;1;4;1;0;0;-5614,23616422439;0,363337732851505;
131,1;131,1;1;1;4;1;0;0;-5614,34792293074;0,362760685384274;
131,15;131,15;1;1;4;1;0;0;-5614,45923460226;0,361811183393002;
131,2;131,2;1;1;4;1;0;0;-5614,49097407486;0,361181385815144;
131,25;131,25;1;1;4;1;0;0;-5614,37966240334;0,36061342805624;
131,3;131,3;1;1;4;1;0;0;-5614,26790369699;0,359859168529511;
131,35;131,35;1;1;4;1;0;0;-5614,15838016477;0,359211042523384;
131,4;131,4;1;1;4;1;0;0;-5614,26119817461;0,35846158862114;
131,45;131,45;1;1;4;1;0;0;-5614,37295688096;0,357626937329769;
131,5;131,5;1;1;4;1;0;0;-5614,48426855248;0,357017740607262;
131,55;131,55;1;1;4;1;0;0;-5614,41721332867;0,356320068240166;
131,6;131,6;1;1;4;1;0;0;-5614,30590165715;0,355681739747524;
131,65;131,65;1;1;4;1;0;0;-5614,45521128883;0,355015620589256;
131,7;131,7;1;1;4;1;0;0;-5614,66531765676;0,35451777279377;
131,75;131,75;1;1;4;1;0;0;-5614,55400598524;0,353871248662472;
131,8;131,8;1;1;4;1;0;0;-5614,44224727889;0,353207997977734;
131,85;131,85;1;1;4;1;0;0;-5614,33093560737;0,352569334208965;
131,9;131,9;1;1;4;1;0;0;-5614,21917690102;0,351951792836189;
131,95;131,95;1;1;4;1;0;0;-5614,10741819468;0,351377315819263;
132;132;1;1;4;1;0;0;-5614,07523168725;0,350694172084332;
132,05;132,05;1;1;4;1;0;0;-5614,07523168725;0,349633693695068;
132,1;132,1;1;1;4;1;0;0;-5614,07523168725;0,348941124975681;
132,15;132,15;1;1;4;1;0;0;-5614,24242271194;0,348267666995525;
132,2;132,2;1;1;4;1;0;0;-5614,46549308981;0,347400829195976;
132,25;132,25;1;1;4;1;0;0;-5614,68856346768;0,346813872456551;
132,3;132,3;1;1;4;1;0;0;-5614,42704809483;0,346103087067604;
132,35;132,35;1;1;4;1;0;0;-5614,15167464239;0,345333144068718;
132,4;132,4;1;1;4;1;0;0;-5614,48024523905;0,344579443335533;
132,45;132,45;1;1;4;1;0;0;-5614,65816509955;0,344025790691376;
132,5;132,5;1;1;4;1;0;0;-5614,54640639321;0,343106985092163;
132,55;132,55;1;1;4;1;0;0;-5614,43464768686;0,342391394078732;
132,6;132,6;1;1;4;1;0;0;-5614,32333601534;0,341702178120613;
132,65;132,65;1;1;4;1;0;0;-5614,27416218455;0,340839996933937;
132,7;132,7;1;1;4;1;0;0;-5614,38547385607;0,340019464492798;
132,75;132,75;1;1;4;1;0;0;-5614,49723256241;0,339394100010395;
132,8;132,8;1;1;4;1;0;0;-5614,60899126876;0,338493064045906;
132,85;132,85;1;1;4;1;0;0;-5614,72030294028;0,337703712284565;
132,9;132,9;1;1;4;1;0;0;-5614,65280068165;0,337190292775631;
132,95;132,95;1;1;4;1;0;0;-5614,5410419753;0,336498282849789;
133;133;1;1;4;1;0;0;-5614,42928326896;0,335854850709438;
133,05;133,05;1;1;4;1;0;0;-5614,31797159743;0,33526785671711;
133,1;133,1;1;1;4;1;0;0;-5614,20621289109;0,334501899778843;
133,15;133,15;1;1;4;1;0;0;-5614,15033353791;0,333964750170708;
133,2;133,2;1;1;4;1;0;0;-5614,26209224426;0,33339262008667;
133,25;133,25;1;1;4;1;0;0;-5614,37385095061;0,332819223403931;
133,3;133,3;1;1;4;1;0;0;-5614,48516262213;0,332075506448746;
133,35;133,35;1;1;4;1;0;0;-5614,5428301146;0,331553816795349;
133,4;133,4;1;1;4;1;0;0;-5614,43107140826;0,330902636051178;
133,45;133,45;1;1;4;1;0;0;-5614,31975973674;0,330300256609917;
133,5;133,5;1;1;4;1;0;0;-5614,28533805518;0,329660847783089;
133,55;133,55;1;1;4;1;0;0;-5614,3966497267;0,328884869813919;
133,6;133,6;1;1;4;1;0;0;-5614,50840843305;0,328424461185932;
133,65;133,65;1;1;4;1;0;0;-5614,49767959724;0,327853225171566;
133,7;133,7;1;1;4;1;0;0;-5614,38592089089;0,327066816389561;
133,75;133,75;1;1;4;1;0;0;-5614,27460921937;0,326501876115799;
133,8;133,8;1;1;4;1;0;0;-5614,16285051303;0,326035246253014;
133,85;133,85;1;1;4;1;0;0;-5614,22990573683;0,325473807752132;
133,9;133,9;1;1;4;1;0;0;-5614,34166444318;0,324725061655045;
133,95;133,95;1;1;4;1;0;0;-5614,4529761147;0,324361808598042;
134;134;1;1;4;1;0;0;-5614,46683419429;0,323645547032356;
134,05;134,05;1;1;4;1;0;0;-5614,46683419429;0,323019251227379;
134,1;134,1;1;1;4;1;0;0;-5614,46683419429;0,322427675127983;
134,15;134,15;1;1;4;1;0;0;-5614,46683419429;0,321830734610558;
134,2;134,2;1;1;4;1;0;0;-5614,46683419429;0,321462787687778;
134,25;134,25;1;1;4;1;0;0;-5614,46683419429;0,320722758769989;
134,3;134,3;1;1;4;1;0;0;-5614,45923460226;0,320290364325047;
134,35;134,35;1;1;4;1;0;0;-5614,34792293074;0,319580771028996;
134,4;134,4;1;1;4;1;0;0;-5614,23616422439;0,318940579891205;
134,45;134,45;1;1;4;1;0;0;-5614,18296708017;0,318310149013996;
134,5;134,5;1;1;4;1;0;0;-5614,29472578651;0,317772328853607;
134,55;134,55;1;1;4;1;0;0;-5614,40603745804;0,317075103521347;
134,6;134,6;1;1;4;1;0;0;-5614,51779616438;0,316624529659748;
134,65;134,65;1;1;4;1;0;0;-5614,62955487073;0,316045396029949;
134,7;134,7;1;1;4;1;0;0;-5614,64788329857;0,31532134860754;
134,75;134,75;1;1;4;1;0;0;-5614,64788329857;0,315025337040424;
134,8;134,8;1;1;4;1;0;0;-5614,64788329857;0,314517579972744;
134,85;134,85;1;1;4;1;0;0;-5614,64788329857;0,314054526388645;
134,9;134,9;1;1;4;1;0;0;-5614,64788329857;0,313495621085167;
134,95;134,95;1;1;4;1;0;0;-5614,64788329857;0,313200764358044;
135;135;1;1;4;1;0;0;-5614,57367551755;0,312683135271072;
135,05;135,05;1;1;4;1;0;0;-5614,46191681121;0,312336590141058;
135,1;135,1;1;1;4;1;0;0;-5614,35060513969;0,3118060156703;
135,15;135,15;1;1;4;1;0;0;-5614,23884643334;0,311397016048431;
135,2;135,2;1;1;4;1;0;0;-5614,1588271996;0,310833640396595;
135,25;135,25;1;1;4;1;0;0;-5614,27058590594;0,310517344623804;
135,3;135,3;1;1;4;1;0;0;-5614,38234461229;0,310237426310778;
135,35;135,35;1;1;4;1;0;0;-5614,4757748908;0,309780389070511;
135,4;135,4;1;1;4;1;0;0;-5614,36446321927;0,309168379753828;
135,45;135,45;1;1;4;1;0;0;-5614,25270451293;0,308681260794401;
135,5;135,5;1;1;4;1;0;0;-5614,16732086128;0,308224186301231;
135,55;135,55;1;1;4;1;0;0;-5614,27907956763;0,307844560593367;
135,6;135,6;1;1;4;1;0;0;-5614,39039123915;0,307366978377104;
135,65;135,65;1;1;4;1;0;0;-5614,4476116968;0,306899584829807;
135,7;135,7;1;1;4;1;0;0;-5614,33630002528;0,306494385004044;
135,75;135,75;1;1;4;1;0;0;-5614,22454131893;0,305951610207558;
135,8;135,8;1;1;4;1;0;0;-5614,11278261258;0,305463746190071;
135,85;135,85;1;1;4;1;0;0;-5614,00147094106;0,305166076868773;
135,9;135,9;1;1;4;1;0;0;-5614,06226767731;0,304590053856373;
135,95;135,95;1;1;4;1;0;0;-5614,17357934884;0,304158050566912;
136;136;1;1;4;1;0;0;-5614,28533805518;0,303723961114883;
136,05;136,05;1;1;4;1;0;0;-5614,3966497267;0,303276516497135;
136,1;136,1;1;1;4;1;0;0;-5614,46102274156;0,302736908197403;
136,15;136,15;1;1;4;1;0;0;-5614,34971107004;0,302205737680197;
136,2;136,2;1;1;4;1;0;0;-5614,23795236369;0,301743745803833;
136,25;136,25;1;1;4;1;0;0;-5614,2522574781;0,301540177315474;
136,3;136,3;1;1;4;1;0;0;-5614,36401618445;0,301116239279509;
136,35;136,35;1;1;4;1;0;0;-5614,45744646296;0,300585124641657;
136,4;136,4;1;1;4;1;0;0;-5614,34613479143;0,300133116543293;
136,45;136,45;1;1;4;1;0;0;-5614,23437608509;0,299884136766195;
136,5;136,5;1;1;4;1;0;0;-5614,12261737874;0,299369096755981;
136,55;136,55;1;1;4;1;0;0;-5614,1378165628;0,299069695174694;
136,6;136,6;1;1;4;1;0;0;-5614,24957526915;0,298646483570337;
136,65;136,65;1;1;4;1;0;0;-5614,3613339755;0,298195965588093;
136,7;136,7;1;1;4;1;0;0;-5614,47264564702;0,29770739376545;
136,75;136,75;1;1;4;1;0;0;-5614,41140187594;0,297242756932974;
136,8;136,8;1;1;4;1;0;0;-5614,30009020442;0,296668186783791;
136,85;136,85;1;1;4;1;0;0;-5614,18833149807;0,296224504709244;
136,9;136,9;1;1;4;1;0;0;-5614,28980840344;0,295903794467449;
136,95;136,95;1;1;4;1;0;0;-5614,40112007496;0,295309461653233;
137;137;1;1;4;1;0;0;-5614,41050780629;0,294923894107342;
137,05;137,05;1;1;4;1;0;0;-5614,29919613477;0,294594895094633;
137,1;137,1;1;1;4;1;0;0;-5614,18743742842;0,29406039044261;
137,15;137,15;1;1;4;1;0;0;-5614,25449265223;0,293728820979595;
137,2;137,2;1;1;4;1;0;0;-5614,36625135858;0,293194893747568;
137,25;137,25;1;1;4;1;0;0;-5614,34658182626;0,292650144547224;
137,3;137,3;1;1;4;1;0;0;-5614,23482311991;0,292168911546469;
137,35;137,35;1;1;4;1;0;0;-5614,12619365734;0,291637424379587;
137,4;137,4;1;1;4;1;0;0;-5614,23392905026;0,291188340634108;
137,45;137,45;1;1;4;1;0;0;-5614,34568775661;0,290795844048262;
137,5;137,5;1;1;4;1;0;0;-5614,45699942813;0,290438514202833;
137,55;137,55;1;1;4;1;0;0;-5614,54193604495;0,290004964917898;
137,6;137,6;1;1;4;1;0;0;-5614,43017733861;0,289751160889864;
137,65;137,65;1;1;4;1;0;0;-5614,31886566708;0,289282668381929;
137,7;137,7;1;1;4;1;0;0;-5614,20710696074;0,28877129778266;
137,75;137,75;1;1;4;1;0;0;-5614,38636792572;0,288576222956181;
137,8;137,8;1;1;4;1;0;0;-5614,34345258248;0,288168750703335;
137,85;137,85;1;1;4;1;0;0;-5614,22320021445;0,287658609449863;
137,9;137,9;1;1;4;1;0;0;-5614,55802929867;0,287248231470585;
137,95;137,95;1;1;4;1;0;0;-5614,50974953752;0,286858323961496;
138;138;1;1;4;1;0;0;-5614,39799083118;0,28662171214819;
138,05;138,05;1;1;4;1;0;0;-5614,28667915966;0,286177415400743;
138,1;138,1;1;1;4;1;0;0;-5614,17492045331;0,285898167639971;
138,15;138,15;1;1;4;1;0;0;-5614,14899243344;0,285374987870455;
138,2;138,2;1;1;4;1;0;0;-5614,26075113979;0,284926071763039;
138,25;138,25;1;1;4;1;0;0;-5614,37250984613;0,284682530909777;
138,3;138,3;1;1;4;1;0;0;-5614,48382151765;0,284261256456375;
138,35;138,35;1;1;4;1;0;0;-5614,46325791568;0,283774603158236;
138,4;138,4;1;1;4;1;0;0;-5614,35194624416;0,283443685621023;
138,45;138,45;1;1;4;1;0;0;-5614,24018753782;0,283054988831282;
138,5;138,5;1;1;4;1;0;0;-5614,12842883147;0,282657966017723;
138,55;138,55;1;1;4;1;0;0;-5614,12127627427;0,282324887812138;
138,6;138,6;1;1;4;1;0;0;-5614,23303498061;0,281934924423695;
138,65;138,65;1;1;4;1;0;0;-5614,34479368696;0,281566493213177;
138,7;138,7;1;1;4;1;0;0;-5614,41184891077;0,281370412558317;
138,75;138,75;1;1;4;1;0;0;-5614,1887785329;0,280882641673088;
138,8;138,8;1;1;4;1;0;0;-5614,08149017481;0,280479434877634;
138,85;138,85;1;1;4;1;0;0;-5614,19280184633;0,280128568410873;
138,9;138,9;1;1;4;1;0;0;-5614,30456055267;0,279836803674698;
138,95;138,95;1;1;4;1;0;0;-5614,41587222419;0,279555954039097;
139;139;1;1;4;1;0;0;-5614,49499738829;0,279220528900623;
139,05;139,05;1;1;4;1;0;0;-5614,38323868194;0,278901718556881;
139,1;139,1;1;1;4;1;0;0;-5614,27192701042;0,278523061424494;
139,15;139,15;1;1;4;1;0;0;-5614,1624034782;0,278244186192751;
139,2;139,2;1;1;4;1;0;0;-5614,26522148804;0,277915447950363;
139,25;139,25;1;1;4;1;0;0;-5614,37698019439;0,277372356504202;
139,3;139,3;1;1;4;1;0;0;-5614,41631925902;0,277092643082142;
139,35;139,35;1;1;4;1;0;0;-5614,3050075875;0,276763699948788;
139,4;139,4;1;1;4;1;0;0;-5614,19324888115;0,27636144310236;
139,45;139,45;1;1;4;1;0;0;-5614,21738876172;0,275962557643652;
139,5;139,5;1;1;4;1;0;0;-5614,32914746807;0,275718495249748;
139,55;139,55;1;1;4;1;0;0;-5614,44045913959;0,275136027485132;
139,6;139,6;1;1;4;1;0;0;-5614,37474502026;0,274771116673946;
139,65;139,65;1;1;4;1;0;0;-5614,26298631391;0,274501647800207;
139,7;139,7;1;1;4;1;0;0;-5614,15122760757;0,274129640311003;
139,75;139,75;1;1;4;1;0;0;-5614,16553272198;0,273681543767452;
139,8;139,8;1;1;4;1;0;0;-5614,27729142832;0,273456517606974;
139,85;139,85;1;1;4;1;0;0;-5614,36088694067;0,273070223629475;
139,9;139,9;1;1;4;1;0;0;-5614,24912823433;0,272570718079805;
139,95;139,95;1;1;4;1;0;0;-5614,25359858258;0,272429622709751;
140;140;1;1;4;1;0;0;-5614,47666896045;0,272011943161488;
140,05;140,05;1;1;4;1;0;0;-5614,5656288907;0,271687489002943;
140,1;140,1;1;1;4;1;0;0;-5614,45387018435;0,271464921534061;
140,15;140,15;1;1;4;1;0;0;-5614,34255851283;0,270915105938911;
140,2;140,2;1;1;4;1;0;0;-5614,23079980648;0,270737744867802;
140,25;140,25;1;1;4;1;0;0;-5614,19950736871;0,270329881459475;
140,3;140,3;1;1;4;1;0;0;-5614,31126607505;0,269982665777206;
140,35;140,35;1;1;4;1;0;0;-5614,42257774657;0,269872527569532;
140,4;140,4;1;1;4;1;0;0;-5614,47264564702;0,269489642232656;
140,45;140,45;1;1;4;1;0;0;-5614,3613339755;0,269163344055414;
140,5;140,5;1;1;4;1;0;0;-5614,24957526915;0,268953666090965;
140,55;140,55;1;1;4;1;0;0;-5614,14809836379;0,268743075430393;
140,6;140,6;1;1;4;1;0;0;-5614,25985707013;0,268312431871891;
140,65;140,65;1;1;4;1;0;0;-5614,37161577648;0,267955809831619;
140,7;140,7;1;1;4;1;0;0;-5614,482927448;0,267800632864237;
140,75;140,75;1;1;4;1;0;0;-5614,51198471165;0,267365518957376;
140,8;140,8;1;1;4;1;0;0;-5614,4002260053;0,267068333923817;
140,85;140,85;1;1;4;1;0;0;-5614,28891433378;0,266814492642879;
140,9;140,9;1;1;4;1;0;0;-5614,17715562744;0,266624037176371;
140,95;140,95;1;1;4;1;0;0;-5614,19637812493;0,266194064170122;
141;141;1;1;4;1;0;0;-5614,30813683128;0,265895128250122;
141,05;141,05;1;1;4;1;0;0;-5614,4194485028;0,26579063385725;
141,1;141,1;1;1;4;1;0;0;-5614,39396751775;0,265398547053337;
141,15;141,15;1;1;4;1;0;0;-5614,28265584623;0,265037398785353;
141,2;141,2;1;1;4;1;0;0;-5614,17089713988;0,264526940882206;
141,25;141,25;1;1;4;1;0;0;-5614,15614499065;0,264282897114754;
141,3;141,3;1;1;4;1;0;0;-5614,26790369699;0,263790432363749;
141,35;141,35;1;1;4;1;0;0;-5614,37966240334;0,263657346367836;
141,4;141,4;1;1;4;1;0;0;-5614,47488082114;0,263210069388151;
141,45;141,45;1;1;4;1;0;0;-5614,36356914962;0,263066943734884;
141,5;141,5;1;1;4;1;0;0;-5614,25181044328;0,262760296463966;
141,55;141,55;1;1;4;1;0;0;-5614,29204357756;0,262498892843723;
141,6;141,6;1;1;4;1;0;0;-5614,40335524908;0,262239929288626;
141,65;141,65;1;1;4;1;0;0;-5614,42660106;0,261889360845089;
141,7;141,7;1;1;4;1;0;0;-5614,31528938848;0,261575672775507;
141,75;141,75;1;1;4;1;0;0;-5614,20353068214;0,261224079877138;
141,8;141,8;1;1;4;1;0;0;-5614,18475521947;0,260863695293665;
141,85;141,85;1;1;4;1;0;0;-5614,29651392582;0,260721724480391;
141,9;141,9;1;1;4;1;0;0;-5614,38547385607;0,260417442768812;
141,95;141,95;1;1;4;1;0;0;-5614,38547385607;0,260043498128653;
142;142;1;1;4;1;0;0;-5614,38547385607;0,259715728461742;
142,05;142,05;1;1;4;1;0;0;-5614,38547385607;0,259434767067432;
142,1;142,1;1;1;4;1;0;0;-5614,38547385607;0,259129926562309;
142,15;142,15;1;1;4;1;0;0;-5614,38547385607;0,258900504559278;
142,2;142,2;1;1;4;1;0;0;-5614,38547385607;0,258693750947714;
142,25;142,25;1;1;4;1;0;0;-5614,38547385607;0,258443932980299;
142,3;142,3;1;1;4;1;0;0;-5614,38547385607;0,258235577493906;
142,35;142,35;1;1;4;1;0;0;-5614,38547385607;0,258025545626879;
142,4;142,4;1;1;4;1;0;0;-5614,38547385607;0,25762302801013;
142,45;142,45;1;1;4;1;0;0;-5614,38547385607;0,257367342710495;
142,5;142,5;1;1;4;1;0;0;-5614,38547385607;0,257101152092218;
142,55;142,55;1;1;4;1;0;0;-5614,38547385607;0,256757456809282;
142,6;142,6;1;1;4;1;0;0;-5614,38547385607;0,256352741271257;
142,65;142,65;1;1;4;1;0;0;-5614,38547385607;0,255998820066452;
142,7;142,7;1;1;4;1;0;0;-5614,38547385607;0,255758296698332;
142,75;142,75;1;1;4;1;0;0;-5614,38547385607;0,255508255213499;
142,8;142,8;1;1;4;1;0;0;-5614,38547385607;0,255176592618227;
142,85;142,85;1;1;4;1;0;0;-5614,38547385607;0,254846382886171;
142,9;142,9;1;1;4;1;0;0;-5614,38547385607;0,254715457558632;
142,95;142,95;1;1;4;1;0;0;-5614,38547385607;0,254511497914791;
143;143;1;1;4;1;0;0;-5614,38547385607;0,254346244037151;
143,05;143,05;1;1;4;1;0;0;-5614,38547385607;0,253843814134598;
143,1;143,1;1;1;4;1;0;0;-5614,38547385607;0,253749638795853;
143,15;143,15;1;1;4;1;0;0;-5614,38547385607;0,253473538905382;
143,2;143,2;1;1;4;1;0;0;-5614,38547385607;0,25309732183814;
143,25;143,25;1;1;4;1;0;0;-5614,38547385607;0,252812542021275;
143,3;143,3;1;1;4;1;0;0;-5614,38547385607;0,252486113458872;
143,35;143,35;1;1;4;1;0;0;-5614,38547385607;0,252568200230598;
143,4;143,4;1;1;4;1;0;0;-5614,38547385607;0,252255257219076;
143,45;143,45;1;1;4;1;0;0;-5614,38547385607;0,251882411539555;
143,5;143,5;1;1;4;1;0;0;-5614,38547385607;0,251790322363377;
143,55;143,55;1;1;4;1;0;0;-5614,38547385607;0,251560900360346;
143,6;143,6;1;1;4;1;0;0;-5614,38547385607;0,251288916915655;
143,65;143,65;1;1;4;1;0;0;-5614,38547385607;0,250906255096197;
143,7;143,7;1;1;4;1;0;0;-5614,38547385607;0,250788535922766;
143,75;143,75;1;1;4;1;0;0;-5614,38547385607;0,250594392418861;
143,8;143,8;1;1;4;1;0;0;-5614,38547385607;0,250266008079052;
143,85;143,85;1;1;4;1;0;0;-5614,38547385607;0,25007676333189;
143,9;143,9;1;1;4;1;0;0;-5614,35731066207;0,2497423812747;
143,95;143,95;1;1;4;1;0;0;-5614,24555195572;0,249549094587564;
144;144;1;1;4;1;0;0;-5614,13379324938;0,249288622289896;
144,05;144,05;1;1;4;1;0;0;-5614,09758342852;0,249036494642496;
144,1;144,1;1;1;4;1;0;0;-5614,20889510004;0,248817261308432;
144,15;144,15;1;1;4;1;0;0;-5614,32065380639;0,248589068651199;
144,2;144,2;1;1;4;1;0;0;-5614,43196547791;0,248383916914463;
144,25;144,25;1;1;4;1;0;0;-5614,39888490083;0,248191636055708;
144,3;144,3;1;1;4;1;0;0;-5614,28757322931;0,247911531478167;
144,35;144,35;1;1;4;1;0;0;-5614,17581452296;0,247631631791592;
144,4;144,4;1;1;4;1;0;0;-5614,34792293074;0,24743078276515;
144,45;144,45;1;1;4;1;0;0;-5614,5709933086;0,247086621820927;
144,5;144,5;1;1;4;1;0;0;-5614,66621172641;0,24687172845006;
144,55;144,55;1;1;4;1;0;0;-5614,66621172641;0,246599148958921;
144,6;144,6;1;1;4;1;0;0;-5614,60675609463;0,246327258646488;
144,65;144,65;1;1;4;1;0;0;-5614,49499738829;0,246143657714128;
144,7;144,7;1;1;4;1;0;0;-5614,38323868194;0,245852582156658;
144,75;144,75;1;1;4;1;0;0;-5614,27192701042;0,24570070207119;
144,8;144,8;1;1;4;1;0;0;-5614,16016830407;0,245431400835514;
144,85;144,85;1;1;4;1;0;0;-5614,10294784643;0,245178937911987;
144,9;144,9;1;1;4;1;0;0;-5614,21425951795;0,244864579290152;
144,95;144,95;1;1;4;1;0;0;-5614,32601822429;0,244567915797234;
145;145;1;1;4;1;0;0;-5614,43732989581;0,244342423975468;
145,05;145,05;1;1;4;1;0;0;-5614,50706732857;0,24424385279417;
145,1;145,1;1;1;4;1;0;0;-5614,39530862223;0,2439727447927;
145,15;145,15;1;1;4;1;0;0;-5614,28399695071;0,243750028312206;
145,2;145,2;1;1;4;1;0;0;-5614,17223824436;0,24355910718441;
145,25;145,25;1;1;4;1;0;0;-5614,23303498061;0,2431520819664;
145,3;145,3;1;1;4;1;0;0;-5614,34479368696;0,242754183709621;
145,35;145,35;1;1;4;1;0;0;-5614,45610535848;0,242631137371063;
145,4;145,4;1;1;4;1;0;0;-5614,56786406482;0,242410823702812;
145,45;145,45;1;1;4;1;0;0;-5614,49097407486;0,242244936525822;
145,5;145,5;1;1;4;1;0;0;-5614,37966240334;0,241952240467072;
145,55;145,55;1;1;4;1;0;0;-5614,26790369699;0,241809878498316;
145,6;145,6;1;1;4;1;0;0;-5614,31260717953;0,241470336914063;
145,65;145,65;1;1;4;1;0;0;-5614,5356775574;0,241213254630566;
145,7;145,7;1;1;4;1;0;0;-5614,49589145794;0,241092853248119;
145,75;145,75;1;1;4;1;0;0;-5614,38413275159;0,240785088390112;
145,8;145,8;1;1;4;1;0;0;-5614,27282108007;0,240543838590384;
145,85;145,85;1;1;4;1;0;0;-5614,16106237372;0,240401774644852;
145,9;145,9;1;1;4;1;0;0;-5614,25315154775;0,240149982273579;
145,95;145,95;1;1;4;1;0;0;-5614,3649102541;0,240058023482561;
146;146;1;1;4;1;0;0;-5614,42749512965;0,239802580326796;
146,05;146,05;1;1;4;1;0;0;-5614,31618345813;0,239624716341496;
146,1;146,1;1;1;4;1;0;0;-5614,20710696074;0,239173341542482;
146,15;146,15;1;1;4;1;0;0;-5614,31573642331;0,239152368158102;
146,2;146,2;1;1;4;1;0;0;-5614,42704809483;0,239089597016573;
146,25;146,25;1;1;4;1;0;0;-5614,53880680118;0,238719619810581;
146,3;146,3;1;1;4;1;0;0;-5614,4493998361;0,238448102027178;
146,35;146,35;1;1;4;1;0;0;-5614,33808816458;0,238292254507542;
146,4;146,4;1;1;4;1;0;0;-5614,22632945823;0,238217711448669;
146,45;146,45;1;1;4;1;0;0;-5614,11457075188;0,23796359077096;
146,5;146,5;1;1;4;1;0;0;-5614,00325908036;0,237822737544775;
146,55;146,55;1;1;4;1;0;0;-5613,99431838386;0,237342696636915;
146,6;146,6;1;1;4;1;0;0;-5613,99431838386;0,237212516367435;
146,65;146,65;1;1;4;1;0;0;-5613,99431838386;0,237026400864124;
146,7;146,7;1;1;4;1;0;0;-5613,99431838386;0,236858185380697;
146,75;146,75;1;1;4;1;0;0;-5613,99431838386;0,236747115850449;
146,8;146,8;1;1;4;1;0;0;-5613,99431838386;0,236421097069979;
146,85;146,85;1;1;4;1;0;0;-5613,99431838386;0,236325990408659;
146,9;146,9;1;1;4;1;0;0;-5613,99431838386;0,236174967139959;
146,95;146,95;1;1;4;1;0;0;-5613,99431838386;0,235989447683096;
147;147;1;1;4;1;0;0;-5613,99431838386;0,235613100230694;
147,05;147,05;1;1;4;1;0;0;-5613,99431838386;0,235547833144665;
147,1;147,1;1;1;4;1;0;0;-5613,99431838386;0,235214289277792;
147,15;147,15;1;1;4;1;0;0;-5613,99431838386;0,235186740756035;
147,2;147,2;1;1;4;1;0;0;-5613,99431838386;0,23494765162468;
147,25;147,25;1;1;4;1;0;0;-5613,99431838386;0,234854370355606;
147,3;147,3;1;1;4;1;0;0;-5613,99431838386;0,234718024730682;
147,35;147,35;1;1;4;1;0;0;-5613,99431838386;0,234490353614092;
147,4;147,4;1;1;4;1;0;0;-5613,99431838386;0,234297607094049;
147,45;147,45;1;1;4;1;0;0;-5613,99431838386;0,234107431024313;
147,5;147,5;1;1;4;1;0;0;-5613,99431838386;0,233862176537514;
147,55;147,55;1;1;4;1;0;0;-5613,99431838386;0,233696084469557;
147,6;147,6;1;1;4;1;0;0;-5613,99431838386;0,233504790812731;
147,65;147,65;1;1;4;1;0;0;-5613,99431838386;0,233320593833923;
147,7;147,7;1;1;4;1;0;0;-5613,99431838386;0,233234744518995;
147,75;147,75;1;1;4;1;0;0;-5613,99431838386;0,233042500913143;
147,8;147,8;1;1;4;1;0;0;-5613,99431838386;0,232786126434803;
147,85;147,85;1;1;4;1;0;0;-5613,99431838386;0,232620425522327;
147,9;147,9;1;1;4;1;0;0;-5613,99431838386;0,232465621083975;
147,95;147,95;1;1;4;1;0;0;-5613,99431838386;0,232168659567833;
148;148;1;1;4;1;0;0;-5613,99431838386;0,232015699148178;
148,05;148,05;1;1;4;1;0;0;-5613,99431838386;0,231820736080408;
148,1;148,1;1;1;4;1;0;0;-5613,99431838386;0,231826789677143;
148,15;148,15;1;1;4;1;0;0;-5613,99431838386;0,231437627226114;
148,2;148,2;1;1;4;1;0;0;-5613,99431838386;0,231210272759199;
148,25;148,25;1;1;4;1;0;0;-5613,99431838386;0,231160577386618;
148,3;148,3;1;1;4;1;0;0;-5613,99431838386;0,231039095669985;
148,35;148,35;1;1;4;1;0;0;-5613,99431838386;0,230648387223482;
148,4;148,4;1;1;4;1;0;0;-5613,99431838386;0,230382550507784;
148,45;148,45;1;1;4;1;0;0;-5613,99431838386;0,230269860476255;
148,5;148,5;1;1;4;1;0;0;-5613,99431838386;0,22999981418252;
148,55;148,55;1;1;4;1;0;0;-5613,99431838386;0,229915715754032;
148,6;148,6;1;1;4;1;0;0;-5613,99431838386;0,229730717837811;
148,65;148,65;1;1;4;1;0;0;-5613,99431838386;0,229527503252029;
148,7;148,7;1;1;4;1;0;0;-5613,99431838386;0,229358598589897;
148,75;148,75;1;1;4;1;0;0;-5613,99431838386;0,229153856635094;
148,8;148,8;1;1;4;1;0;0;-5613,99431838386;0,228975806385279;
148,85;148,85;1;1;4;1;0;0;-5613,99431838386;0,228786822408438;
148,9;148,9;1;1;4;1;0;0;-5613,99431838386;0,228562150150537;
148,95;148,95;1;1;4;1;0;0;-5613,99431838386;0,22844111546874;
149;149;1;1;4;1;0;0;-5613,99431838386;0,228339415043592;
149,05;149,05;1;1;4;1;0;0;-5613,99431838386;0,227968413382769;
149,1;149,1;1;1;4;1;0;0;-5613,99431838386;0,228015221655369;
149,15;149,15;1;1;4;1;0;0;-5613,99431838386;0,227743834257126;
149,2;149,2;1;1;4;1;0;0;-5613,99431838386;0,227574668824673;
149,25;149,25;1;1;4;1;0;0;-5613,99431838386;0,227232724428177;
149,3;149,3;1;1;4;1;0;0;-5614,0461744236;0,227023772895336;
149,35;149,35;1;1;4;1;0;0;-5614,15748609512;0,226841773837805;
149,4;149,4;1;1;4;1;0;0;-5614,26924480147;0,22666122764349;
149,45;149,45;1;1;4;1;0;0;-5614,38100350781;0,226471740752459;
149,5;149,5;1;1;4;1;0;0;-5614,49231517933;0,2262176387012;
149,55;149,55;1;1;4;1;0;0;-5614,48605669178;0,226147882640362;
149,6;149,6;1;1;4;1;0;0;-5614,37474502026;0,226055290549994;
149,65;149,65;1;1;4;1;0;0;-5614,26298631391;0,22593691945076;
149,7;149,7;1;1;4;1;0;0;-5614,15122760757;0,22561913356185;
149,75;149,75;1;1;4;1;0;0;-5614,03991593605;0,225437339395285;
149,8;149,8;1;1;4;1;0;0;-5614,04662145843;0,225151479244232;
149,85;149,85;1;1;4;1;0;0;-5614,15793312995;0,224986262619495;
149,9;149,9;1;1;4;1;0;0;-5614,26969183629;0,224972609430552;
149,95;149,95;1;1;4;1;0;0;-5614,38145054264;0,224745403975248;
150;150;1;1;4;1;0;0;-5614,35105217451;0,22442415356636;
150,05;150,05;1;1;4;1;0;0;-5614,23929346817;0,224245749413967;
150,1;150,1;1;1;4;1;0;0;-5614,12753476182;0,224025007337332;
150,15;150,15;1;1;4;1;0;0;-5614,13692249315;0,223813597112894;
150,2;150,2;1;1;4;1;0;0;-5614,2486811995;0,22369833663106;
150,25;150,25;1;1;4;1;0;0;-5614,36043990585;0,223587844520807;
150,3;150,3;1;1;4;1;0;0;-5614,47175157737;0,223288014531136;
150,35;150,35;1;1;4;1;0;0;-5614,42347181623;0,223159994930029;
150,4;150,4;1;1;4;1;0;0;-5614,3121601447;0,222899001091719;
150,45;150,45;1;1;4;1;0;0;-5614,20040143836;0,222734212875366;
150,5;150,5;1;1;4;1;0;0;-5614,22454131893;0,222656968981028;
150,55;150,55;1;1;4;1;0;0;-5614,33630002528;0,222509540617466;
150,6;150,6;1;1;4;1;0;0;-5614,4476116968;0,222202837467194;
150,65;150,65;1;1;4;1;0;0;-5614,55937040314;0,222067814320326;
150,7;150,7;1;1;4;1;0;0;-5614,59826243295;0,22195415571332;
150,75;150,75;1;1;4;1;0;0;-5614,4865037266;0,221576187759638;
150,8;150,8;1;1;4;1;0;0;-5614,37519205508;0,221508573740721;
150,85;150,85;1;1;4;1;0;0;-5614,26343334874;0,221406631171703;
150,9;150,9;1;1;4;1;0;0;-5614,15167464239;0,221158415079117;
150,95;150,95;1;1;4;1;0;0;-5614,1025008116;0,220994278788567;
151;151;1;1;4;1;0;0;-5614,21381248312;0,220735799521208;
151,05;151,05;1;1;4;1;0;0;-5614,32557118947;0,220625381916761;
151,1;151,1;1;1;4;1;0;0;-5614,43688286099;0,220504906028509;
151,15;151,15;1;1;4;1;0;0;-5614,4476116968;0,220195092260838;
151,2;151,2;1;1;4;1;0;0;-5614,33630002528;0,220096446573734;
151,25;151,25;1;1;4;1;0;0;-5614,22454131893;0,219896752387285;
151,3;151,3;1;1;4;1;0;0;-5614,15212167722;0,219771806150675;
151,35;151,35;1;1;4;1;0;0;-5614,26388038356;0,219564698636532;
151,4;151,4;1;1;4;1;0;0;-5614,37563908991;0,219392590224743;
151,45;151,45;1;1;4;1;0;0;-5614,4775630301;0,219181254506111;
151,5;151,5;1;1;4;1;0;0;-5614,36625135858;0,21904468536377;
151,55;151,55;1;1;4;1;0;0;-5614,25449265223;0,218851137906313;
151,6;151,6;1;1;4;1;0;0;-5614,16553272198;0,218626298010349;
151,65;151,65;1;1;4;1;0;0;-5614,27729142832;0,218527484685183;
151,7;151,7;1;1;4;1;0;0;-5614,38860309984;0,218346416950226;
151,75;151,75;1;1;4;1;0;0;-5614,50036180619;0,218215454369783;
151,8;151,8;1;1;4;1;0;0;-5614,52092540816;0,217954739928246;
151,85;151,85;1;1;4;1;0;0;-5614,40916670181;0,217887423932552;
151,9;151,9;1;1;4;1;0;0;-5614,29785503029;0,217690449208021;
151,95;151,95;1;1;4;1;0;0;-5614,19101370703;0,217558611184359;
152;152;1;1;4;1;0;0;-5614,19101370703;0,217351336032152;
152,05;152,05;1;1;4;1;0;0;-5614,19101370703;0,217255204916;
152,1;152,1;1;1;4;1;0;0;-5614,19101370703;0,217116102576256;
152,15;152,15;1;1;4;1;0;0;-5614,19101370703;0,216844771057367;
152,2;152,2;1;1;4;1;0;0;-5614,19101370703;0,216716416180134;
152,25;152,25;1;1;4;1;0;0;-5614,19101370703;0,216491390019655;
152,3;152,3;1;1;4;1;0;0;-5614,19101370703;0,216298997402191;
152,35;152,35;1;1;4;1;0;0;-5614,19101370703;0,216157343238592;
152,4;152,4;1;1;4;1;0;0;-5614,19101370703;0,215926263481379;
152,45;152,45;1;1;4;1;0;0;-5614,19101370703;0,215743109583855;
152,5;152,5;1;1;4;1;0;0;-5614,19101370703;0,215487331151962;
152,55;152,55;1;1;4;1;0;0;-5614,19101370703;0,215339437127113;
152,6;152,6;1;1;4;1;0;0;-5614,19101370703;0,215278174728155;
152,65;152,65;1;1;4;1;0;0;-5614,19101370703;0,215145200490952;
152,7;152,7;1;1;4;1;0;0;-5614,19101370703;0,214908737689257;
152,75;152,75;1;1;4;1;0;0;-5614,19101370703;0,214675273746252;
152,8;152,8;1;1;4;1;0;0;-5614,19101370703;0,214492790400982;
152,85;152,85;1;1;4;1;0;0;-5614,19101370703;0,214505773037672;
152,9;152,9;1;1;4;1;0;0;-5614,19101370703;0,214232727885246;
152,95;152,95;1;1;4;1;0;0;-5614,19101370703;0,214008167386055;
153;153;1;1;4;1;0;0;-5614,19101370703;0,213941503316164;
153,05;153,05;1;1;4;1;0;0;-5614,19101370703;0,213852524757385;
153,1;153,1;1;1;4;1;0;0;-5614,19101370703;0,213819816708565;
153,15;153,15;1;1;4;1;0;0;-5614,19101370703;0,213359240442514;
153,2;153,2;1;1;4;1;0;0;-5614,19101370703;0,213124305009842;
153,25;153,25;1;1;4;1;0;0;-5614,19101370703;0,213107764720917;
153,3;153,3;1;1;4;1;0;0;-5614,26075113979;0,212922245264053;
153,35;153,35;1;1;4;1;0;0;-5614,37250984613;0,212634280323982;
153,4;153,4;1;1;4;1;0;0;-5614,38055647299;0,212529543787241;
153,45;153,45;1;1;4;1;0;0;-5614,38055647299;0,212336387485266;
153,5;153,5;1;1;4;1;0;0;-5614,38055647299;0,21220114082098;
153,55;153,55;1;1;4;1;0;0;-5614,38055647299;0,212009977549314;
153,6;153,6;1;1;4;1;0;0;-5614,38055647299;0,211653038859367;
153,65;153,65;1;1;4;1;0;0;-5614,38055647299;0,211579538881779;
153,7;153,7;1;1;4;1;0;0;-5614,38055647299;0,211392156779766;
153,75;153,75;1;1;4;1;0;0;-5614,38055647299;0,211319718509912;
153,8;153,8;1;1;4;1;0;0;-5614,38055647299;0,211203265935183;
153,85;153,85;1;1;4;1;0;0;-5614,38055647299;0,21097619086504;
153,9;153,9;1;1;4;1;0;0;-5614,29383171686;0,210755318403244;
153,95;153,95;1;1;4;1;0;0;-5614,18207301052;0,210560448467731;
154;154;1;1;4;1;0;0;-5614,22096504033;0,210424438118935;
154,05;154,05;1;1;4;1;0;0;-5614,33272374667;0,210180189460516;
154,1;154,1;1;1;4;1;0;0;-5614,44403541819;0,210018455982208;
154,15;154,15;1;1;4;1;0;0;-5614,44001210476;0,209841374307871;
154,2;154,2;1;1;4;1;0;0;-5614,32870043324;0,209724698215723;
154,25;154,25;1;1;4;1;0;0;-5614,2169417269;0,209351535886526;
154,3;154,3;1;1;4;1;0;0;-5614,15122760757;0,209240186959505;
154,35;154,35;1;1;4;1;0;0;-5614,26298631391;0,209101438522339;
154,4;154,4;1;1;4;1;0;0;-5614,37474502026;0,209021400660276;
154,45;154,45;1;1;4;1;0;0;-5614,48605669178;0,20885119214654;
154,5;154,5;1;1;4;1;0;0;-5614,41363705007;0,208711195737123;
154,55;154,55;1;1;4;1;0;0;-5614,30232537855;0,208422988653183;
154,6;154,6;1;1;4;1;0;0;-5614,20174254283;0,208514891564846;
154,65;154,65;1;1;4;1;0;0;-5614,20174254283;0,20825769752264;
154,7;154,7;1;1;4;1;0;0;-5614,20174254283;0,207848101854324;
154,75;154,75;1;1;4;1;0;0;-5614,20174254283;0,207785051316023;
154,8;154,8;1;1;4;1;0;0;-5614,21828283137;0,207535531371832;
154,85;154,85;1;1;4;1;0;0;-5614,33004153772;0,207551643252373;
154,9;154,9;1;1;4;1;0;0;-5614,35149920934;0,207200665026903;
154,95;154,95;1;1;4;1;0;0;-5614,16687382645;0,207059159874916;
155;155;1;1;4;1;0;0;-5614,38726199537;0,206805355846882;
155,05;155,05;1;1;4;1;0;0;-5614,54551232356;0,206749886274338;
155,1;155,1;1;1;4;1;0;0;-5614,43375361721;0,206417217850685;
155,15;155,15;1;1;4;1;0;0;-5614,32244194569;0,206310637295246;
155,2;155,2;1;1;4;1;0;0;-5614,21068323934;0,205928310751915;
155,25;155,25;1;1;4;1;0;0;-5614,38368571677;0,205744858831167;
155,3;155,3;1;1;4;1;0;0;-5614,54551232356;0,205637495964766;
155,35;155,35;1;1;4;1;0;0;-5614,43375361721;0,205498617142439;
155,4;155,4;1;1;4;1;0;0;-5614,32244194569;0,205349922180176;
155,45;155,45;1;1;4;1;0;0;-5614,21068323934;0,20507114008069;
155,5;155,5;1;1;4;1;0;0;-5614,23392905026;0,204831399023533;
155,55;155,55;1;1;4;1;0;0;-5614,34568775661;0,204770285636187;
155,6;155,6;1;1;4;1;0;0;-5614,45699942813;0,204695351421833;
155,65;155,65;1;1;4;1;0;0;-5614,43956506994;0,204451251775026;
155,7;155,7;1;1;4;1;0;0;-5614,32825339842;0,204291064292192;
155,75;155,75;1;1;4;1;0;0;-5614,21649469207;0,20408034324646;
155,8;155,8;1;1;4;1;0;0;-5614,10473598573;0,203906483948231;
155,85;155,85;1;1;4;1;0;0;-5614,19682515976;0,203799549490213;
155,9;155,9;1;1;4;1;0;0;-5614,3085838661;0,203685890883207;
155,95;155,95;1;1;4;1;0;0;-5614,41989553762;0,203413423150778;
156;156;1;1;4;1;0;0;-5614,35865176654;0,203220117837191;
156,05;156,05;1;1;4;1;0;0;-5614,2468930602;0,202968716621399;
156,1;156,1;1;1;4;1;0;0;-5614,13513435385;0,202925391495228;
156,15;156,15;1;1;4;1;0;0;-5614,22945870201;0,202660597860813;
156,2;156,2;1;1;4;1;0;0;-5614,34121740835;0,202606283128262;
156,25;156,25;1;1;4;1;0;0;-5614,44671762715;0,202466864138842;
156,3;156,3;1;1;4;1;0;0;-5614,3403233387;0,202266816049814;
156,35;156,35;1;1;4;1;0;0;-5614,22856463236;0,202105604112148;
156,4;156,4;1;1;4;1;0;0;-5614,15793312995;0,201926622539759;
156,45;156,45;1;1;4;1;0;0;-5614,26969183629;0,201789774000645;
156,5;156,5;1;1;4;1;0;0;-5614,38145054264;0,201748162508011;
156,55;156,55;1;1;4;1;0;0;-5614,49276221416;0,201501902192831;
156,6;156,6;1;1;4;1;0;0;-5614,42973030378;0,201401039958;
156,65;156,65;1;1;4;1;0;0;-5614,31841863226;0,201207660138607;
156,7;156,7;1;1;4;1;0;0;-5614,20665992591;0,201011039316654;
156,75;156,75;1;1;4;1;0;0;-5614,32244194569;0,20073588937521;
156,8;156,8;1;1;4;1;0;0;-5614,5146669206;0,200635027140379;
156,85;156,85;1;1;4;1;0;0;-5614,29785503029;0,200339164584875;
156,9;156,9;1;1;4;1;0;0;-5614,07478465243;0,200369693338871;
156,95;156,95;1;1;1;2;0;0;-5614,12172330909;0,200125053524971;
156,95;156,95;1;1;1;2;0;0;-5614,12172330909;0,200125053524971;
157;157;1;1;1;2;0;0;-5614,23348201544;0,199887920171022;
157,05;157,05;1;1;1;2;0;0;-5614,34524072178;0,199692193418741;
157,1;157,1;1;1;1;2;0;0;-5614,4565523933;0,19891856238246;
157,15;157,15;1;1;1;2;0;0;-5614,55311191559;0,198832023888826;
157,2;157,2;1;1;1;2;0;0;-5614,55311191559;0,198637451976538;
157,25;157,25;1;1;1;2;0;0;-5614,86514222371;0,195009261369705;
157,3;157,3;1;1;1;2;0;0;-5618,01584367302;0,179928876459599;
157,35;157,35;1;1;1;2;0;0;-5619,90277767096;0,172835644334555;
157,4;157,4;1;1;1;2;0;0;-5621,05880972941;0,166284739971161;
157,45;157,45;1;1;1;2;0;0;-5622,1240937183;0,161090157926083;
157,5;157,5;1;1;1;2;0;0;-5623,67172828378;0,156475231051445;
157,55;157,55;1;1;1;2;0;0;-5624,26315535777;0,15132931061089;
157,6;157,6;1;1;1;2;0;0;-5625,38878904808;0,14749494381249;
157,65;157,65;1;1;1;2;0;0;-5626,61634667859;0,14112675562501;
157,7;157,7;1;1;1;2;0;0;-5628,18454484604;0,136776976287365;
157,75;157,75;1;1;1;2;0;0;-5628,98965456656;0,132680824026465;
157,8;157,8;1;1;1;2;0;0;-5629,6718297101;0,128380600363016;
157,85;157,85;1;1;1;2;0;0;-5630,96733663406;0,126082897186279;
157,9;157,9;1;1;1;2;0;0;-5631,43895837484;0,122511815279722;
157,95;157,95;1;1;1;2;0;0;-5632,63790577652;0,117584448307753;
158;158;1;1;1;2;0;0;-5633,39250056177;0,116102155297995;
158,05;158,05;1;1;1;2;0;0;-5633,91061392439;0,112023968249559;
158,1;158,1;1;1;1;2;0;0;-5634,80334247068;0,109580988064408;
158,15;158,15;1;1;1;2;0;0;-5635,59235893749;0,107591422274709;
158,2;158,2;1;1;1;2;0;0;-5635,80112420094;0,107578281313181;
158,25;158,25;1;1;1;2;0;0;-5636,16858682741;0,102159455418587;
158,3;158,3;1;1;1;2;0;0;-5638,50657896417;0,0913232285529375;
158,35;158,35;1;1;1;2;0;0;-5640,52762340973;0,0853627547621727;
158,4;158,4;1;1;1;2;0;0;-5641,28087709051;0,0809188280254602;
158,45;158,45;1;1;1;2;0;0;-5642,902719437;0,0762147083878517;
158,5;158,5;1;1;1;2;0;0;-5643,46061889908;0,0717370910570025;
158,55;158,55;1;1;1;2;0;0;-5644,40699162442;0,068567949347198;
158,6;158,6;1;1;1;2;0;0;-5645,52279054858;0,0634140055626631;
158,65;158,65;1;1;1;2;0;0;-5646,63858947274;0,0594850489869714;
158,7;158,7;1;1;1;2;0;0;-5647,7543883969;0,0545177375897765;
158,75;158,75;1;1;1;2;0;0;-5648,87018732106;0,0518730934709311;
158,8;158,8;1;1;1;2;0;0;-5649,76068069323;0,046681216917932;
158,85;158,85;1;1;1;2;0;0;-5650,88765548802;0,0438351975753903;
158,9;158,9;1;1;1;2;0;0;-5651,31859705969;0,0404638377949595;
158,95;158,95;1;1;1;2;0;0;-5652,27614565567;0,035862592048943;
159;159;1;1;1;2;0;0;-5653,77237121623;0,0324164004996419;
159,05;159,05;1;1;1;2;0;0;-5654,33027067831;0,0289413658902049;
159,1;159,1;1;1;1;2;0;0;-5655,26233828924;0,0240483973175287;
159,15;159,15;1;1;1;2;0;0;-5656,3781372134;0,0203175004571676;
159,2;159,2;1;1;1;2;0;0;-5657,49393613756;0,0170289818197489;
159,25;159,25;1;1;1;2;0;0;-5658,14213663436;0,01389573328197;
159,3;159,3;1;1;1;2;0;0;-5659,08090976767;0,00967181287705898;
159,35;159,35;1;1;1;2;0;0;-5660,31159664196;0,00646341126412153;
159,4;159,4;1;1;1;2;0;0;-5661,13369368584;0,00282829161733389;
159,45;159,45;1;1;1;2;0;0;-5661,91466352578;0,00012911856174469;
159,5;159,5;1;1;1;2;0;0;-5662,48329182368;-0,00421380624175072;
159,55;159,55;1;1;1;2;0;0;-5663,40150135502;-0,00611834228038788;
159,6;159,6;1;1;1;2;0;0;-5664,40598860765;-0,0108640966936946;
159,65;159,65;1;1;1;2;0;0;-5665,33582104445;-0,0142220221459866;
159,7;159,7;1;1;1;2;0;0;-5666,00503217805;-0,0165190454572439;
159,75;159,75;1;1;1;2;0;0;-5666,67469034648;-0,0203184643760324;
159,8;159,8;1;1;1;2;0;0;-5667,46549495259;-0,0231603998690844;
159,85;159,85;1;1;1;2;0;0;-5668,31843739942;-0,024081883020699;
159,9;159,9;1;1;1;2;0;0;-5668,65818386671;-0,0250818021595478;
159,95;159,95;1;1;1;2;0;0;-5668,95769719972;-0,0267004733905196;
160;160;1;1;1;2;0;0;-5669,35064081123;-0,0296450732275844;
160,05;160,05;1;1;1;2;0;0;-5670,35468102905;-0,0334290321916342;
160,1;160,1;1;1;1;2;0;0;-5671,92734954475;-0,0400337763130665;
160,15;160,15;1;1;1;2;0;0;-5673,44995016001;-0,047496329061687;
160,2;160,2;1;1;1;2;0;0;-5674,78926649686;-0,05321413744241;
160,25;160,25;1;1;1;2;0;0;-5676,12813579889;-0,0588178634643555;
160,3;160,3;1;1;1;2;0;0;-5677,46700510092;-0,0635131215676665;
160,35;160,35;1;1;1;2;0;0;-5678,85549526856;-0,0705527933314443;
160,4;160,4;1;1;1;2;0;0;-5680,04103162548;-0,0738697126507759;
160,45;160,45;1;1;1;2;0;0;-5680,82200146543;-0,0763921812176704;
160,5;160,5;1;1;1;2;0;0;-5681,60297130537;-0,081434091553092;
160,55;160,55;1;1;1;2;0;0;-5682,38394114532;-0,085745807737112;
160,6;160,6;1;1;1;2;0;0;-5683,55785459678;-0,090548126026988;
160,65;160,65;1;1;1;2;0;0;-5684,78541222729;-0,0950509123504162;
160,7;160,7;1;1;1;2;0;0;-5686,01252282297;-0,099115464836359;
160,75;160,75;1;1;1;2;0;0;-5686,84132538923;-0,102189546450973;
160,8;160,8;1;1;1;2;0;0;-5687,62229522918;-0,105619011446834;
160,85;160,85;1;1;1;2;0;0;-5688,40371210395;-0,108627947047353;
160,9;160,9;1;1;1;2;0;0;-5689,1846819439;-0,111422771587968;
160,95;160,95;1;1;1;2;0;0;-5689,8521049382;-0,113801397383213;
161;161;1;1;1;2;0;0;-5690,29869272876;-0,116310156881809;
161,05;161,05;1;1;1;2;0;0;-5691,01126624042;-0,119117647409439;
161,1;161,1;1;1;1;2;0;0;-5692,23614166197;-0,124421529471874;
161,15;161,15;1;1;1;2;0;0;-5693,05153318347;-0,125375716015697;
161,2;161,2;1;1;1;2;0;0;-5693,26029844693;-0,129581522196531;
161,25;161,25;1;1;1;2;0;0;-5694,57681600769;-0,136153530329466;
161,3;161,3;1;1;1;2;0;0;-5696,23978555812;-0,141305662691593;
161,35;161,35;1;1;1;2;0;0;-5697,29881105945;-0,145720560103655;
161,4;161,4;1;1;1;2;0;0;-5698,19153960575;-0,149685656651855;
161,45;161,45;1;1;1;2;0;0;-5699,16115814201;-0,155563680455089;
161,5;161,5;1;1;1;2;0;0;-5700,35608223026;-0,158074703067541;
161,55;161,55;1;1;1;2;0;0;-5701,13705207021;-0,163610465824604;
161,6;161,6;1;1;1;2;0;0;-5701,91802191015;-0,167740751057863;
161,65;161,65;1;1;1;2;0;0;-5703,25063272463;-0,171972084790468;
161,7;161,7;1;1;1;2;0;0;-5704,08971709187;-0,175148267298937;
161,75;161,75;1;1;1;2;0;0;-5704,65342800668;-0,17984252423048;
161,8;161,8;1;1;1;2;0;0;-5705,77325024427;-0,18473032861948;
161,85;161,85;1;1;1;2;0;0;-5707,00080787478;-0,188742112368345;
161,9;161,9;1;1;1;2;0;0;-5708,22747143563;-0,192235987633467;
161,95;161,95;1;1;1;2;0;0;-5709,03660446958;-0,196832697838545;
162;162;1;1;1;2;0;0;-5709,81757430953;-0,200722385197878;
162,05;162,05;1;1;1;2;0;0;-5710,59854414947;-0,204665958881378;
162,1;162,1;1;1;1;2;0;0;-5711,37951398942;-0,2080556191504;
162,15;162,15;1;1;1;2;0;0;-5712,59053133139;-0,212971642613411;
162,2;162,2;1;1;1;2;0;0;-5713,63480468348;-0,218208264559507;
162,25;162,25;1;1;1;2;0;0;-5714,74613325939;-0,221233367919922;
162,3;162,3;1;1;1;2;0;0;-5715,71396365635;-0,225937571376562;
162,35;162,35;1;1;1;2;0;0;-5716,61563289915;-0,230478048324585;
162,4;162,4;1;1;1;2;0;0;-5717,62012015179;-0,234855096787214;
162,45;162,45;1;1;1;2;0;0;-5718,6241603696;-0,239157788455486;
162,5;162,5;1;1;1;2;0;0;-5719,62864762224;-0,243863724172115;
162,55;162,55;1;1;1;2;0;0;-5720,63268784006;-0,247267670929432;
162,6;162,6;1;1;1;2;0;0;-5721,63225770962;-0,250047072768211;
162,65;162,65;1;1;1;2;0;0;-5722,31443285315;-0,254403818398714;
162,7;162,7;1;1;1;2;0;0;-5723,12803623535;-0,257928650826216;
162,75;162,75;1;1;1;2;0;0;-5724,13207645317;-0,262419115751982;
162,8;162,8;1;1;1;2;0;0;-5725,1365637058;-0,266986880451441;
162,85;162,85;1;1;1;2;0;0;-5726,14060392362;-0,270689949393272;
162,9;162,9;1;1;1;2;0;0;-5727,14509117626;-0,274586528539658;
162,95;162,95;1;1;1;2;0;0;-5728,14913139407;-0,279175788164139;
163;163;1;1;1;2;0;0;-5729,04185994037;-0,283160954713821;
163,05;163,05;1;1;1;2;0;0;-5729,82282978031;-0,287545323371887;
163,1;163,1;1;1;1;2;0;0;-5730,60379962026;-0,290793310850859;
163,15;163,15;1;1;1;2;0;0;-5731,54212571874;-0,295397471636534;
163,2;163,2;1;1;1;2;0;0;-5732,54616593656;-0,299058835953474;
163,25;163,25;1;1;1;2;0;0;-5733,57166382599;-0,304640624672174;
163,3;163,3;1;1;1;2;0;0;-5734,66108769545;-0,308200102299452;
163,35;163,35;1;1;1;2;0;0;-5735,33745138626;-0,312447268515825;
163,4;163,4;1;1;1;2;0;0;-5736,31154027077;-0,317323356866837;
163,45;163,45;1;1;1;2;0;0;-5737,59855353305;-0,320357233285904;
163,5;163,5;1;1;1;2;0;0;-5738,27402315421;-0,325333252549171;
163,55;163,55;1;1;1;2;0;0;-5739,21413739199;-0,328172966837883;
163,6;163,6;1;1;1;2;0;0;-5740,02818780902;-0,33179834485054;
163,65;163,65;1;1;1;2;0;0;-5741,31609514095;-0,336299426853657;
163,7;163,7;1;1;1;2;0;0;-5741,77028252354;-0,337428376078606;
163,75;163,75;1;1;1;2;0;0;-5741,99335290141;-0,340315625071526;
163,8;163,8;1;1;1;2;0;0;-5742,81992029354;-0,343851931393147;
163,85;163,85;1;1;1;2;0;0;-5743,61027786482;-0,344815254211426;
163,9;163,9;1;1;1;2;0;0;-5744,47439618229;-0,352293327450752;
163,95;163,95;1;1;1;2;0;0;-5746,54863777208;-0,360021330416203;
164;164;1;1;1;2;0;0;-5747,8875070741;-0,367678366601467;
164,05;164,05;1;1;1;2;0;0;-5748,93848594858;-0,371715053915977;
164,1;164,1;1;1;1;2;0;0;-5749,71945578853;-0,37717416882515;
164,15;164,15;1;1;1;2;0;0;-5751,08782938903;-0,381526611745358;
164,2;164,2;1;1;1;2;0;0;-5752,26844836287;-0,385118499398232;
164,25;164,25;1;1;1;2;0;0;-5753,08383988437;-0,390617549419403;
164,3;164,3;1;1;1;2;0;0;-5753,89029070937;-0,395427644252777;
164,35;164,35;1;1;1;2;0;0;-5755,45223038926;-0,399449169635773;
164,4;164,4;1;1;1;2;0;0;-5756,13395849798;-0,403765104711056;
164,45;164,45;1;1;1;2;0;0;-5756,81970992011;-0,407034270465374;
164,5;164,5;1;1;1;2;0;0;-5757,60067976006;-0,410809740424156;
164,55;164,55;1;1;1;2;0;0;-5758,38164960001;-0,41428480297327;
164,6;164,6;1;1;1;2;0;0;-5759,24889716125;-0,419080071151257;
164,65;164,65;1;1;1;2;0;0;-5760,36469608541;-0,420889966189861;
164,7;164,7;1;1;1;2;0;0;-5761,13627819403;-0,425125882029533;
164,75;164,75;1;1;1;2;0;0;-5761,80593636245;-0,427124835550785;
164,8;164,8;1;1;1;2;0;0;-5762,33835483949;-0,427983999252319;
164,85;164,85;1;1;1;2;0;0;-5762,59182358548;-0,430766940116882;
164,9;164,9;1;1;1;2;0;0;-5763,26148175391;-0,433646105229855;
164,95;164,95;1;1;1;2;0;0;-5763,93069288751;-0,434924252331257;
165;165;1;1;1;2;0;0;-5764,40678497654;-0,438590086996555;
165,05;165,05;1;1;1;2;0;0;-5766,11177580056;-0,447774939239025;
165,1;165,1;1;1;1;2;0;0;-5767,89678585832;-0,454851686954498;
165,15;165,15;1;1;1;2;0;0;-5768,99246821534;-0,459345057606697;
165,2;165,2;1;1;1;2;0;0;-5769,92632396557;-0,465394929051399;
165,25;165,25;1;1;1;2;0;0;-5771,15343456125;-0,469927303493023;
165,3;165,3;1;1;1;2;0;0;-5772,2039664009;-0,474798753857613;
165,35;165,35;1;1;1;2;0;0;-5773,20800661871;-0,478300377726555;
165,4;165,4;1;1;1;2;0;0;-5774,21204683653;-0,483837462961674;
165,45;165,45;1;1;1;2;0;0;-5775,21653408917;-0,488154329359531;
165,5;165,5;1;1;1;2;0;0;-5776,22057430698;-0,492869354784489;
165,55;165,55;1;1;1;2;0;0;-5777,23132004718;-0,498515889048576;
165,6;165,6;1;1;1;2;0;0;-5778,75526176691;-0,502412132918835;
165,65;165,65;1;1;1;2;0;0;-5779,4928692288;-0,507580414414406;
165,7;165,7;1;1;1;2;0;0;-5780,37486893928;-0,511822961270809;
165,75;165,75;1;1;1;2;0;0;-5781,60242656979;-0,516540706157684;
165,8;165,8;1;1;1;2;0;0;-5782,66368724525;-0,51985502243042;
165,85;165,85;1;1;1;2;0;0;-5783,55641579154;-0,52510928362608;
165,9;165,9;1;1;1;2;0;0;-5784,44914433784;-0,530109107494354;
165,95;165,95;1;1;1;2;0;0;-5785,34544916273;-0,534099712967873;
166;166;1;1;1;2;0;0;-5786,60876957927;-0,536536388099194;
166,05;166,05;1;1;1;2;0;0;-5786,7661258378;-0,537345260381699;
166,1;166,1;1;1;1;2;0;0;-5786,92392913117;-0,539682321250439;
166,15;166,15;1;1;1;2;0;0;-5787,81263436403;-0,543891079723835;
166,2;166,2;1;1;1;2;0;0;-5789,01426397466;-0,549698919057846;
166,25;166,25;1;1;1;2;0;0;-5790,64325887836;-0,555635951459408;
166,3;166,3;1;1;1;2;0;0;-5791,54537515599;-0,559065043926239;
166,35;166,35;1;1;1;2;0;0;-5792,32634499594;-0,563118606805801;
166,4;166,4;1;1;1;2;0;0;-5793,10776187071;-0,567598007619381;
166,45;166,45;1;1;1;2;0;0;-5794,76804921219;-0,573407597839832;
166,5;166,5;1;1;1;2;0;0;-5795,5114681268;-0,575783662497997;
166,55;166,55;1;1;1;2;0;0;-5796,07964938987;-0,580498538911343;
166,6;166,6;1;1;1;2;0;0;-5797,29692521939;-0,585532449185848;
166,65;166,65;1;1;1;2;0;0;-5798,18160713883;-0,589305572211742;
166,7;166,7;1;1;1;2;0;0;-5798,88345181468;-0,593307688832283;
166,75;166,75;1;1;1;2;0;0;-5800,22232111671;-0,598532594740391;
166,8;166,8;1;1;1;2;0;0;-5801,30906277722;-0,60144018381834;
166,85;166,85;1;1;1;2;0;0;-5801,93446449793;-0,606252104043961;
166,9;166,9;1;1;1;2;0;0;-5802,83434560143;-0,611470453441143;
166,95;166,95;1;1;1;2;0;0;-5804,09587787866;-0,615109652280808;
167;167;1;1;1;2;0;0;-5804,68194053474;-0,619013495743275;
167,05;167,05;1;1;1;2;0;0;-5805,79461021513;-0,623491071164608;
167,1;167,1;1;1;1;2;0;0;-5806,91040913929;-0,627520531415939;
167,15;167,15;1;1;1;2;0;0;-5807,88718023275;-0,631014257669449;
167,2;167,2;1;1;1;2;0;0;-5808,55639136635;-0,636402890086174;
167,25;167,25;1;1;1;2;0;0;-5809,35077225106;-0,640106648206711;
167,3;167,3;1;1;1;2;0;0;-5810,3552595037;-0,642523095011711;
167,35;167,35;1;1;1;2;0;0;-5811,17199212968;-0,648480728268623;
167,4;167,4;1;1;1;2;0;0;-5812,78712895379;-0,653361231088638;
167,45;167,45;1;1;1;2;0;0;-5813,32580591838;-0,658810436725616;
167,5;167,5;1;1;1;2;0;0;-5814,32984613619;-0,661101117730141;
167,55;167,55;1;1;1;2;0;0;-5815,33433338883;-0,665267035365105;
167,6;167,6;1;1;1;2;0;0;-5816,2547780943;-0,668796598911285;
167,65;167,65;1;1;1;2;0;0;-5816,96735160596;-0,674594342708588;
167,7;167,7;1;1;1;2;0;0;-5818,30622090799;-0,678930208086967;
167,75;167,75;1;1;1;2;0;0;-5819,43274866796;-0,683879107236862;
167,8;167,8;1;1;1;2;0;0;-5820,43678888577;-0,68877324461937;
167,85;167,85;1;1;1;2;0;0;-5821,44127613841;-0,692513212561607;
167,9;167,9;1;1;1;2;0;0;-5822,44531635623;-0,697084739804268;
167,95;167,95;1;1;1;2;0;0;-5823,2902121762;-0,700992494821548;
168;168;1;1;1;2;0;0;-5823,95987034463;-0,704597160220146;
168,05;168,05;1;1;1;2;0;0;-5824,73279355772;-0,708164945244789;
168,1;168,1;1;1;1;2;0;0;-5825,84859248188;-0,712108537554741;
168,15;168,15;1;1;1;2;0;0;-5826,96439140604;-0,716516152024269;
168,2;168,2;1;1;1;2;0;0;-5827,88260093738;-0,721387937664986;
168,25;168,25;1;1;1;2;0;0;-5828,66357077733;-0,724803358316422;
168,3;168,3;1;1;1;2;0;0;-5829,44454061727;-0,729086473584175;
168,35;168,35;1;1;1;2;0;0;-5830,31894073573;-0,73298841714859;
168,4;168,4;1;1;1;2;0;0;-5831,33415682417;-0,735605880618095;
168,45;168,45;1;1;1;2;0;0;-5832,01007348016;-0,742031410336494;
168,5;168,5;1;1;1;2;0;0;-5833,19471576742;-0,743379071354866;
168,55;168,55;1;1;1;2;0;0;-5833,86973835376;-0,746871754527092;
168,6;168,6;1;1;1;2;0;0;-5834,53939652218;-0,751202702522278;
168,65;168,65;1;1;1;2;0;0;-5835,3409299641;-0,754557698965073;
168,7;168,7;1;1;1;2;0;0;-5836,10312434138;-0,754771158099175;
168,75;168,75;1;1;1;2;0;0;-5836,21488304772;-0,756084620952606;
168,8;168,8;1;1;1;2;0;0;-5836,83179110675;-0,760916694998741;
168,85;168,85;1;1;1;2;0;0;-5837,74508325501;-0,761561989784241;
168,9;168,9;1;1;1;2;0;0;-5839,13938487539;-0,772683173418045;
168,95;168,95;1;1;1;2;0;0;-5841,30482156955;-0,781828090548515;
169;169;1;1;1;2;0;0;-5842,75544957793;-0,78811876475811;
169,05;169,05;1;1;1;2;0;0;-5843,95350290996;-0,793627053499222;
169,1;169,1;1;1;1;2;0;0;-5844,95754312777;-0,800041109323502;
169,15;169,15;1;1;1;2;0;0;-5845,96203038041;-0,802751928567886;
169,2;169,2;1;1;1;2;0;0;-5846,9356722301;-0,807275921106339;
169,25;169,25;1;1;1;2;0;0;-5847,72558276655;-0,811744332313538;
169,3;169,3;1;1;1;2;0;0;-5848,95448150154;-0,817758217453957;
169,35;169,35;1;1;1;2;0;0;-5850,29335080356;-0,821249410510063;
169,4;169,4;1;1;1;2;0;0;-5851,03229936992;-0,824973657727242;
169,45;169,45;1;1;1;2;0;0;-5851,7944937472;-0,830003693699837;
169,5;169,5;1;1;1;2;0;0;-5853,21293524815;-0,833824500441551;
169,55;169,55;1;1;1;2;0;0;-5853,90002777476;-0,839584693312645;
169,6;169,6;1;1;1;2;0;0;-5854,58175588348;-0,843049287796021;
169,65;169,65;1;1;1;2;0;0;-5856,01182028988;-0,848528668284416;
169,7;169,7;1;1;1;2;0;0;-5856,77624984129;-0,851400047540665;
169,75;169,75;1;1;1;2;0;0;-5857,52995055689;-0,856014341115952;
169,8;169,8;1;1;1;2;0;0;-5858,86792578926;-0,858726799488068;
169,85;169,85;1;1;1;2;0;0;-5859,09144320196;-0,860952138900757;
169,9;169,9;1;1;1;2;0;0;-5859,39676798769;-0,86186371743679;
169,95;169,95;1;1;1;2;0;0;-5860,06597912129;-0,863305404782295;
170;170;1;1;1;2;0;0;-5860,36951576773;-0,865290090441704;
170,05;170,05;1;1;1;2;0;0;-5861,01190481181;-0,869543626904488;
170,1;170,1;1;1;1;2;0;0;-5861,9046333581;-0,871923044323921;
170,15;170,15;1;1;1;2;0;0;-5863,26451329692;-0,880165994167328;
170,2;170,2;1;1;1;2;0;0;-5865,04952335468;-0,887037441134453;
170,25;170,25;1;1;1;2;0;0;-5866,14744088583;-0,891705900430679;
170,3;170,3;1;1;1;2;0;0;-5867,15192813847;-0,896798744797707;
170,35;170,35;1;1;1;2;0;0;-5868,15596835628;-0,902222394943237;
170,4;170,4;1;1;1;2;0;0;-5869,16000857409;-0,906836092472076;
170,45;170,45;1;1;1;2;0;0;-5870,16449582673;-0,910840556025505;
170,5;170,5;1;1;1;2;0;0;-5871,16853604455;-0,915531888604164;
170,55;170,55;1;1;1;2;0;0;-5872,17302329719;-0,920110270380974;
170,6;170,6;1;1;1;2;0;0;-5873,177063515;-0,923750028014183;
170,65;170,65;1;1;1;2;0;0;-5874,18110373281;-0,928636938333511;
170,7;170,7;1;1;1;2;0;0;-5875,18559098545;-0,933297574520111;
170,75;170,75;1;1;1;2;0;0;-5876,18963120327;-0,937295854091644;
170,8;170,8;1;1;1;2;0;0;-5877,19411845591;-0,942337438464165;
170,85;170,85;1;1;1;2;0;0;-5878,09534066388;-0,945792868733406;
170,9;170,9;1;1;1;2;0;0;-5878,87675753865;-0,949705764651299;
170,95;170,95;1;1;1;2;0;0;-5879,6577273786;-0,953761860728264;
171;171;1;1;1;2;0;0;-5880,51782238264;-0,958451703190804;
171,05;171,05;1;1;1;2;0;0;-5881,73956856042;-0,964195728302002;
171,1;171,1;1;1;1;2;0;0;-5883,19019656879;-0,968544855713844;
171,15;171,15;1;1;1;2;0;0;-5884,23715212984;-0,972805023193359;
171,2;171,2;1;1;1;2;0;0;-5885,0360033628;-0,977575853466988;
171,25;171,25;1;1;1;2;0;0;-5885,81742023758;-0,982054695487022;
171,3;171,3;1;1;1;2;0;0;-5886,67036268441;-0,985913500189781;
171,35;171,35;1;1;1;2;0;0;-5887,78616160857;-0,988945066928864;
171,4;171,4;1;1;1;2;0;0;-5888,49918215506;-0,993249043822289;
171,45;171,45;1;1;1;2;0;0;-5889,16884032348;-0,997483059763908;
171,5;171,5;1;1;1;2;0;0;-5890,26496971533;-1,00118510425091;
171,55;171,55;1;1;1;2;0;0;-5891,49208031101;-1,00594513118267;
171,6;171,6;1;1;1;2;0;0;-5892,40403135479;-1,00986070930958;
171,65;171,65;1;1;1;2;0;0;-5893,18500119474;-1,01442262530327;
171,7;171,7;1;1;1;2;0;0;-5894,16221932303;-1,01888187229633;
171,75;171,75;1;1;1;2;0;0;-5895,17743541148;-1,02340385317802;
171,8;171,8;1;1;1;2;0;0;-5895,95482897282;-1,02696485817432;
171,85;171,85;1;1;1;2;0;0;-5896,95931622546;-1,03164464235306;
171,9;171,9;1;1;1;2;0;0;-5897,96335644328;-1,03544786572456;
171,95;171,95;1;1;1;2;0;0;-5898,96739666109;-1,04050688445568;
172;172;1;1;1;2;0;0;-5899,97188391373;-1,04451388120651;
172,05;172,05;1;1;1;2;0;0;-5900,93166768383;-1,04835614562035;
172,1;172,1;1;1;1;2;0;0;-5901,60132585226;-1,05235867202282;
172,15;172,15;1;1;1;2;0;0;-5902,45158609014;-1,05712376534939;
172,2;172,2;1;1;1;2;0;0;-5903,34431463643;-1,06095045804977;
172,25;172,25;1;1;1;2;0;0;-5904,3264501478;-1,06562316417694;
172,3;172,3;1;1;1;2;0;0;-5905,44224907196;-1,06998890638351;
172,35;172,35;1;1;1;2;0;0;-5906,55804799612;-1,07394464313984;
172,4;172,4;1;1;1;2;0;0;-5907,53347798511;-1,07882969081402;
172,45;172,45;1;1;1;2;0;0;-5908,42575949658;-1,08264490962029;
172,5;172,5;1;1;1;2;0;0;-5909,31848804287;-1,08701325953007;
172,55;172,55;1;1;1;2;0;0;-5910,21121658916;-1,09064556658268;
172,6;172,6;1;1;1;2;0;0;-5911,10394513546;-1,09504982829094;
172,65;172,65;1;1;1;2;0;0;-5912,09815058711;-1,09938032925129;
172,7;172,7;1;1;1;2;0;0;-5913,20500881476;-1,10440574586391;
172,75;172,75;1;1;1;2;0;0;-5913,98284941093;-1,10737159848213;
172,8;172,8;1;1;1;2;0;0;-5914,65250757936;-1,10909886658192;
172,85;172,85;1;1;1;2;0;0;-5915,12904670322;-1,10971920192242;
172,9;172,9;1;1;1;2;0;0;-5915,30607249407;-1,11367873847485;
172,95;172,95;1;1;1;2;0;0;-5917,12282202443;-1,12074226140976;
173;173;1;1;1;2;0;0;-5918,63916415214;-1,12951375544071;
173,05;173,05;1;1;1;2;0;0;-5920,08979216051;-1,13641582429409;
173,1;173,1;1;1;1;2;0;0;-5921,18368637823;-1,13985620439053;
173,15;173,15;1;1;1;2;0;0;-5921,74158584031;-1,1452043056488;
173,2;173,2;1;1;1;2;0;0;-5923,07240851548;-1,14894717931747;
173,25;173,25;1;1;1;2;0;0;-5924,06214361888;-1,15602076053619;
173,3;173,3;1;1;1;2;0;0;-5925,15872004555;-1,15874364972115;
173,35;173,35;1;1;1;2;0;0;-5925,99691034314;-1,16343699395657;
173,4;173,4;1;1;1;2;0;0;-5926,77832721792;-1,16690084338188;
173,45;173,45;1;1;1;2;0;0;-5927,69430157513;-1,17165610194206;
173,5;173,5;1;1;1;2;0;0;-5928,92185920564;-1,17550887167454;
173,55;173,55;1;1;1;2;0;0;-5930,04436365218;-1,17960371077061;
173,6;173,6;1;1;1;2;0;0;-5930,7403968753;-1,18329539895058;
173,65;173,65;1;1;1;2;0;0;-5931,31394255627;-1,18759535253048;
173,7;173,7;1;1;1;2;0;0;-5932,22902284383;-1,19120992720127;
173,75;173,75;1;1;1;2;0;0;-5933,34482176799;-1,19461536407471;
173,8;173,8;1;1;1;2;0;0;-5934,29924112019;-1,19892902672291;
173,85;173,85;1;1;1;2;0;0;-5935,08736351734;-1,20240740478039;
173,9;173,9;1;1;1;2;0;0;-5935,86833335729;-1,20656698942184;
173,95;173,95;1;1;1;2;0;0;-5936,64930319724;-1,21005743741989;
174;174;1;1;1;2;0;0;-5937,43027303718;-1,21265470981598;
174,05;174,05;1;1;1;2;0;0;-5938,09724899666;-1,21556825935841;
174,1;174,1;1;1;1;2;0;0;-5938,65514845874;-1,21855184435844;
174,15;174,15;1;1;1;2;0;0;-5939,21304792082;-1,22028909623623;
174,2;174,2;1;1;1;2;0;0;-5939,7709473829;-1,22113600373268;
174,25;174,25;1;1;1;2;0;0;-5940,17640796952;-1,22320868074894;
174,3;174,3;1;1;1;2;0;0;-5940,55415239697;-1,22707292437553;
174,35;174,35;1;1;1;2;0;0;-5943,09554537928;-1,2375083565712;
174,4;174,4;1;1;1;2;0;0;-5944,53499751702;-1,24592892825603;
174,45;174,45;1;1;1;2;0;0;-5945,65079644118;-1,25112518668175;
174,5;174,5;1;1;1;2;0;0;-5946,76659536534;-1,25629708170891;
174,55;174,55;1;1;1;2;0;0;-5947,8823942895;-1,26232624053955;
174,6;174,6;1;1;1;2;0;0;-5948,99819321366;-1,2688983976841;
174,65;174,65;1;1;1;2;0;0;-5950,11399213782;-1,27265155315399;
174,7;174,7;1;1;1;2;0;0;-5951,22979106198;-1,27880766987801;
174,75;174,75;1;1;1;2;0;0;-5952,34558998614;-1,28332644701004;
174,8;174,8;1;1;1;2;0;0;-5953,4613889103;-1,28721863031387;
174,85;174,85;1;1;1;2;0;0;-5954,49448639176;-1,29178032279015;
174,9;174,9;1;1;1;2;0;0;-5955,30317239088;-1,29503443837166;
174,95;174,95;1;1;1;2;0;0;-5956,16773774318;-1,30044385790825;
175;175;1;1;1;2;0;0;-5957,39529537368;-1,30557894706726;
175,05;175,05;1;1;1;2;0;0;-5958,62240596937;-1,31231695413589;
175,1;175,1;1;1;1;2;0;0;-5959,71898239603;-1,31399616599083;
175,15;175,15;1;1;1;2;0;0;-5960,05559961955;-1,31610214710236;
175,2;175,2;1;1;1;2;0;0;-5960,39042870376;-1,31849840283394;
175,25;175,25;1;1;1;2;0;0;-5960,88842549924;-1,32090419530869;
175,3;175,3;1;1;1;2;0;0;-5961,55808366767;-1,32357627153397;
175,35;175,35;1;1;1;2;0;0;-5962,22729480127;-1,32573008537292;
175,4;175,4;1;1;1;2;0;0;-5963,18529043207;-1,3317745923996;
175,45;175,45;1;1;1;2;0;0;-5964,63591844044;-1,33776187896729;
175,5;175,5;1;1;1;2;0;0;-5966,08609941399;-1,34437724947929;
175,55;175,55;1;1;1;2;0;0;-5967,23587298488;-1,34836062788963;
175,6;175,6;1;1;1;2;0;0;-5968,1362011232;-1,35292902588844;
175,65;175,65;1;1;1;2;0;0;-5969,02892966949;-1,35757282376289;
175,7;175,7;1;1;1;2;0;0;-5969,92165821579;-1,36256083846092;
175,75;175,75;1;1;1;2;0;0;-5970,81393972725;-1,36623248457909;
175,8;175,8;1;1;1;2;0;0;-5971,70666827355;-1,37083828449249;
175,85;175,85;1;1;1;2;0;0;-5972,81799684945;-1,37619197368622;
175,9;175,9;1;1;1;2;0;0;-5973,99950989295;-1,37995973229408;
175,95;175,95;1;1;1;2;0;0;-5974,70090753397;-1,38323411345482;
176;176;1;1;1;2;0;0;-5975,51629905548;-1,38903588056564;
176,05;176,05;1;1;1;2;0;0;-5976,63209797963;-1,39333754777908;
176,1;176,1;1;1;1;2;0;0;-5977,7478969038;-1,39726966619492;
176,15;176,15;1;1;1;2;0;0;-5978,79351136037;-1,40090525150299;
176,2;176,2;1;1;1;2;0;0;-5979,68623990666;-1,40537649393082;
176,25;176,25;1;1;1;2;0;0;-5980,57852141813;-1,41031175851822;
176,3;176,3;1;1;1;2;0;0;-5981,47124996442;-1,41475290060043;
176,35;176,35;1;1;1;2;0;0;-5982,40555274948;-1,41939103603363;
176,4;176,4;1;1;1;2;0;0;-5983,40959296729;-1,42310082912445;
176,45;176,45;1;1;1;2;0;0;-5984,41408021993;-1,42839506268501;
176,5;176,5;1;1;1;2;0;0;-5985,41812043774;-1,43094062805176;
176,55;176,55;1;1;1;2;0;0;-5986,28894427759;-1,43540218472481;
176,6;176,6;1;1;1;2;0;0;-5987,06991411754;-1,43986687064171;
176,65;176,65;1;1;1;2;0;0;-5987,9496786539;-1,44425064325333;
176,7;176,7;1;1;1;2;0;0;-5989,0538546726;-1,446643024683;
176,75;176,75;1;1;1;2;0;0;-5989,78609771658;-1,45234152674675;
176,8;176,8;1;1;1;2;0;0;-5991,11557928727;-1,4594192802906;
176,85;176,85;1;1;1;2;0;0;-5992,45489562412;-1,46417751908302;
176,9;176,9;1;1;1;2;0;0;-5993,55236612044;-1,46804466843605;
176,95;176,95;1;1;1;2;0;0;-5994,36820467677;-1,47243484854698;
177;177;1;1;1;2;0;0;-5995,14917451672;-1,47682577371597;
177,05;177,05;1;1;1;2;0;0;-5995,93014435666;-1,48090824484825;
177,1;177,1;1;1;1;2;0;0;-5996,71111419661;-1,48440018296242;
177,15;177,15;1;1;1;2;0;0;-5997,50370694202;-1,48886680603027;
177,2;177,2;1;1;1;2;0;0;-5998,39598845349;-1,49262294173241;
177,25;177,25;1;1;1;2;0;0;-5999,28871699978;-1,49681344628334;
177,3;177,3;1;1;1;2;0;0;-6000,34863657076;-1,5004575252533;
177,35;177,35;1;1;1;2;0;0;-6001,46443549493;-1,50638371706009;
177,4;177,4;1;1;1;2;0;0;-6002,58023441909;-1,50947570800781;
177,45;177,45;1;1;1;2;0;0;-6003,44569384103;-1,51391953229904;
177,5;177,5;1;1;1;2;0;0;-6004,22666368098;-1,51797354221344;
177,55;177,55;1;1;1;2;0;0;-6005,1006167646;-1,52278542518616;
177,6;177,6;1;1;1;2;0;0;-6005,9933453109;-1,5276625752449;
177,65;177,65;1;1;1;2;0;0;-6006,89814379748;-1,53159245848656;
177,7;177,7;1;1;1;2;0;0;-6007,90218401529;-1,53533339500427;
177,75;177,75;1;1;1;2;0;0;-6008,98490236237;-1,53968930244446;
177,8;177,8;1;1;1;2;0;0;-6010,10070128653;-1,5436027944088;
177,85;177,85;1;1;1;2;0;0;-6011,13201062869;-1,54786080121994;
177,9;177,9;1;1;1;2;0;0;-6012,02429214016;-1,55362382531166;
177,95;177,95;1;1;1;2;0;0;-6012,91702068645;-1,55663564801216;
178;178;1;1;1;2;0;0;-6013,80974923275;-1,56122356653214;
178,05;178,05;1;1;1;2;0;0;-6014,70247777904;-1,56680032610893;
178,1;178,1;1;1;1;2;0;0;-6015,62247544968;-1,57105982303619;
178,15;178,15;1;1;1;2;0;0;-6016,73827437384;-1,57495781779289;
178,2;178,2;1;1;1;2;0;0;-6017,56752397493;-1,57920271158218;
178,25;178,25;1;1;1;2;0;0;-6018,24925208364;-1,58282101154327;
178,3;178,3;1;1;1;2;0;0;-6019,29441950539;-1,587945073843;
178,35;178,35;1;1;1;2;0;0;-6020,81210273757;-1,59243524074554;
178,4;178,4;1;1;1;2;0;0;-6021,26897232911;-1,59455955028534;
178,45;178,45;1;1;1;2;0;0;-6021,59664885612;-1,59549430012703;
178,5;178,5;1;1;1;2;0;0;-6022,19701662661;-1,59891352057457;
178,55;178,55;1;1;1;2;0;0;-6022,90243758107;-1,60195767879486;
178,6;178,6;1;1;1;2;0;0;-6024,10719643548;-1,60581842064857;
178,65;178,65;1;1;1;2;0;0;-6025,16264565821;-1,61498740315437;
178,7;178,7;1;1;1;2;0;0;-6026,99146512886;-1,62133380770683;
178,75;178,75;1;1;1;2;0;0;-6028,33033443089;-1,62894830107689;
178,8;178,8;1;1;1;2;0;0;-6029,45909736499;-1,63207247853279;
178,85;178,85;1;1;1;2;0;0;-6030,01699682707;-1,63716003298759;
178,9;178,9;1;1;1;2;0;0;-6031,18912213922;-1,64359331130981;
178,95;178,95;1;1;1;2;0;0;-6032,6187395108;-1,6466261446476;
179;179;1;1;1;2;0;0;-6033,17976821666;-1,65093898773193;
179,05;179,05;1;1;1;2;0;0;-6034,24549924038;-1,6573029756546;
179,1;179,1;1;1;1;2;0;0;-6035,61834318914;-1,66162624955177;
179,15;179,15;1;1;1;2;0;0;-6036,46145086981;-1,66561543941498;
179,2;179,2;1;1;1;2;0;0;-6037,24242070976;-1,66950464248657;
179,25;179,25;1;1;1;2;0;0;-6038,0233905497;-1,67251095175743;
179,3;179,3;1;1;1;2;0;0;-6038,81955957371;-1,67823418974876;
179,35;179,35;1;1;1;2;0;0;-6040,13697120412;-1,68295949697495;
179,4;179,4;1;1;1;2;0;0;-6041,32742494412;-1,68635666370392;
179,45;179,45;1;1;1;2;0;0;-6042,06592647566;-1,6894818842411;
179,5;179,5;1;1;1;2;0;0;-6042,68194046504;-1,69390305876732;
179,55;179,55;1;1;1;2;0;0;-6043,33014096185;-1,69736072421074;
179,6;179,6;1;1;1;2;0;0;-6044,445939886;-1,7015928030014;
179,65;179,65;1;1;1;2;0;0;-6045,55682142709;-1,70658200979233;
179,7;179,7;1;1;1;2;0;0;-6046,41959864008;-1,71090021729469;
179,75;179,75;1;1;1;2;0;0;-6047,20056848003;-1,71449229121208;
179,8;179,8;1;1;1;2;0;0;-6047,99673750404;-1,71920031309128;
179,85;179,85;1;1;1;2;0;0;-6048,88946605033;-1,72359973192215;
179,9;179,9;1;1;1;2;0;0;-6049,78219459662;-1,72649636864662;
179,95;179,95;1;1;1;2;0;0;-6050,67492314291;-1,73129975795746;
180;180;1;1;1;2;0;0;-6051,65705865428;-1,73647597432137;
180,05;180,05;1;1;1;2;0;0;-6052,88461628479;-1,74081668257713;
180,1;180,1;1;1;1;2;0;0;-6054,09563362676;-1,74510195851326;
180,15;180,15;1;1;1;2;0;0;-6054,81759486975;-1,74772709608078;
180,2;180,2;1;1;1;2;0;0;-6055,37549433183;-1,75194546580315;
180,25;180,25;1;1;1;2;0;0;-6056,63568550459;-1,75682172179222;
180,3;180,3;1;1;1;2;0;0;-6057,2820978621;-1,75986766815186;
180,35;180,35;1;1;1;2;0;0;-6057,79171756304;-1,76423206925392;
180,4;180,4;1;1;1;2;0;0;-6059,11136436757;-1,76806554198265;
180,45;180,45;1;1;1;2;0;0;-6059,83109043644;-1,77115127444267;
180,5;180,5;1;1;1;2;0;0;-6060,61071917191;-1,77655547857285;
180,55;180,55;1;1;1;2;0;0;-6061,67913240458;-1,77868902683258;
180,6;180,6;1;1;1;2;0;0;-6062,19858687168;-1,78085997700691;
180,65;180,65;1;1;1;2;0;0;-6062,64517466224;-1,78379610180855;
180,7;180,7;1;1;1;2;0;0;-6063,09131541797;-1,7864166200161;
180,75;180,75;1;1;1;2;0;0;-6064,1114488895;-1,79267629981041;
180,8;180,8;1;1;1;2;0;0;-6066,44228846905;-1,8053774535656;
180,85;180,85;1;1;1;2;0;0;-6068,11732795977;-1,81056186556816;
180,9;180,9;1;1;1;2;0;0;-6069,22329211777;-1,81569650769234;
180,95;180,95;1;1;1;2;0;0;-6070,18218181822;-1,82128965854645;
181;181;1;1;1;2;0;0;-6071,07446332969;-1,82561874389648;
181,05;181,05;1;1;1;2;0;0;-6071,97792071179;-1,83016166090965;
181,1;181,1;1;1;1;2;0;0;-6072,98196092961;-1,835628002882;
181,15;181,15;1;1;1;2;0;0;-6073,98644818225;-1,83992266654968;
181,2;181,2;1;1;1;2;0;0;-6075,33828149421;-1,84610545635223;
181,25;181,25;1;1;1;2;0;0;-6076,36601455777;-1,84834495186806;
181,3;181,3;1;1;1;2;0;0;-6077,0356727262;-1,85284852981567;
181,35;181,35;1;1;1;2;0;0;-6078,11839107328;-1,85931250452995;
181,4;181,4;1;1;1;2;0;0;-6079,37590003708;-1,86235725879669;
181,45;181,45;1;1;1;2;0;0;-6080,07282732986;-1,86620861291885;
181,5;181,5;1;1;1;2;0;0;-6080,78137752809;-1,87044218182564;
181,55;181,55;1;1;1;2;0;0;-6082,00088853174;-1,87560334801674;
181,6;181,6;1;1;1;2;0;0;-6083,07600728679;-1,87978833913803;
181,65;181,65;1;1;1;2;0;0;-6083,89273991277;-1,88430219888687;
181,7;181,7;1;1;1;2;0;0;-6084,67370975272;-1,88835263252258;
181,75;181,75;1;1;1;2;0;0;-6085,65316305513;-1,8927963078022;
181,8;181,8;1;1;1;2;0;0;-6086,88295585977;-1,89690336585045;
181,85;181,85;1;1;1;2;0;0;-6087,63263326194;-1,90103009343147;
181,9;181,9;1;1;1;2;0;0;-6088,40913275363;-1,90574750304222;
181,95;181,95;1;1;1;2;0;0;-6089,63669038414;-1,90867990255356;
182;182;1;1;1;2;0;0;-6090,46012853249;-1,91275998950005;
182,05;182,05;1;1;1;2;0;0;-6091,1293396661;-1,91658720374107;
182,1;182,1;1;1;1;2;0;0;-6091,79899783452;-1,92098066210747;
182,15;182,15;1;1;1;2;0;0;-6092,68636196291;-1,92486926913261;
182,2;182,2;1;1;1;2;0;0;-6093,69040218072;-1,9295945763588;
182,25;182,25;1;1;1;2;0;0;-6094,69444239854;-1,93313971161842;
182,3;182,3;1;1;1;2;0;0;-6095,69892965118;-1,93816229701042;
182,35;182,35;1;1;1;2;0;0;-6096,70296986899;-1,94156646728516;
182,4;182,4;1;1;1;2;0;0;-6097,70745712163;-1,94701299071312;
182,45;182,45;1;1;1;2;0;0;-6098,71149733944;-1,95101246237755;
182,5;182,5;1;1;1;2;0;0;-6099,62925983596;-1,95464015007019;
182,55;182,55;1;1;1;2;0;0;-6100,29847096956;-1,95924162864685;
182,6;182,6;1;1;1;2;0;0;-6101,098663307;-1,964171230793;
182,65;182,65;1;1;1;2;0;0;-6102,3262209375;-1,96732476353645;
182,7;182,7;1;1;1;2;0;0;-6103,04684107602;-1,97189271450043;
182,75;182,75;1;1;1;2;0;0;-6103,71649924445;-1,97494894266129;
182,8;182,8;1;1;1;2;0;0;-6104,46841182075;-1,9792914390564;
182,85;182,85;1;1;1;2;0;0;-6105,36114036704;-1,98188498616219;
182,9;182,9;1;1;1;2;0;0;-6106,25386891333;-1,98642134666443;
182,95;182,95;1;1;1;2;0;0;-6107,14659745963;-1,98996156454086;
183;183;1;1;1;2;0;0;-6108,03932600592;-1,99366867542267;
183,05;183,05;1;1;1;2;0;0;-6108,69691423406;-1,9970241189003;
183,1;183,1;1;1;1;2;0;0;-6109,14350202462;-1,99830964207649;
183,15;183,15;1;1;1;2;0;0;-6109,58964278035;-2,00151532888412;
183,2;183,2;1;1;1;2;0;0;-6110,33127355567;-2,00539603829384;
183,25;183,25;1;1;1;2;0;0;-6111,98083206133;-2,01521322131157;
183,3;183,3;1;1;1;2;0;0;-6113,98935953179;-2,02420383691788;
183,35;183,35;1;1;1;2;0;0;-6115,72027837568;-2,03108161687851;
183,4;183,4;1;1;1;2;0;0;-6116,59154925035;-2,03583598136902;
183,45;183,45;1;1;1;2;0;0;-6117,43197472208;-2,0415922999382;
183,5;183,5;1;1;1;2;0;0;-6118,90003708864;-2,04450443387032;
183,55;183,55;1;1;1;2;0;0;-6119,68413617236;-2,05017283558846;
183,6;183,6;1;1;1;2;0;0;-6120,7713248677;-2,05566138029099;
183,65;183,65;1;1;1;2;0;0;-6121,90589925452;-2,05913677811623;
183,7;183,7;1;1;1;2;0;0;-6122,57511038813;-2,06364080309868;
183,75;183,75;1;1;1;2;0;0;-6123,47499149162;-2,06954285502434;
183,8;183,8;1;1;1;2;0;0;-6124,88851560949;-2,07317367196083;
183,85;183,85;1;1;1;2;0;0;-6125,57381999681;-2,07744911313057;
183,9;183,9;1;1;1;2;0;0;-6126,40351663272;-2,08171367645264;
183,95;183,95;1;1;1;2;0;0;-6127,6306272284;-2,08600789308548;
184;184;1;1;1;2;0;0;-6128,72675662024;-2,09029138088226;
184,05;184,05;1;1;1;2;0;0;-6129,54706552482;-2,09519267082214;
184,1;184,1;1;1;1;2;0;0;-6130,32803536477;-2,09992066025734;
184,15;184,15;1;1;1;2;0;0;-6131,19349478671;-2,10367932915688;
184,2;184,2;1;1;1;2;0;0;-6132,30929371088;-2,10807681083679;
184,25;184,25;1;1;1;2;0;0;-6133,42509263504;-2,11281701922417;
184,3;184,3;1;1;1;2;0;0;-6134,34464327085;-2,1175229549408;
184,35;184,35;1;1;1;2;0;0;-6135,1256131108;-2,12139666080475;
184,4;184,4;1;1;1;2;0;0;-6135,90658295075;-2,12616443634033;
184,45;184,45;1;1;1;2;0;0;-6136,71437488022;-2,12909504771233;
184,5;184,5;1;1;1;2;0;0;-6137,71841509803;-2,13292464613914;
184,55;184,55;1;1;1;2;0;0;-6138,66478782337;-2,1367122232914;
184,6;184,6;1;1;1;2;0;0;-6139,44575766331;-2,14152723550797;
184,65;184,65;1;1;1;2;0;0;-6140,22672750326;-2,14478984475136;
184,7;184,7;1;1;1;2;0;0;-6141,00769734321;-2,1492126584053;
184,75;184,75;1;1;1;2;0;0;-6142,52001615749;-2,15462192893028;
184,8;184,8;1;1;1;2;0;0;-6143,54104369866;-2,15885043144226;
184,85;184,85;1;1;1;2;0;0;-6144,32201353861;-2,16220363974571;
184,9;184,9;1;1;1;2;0;0;-6145,10298337856;-2,16510310769081;
184,95;184,95;1;1;1;2;0;0;-6145,67474092022;-2,16849505901337;
185;185;1;1;1;2;0;0;-6146,12356388491;-2,17124998569489;
185,05;185,05;1;1;1;2;0;0;-6147,05026707793;-2,17600673437119;
185,1;185,1;1;1;1;2;0;0;-6148,2331212259;-2,1805502474308;
185,15;185,15;1;1;1;2;0;0;-6149,12584977219;-2,18494459986687;
185,2;185,2;1;1;1;2;0;0;-6150,00695541303;-2,18723058700562;
185,25;185,25;1;1;1;2;0;0;-6150,56753708406;-2,18997627496719;
185,3;185,3;1;1;1;2;0;0;-6151,01367783979;-2,19188645482063;
185,35;185,35;1;1;1;2;0;0;-6151,46026563035;-2,19515532255173;
185,4;185,4;1;1;1;2;0;0;-6151,95155690345;-2,19841122627258;
185,45;185,45;1;1;1;2;0;0;-6153,42632479239;-2,20652148127556;
185,5;185,5;1;1;1;2;0;0;-6155,50682486973;-2,214445322752;
185,55;185,55;1;1;1;2;0;0;-6156,56719147555;-2,22140520811081;
185,6;185,6;1;1;1;2;0;0;-6158,02944238938;-2,22836345434189;
185,65;185,65;1;1;1;2;0;0;-6159,53773789023;-2,23399773240089;
185,7;185,7;1;1;1;2;0;0;-6160,10636618812;-2,23778083920479;
185,75;185,75;1;1;1;2;0;0;-6161,05542112241;-2,24352419376373;
185,8;185,8;1;1;1;2;0;0;-6162,61423155852;-2,24892795085907;
185,85;185,85;1;1;1;2;0;0;-6163,58161492066;-2,25425153970718;
185,9;185,9;1;1;1;2;0;0;-6164,3625847606;-2,25718542933464;
185,95;185,95;1;1;1;2;0;0;-6165,25307813277;-2,26278766989708;
186;186;1;1;1;2;0;0;-6166,48063576328;-2,26701557636261;
186,05;186,05;1;1;1;2;0;0;-6167,70774635896;-2,2728805243969;
186,1;186,1;1;1;1;2;0;0;-6168,46815259694;-2,27584108710289;
186,15;186,15;1;1;1;2;0;0;-6169,02605205902;-2,28115230798721;
186,2;186,2;1;1;1;2;0;0;-6170,1668849334;-2,28537246584892;
186,25;186,25;1;1;1;2;0;0;-6171,3944425639;-2,28969529271126;
186,3;186,3;1;1;1;2;0;0;-6172,3206987221;-2,29424878954887;
186,35;186,35;1;1;1;2;0;0;-6173,10166856205;-2,29857236146927;
186,4;186,4;1;1;1;2;0;0;-6173,88263840199;-2,30280384421349;
186,45;186,45;1;1;1;2;0;0;-6175,17278090805;-2,30834782123566;
186,5;186,5;1;1;1;2;0;0;-6176,17503298657;-2,31128185987473;
186,55;186,55;1;1;1;2;0;0;-6176,77227151328;-2,31678202748299;
186,6;186,6;1;1;1;2;0;0;-6177,866165731;-2,32156708836555;
186,65;186,65;1;1;1;2;0;0;-6179,09327632668;-2,32575312256813;
186,7;186,7;1;1;1;2;0;0;-6180,0552952709;-2,32918679714203;
186,75;186,75;1;1;1;2;0;0;-6180,83626511085;-2,33352720737457;
186,8;186,8;1;1;1;2;0;0;-6181,6172349508;-2,33810409903526;
186,85;186,85;1;1;1;2;0;0;-6182,39820479075;-2,34271481633186;
186,9;186,9;1;1;1;2;0;0;-6183,57256527703;-2,34751477837563;
186,95;186,95;1;1;1;2;0;0;-6184,77598302697;-2,3517170548439;
187;187;1;1;1;2;0;0;-6185,49705020031;-2,35556125640869;
187,05;187,05;1;1;1;2;0;0;-6186,16670836874;-2,35915154218674;
187,1;187,1;1;1;1;2;0;0;-6187,05630767125;-2,36346527934074;
187,15;187,15;1;1;1;2;0;0;-6188,06034788907;-2,36738264560699;
187,2;187,2;1;1;1;2;0;0;-6189,05723554968;-2,37138777971268;
187,25;187,25;1;1;1;2;0;0;-6189,81183033492;-2,37560614943504;
187,3;187,3;1;1;1;2;0;0;-6190,50205210532;-2,38028824329376;
187,35;187,35;1;1;1;2;0;0;-6191,60846329814;-2,38406538963318;
187,4;187,4;1;1;1;2;0;0;-6192,7242622223;-2,38826930522919;
187,45;187,45;1;1;1;2;0;0;-6193,63621326609;-2,3917855322361;
187,5;187,5;1;1;1;2;0;0;-6194,30587143452;-2,39835098385811;
187,55;187,55;1;1;1;2;0;0;-6195,47129122429;-2,4014750123024;
187,6;187,6;1;1;1;2;0;0;-6196,08194079577;-2,40684315562248;
187,65;187,65;1;1;1;2;0;0;-6197,39667021722;-2,41110429167748;
187,7;187,7;1;1;1;2;0;0;-6198,29878649485;-2,41549402475357;
187,75;187,75;1;1;1;2;0;0;-6199,10121400642;-2,41949319839478;
187,8;187,8;1;1;1;2;0;0;-6199,99394255271;-2,42222219705582;
187,85;187,85;1;1;1;2;0;0;-6200,55184201479;-2,42555275559425;
187,9;187,9;1;1;1;2;0;0;-6201,63143111809;-2,43089497089386;
187,95;187,95;1;1;1;2;0;0;-6203,02483866882;-2,43819296360016;
188;188;1;1;1;2;0;0;-6204,36415500567;-2,44465336203575;
188,05;188,05;1;1;1;2;0;0;-6205,33645575088;-2,44718745350838;
188,1;188,1;1;1;1;2;0;0;-6205,85054580007;-2,45113521814346;
188,15;188,15;1;1;1;2;0;0;-6206,44599618749;-2,45558142662048;
188,2;188,2;1;1;1;2;0;0;-6207,67355381799;-2,45938196778297;
188,25;188,25;1;1;1;2;0;0;-6208,71425089149;-2,463698387146;
188,3;188,3;1;1;1;2;0;0;-6209,51489026375;-2,46698945760727;
188,35;188,35;1;1;1;2;0;0;-6210,18723064113;-2,46875748038292;
188,4;188,4;1;1;1;2;0;0;-6210,65214685953;-2,47049301862717;
188,45;188,45;1;1;1;2;0;0;-6210,98697594374;-2,47439593076706;
188,5;188,5;1;1;1;2;0;0;-6211,52252366455;-2,47648254036903;
188,55;188,55;1;1;1;2;0;0;-6212,3034935045;-2,47816011309624;
188,6;188,6;1;1;1;2;0;0;-6213,49081800072;-2,4882735311985;
188,65;188,65;1;1;1;2;0;0;-6216,02327028653;-2,49893561005592;
188,7;188,7;1;1;1;2;0;0;-6216,99467696209;-2,50380158424377;
188,75;188,75;1;1;1;2;0;0;-6217,90126358797;-2,51077383756638;
188,8;188,8;1;1;1;2;0;0;-6219,56110389462;-2,51575648784637;
188,85;188,85;1;1;1;2;0;0;-6220,37113099822;-2,51973748207092;
188,9;188,9;1;1;1;2;0;0;-6221,28710535543;-2,52559870481491;
188,95;188,95;1;1;1;2;0;0;-6222,57009530428;-2,53010213375092;
189;189;1;1;1;2;0;0;-6223,3153023582;-2,53431409597397;
189,05;189,05;1;1;1;2;0;0;-6224,24781700395;-2,53957092761993;
189,1;189,1;1;1;1;2;0;0;-6225,39490836589;-2,54389554262161;
189,15;189,15;1;1;1;2;0;0;-6226,17587820584;-2,5479257106781;
189,2;189,2;1;1;1;2;0;0;-6226,95684804578;-2,55285143852234;
189,25;189,25;1;1;1;2;0;0;-6227,81560194535;-2,55665123462677;
189,3;189,3;1;1;1;2;0;0;-6228,91039023271;-2,56208837032318;
189,35;189,35;1;1;1;2;0;0;-6230,13794786322;-2,56636083126068;
189,4;189,4;1;1;1;2;0;0;-6231,28816846893;-2,57043719291687;
189,45;189,45;1;1;1;2;0;0;-6232,02443482634;-2,57533967494965;
189,5;189,5;1;1;1;2;0;0;-6232,92565703432;-2,57956176996231;
189,55;189,55;1;1;1;2;0;0;-6234,10359379921;-2,58381396532059;
189,6;189,6;1;1;1;2;0;0;-6234,88456363915;-2,58825898170471;
189,65;189,65;1;1;1;2;0;0;-6235,6655334791;-2,59209722280502;
189,7;189,7;1;1;1;2;0;0;-6236,44650331905;-2,59524345397949;
189,75;189,75;1;1;1;2;0;0;-6237,22792019382;-2,59913772344589;
189,8;189,8;1;1;1;2;0;0;-6238,00889003377;-2,6042252779007;
189,85;189,85;1;1;1;2;0;0;-6238,87211428158;-2,60841429233551;
189,9;189,9;1;1;1;2;0;0;-6239,76439579305;-2,61235982179642;
189,95;189,95;1;1;1;2;0;0;-6240,69288712538;-2,61672556400299;
190;190;1;1;1;2;0;0;-6241,69737437801;-2,62093096971512;
190,05;190,05;1;1;1;2;0;0;-6242,70141459583;-2,62621998786926;
190,1;190,1;1;1;1;2;0;0;-6243,70545481364;-2,63039767742157;
190,15;190,15;1;1;1;2;0;0;-6244,70994206628;-2,63388901948929;
190,2;190,2;1;1;1;2;0;0;-6245,7139822841;-2,63850837945938;
190,25;190,25;1;1;1;2;0;0;-6246,56558362645;-2,64330446720123;
190,3;190,3;1;1;1;2;0;0;-6247,45339478967;-2,64807671308517;
190,35;190,35;1;1;1;2;0;0;-6248,68050538535;-2,65204548835754;
190,4;190,4;1;1;1;2;0;0;-6249,7238846678;-2,65672862529755;
190,45;190,45;1;1;1;2;0;0;-6250,51245409977;-2,66166806221008;
190,5;190,5;1;1;1;2;0;0;-6251,29342393972;-2,66531944274902;
190,55;190,55;1;1;1;2;0;0;-6252,16782405817;-2,67034113407135;
190,6;190,6;1;1;1;2;0;0;-6253,17186427599;-2,67494142055511;
190,65;190,65;1;1;1;2;0;0;-6254,17635152863;-2,67911016941071;
190,7;190,7;1;1;1;2;0;0;-6255,18039174644;-2,68336653709412;
190,75;190,75;1;1;1;2;0;0;-6256,18443196425;-2,68836826086044;
190,8;190,8;1;1;1;2;0;0;-6257,18891921689;-2,69245237112045;
190,85;190,85;1;1;1;2;0;0;-6258,1540674049;-2,69548654556274;
190,9;190,9;1;1;1;2;0;0;-6258,83132516536;-2,70204812288284;
190,95;190,95;1;1;1;2;0;0;-6260,1862877211;-2,70548522472382;
191;191;1;1;1;2;0;0;-6260,63466365096;-2,71050870418549;
191,05;191,05;1;1;1;2;0;0;-6261,56449608776;-2,71567136049271;
191,1;191,1;1;1;1;2;0;0;-6262,5689833404;-2,71979928016663;
191,15;191,15;1;1;1;2;0;0;-6263,57302355821;-2,72336453199387;
191,2;191,2;1;1;1;2;0;0;-6264,57706377603;-2,72909224033356;
191,25;191,25;1;1;1;2;0;0;-6265,83323163536;-2,73401886224747;
191,3;191,3;1;1;1;2;0;0;-6266,90030376355;-2,73756325244904;
191,35;191,35;1;1;1;2;0;0;-6267,53330507629;-2,74144649505615;
191,4;191,4;1;1;1;2;0;0;-6268,1797174338;-2,74538844823837;
191,45;191,45;1;1;1;2;0;0;-6269,18420468644;-2,74823129177094;
191,5;191,5;1;1;1;2;0;0;-6269,79574832757;-2,75137156248093;
191,55;191,55;1;1;1;2;0;0;-6270,52039177951;-2,75714427232742;
191,6;191,6;1;1;1;2;0;0;-6272,06221489227;-2,76168048381805;
191,65;191,65;1;1;1;2;0;0;-6272,66794708066;-2,76382893323898;
191,7;191,7;1;1;1;2;0;0;-6273,12079335878;-2,76881903409958;
191,75;191,75;1;1;1;2;0;0;-6274,65635798397;-2,77782410383224;
191,8;191,8;1;1;1;2;0;0;-6276,44181507656;-2,78396636247635;
191,85;191,85;1;1;1;2;0;0;-6277,42216244863;-2,78986424207687;
191,9;191,9;1;1;1;2;0;0;-6278,23263658705;-2,7938124537468;
191,95;191,95;1;1;1;2;0;0;-6279,23712383969;-2,79875725507736;
192;192;1;1;1;2;0;0;-6280,2411640575;-2,80484080314636;
192,05;192,05;1;1;1;2;0;0;-6281,41418343931;-2,80892640352249;
192,1;192,1;1;1;1;2;0;0;-6282,51254800528;-2,8117573261261;
192,15;192,15;1;1;1;2;0;0;-6283,18220617371;-2,81645387411118;
192,2;192,2;1;1;1;2;0;0;-6283,85141730731;-2,82001346349716;
192,25;192,25;1;1;1;2;0;0;-6284,89166734598;-2,82500982284546;
192,3;192,3;1;1;1;2;0;0;-6286,21176118534;-2,82926201820374;
192,35;192,35;1;1;1;2;0;0;-6286,89974778161;-2,83385515213013;
192,4;192,4;1;1;1;2;0;0;-6287,46167055711;-2,83676534891129;
192,45;192,45;1;1;1;2;0;0;-6288,58462203848;-2,84224212169647;
192,5;192,5;1;1;1;2;0;0;-6289,75585328099;-2,84624844789505;
192,55;192,55;1;1;1;2;0;0;-6290,37544354897;-2,85044729709625;
192,6;192,6;1;1;1;2;0;0;-6291,01425631445;-2,85477131605148;
192,65;192,65;1;1;1;2;0;0;-6292,12960820378;-2,85934001207352;
192,7;192,7;1;1;1;2;0;0;-6293,24540712794;-2,86338359117508;
192,75;192,75;1;1;1;2;0;0;-6294,3612060521;-2,86847800016403;
192,8;192,8;1;1;1;2;0;0;-6295,44660660813;-2,87281841039658;
192,85;192,85;1;1;1;2;0;0;-6296,01523490602;-2,87739425897598;
192,9;192,9;1;1;1;2;0;0;-6296,62275523372;-2,88160920143127;
192,95;192,95;1;1;1;2;0;0;-6297,73140160068;-2,8864660859108;
193;193;1;1;1;2;0;0;-6298,84720052484;-2,8907185792923;
193,05;193,05;1;1;1;2;0;0;-6299,962999449;-2,89510577917099;
193,1;193,1;1;1;1;2;0;0;-6300,77168544812;-2,89950639009476;
193,15;193,15;1;1;1;2;0;0;-6301,44134361654;-2,9042461514473;
193,2;193,2;1;1;1;2;0;0;-6302,73774461016;-2,90961384773254;
193,25;193,25;1;1;1;2;0;0;-6303,8884122507;-2,91245490312576;
193,3;193,3;1;1;1;2;0;0;-6304,55807041912;-2,91839390993118;
193,35;193,35;1;1;1;2;0;0;-6305,42665908485;-2,92250514030457;
193,4;193,4;1;1;1;2;0;0;-6306,54245800901;-2,92626768350601;
193,45;193,45;1;1;1;2;0;0;-6307,46782009755;-2,93171316385269;
193,5;193,5;1;1;1;2;0;0;-6308,35697236524;-2,93619126081467;
193,55;193,55;1;1;1;2;0;0;-6309,36101258306;-2,93993264436722;
193,6;193,6;1;1;1;2;0;0;-6310,27653990544;-2,94489860534668;
193,65;193,65;1;1;1;2;0;0;-6311,11160095926;-2,95015811920166;
193,7;193,7;1;1;1;2;0;0;-6312,00432950555;-2,95321136713028;
193,75;193,75;1;1;1;2;0;0;-6312,89705805185;-2,95842885971069;
193,8;193,8;1;1;1;2;0;0;-6313,78978659814;-2,96243995428085;
193,85;193,85;1;1;1;2;0;0;-6315,24354385029;-2,9676553606987;
193,9;193,9;1;1;1;2;0;0;-6316,08307525236;-2,97204613685608;
193,95;193,95;1;1;1;2;0;0;-6316,78402585857;-2,97612369060516;
194;194;1;1;1;2;0;0;-6317,89401333;-2,98051089048386;
194,05;194,05;1;1;1;2;0;0;-6319,00981225416;-2,98493236303329;
194,1;194,1;1;1;1;2;0;0;-6319,77334773591;-2,98966437578201;
194,15;194,15;1;1;1;2;0;0;-6320,44300590434;-2,99448758363724;
194,2;194,2;1;1;1;2;0;0;-6321,48996146539;-2,99876868724823;
194,25;194,25;1;1;1;2;0;0;-6322,60576038955;-3,00357401371002;
194,3;194,3;1;1;1;2;0;0;-6323,72155931371;-3,00782799720764;
194,35;194,35;1;1;1;2;0;0;-6324,54499746207;-3,01259726285934;
194,4;194,4;1;1;1;2;0;0;-6325,32596730202;-3,0165246129036;
194,45;194,45;1;1;1;2;0;0;-6326,20707294285;-3,02189975976944;
194,5;194,5;1;1;1;2;0;0;-6327,65457170745;-3,02644968032837;
194,55;194,55;1;1;1;2;0;0;-6328,3845795773;-3,03012609481812;
194,6;194,6;1;1;1;2;0;0;-6328,94247903938;-3,03492844104767;
194,65;194,65;1;1;1;2;0;0;-6330,08062970481;-3,03925335407257;
194,7;194,7;1;1;1;2;0;0;-6331,30818733531;-3,04477512836456;
194,75;194,75;1;1;1;2;0;0;-6332,38554126449;-3,04776340723038;
194,8;194,8;1;1;1;2;0;0;-6333,12672500498;-3,05333286523819;
194,85;194,85;1;1;1;2;0;0;-6333,79683020823;-3,05831640958786;
194,9;194,9;1;1;1;2;0;0;-6334,87999559014;-3,06321054697037;
194,95;194,95;1;1;1;2;0;0;-6335,9957945143;-3,06806921958923;
195;195;1;1;1;2;0;0;-6337,11159343846;-3,07353883981705;
195,05;195,05;1;1;1;2;0;0;-6338,22739236262;-3,07997703552246;
195,1;195,1;1;1;1;2;0;0;-6339,34319128678;-3,08309257030487;
195,15;195,15;1;1;1;2;0;0;-6340,45899021094;-3,08887362480164;
195,2;195,2;1;1;1;2;0;0;-6341,47867664764;-3,09223979711533;
195,25;195,25;1;1;1;2;0;0;-6342,26590497514;-3,09765458106995;
195,3;195,3;1;1;1;2;0;0;-6343,04732184991;-3,10185700654984;
195,35;195,35;1;1;1;2;0;0;-6343,99011829665;-3,10634016990662;
195,4;195,4;1;1;1;2;0;0;-6345,21767592716;-3,1105837225914;
195,45;195,45;1;1;1;2;0;0;-6345,98389361787;-3,1164762377739;
195,5;195,5;1;1;1;2;0;0;-6346,85471745771;-3,12065213918686;
195,55;195,55;1;1;1;2;0;0;-6347,74744600401;-3,12527358531952;
195,6;195,6;1;1;1;2;0;0;-6348,83239952522;-3,12938064336777;
195,65;195,65;1;1;1;2;0;0;-6349,94819844938;-3,13326716423035;
195,7;195,7;1;1;1;2;0;0;-6350,75643741367;-3,13766837120056;
195,75;195,75;1;1;1;2;0;0;-6351,55886492524;-3,14294844865799;
195,8;195,8;1;1;1;2;0;0;-6352,98848229682;-3,14705550670624;
195,85;195,85;1;1;1;2;0;0;-6353,73726562934;-3,15203189849854;
195,9;195,9;1;1;1;2;0;0;-6354,41497042462;-3,15683096647263;
195,95;195,95;1;1;1;2;0;0;-6355,51154685129;-3,16003441810608;
196;196;1;1;1;2;0;0;-6356,59247705907;-3,16556483507156;
196,05;196,05;1;1;1;2;0;0;-6357,59651727688;-3,16976279020309;
196,1;196,1;1;1;1;2;0;0;-6358,60100452952;-3,17463219165802;
196,15;196,15;1;1;1;2;0;0;-6359,42623081718;-3,1793087720871;
196,2;196,2;1;1;1;2;0;0;-6360,09857119456;-3,18342357873917;
196,25;196,25;1;1;1;2;0;0;-6361,19023023815;-3,18576097488403;
196,3;196,3;1;1;1;2;0;0;-6361,61759553122;-3,19009393453598;
196,35;196,35;1;1;1;2;0;0;-6362,51658256506;-3,19537192583084;
196,4;196,4;1;1;1;2;0;0;-6363,96676353861;-3,20113688707352;
196,45;196,45;1;1;1;2;0;0;-6365,20952035318;-3,20469915866852;
196,5;196,5;1;1;1;2;0;0;-6365,93595194443;-3,20917636156082;
196,55;196,55;1;1;1;2;0;0;-6366,60561011286;-3,21284890174866;
196,6;196,6;1;1;1;2;0;0;-6367,27482124646;-3,21629732847214;
196,65;196,65;1;1;1;2;0;0;-6368,04327411129;-3,22210103273392;
196,7;196,7;1;1;1;2;0;0;-6369,27038470698;-3,22507858276367;
196,75;196,75;1;1;1;2;0;0;-6369,84884777102;-3,22770476341248;
196,8;196,8;1;1;1;2;0;0;-6370,30571736257;-3,23164731264114;
196,85;196,85;1;1;1;2;0;0;-6371,30975758038;-3,23323994874954;
196,9;196,9;1;1;1;2;0;0;-6371,88464436582;-3,23676496744156;
196,95;196,95;1;1;1;2;0;0;-6372,33078512156;-3,23731929063797;
197;197;1;1;1;2;0;0;-6372,77737291212;-3,23894113302231;
197,05;197,05;1;1;1;2;0;0;-6373,05140526008;-3,24017524719238;
197,1;197,1;1;1;1;2;0;0;-6374,49800995502;-3,25113475322723;
197,15;197,15;1;1;1;2;0;0;-6376,60935543531;-3,25990527868271;
197,2;197,2;1;1;1;2;0;0;-6377,87267585185;-3,26614826917648;
197,25;197,25;1;1;1;2;0;0;-6378,89191525373;-3,27181786298752;
197,3;197,3;1;1;1;2;0;0;-6379,89595547154;-3,27788412570953;
197,35;197,35;1;1;1;2;0;0;-6381,0345531718;-3,28204363584518;
197,4;197,4;1;1;1;2;0;0;-6382,09849605621;-3,28736990690231;
197,45;197,45;1;1;1;2;0;0;-6382,90673502051;-3,29217553138733;
197,5;197,5;1;1;1;2;0;0;-6384,12535195451;-3,29801738262177;
197,55;197,55;1;1;1;2;0;0;-6385,35290958501;-3,30290883779526;
197,6;197,6;1;1;1;2;0;0;-6386,46602630022;-3,30810010433197;
197,65;197,65;1;1;1;2;0;0;-6387,35830781169;-3,3146733045578;
197,7;197,7;1;1;1;2;0;0;-6388,60106462626;-3,31927299499512;
197,75;197,75;1;1;1;2;0;0;-6389,75933185883;-3,32401156425476;
197,8;197,8;1;1;1;2;0;0;-6390,57159413655;-3,3287188410759;
197,85;197,85;1;1;1;2;0;0;-6391,3525639765;-3,33350121974945;
197,9;197,9;1;1;1;2;0;0;-6392,81123861173;-3,33935618400574;
197,95;197,95;1;1;1;2;0;0;-6393,68429762571;-3,34324657917023;
198;198;1;1;1;2;0;0;-6394,24219708779;-3,34677815437317;
198,05;198,05;1;1;1;2;0;0;-6395,08619883811;-3,35108011960983;
198,1;198,1;1;1;1;2;0;0;-6396,09023905592;-3,35593611001968;
198,15;198,15;1;1;1;2;0;0;-6397,10187886577;-3,36150199174881;
198,2;198,2;1;1;1;2;0;0;-6398,32541318285;-3,36560666561127;
198,25;198,25;1;1;1;2;0;0;-6399,47473971891;-3,3703488111496;
198,3;198,3;1;1;1;2;0;0;-6400,30845966826;-3,3743292093277;
198,35;198,35;1;1;1;2;0;0;-6401,0894295082;-3,37908983230591;
198,4;198,4;1;1;1;2;0;0;-6402,16812454185;-3,38520884513855;
198,45;198,45;1;1;1;2;0;0;-6403,41892798328;-3,38874876499176;
198,5;198,5;1;1;1;2;0;0;-6404,15564137552;-3,39298814535141;
198,55;198,55;1;1;1;2;0;0;-6404,82529954394;-3,39756786823273;
198,6;198,6;1;1;1;2;0;0;-6405,49451067754;-3,40164840221405;
198,65;198,65;1;1;1;2;0;0;-6406,46502328345;-3,40668946504593;
198,7;198,7;1;1;1;2;0;0;-6407,58082220761;-3,41175526380539;
198,75;198,75;1;1;1;2;0;0;-6408,69662113177;-3,41611325740814;
198,8;198,8;1;1;1;2;0;0;-6409,81242005593;-3,4199446439743;
198,85;198,85;1;1;1;2;0;0;-6410,6747502341;-3,42468738555908;
198,9;198,9;1;1;1;2;0;0;-6411,52501047198;-3,43064099550247;
198,95;198,95;1;1;1;2;0;0;-6412,75212106766;-3,43400955200195;
199;199;1;1;1;2;0;0;-6413,60327537519;-3,43809634447098;
199,05;199,05;1;1;1;2;0;0;-6414,2742746481;-3,44106912612915;
199,1;199,1;1;1;1;2;0;0;-6414,9434857817;-3,44564974308014;
199,15;199,15;1;1;1;2;0;0;-6415,65471818888;-3,44825744628906;
199,2;199,2;1;1;1;2;0;0;-6416,43568802883;-3,45357775688171;
199,25;199,25;1;1;1;2;0;0;-6417,4705736496;-3,45783829689026;
199,3;199,3;1;1;1;2;0;0;-6418,58637257376;-3,46187680959702;
199,35;199,35;1;1;1;2;0;0;-6419,70217149792;-3,46665531396866;
199,4;199,4;1;1;1;2;0;0;-6420,20240346752;-3,46938788890839;
199,45;199,45;1;1;1;2;0;0;-6420,92257657122;-3,47405165433884;
199,5;199,5;1;1;1;2;0;0;-6421,90515911741;-3,47607254981995;
199,55;199,55;1;1;1;2;0;0;-6422,30749046026;-3,48123788833618;
199,6;199,6;1;1;1;2;0;0;-6423,62490209067;-3,48574221134186;
199,65;199,65;1;1;1;2;0;0;-6424,60837870651;-3,48956972360611;
199,7;199,7;1;1;1;2;0;0;-6425,12872724326;-3,4922930598259;
199,75;199,75;1;1;1;2;0;0;-6425,57486799899;-3,49551439285278;
199,8;199,8;1;1;1;2;0;0;-6426,2758186052;-3,49717080593109;
199,85;199,85;1;1;1;2;0;0;-6427,05678844514;-3,50032895803452;
199,9;199,9;1;1;1;2;0;0;-6427,83775828509;-3,50573390722275;
199,95;199,95;1;1;1;2;0;0;-6429,5355965519;-3,51617693901062;
200;200;1;1;1;2;0;0;-6431,17621436106;-3,52198660373688;
200,05;200,05;1;1;1;2;0;0;-6432,11051714612;-3,52972030639648;
200,1;200,1;1;1;1;2;0;0;-6433,43731650786;-3,53412270545959;
200,15;200,15;1;1;1;2;0;0;-6434,24779064628;-3,53752881288528;
200,2;200,2;1;1;1;2;0;0;-6435,45076136139;-3,54419440031052;
200,25;200,25;1;1;1;2;0;0;-6436,69396521078;-3,54841202497482;
200,3;200,3;1;1;1;2;0;0;-6437,86072610504;-3,55815529823303;
200,35;200,35;1;1;1;2;0;0;-6439,11331768577;-3,56085866689682;
200,4;200,4;1;1;1;2;0;0;-6439,81426829197;-3,56421202421188;
200,45;200,45;1;1;1;2;0;0;-6440,4839264604;-3,57000857591629;
200,5;200,5;1;1;1;2;0;0;-6441,58765544427;-3,57589244842529;
200,55;200,55;1;1;1;2;0;0;-6442,81476603995;-3,58025372028351;
200,6;200,6;1;1;1;2;0;0;-6444,01773675506;-3,58585894107819;
200,65;200,65;1;1;1;2;0;0;-6444,91046530135;-3,59054118394852;
200,7;200,7;1;1;1;2;0;0;-6445,80274681282;-3,59519422054291;
200,75;200,75;1;1;1;2;0;0;-6446,69547535911;-3,59829932451248;
200,8;200,8;1;1;1;2;0;0;-6447,58820390541;-3,60246628522873;
200,85;200,85;1;1;1;2;0;0;-6448,4809324517;-3,60800981521606;
200,9;200,9;1;1;1;2;0;0;-6449,47960825161;-3,6128643155098;
200,95;200,95;1;1;1;2;0;0;-6450,70716588212;-3,61714392900467;
201;201;1;1;1;2;0;0;-6451,66158523431;-3,62228155136108;
201,05;201,05;1;1;1;2;0;0;-6452,55431378061;-3,62637370824814;
201,1;201,1;1;1;1;2;0;0;-6453,4470423269;-3,63063395023346;
201,15;201,15;1;1;1;2;0;0;-6454,33977087319;-3,63574355840683;
201,2;201,2;1;1;1;2;0;0;-6455,23249941949;-3,64019513130188;
201,25;201,25;1;1;1;2;0;0;-6456,12478093095;-3,64451169967651;
201,3;201,3;1;1;1;2;0;0;-6457,01750947725;-3,64983528852463;
201,35;201,35;1;1;1;2;0;0;-6458,17890595359;-3,65352272987366;
201,4;201,4;1;1;1;2;0;0;-6459,33002062896;-3,65793406963348;
201,45;201,45;1;1;1;2;0;0;-6460,15927023005;-3,66339057683945;
201,5;201,5;1;1;1;2;0;0;-6460,94024007;-3,66745084524155;
201,55;201,55;1;1;1;2;0;0;-6461,76948967108;-3,67270290851593;
201,6;201,6;1;1;1;2;0;0;-6462,88528859524;-3,67573082447052;
201,65;201,65;1;1;1;2;0;0;-6463,80305109176;-3,67993026971817;
201,7;201,7;1;1;1;2;0;0;-6464,47226222536;-3,68431240320206;
201,75;201,75;1;1;1;2;0;0;-6465,37929588606;-3,68805855512619;
201,8;201,8;1;1;1;2;0;0;-6466,3837831387;-3,69241625070572;
201,85;201,85;1;1;1;2;0;0;-6467,38782335652;-3,69652986526489;
201,9;201,9;1;1;1;2;0;0;-6468,39186357433;-3,70131760835648;
201,95;201,95;1;1;1;2;0;0;-6469,26671072761;-3,70575755834579;
202;202;1;1;1;2;0;0;-6470,04768056756;-3,7095707654953;
202,05;202,05;1;1;1;2;0;0;-6470,82909744233;-3,7149515748024;
202,1;202,1;1;1;1;2;0;0;-6471,61006728228;-3,7186935544014;
202,15;202,15;1;1;1;2;0;0;-6472,39818967943;-3,72356355190277;
202,2;202,2;1;1;1;2;0;0;-6473,39820658381;-3,72764617204666;
202,25;202,25;1;1;1;2;0;0;-6474,40269383645;-3,73259663581848;
202,3;202,3;1;1;1;2;0;0;-6475,40673405427;-3,73682528734207;
202,35;202,35;1;1;1;2;0;0;-6476,41122130691;-3,74168455600739;
202,4;202,4;1;1;1;2;0;0;-6477,41526152472;-3,74673515558243;
202,45;202,45;1;1;1;2;0;0;-6478,41930174254;-3,75099241733551;
202,5;202,5;1;1;1;2;0;0;-6479,42378899517;-3,75604897737503;
202,55;202,55;1;1;1;2;0;0;-6480,41978258613;-3,76020818948746;
202,6;202,6;1;1;1;2;0;0;-6481,27451317227;-3,76426309347153;
202,65;202,65;1;1;1;2;0;0;-6482,05548301221;-3,76933068037033;
202,7;202,7;1;1;1;2;0;0;-6483,09349787676;-3,77353608608246;
202,75;202,75;1;1;1;2;0;0;-6484,29378638291;-3,77931088209152;
202,8;202,8;1;1;1;2;0;0;-6485,15075214318;-3,78297924995422;
202,85;202,85;1;1;1;2;0;0;-6485,93172198312;-3,78862082958221;
202,9;202,9;1;1;1;2;0;0;-6487,09848287738;-3,79280775785446;
202,95;202,95;1;1;1;2;0;0;-6488,08419466735;-3,79702240228653;
203;203;1;1;1;2;0;0;-6488,75340580095;-3,80118846893311;
203,05;203,05;1;1;1;2;0;0;-6489,4552504768;-3,80582898855209;
203,1;203,1;1;1;1;2;0;0;-6490,49371237617;-3,81151109933853;
203,15;203,15;1;1;1;2;0;0;-6491,72127000668;-3,81521195173264;
203,2;203,2;1;1;1;2;0;0;-6492,790577309;-3,8192680478096;
203,25;203,25;1;1;1;2;0;0;-6493,57154714895;-3,82493883371353;
203,3;203,3;1;1;1;2;0;0;-6494,35251698889;-3,82742762565613;
203,35;203,35;1;1;1;2;0;0;-6495,01323446081;-3,83100301027298;
203,4;203,4;1;1;1;2;0;0;-6495,95916015133;-3,83608490228653;
203,45;203,45;1;1;1;2;0;0;-6496,87289933441;-3,83886814117432;
203,5;203,5;1;1;1;2;0;0;-6497,57116773166;-3,84445607662201;
203,55;203,55;1;1;1;2;0;0;-6498,75446891446;-3,84664326906204;
203,6;203,6;1;1;1;2;0;0;-6499,21402071495;-3,85040521621704;
203,65;203,65;1;1;1;2;0;0;-6499,70397088357;-3,85402530431747;
203,7;203,7;1;1;1;2;0;0;-6501,62040918;-3,8652315735817;
203,75;203,75;1;1;1;2;0;0;-6503,41212476014;-3,87187629938126;
203,8;203,8;1;1;1;2;0;0;-6504,34821568449;-3,87729316949844;
203,85;203,85;1;1;1;2;0;0;-6505,24317940491;-3,88358592987061;
203,9;203,9;1;1;1;2;0;0;-6506,52929859754;-3,88630479574203;
203,95;203,95;1;1;1;2;0;0;-6507,19895676597;-3,89181971549988;
204;204;1;1;1;2;0;0;-6508,06039287449;-3,89661282300949;
204,05;204,05;1;1;1;2;0;0;-6509,39926217651;-3,90229523181915;
204,1;204,1;1;1;1;2;0;0;-6510,30048438449;-3,9067929983139;
204,15;204,15;1;1;1;2;0;0;-6511,20617694072;-3,91075879335403;
204,2;204,2;1;1;1;2;0;0;-6512,42792311849;-3,91483396291733;
204,25;204,25;1;1;1;2;0;0;-6513,12350930679;-3,91996324062347;
204,3;204,3;1;1;1;2;0;0;-6513,79272044039;-3,9239239692688;
204,35;204,35;1;1;1;2;0;0;-6514,92371854862;-3,92853021621704;
204,4;204,4;1;1;1;2;0;0;-6516,01984794046;-3,93252044916153;
204,45;204,45;1;1;1;2;0;0;-6516,68950610889;-3,9367863535881;
204,5;204,5;1;1;1;2;0;0;-6517,35871724249;-3,94009649753571;
204,55;204,55;1;1;1;2;0;0;-6518,28407933103;-3,94579976797104;
204,6;204,6;1;1;1;2;0;0;-6519,28856658367;-3,94962519407272;
204,65;204,65;1;1;1;2;0;0;-6520,29260680149;-3,95393282175064;
204,7;204,7;1;1;1;2;0;0;-6521,26893086013;-3,95817518234253;
204,75;204,75;1;1;1;2;0;0;-6522,0503477349;-3,96293759346008;
204,8;204,8;1;1;1;2;0;0;-6523,03248324627;-3,96757513284683;
204,85;204,85;1;1;1;2;0;0;-6524,03652346408;-3,9719620347023;
204,9;204,9;1;1;1;2;0;0;-6525,02491746301;-3,97471040487289;
204,95;204,95;1;1;1;2;0;0;-6525,0740912938;-3,97417724132538;
205;205;1;1;1;2;0;0;-6525,0740912938;-3,97416442632675;
205,05;205,05;1;1;1;2;0;0;-6525,0740912938;-3,97392243146896;
205,1;205,1;1;1;1;2;0;0;-6525,10985407983;-3,97466778755188;
205,15;205,15;1;1;2;2;0;0;-6525,3329244577;-3,97466152906418;
205,15;205,15;1;1;2;2;0;0;-6525,3329244577;-3,97466152906418;
205,2;205,2;1;1;2;2;0;0;-6525,55599483556;-3,97364467382431;
205,25;205,25;1;1;2;2;0;0;-6525,77906521343;-3,97299200296402;
205,3;205,3;1;1;2;2;0;0;-6525,99543006892;-3,97215902805328;
205,35;205,35;1;1;2;2;0;0;-6525,89574130286;-3,97129535675049;
205,4;205,4;1;1;2;2;0;0;-6525,78398259651;-3,97069096565247;
205,45;205,45;1;1;2;2;0;0;-6525,67267092499;-3,97002071142197;
205,5;205,5;1;1;2;2;0;0;-6525,58684023852;-3,96935403347015;
205,55;205,55;1;1;2;2;0;0;-6525,80901654673;-3,96826833486557;
205,6;205,6;1;1;2;2;0;0;-6526,01554663606;-3,96777629852295;
205,65;205,65;1;1;2;2;0;0;-6525,90959938244;-3,96691977977753;
205,7;205,7;1;1;2;2;0;0;-6525,7978406761;-3,96643877029419;
205,75;205,75;1;1;2;2;0;0;-6525,68652900458;-3,96565437316895;
205,8;205,8;1;1;2;2;0;0;-6525,57477029823;-3,965183198452;
205,85;205,85;1;1;2;2;0;0;-6525,7433024274;-3,96444141864777;
205,9;205,9;1;1;2;2;0;0;-6525,90647013867;-3,96392077207565;
205,95;205,95;1;1;2;2;0;0;-6525,79471143232;-3,96340012550354;
206;206;1;1;2;2;0;0;-6525,6833997608;-3,96287947893143;
206,05;206,05;1;1;2;2;0;0;-6525,57164105445;-3,96235853433609;
206,1;206,1;1;1;2;2;0;0;-6525,51307949233;-3,96183788776398;
206,15;206,15;1;1;2;2;0;0;-6525,62483819867;-3,96107524633408;
206,2;206,2;1;1;2;2;0;0;-6525,73614987019;-3,96004348993301;
206,25;206,25;1;1;2;2;0;0;-6525,80052288505;-3,959801197052;
206,3;206,3;1;1;2;2;0;0;-6525,68921121353;-3,95929485559464;
206,35;206,35;1;1;2;2;0;0;-6525,57745250718;-3,95842701196671;
206,4;206,4;1;1;2;2;0;0;-6525,46569380084;-3,95757853984833;
206,45;206,45;1;1;2;2;0;0;-6525,35438212932;-3,95676732063293;
206,5;206,5;1;1;2;2;0;0;-6525,24262342297;-3,95631223917007;
206,55;206,55;1;1;2;2;0;0;-6525,1621571544;-3,95612984895706;
206,6;206,6;1;1;2;2;0;0;-6525,1621571544;-3,9554962515831;
206,65;206,65;1;1;2;2;0;0;-6525,1621571544;-3,95508646965027;
206,7;206,7;1;1;2;2;0;0;-6525,1621571544;-3,95471453666687;
206,75;206,75;1;1;2;2;0;0;-6525,1621571544;-3,95420521497726;
206,8;206,8;1;1;2;2;0;0;-6525,1621571544;-3,95367801189423;
206,85;206,85;1;1;2;2;0;0;-6525,1621571544;-3,95336627960205;
206,9;206,9;1;1;2;2;0;0;-6525,1621571544;-3,95265847444534;
206,95;206,95;1;1;2;2;0;0;-6525,1621571544;-3,95180940628052;
207;207;1;1;2;2;0;0;-6525,1621571544;-3,95143330097198;
207,05;207,05;1;1;2;2;0;0;-6525,1621571544;-3,95082145929337;
207,1;207,1;1;1;2;2;0;0;-6525,1621571544;-3,95063102245331;
207,15;207,15;1;1;2;2;0;0;-6525,1621571544;-3,94979774951935;
207,2;207,2;1;1;2;2;0;0;-6525,1621571544;-3,94935131072998;
207,25;207,25;1;1;2;2;0;0;-6525,1621571544;-3,94902467727661;
207,3;207,3;1;1;2;2;0;0;-6525,1621571544;-3,94872725009918;
207,35;207,35;1;1;2;2;0;0;-6525,1621571544;-3,94831389188766;
207,4;207,4;1;1;2;2;0;0;-6525,1621571544;-3,94803524017334;
207,45;207,45;1;1;2;2;0;0;-6525,1621571544;-3,947514295578;
207,5;207,5;1;1;2;2;0;0;-6525,1621571544;-3,94707381725311;
207,55;207,55;1;1;2;2;0;0;-6525,1621571544;-3,94677609205246;
207,6;207,6;1;1;2;2;0;0;-6525,1621571544;-3,94647866487503;
207,65;207,65;1;1;2;2;0;0;-6525,1621571544;-3,94608736038208;
207,7;207,7;1;1;2;2;0;0;-6525,1621571544;-3,94562095403671;
207,75;207,75;1;1;2;2;0;0;-6525,1621571544;-3,94532322883606;
207,8;207,8;1;1;2;2;0;0;-6525,1621571544;-3,94502580165863;
207,85;207,85;1;1;2;2;0;0;-6525,1621571544;-3,94405871629715;
207,9;207,9;1;1;2;2;0;0;-6525,1621571544;-3,94328236579895;
207,95;207,95;1;1;2;2;0;0;-6525,14695797034;-3,94194960594177;
208;208;1;1;2;2;0;0;-6524,92344055765;-3,94130140542984;
208,05;208,05;1;1;2;2;0;0;-6524,70037017978;-3,94032210111618;
208,1;208,1;1;1;2;2;0;0;-6524,47729980191;-3,93866717815399;
208,15;208,15;1;1;2;2;0;0;-6524,25422942404;-3,93758356571198;
208,2;208,2;1;1;2;2;0;0;-6524,03115904618;-3,93617272377014;
208,25;208,25;1;1;2;2;0;0;-6523,81434715587;-3,93592089414597;
208,3;208,3;1;1;2;2;0;0;-6523,80987680761;-3,93537670373917;
208,35;208,35;1;1;2;2;0;0;-6523,80987680761;-3,93511146306992;
208,4;208,4;1;1;2;2;0;0;-6523,80987680761;-3,93488824367523;
208,45;208,45;1;1;2;2;0;0;-6523,80987680761;-3,93466532230377;
208,5;208,5;1;1;2;2;0;0;-6523,80987680761;-3,93444210290909;
208,55;208,55;1;1;2;2;0;0;-6523,80987680761;-3,9341214299202;
208,6;208,6;1;1;2;2;0;0;-6523,80987680761;-3,9337494969368;
208,65;208,65;1;1;2;2;0;0;-6523,80987680761;-3,9334961771965;
208,7;208,7;1;1;2;2;0;0;-6523,80987680761;-3,93327295780182;
208,75;208,75;1;1;2;2;0;0;-6523,80987680761;-3,93291056156158;
208,8;208,8;1;1;2;2;0;0;-6523,80987680761;-3,93251717090607;
208,85;208,85;1;1;2;2;0;0;-6523,80987680761;-3,93252789974213;
208,9;208,9;1;1;2;2;0;0;-6523,80987680761;-3,93215596675873;
208,95;208,95;1;1;2;2;0;0;-6523,80987680761;-3,93178403377533;
209;209;1;1;2;2;0;0;-6523,80987680761;-3,93170386552811;
209,05;209,05;1;1;2;2;0;0;-6523,80987680761;-3,93121719360352;
209,1;209,1;1;1;2;2;0;0;-6523,80987680761;-3,93097996711731;
209,15;209,15;1;1;2;2;0;0;-6523,80987680761;-3,93085390329361;
209,2;209,2;1;1;2;2;0;0;-6523,80987680761;-3,93045634031296;
209,25;209,25;1;1;2;2;0;0;-6523,80987680761;-3,93038868904114;
209,3;209,3;1;1;2;2;0;0;-6523,80987680761;-3,92995327711105;
209,35;209,35;1;1;2;2;0;0;-6523,80987680761;-3,92973393201828;
209,4;209,4;1;1;2;2;0;0;-6523,80987680761;-3,92958521842957;
209,45;209,45;1;1;2;2;0;0;-6523,80987680761;-3,92932295799255;
209,5;209,5;1;1;2;2;0;0;-6523,80987680761;-3,92902135848999;
209,55;209,55;1;1;2;2;0;0;-6523,80987680761;-3,92891675233841;
209,6;209,6;1;1;2;2;0;0;-6523,80987680761;-3,9284884929657;
209,65;209,65;1;1;2;2;0;0;-6523,80987680761;-3,92833977937698;
209,7;209,7;1;1;2;2;0;0;-6523,80987680761;-3,92809629440308;
209,75;209,75;1;1;2;2;0;0;-6523,80987680761;-3,92772436141968;
209,8;209,8;1;1;2;2;0;0;-6523,80987680761;-3,92742663621902;
209,85;209,85;1;1;2;2;0;0;-6523,80987680761;-3,92743080854416;
209,9;209,9;1;1;2;2;0;0;-6523,80987680761;-3,92698019742966;
209,95;209,95;1;1;2;2;0;0;-6523,80987680761;-3,92693787813187;
210;210;1;1;2;2;0;0;-6523,80987680761;-3,92648071050644;
210,05;210,05;1;1;2;2;0;0;-6523,80987680761;-3,9263316988945;
210,1;210,1;1;1;2;2;0;0;-6523,80987680761;-3,92611026763916;
210,15;210,15;1;1;2;2;0;0;-6523,80987680761;-3,92573833465576;
210,2;210,2;1;1;2;2;0;0;-6523,80987680761;-3,92566174268723;
210,25;210,25;1;1;2;2;0;0;-6523,80987680761;-3,92531007528305;
210,3;210,3;1;1;2;2;0;0;-6523,80987680761;-3,92515391111374;
210,35;210,35;1;1;2;2;0;0;-6523,80987680761;-3,92478197813034;
210,4;210,4;1;1;2;2;0;0;-6523,80987680761;-3,92453372478485;
210,45;210,45;1;1;2;2;0;0;-6523,80987680761;-3,92438501119614;
210,5;210,5;1;1;2;2;0;0;-6523,80987680761;-3,92423629760742;
210,55;210,55;1;1;2;2;0;0;-6523,80987680761;-3,9238965511322;
210,6;210,6;1;1;2;2;0;0;-6523,80987680761;-3,9236107468605;
210,65;210,65;1;1;2;2;0;0;-6523,80987680761;-3,92346203327179;
210,7;210,7;1;1;2;2;0;0;-6523,80987680761;-3,92331331968308;
210,75;210,75;1;1;2;2;0;0;-6523,80987680761;-3,92298132181168;
210,8;210,8;1;1;2;2;0;0;-6523,80987680761;-3,92272442579269;
210,85;210,85;1;1;2;2;0;0;-6523,80987680761;-3,92255187034607;
210,9;210,9;1;1;2;2;0;0;-6523,80987680761;-3,92214417457581;
210,95;210,95;1;1;2;2;0;0;-6523,80987680761;-3,92218381166458;
211;211;1;1;2;2;0;0;-6523,80987680761;-3,92183303833008;
211,05;211,05;1;1;2;2;0;0;-6523,80987680761;-3,92156183719635;
211,1;211,1;1;1;2;2;0;0;-6523,80987680761;-3,92151445150375;
211,15;211,15;1;1;2;2;0;0;-6523,80987680761;-3,92102360725403;
211,2;211,2;1;1;2;2;0;0;-6523,80987680761;-3,92098277807236;
211,25;211,25;1;1;2;2;0;0;-6523,80987680761;-3,92078787088394;
211,3;211,3;1;1;2;2;0;0;-6523,80987680761;-3,92056465148926;
211,35;211,35;1;1;2;2;0;0;-6523,80987680761;-3,9203417301178;
211,4;211,4;1;1;2;2;0;0;-6523,80987680761;-3,92011851072311;
211,45;211,45;1;1;2;2;0;0;-6523,80987680761;-3,91989529132843;
211,5;211,5;1;1;2;2;0;0;-6523,80987680761;-3,91967207193375;
211,55;211,55;1;1;2;2;0;0;-6523,80987680761;-3,91944915056229;
211,6;211,6;1;1;2;2;0;0;-6523,80987680761;-3,9192259311676;
211,65;211,65;1;1;2;2;0;0;-6523,80987680761;-3,91900271177292;
211,7;211,7;1;1;2;2;0;0;-6523,80987680761;-3,91877949237823;
211,75;211,75;1;1;2;2;0;0;-6523,80987680761;-3,91855627298355;
211,8;211,8;1;1;2;2;0;0;-6523,80987680761;-3,91833335161209;
211,85;211,85;1;1;2;2;0;0;-6523,80987680761;-3,91816288232803;
211,9;211,9;1;1;2;2;0;0;-6523,80987680761;-3,91808867454529;
211,95;211,95;1;1;2;2;0;0;-6523,80987680761;-3,91784340143204;
212;212;1;1;2;2;0;0;-6523,80987680761;-3,91755640506744;
212,05;212,05;1;1;2;2;0;0;-6523,80987680761;-3,91733318567276;
212,1;212,1;1;1;2;2;0;0;-6523,80987680761;-3,9172226190567;
212,15;212,15;1;1;2;2;0;0;-6523,80987680761;-3,91714990139008;
212,2;212,2;1;1;2;2;0;0;-6523,80987680761;-3,9169043302536;
212,25;212,25;1;1;2;2;0;0;-6523,80987680761;-3,91653537750244;
212,3;212,3;1;1;2;2;0;0;-6523,80987680761;-3,91655683517456;
212,35;212,35;1;1;2;2;0;0;-6523,80987680761;-3,916135430336;
212,4;212,4;1;1;2;2;0;0;-6523,80987680761;-3,91606986522675;
212,45;212,45;1;1;2;2;0;0;-6523,80987680761;-3,91596019268036;
212,5;212,5;1;1;2;2;0;0;-6523,80987680761;-3,91551434993744;
212,55;212,55;1;1;2;2;0;0;-6523,80987680761;-3,91557961702347;
212,6;212,6;1;1;2;2;0;0;-6523,80987680761;-3,91538113355637;
212,65;212,65;1;1;2;2;0;0;-6523,80987680761;-3,9149883389473;
212,7;212,7;1;1;2;2;0;0;-6523,80987680761;-3,91491383314133;
212,75;212,75;1;1;2;2;0;0;-6523,80987680761;-3,91483932733536;
212,8;212,8;1;1;2;2;0;0;-6523,80987680761;-3,91448736190796;
212,85;212,85;1;1;2;2;0;0;-6523,80987680761;-3,91447633504868;
212,9;212,9;1;1;2;2;0;0;-6523,80987680761;-3,91403406858444;
212,95;212,95;1;1;2;2;0;0;-6523,80987680761;-3,91395807266235;
213;213;1;1;2;2;0;0;-6523,80987680761;-3,91388356685638;
213,05;213,05;1;1;2;2;0;0;-6523,80987680761;-3,91351372003555;
213,1;213,1;1;1;2;2;0;0;-6523,80987680761;-3,91334980726242;
213,15;213,15;1;1;2;2;0;0;-6523,80987680761;-3,91319155693054;
213,2;213,2;1;1;2;2;0;0;-6523,80987680761;-3,91310274600983;
213,25;213,25;1;1;2;2;0;0;-6523,80987680761;-3,91280502080917;
213,3;213,3;1;1;2;2;0;0;-6523,80987680761;-3,91250759363174;
213,35;213,35;1;1;2;2;0;0;-6523,80987680761;-3,91237616539001;
213,4;213,4;1;1;2;2;0;0;-6523,80987680761;-3,91224145889282;
213,45;213,45;1;1;2;2;0;0;-6523,80987680761;-3,91214698553085;
213,5;213,5;1;1;2;2;0;0;-6523,80987680761;-3,9117905497551;
213,55;213,55;1;1;2;2;0;0;-6523,80987680761;-3,91186475753784;
213,6;213,6;1;1;2;2;0;0;-6523,80987680761;-3,9113512635231;
213,65;213,65;1;1;2;2;0;0;-6523,80987680761;-3,91145616769791;
213,7;213,7;1;1;2;2;0;0;-6523,80987680761;-3,91105145215988;
213,75;213,75;1;1;2;2;0;0;-6523,80987680761;-3,91097187995911;
213,8;213,8;1;1;2;2;0;0;-6523,80987680761;-3,91065329313278;
213,85;213,85;1;1;2;2;0;0;-6523,80987680761;-3,91056537628174;
213,9;213,9;1;1;2;2;0;0;-6523,80987680761;-3,91048282384872;
213,95;213,95;1;1;2;2;0;0;-6523,80987680761;-3,91018509864807;
214;214;1;1;2;2;0;0;-6523,80987680761;-3,909892141819;
214,05;214,05;1;1;2;2;0;0;-6523,80987680761;-3,90992164611816;
214,1;214,1;1;1;2;2;0;0;-6523,80987680761;-3,90964686870575;
214,15;214,15;1;1;2;2;0;0;-6523,80987680761;-3,90960544347763;
214,2;214,2;1;1;2;2;0;0;-6523,80987680761;-3,90923351049423;
214,25;214,25;1;1;2;2;0;0;-6523,80987680761;-3,90913426876068;
214,3;214,3;1;1;2;2;0;0;-6523,80987680761;-3,90900701284409;
214,35;214,35;1;1;2;2;0;0;-6523,80987680761;-3,90865862369537;
214,4;214,4;1;1;2;2;0;0;-6523,80987680761;-3,90856504440308;
214,45;214,45;1;1;2;2;0;0;-6523,80987680761;-3,90849083662033;
214,5;214,5;1;1;2;2;0;0;-6523,80987680761;-3,90830636024475;
214,55;214,55;1;1;2;2;0;0;-6523,80987680761;-3,90808314085007;
214,6;214,6;1;1;2;2;0;0;-6523,80987680761;-3,90809625387192;
214,65;214,65;1;1;2;2;0;0;-6523,80987680761;-3,90771150588989;
214,7;214,7;1;1;2;2;0;0;-6523,80987680761;-3,90769630670547;
214,75;214,75;1;1;2;2;0;0;-6523,80987680761;-3,90757292509079;
214,8;214,8;1;1;2;2;0;0;-6523,80987680761;-3,90723705291748;
214,85;214,85;1;1;2;2;0;0;-6523,80987680761;-3,90716284513474;
214,9;214,9;1;1;2;2;0;0;-6523,80987680761;-3,90685975551605;
214,95;214,95;1;1;2;2;0;0;-6523,80987680761;-3,90693962574005;
215;215;1;1;2;2;0;0;-6523,80987680761;-3,90649408102036;
215,05;215,05;1;1;2;2;0;0;-6523,80987680761;-3,90652447938919;
215,1;215,1;1;1;2;2;0;0;-6523,80987680761;-3,90632569789886;
215,15;215,15;1;1;2;2;0;0;-6523,80987680761;-3,90625238418579;
215,2;215,2;1;1;2;2;0;0;-6523,80987680761;-3,90602916479111;
215,25;215,25;1;1;2;2;0;0;-6523,80987680761;-3,90580594539642;
215,3;215,3;1;1;2;2;0;0;-6523,80987680761;-3,90558302402496;
215,35;215,35;1;1;2;2;0;0;-6523,80987680761;-3,90554308891296;
215,4;215,4;1;1;2;2;0;0;-6523,80987680761;-3,90527486801147;
215,45;215,45;1;1;2;2;0;0;-6523,80987680761;-3,90527486801147;
215,5;215,5;1;1;2;2;0;0;-6523,80987680761;-3,90492737293243;
215,55;215,55;1;1;2;2;0;0;-6523,80987680761;-3,90485286712646;
215,6;215,6;1;1;2;2;0;0;-6523,80987680761;-3,90477865934372;
215,65;215,65;1;1;2;2;0;0;-6523,80987680761;-3,90451461076736;
215,7;215,7;1;1;2;2;0;0;-6523,80987680761;-3,90428423881531;
215,75;215,75;1;1;2;2;0;0;-6523,80987680761;-3,90421003103256;
215,8;215,8;1;1;2;2;0;0;-6523,80987680761;-3,90413552522659;
215,85;215,85;1;1;2;2;0;0;-6523,80987680761;-3,90391409397125;
215,9;215,9;1;1;2;2;0;0;-6523,80987680761;-3,90370309352875;
215,95;215,95;1;1;2;2;0;0;-6523,80987680761;-3,90355437994003;
216;216;1;1;2;2;0;0;-6523,80987680761;-3,90352308750153;
216,05;216,05;1;1;2;2;0;0;-6523,80987680761;-3,90338540077209;
216,1;216,1;1;1;2;2;0;0;-6523,80987680761;-3,90308618545532;
216,15;216,15;1;1;2;2;0;0;-6523,80987680761;-3,90312075614929;
216,2;216,2;1;1;2;2;0;0;-6523,80987680761;-3,90296429395676;
216,25;216,25;1;1;2;2;0;0;-6523,80987680761;-3,9027002453804;
216,3;216,3;1;1;2;2;0;0;-6523,80987680761;-3,90267074108124;
216,35;216,35;1;1;2;2;0;0;-6523,80987680761;-3,90229642391205;
216,4;216,4;1;1;2;2;0;0;-6523,80987680761;-3,90236467123032;
216,45;216,45;1;1;2;2;0;0;-6523,80987680761;-3,90218764543533;
216,5;216,5;1;1;2;2;0;0;-6523,80987680761;-3,90197247266769;
216,55;216,55;1;1;2;2;0;0;-6523,80987680761;-3,9017716050148;
216,6;216,6;1;1;2;2;0;0;-6523,80987680761;-3,90178322792053;
216,65;216,65;1;1;2;2;0;0;-6523,80987680761;-3,90156894922256;
216,7;216,7;1;1;2;2;0;0;-6523,80987680761;-3,90131443738937;
216,75;216,75;1;1;2;2;0;0;-6523,80987680761;-3,90116572380066;
216,8;216,8;1;1;2;2;0;0;-6523,80987680761;-3,90101701021194;
216,85;216,85;1;1;2;2;0;0;-6523,80987680761;-3,90092611312866;
216,9;216,9;1;1;2;2;0;0;-6523,80987680761;-3,90080869197845;
216,95;216,95;1;1;2;2;0;0;-6523,80987680761;-3,90080869197845;
217;217;1;1;2;2;0;0;-6523,80987680761;-3,9004048705101;
217,05;217,05;1;1;2;2;0;0;-6523,80987680761;-3,90052109956741;
217,1;217,1;1;1;2;2;0;0;-6523,80987680761;-3,90017688274384;
217,15;217,15;1;1;2;2;0;0;-6523,80987680761;-3,90007764101028;
217,2;217,2;1;1;2;2;0;0;-6523,80987680761;-3,90004068613052;
217,25;217,25;1;1;2;2;0;0;-6523,80987680761;-3,89969825744629;
217,3;217,3;1;1;2;2;0;0;-6523,80987680761;-3,89969646930695;
217,35;217,35;1;1;2;2;0;0;-6523,80987680761;-3,89945477247238;
217,4;217,4;1;1;2;2;0;0;-6523,80987680761;-3,89954119920731;
217,45;217,45;1;1;2;2;0;0;-6523,80987680761;-3,89910787343979;
217,5;217,5;1;1;2;2;0;0;-6523,80987680761;-3,89921367168427;
217,55;217,55;1;1;2;2;0;0;-6523,80987680761;-3,89890670776367;
217,6;217,6;1;1;2;2;0;0;-6523,80987680761;-3,89900267124176;
217,65;217,65;1;1;2;2;0;0;-6523,80987680761;-3,89866441488266;
217,7;217,7;1;1;2;2;0;0;-6523,80987680761;-3,89866441488266;
217,75;217,75;1;1;2;2;0;0;-6523,80987680761;-3,89850437641144;
217,8;217,8;1;1;2;2;0;0;-6523,80987680761;-3,89823108911514;
217,85;217,85;1;1;2;2;0;0;-6523,80987680761;-3,89823108911514;
217,9;217,9;1;1;2;2;0;0;-6523,80987680761;-3,89823108911514;
217,95;217,95;1;1;2;2;0;0;-6523,80987680761;-3,89792382717133;
218;218;1;1;2;2;0;0;-6523,80987680761;-3,8979908823967;
218,05;218,05;1;1;2;2;0;0;-6523,80987680761;-3,89783531427383;
218,1;218,1;1;1;2;2;0;0;-6523,80987680761;-3,89774143695831;
218,15;218,15;1;1;2;2;0;0;-6523,80987680761;-3,8975927233696;
218,2;218,2;1;1;2;2;0;0;-6523,80987680761;-3,89747112989426;
218,25;218,25;1;1;2;2;0;0;-6523,80987680761;-3,89739662408829;
218,3;218,3;1;1;2;2;0;0;-6523,80987680761;-3,89732241630554;
218,35;218,35;1;1;2;2;0;0;-6523,80987680761;-3,89724791049957;
218,4;218,4;1;1;2;2;0;0;-6523,80987680761;-3,89717370271683;
218,45;218,45;1;1;2;2;0;0;-6523,80987680761;-3,89697045087814;
218,5;218,5;1;1;2;2;0;0;-6523,80987680761;-3,89673829078674;
218,55;218,55;1;1;2;2;0;0;-6523,80987680761;-3,89688342809677;
218,6;218,6;1;1;2;2;0;0;-6523,80987680761;-3,89658600091934;
218,65;218,65;1;1;2;2;0;0;-6523,80987680761;-3,89655113220215;
218,7;218,7;1;1;2;2;0;0;-6523,80987680761;-3,89627784490585;
218,75;218,75;1;1;2;2;0;0;-6523,80987680761;-3,89626741409302;
218,8;218,8;1;1;2;2;0;0;-6523,80987680761;-3,89632493257523;
218,85;218,85;1;1;2;2;0;0;-6523,80987680761;-3,89603823423386;
218,9;218,9;1;1;2;2;0;0;-6523,8854256931;-3,89591932296753;
218,95;218,95;1;1;2;2;0;0;-6523,99718439945;-3,89604181051254;
219;219;1;1;2;2;0;0;-6524,10849607097;-3,89566987752914;
219,05;219,05;1;1;2;2;0;0;-6524,22025477732;-3,895583152771;
219,1;219,1;1;1;2;2;0;0;-6524,33156644884;-3,89550864696503;
219,15;219,15;1;1;2;2;0;0;-6524,44332515518;-3,89543294906616;
219,2;219,2;1;1;2;2;0;0;-6524,40711533433;-3,89528423547745;
219,25;219,25;1;1;2;2;0;0;-6524,29580366281;-3,89513522386551;
219,3;219,3;1;1;2;2;0;0;-6524,18404495646;-3,89498651027679;
219,35;219,35;1;1;2;2;0;0;-6524,07228625011;-3,89483779668808;
219,4;219,4;1;1;2;2;0;0;-6524,0861443297;-3,89468908309937;
219,45;219,45;1;1;2;2;0;0;-6524,19790303605;-3,89454036951065;
219,5;219,5;1;1;2;2;0;0;-6524,30966174239;-3,89445096254349;
219,55;219,55;1;1;2;2;0;0;-6524,31100284687;-3,89442026615143;
219,6;219,6;1;1;2;2;0;0;-6524,19924414052;-3,89427155256271;
219,65;219,65;1;1;2;2;0;0;-6524,08748543418;-3,894122838974;
219,7;219,7;1;1;2;2;0;0;-6523,97617376266;-3,89397412538528;
219,75;219,75;1;1;2;2;0;0;-6523,9153770264;-3,89382541179657;
219,8;219,8;1;1;2;2;0;0;-6524,02713573275;-3,89367640018463;
219,85;219,85;1;1;2;2;0;0;-6524,13844740427;-3,89356821775436;
219,9;219,9;1;1;2;2;0;0;-6524,25020611062;-3,89356821775436;
219,95;219,95;1;1;2;2;0;0;-6524,31144988169;-3,89340341091156;
220;220;1;1;2;2;0;0;-6524,20013821017;-3,89318466186523;
220,05;220,05;1;1;2;2;0;0;-6524,08837950383;-3,89333128929138;
220,1;220,1;1;1;2;2;0;0;-6524,01193654869;-3,89290452003479;
220,15;220,15;1;1;2;2;0;0;-6524,12324822021;-3,89298498630524;
220,2;220,2;1;1;2;2;0;0;-6524,23500692655;-3,89284014701843;
220,25;220,25;1;1;2;2;0;0;-6524,34631859807;-3,89258354902267;
220,3;220,3;1;1;2;2;0;0;-6524,45807730442;-3,89258354902267;
220,35;220,35;1;1;2;2;0;0;-6524,38923394131;-3,89255523681641;
220,4;220,4;1;1;2;2;0;0;-6524,27792226979;-3,89240652322769;
220,45;220,45;1;1;2;2;0;0;-6524,16616356344;-3,89225780963898;
220,5;220,5;1;1;2;2;0;0;-6524,0544048571;-3,89210909605026;
220,55;220,55;1;1;2;2;0;0;-6523,94309318558;-3,89196038246155;
220,6;220,6;1;1;2;2;0;0;-6523,84519255882;-3,89198809862137;
220,65;220,65;1;1;2;2;0;0;-6523,84519255882;-3,89191150665283;
220,7;220,7;1;1;2;2;0;0;-6523,84519255882;-3,89150053262711;
220,75;220,75;1;1;2;2;0;0;-6523,84519255882;-3,89159798622131;
220,8;220,8;1;1;2;2;0;0;-6523,84519255882;-3,89128923416138;
220,85;220,85;1;1;2;2;0;0;-6523,84519255882;-3,89131426811218;
220,9;220,9;1;1;2;2;0;0;-6523,84519255882;-3,89110386371613;
220,95;220,95;1;1;2;2;0;0;-6523,84519255882;-3,89100521802902;
221;221;1;1;2;2;0;0;-6523,84519255882;-3,89110296964645;
221,05;221,05;1;1;2;2;0;0;-6523,84519255882;-3,89081001281738;
221,1;221,1;1;1;2;2;0;0;-6523,84519255882;-3,89062374830246;
221,15;221,15;1;1;2;2;0;0;-6523,84519255882;-3,89054924249649;
221,2;221,2;1;1;2;2;0;0;-6523,84519255882;-3,89047503471375;
221,25;221,25;1;1;2;2;0;0;-6523,84519255882;-3,89021873474121;
221,3;221,3;1;1;2;2;0;0;-6523,84519255882;-3,89012634754181;
221,35;221,35;1;1;2;2;0;0;-6523,84519255882;-3,89004409313202;
221,4;221,4;1;1;2;2;0;0;-6523,84519255882;-3,88998121023178;
221,45;221,45;1;1;2;2;0;0;-6523,84519255882;-3,88969600200653;
221,5;221,5;1;1;2;2;0;0;-6523,84519255882;-3,8897180557251;
221,55;221,55;1;1;2;2;0;0;-6523,84519255882;-3,88943523168564;
221,6;221,6;1;1;2;2;0;0;-6523,84519255882;-3,88943523168564;
221,65;221,65;1;1;2;2;0;0;-6523,84519255882;-3,88934671878815;
221,7;221,7;1;1;2;2;0;0;-6523,84519255882;-3,88912349939346;
221,75;221,75;1;1;2;2;0;0;-6523,84519255882;-3,88915777206421;
221,8;221,8;1;1;2;2;0;0;-6523,84519255882;-3,88906568288803;
221,85;221,85;1;1;2;2;0;0;-6523,84519255882;-3,88891696929932;
221,9;221,9;1;1;2;2;0;0;-6523,84519255882;-3,8887682557106;
221,95;221,95;1;1;2;2;0;0;-6523,84519255882;-3,88872385025024;
222;222;1;1;2;2;0;0;-6523,84519255882;-3,88863533735275;
222,05;222,05;1;1;2;2;0;0;-6523,84519255882;-3,88830572366714;
222,1;222,1;1;1;2;2;0;0;-6523,84519255882;-3,88836234807968;
222,15;222,15;1;1;2;2;0;0;-6523,84519255882;-3,88798385858536;
222,2;222,2;1;1;2;2;0;0;-6523,84519255882;-3,88794124126434;
222,25;222,25;1;1;2;2;0;0;-6523,84519255882;-3,88786792755127;
222,3;222,3;1;1;2;2;0;0;-6523,84519255882;-3,88765633106232;
222,35;222,35;1;1;2;2;0;0;-6523,84519255882;-3,88770699501038;
222,4;222,4;1;1;2;2;0;0;-6523,84519255882;-3,88748735189438;
222,45;222,45;1;1;2;2;0;0;-6523,84519255882;-3,88743311166763;
222,5;222,5;1;1;2;2;0;0;-6523,84519255882;-3,88733595609665;
222,55;222,55;1;1;2;2;0;0;-6523,84519255882;-3,88720870018005;
222,6;222,6;1;1;2;2;0;0;-6523,84519255882;-3,88728618621826;
222,65;222,65;1;1;2;2;0;0;-6523,84519255882;-3,88691425323486;
222,7;222,7;1;1;2;2;0;0;-6523,84519255882;-3,88694077730179;
222,75;222,75;1;1;2;2;0;0;-6523,84519255882;-3,88697922229767;
222,8;222,8;1;1;2;2;0;0;-6523,84519255882;-3,88670265674591;
222,85;222,85;1;1;2;2;0;0;-6523,84519255882;-3,88679981231689;
222,9;222,9;1;1;2;2;0;0;-6523,84519255882;-3,88650476932526;
222,95;222,95;1;1;2;2;0;0;-6523,84519255882;-3,88640701770782;
223;223;1;1;2;2;0;0;-6523,84519255882;-3,8863080739975;
223,05;223,05;1;1;2;2;0;0;-6523,84519255882;-3,88629853725433;
223,1;223,1;1;1;2;2;0;0;-6523,84519255882;-3,88606995344162;
223,15;223,15;1;1;2;2;0;0;-6523,84519255882;-3,88599276542664;
223,2;223,2;1;1;2;2;0;0;-6523,84519255882;-3,88591766357422;
223,25;223,25;1;1;2;2;0;0;-6523,84519255882;-3,88572067022324;
223,3;223,3;1;1;2;2;0;0;-6523,84519255882;-3,8858625292778;
223,35;223,35;1;1;2;2;0;0;-6523,84519255882;-3,8855716586113;
223,4;223,4;1;1;2;2;0;0;-6523,84519255882;-3,88567537069321;
223,45;223,45;1;1;2;2;0;0;-6523,84519255882;-3,88545781373978;
223,5;223,5;1;1;2;2;0;0;-6523,84519255882;-3,88530254364014;
223,55;223,55;1;1;2;2;0;0;-6523,84519255882;-3,88524919748306;
223,6;223,6;1;1;2;2;0;0;-6523,84519255882;-3,88504296541214;
223,65;223,65;1;1;2;2;0;0;-6523,84519255882;-3,88510435819626;
223,7;223,7;1;1;2;2;0;0;-6523,84519255882;-3,88489186763763;
223,75;223,75;1;1;2;2;0;0;-6523,84519255882;-3,88489872217178;
223,8;223,8;1;1;2;2;0;0;-6523,84519255882;-3,88480603694916;
223,85;223,85;1;1;2;2;0;0;-6523,84519255882;-3,88464838266373;
223,9;223,9;1;1;2;2;0;0;-6523,84519255882;-3,88454377651215;
223,95;223,95;1;1;2;2;0;0;-6523,84519255882;-3,88436734676361;
224;224;1;1;2;2;0;0;-6523,84519255882;-3,88436734676361;
224,05;224,05;1;1;2;2;0;0;-6523,84519255882;-3,88436734676361;
224,1;224,1;1;1;2;2;0;0;-6523,84519255882;-3,88409435749054;
224,15;224,15;1;1;2;2;0;0;-6523,84519255882;-3,88406962156296;
224,2;224,2;1;1;2;2;0;0;-6523,9381758025;-3,8840189576149;
224,25;224,25;1;1;2;2;0;0;-6524,04948747402;-3,88387024402618;
224,3;224,3;1;1;2;2;0;0;-6524,16124618037;-3,88372153043747;
224,35;224,35;1;1;2;2;0;0;-6524,27300488671;-3,8836070895195;
224,4;224,4;1;1;2;2;0;0;-6524,38431655823;-3,88366967439651;
224,45;224,45;1;1;2;2;0;0;-6524,47461759296;-3,88338327407837;
224,5;224,5;1;1;2;2;0;0;-6524,36285888661;-3,88342589139938;
224,55;224,55;1;1;2;2;0;0;-6524,25154721509;-3,88326317071915;
224,6;224,6;1;1;2;2;0;0;-6524,13978850875;-3,88326317071915;
224,65;224,65;1;1;2;2;0;0;-6524,02847683723;-3,88314425945282;
224,7;224,7;1;1;2;2;0;0;-6524,09240281726;-3,88292074203491;
224,75;224,75;1;1;2;2;0;0;-6524,2041615236;-3,88292074203491;
224,8;224,8;1;1;2;2;0;0;-6524,31547319512;-3,88285964727402;
224,85;224,85;1;1;2;2;0;0;-6524,42723190147;-3,88263642787933;
224,9;224,9;1;1;2;2;0;0;-6524,39638649852;-3,88248980045319;
224,95;224,95;1;1;2;2;0;0;-6524,285074827;-3,88256400823593;
225;225;1;1;2;2;0;0;-6524,17331612065;-3,8824188709259;
225,05;225,05;1;1;2;2;0;0;-6524,0615574143;-3,88227015733719;
225,1;225,1;1;1;2;2;0;0;-6524,06647479738;-3,88222187757492;
225,15;225,15;1;1;2;2;0;0;-6524,17823350373;-3,88207346200943;
225,2;225,2;1;1;2;2;0;0;-6524,28999221008;-3,88199687004089;
225,25;225,25;1;1;2;2;0;0;-6524,4013038816;-3,88200581073761;
225,3;225,3;1;1;2;2;0;0;-6524,51306258794;-3,8818570971489;
225,35;225,35;1;1;2;2;0;0;-6524,53407322474;-3,88170838356018;
225,4;225,4;1;1;2;2;0;0;-6524,53407322474;-3,88155966997147;
225,45;225,45;1;1;2;2;0;0;-6524,40443312537;-3,88141065835953;
225,5;225,5;1;1;2;2;0;0;-6524,18136274751;-3,88126194477081;
225,55;225,55;1;1;2;2;0;0;-6523,95829236964;-3,8811132311821;
225,6;225,6;1;1;2;2;0;0;-6523,7937835539;-3,88133555650711;
225,65;225,65;1;1;2;2;0;0;-6523,87872017072;-3,8809734582901;
225,7;225,7;1;1;2;2;0;0;-6523,99047887707;-3,88090968132019;
225,75;225,75;1;1;2;2;0;0;-6524,10179054859;-3,88105601072311;
225,8;225,8;1;1;2;2;0;0;-6524,21354925493;-3,880874812603;
225,85;225,85;1;1;2;2;0;0;-6524,32486092645;-3,88065189123154;
225,9;225,9;1;1;2;2;0;0;-6524,36598813039;-3,88074159622192;
225,95;225,95;1;1;2;2;0;0;-6524,25467645887;-3,88072401285172;
226;226;1;1;2;2;0;0;-6524,14291775252;-3,88048827648163;
226,05;226,05;1;1;2;2;0;0;-6524,031606081;-3,88048470020294;
226,1;226,1;1;1;2;2;0;0;-6523,91984737466;-3,88037741184235;
226,15;226,15;1;1;2;2;0;0;-6523,84787476777;-3,88015419244766;
226,2;226,2;1;1;2;2;0;0;-6523,84787476777;-3,87996166944504;
226,25;226,25;1;1;2;2;0;0;-6523,84787476777;-3,88015925884247;
226,3;226,3;1;1;2;2;0;0;-6523,84787476777;-3,87974768877029;
226,35;226,35;1;1;2;2;0;0;-6523,84787476777;-3,87986212968826;
226,4;226,4;1;1;2;2;0;0;-6523,84787476777;-3,8795667886734;
226,45;226,45;1;1;2;2;0;0;-6523,84787476777;-3,87962728738785;
226,5;226,5;1;1;2;2;0;0;-6523,84787476777;-3,87954711914063;
226,55;226,55;1;1;2;2;0;0;-6523,84787476777;-3,87939840555191;
226,6;226,6;1;1;2;2;0;0;-6523,84787476777;-3,8792496919632;
226,65;226,65;1;1;2;2;0;0;-6523,84787476777;-3,87915343046188;
226,7;226,7;1;1;2;2;0;0;-6523,84787476777;-3,87908726930618;
226,75;226,75;1;1;2;2;0;0;-6523,84787476777;-3,87911558151245;
226,8;226,8;1;1;2;2;0;0;-6523,84787476777;-3,87892246246338;
226,85;226,85;1;1;2;2;0;0;-6523,84787476777;-3,87884259223938;
226,9;226,9;1;1;2;2;0;0;-6523,84787476777;-3,87875854969025;
226,95;226,95;1;1;2;2;0;0;-6523,84787476777;-3,87879818677902;
227;227;1;1;2;2;0;0;-6523,84787476777;-3,87851059436798;
227,05;227,05;1;1;2;2;0;0;-6523,84787476777;-3,87850612401962;
227,1;227,1;1;1;2;2;0;0;-6523,84787476777;-3,87850612401962;
227,15;227,15;1;1;2;2;0;0;-6523,84787476777;-3,87847900390625;
227,2;227,2;1;1;2;2;0;0;-6523,84787476777;-3,87825578451157;
227,25;227,25;1;1;2;2;0;0;-6523,84787476777;-3,87810170650482;
227,3;227,3;1;1;2;2;0;0;-6523,84787476777;-3,87810170650482;
227,35;227,35;1;1;2;2;0;0;-6523,84787476777;-3,87804806232452;
227,4;227,4;1;1;2;2;0;0;-6523,84787476777;-3,87789905071259;
227,45;227,45;1;1;2;2;0;0;-6523,84787476777;-3,87775033712387;
227,5;227,5;1;1;2;2;0;0;-6523,84787476777;-3,87760162353516;
227,55;227,55;1;1;2;2;0;0;-6523,84787476777;-3,87778043746948;
227,6;227,6;1;1;2;2;0;0;-6523,84787476777;-3,87744516134262;
227,65;227,65;1;1;2;2;0;0;-6523,84787476777;-3,87755542993546;
227,7;227,7;1;1;2;2;0;0;-6523,84787476777;-3,87746095657349;
227,75;227,75;1;1;2;2;0;0;-6523,84787476777;-3,87729704380035;
227,8;227,8;1;1;2;2;0;0;-6523,84787476777;-3,87735843658447;
227,85;227,85;1;1;2;2;0;0;-6523,84787476777;-3,87709826231003;
227,9;227,9;1;1;2;2;0;0;-6523,84787476777;-3,87694925069809;
227,95;227,95;1;1;2;2;0;0;-6523,84787476777;-3,87684464454651;
228;228;1;1;2;2;0;0;-6523,84787476777;-3,87684464454651;
228,05;228,05;1;1;2;2;0;0;-6523,84787476777;-3,87671679258347;
228,1;228,1;1;1;2;2;0;0;-6523,84787476777;-3,87656807899475;
228,15;228,15;1;1;2;2;0;0;-6523,84787476777;-3,87654066085815;
228,2;228,2;1;1;2;2;0;0;-6523,84787476777;-3,87653976678848;
228,25;228,25;1;1;2;2;0;0;-6523,84787476777;-3,87631803750992;
228,3;228,3;1;1;2;2;0;0;-6523,84787476777;-3,87612998485565;
228,35;228,35;1;1;2;2;0;0;-6523,84787476777;-3,87623935937881;
228,4;228,4;1;1;2;2;0;0;-6523,84787476777;-3,8761031627655;
228,45;228,45;1;1;2;2;0;0;-6523,84787476777;-3,87600243091583;
228,5;228,5;1;1;2;2;0;0;-6523,84787476777;-3,87580782175064;
228,55;228,55;1;1;2;2;0;0;-6523,84787476777;-3,87577444314957;
228,6;228,6;1;1;2;2;0;0;-6523,84787476777;-3,87584865093231;
228,65;228,65;1;1;2;2;0;0;-6523,92074144431;-3,87550264596939;
228,7;228,7;1;1;2;2;0;0;-6524,03250015065;-3,87557715177536;
228,75;228,75;1;1;2;2;0;0;-6524,14381182217;-3,87565046548843;
228,8;228,8;1;1;2;2;0;0;-6524,25557052852;-3,87531161308289;
228,85;228,85;1;1;2;2;0;0;-6524,32709610058;-3,87551546096802;
228,9;228,9;1;1;2;2;0;0;-6524,21578442906;-3,87521803379059;
228,95;228,95;1;1;2;2;0;0;-6524,10402572272;-3,87515932321548;
229;229;1;1;2;2;0;0;-6523,99405515567;-3,87506008148193;
229,05;229,05;1;1;2;2;0;0;-6524,09776723516;-3,87491106987;
229,1;229,1;1;1;2;2;0;0;-6524,20952594151;-3,87495756149292;
229,15;229,15;1;1;2;2;0;0;-6524,32083761303;-3,87495934963226;
229,2;229,2;1;1;2;2;0;0;-6524,25110018027;-3,87473613023758;
229,25;229,25;1;1;2;2;0;0;-6524,13934147392;-3,87471556663513;
229,3;229,3;1;1;2;2;0;0;-6524,08837950383;-3,87454360723495;
229,35;229,35;1;1;2;2;0;0;-6524,31189691652;-3,87458592653275;
229,4;229,4;1;1;2;2;0;0;-6524,45718323477;-3,87448608875275;
229,45;229,45;1;1;2;2;0;0;-6524,34542452842;-3,87427270412445;
229,5;229,5;1;1;2;2;0;0;-6524,2341128569;-3,87429594993591;
229,55;229,55;1;1;2;2;0;0;-6524,12235415056;-3,87434542179108;
229,6;229,6;1;1;2;2;0;0;-6524,01104247904;-3,87403845787048;
229,65;229,65;1;1;2;2;0;0;-6523,89928377269;-3,87403845787048;
229,7;229,7;1;1;2;2;0;0;-6523,8237348872;-3,87403845787048;
229,75;229,75;1;1;2;2;0;0;-6523,93549359355;-3,87403845787048;
229,8;229,8;1;1;2;2;0;0;-6524,04680526507;-3,87373685836792;
229,85;229,85;1;1;2;2;0;0;-6524,15856397141;-3,87366354465485;
229,9;229,9;1;1;2;2;0;0;-6524,27032267776;-3,87373805046082;
229,95;229,95;1;1;2;2;0;0;-6524,33335458814;-3,87356579303741;
230;230;1;1;2;2;0;0;-6524,22204291662;-3,87353390455246;
230,05;230,05;1;1;2;2;0;0;-6524,11028421027;-3,8733771443367;
230,1;230,1;1;1;2;2;0;0;-6523,99897253875;-3,87342303991318;
230,15;230,15;1;1;2;2;0;0;-6523,8872138324;-3,87312561273575;
230,2;230,2;1;1;2;2;0;0;-6523,85055697672;-3,87328863143921;
230,25;230,25;1;1;2;2;0;0;-6523,96231568307;-3,87300729751587;
230,3;230,3;1;1;2;2;0;0;-6524,07362735459;-3,87314826250076;
230,35;230,35;1;1;2;2;0;0;-6524,18538606094;-3,87285232543945;
230,4;230,4;1;1;2;2;0;0;-6524,29714476728;-3,87274712324142;
230,45;230,45;1;1;2;2;0;0;-6524,4084564388;-3,87278825044632;
230,5;230,5;1;1;2;2;0;0;-6524,36241185179;-3,87263953685761;
230,55;230,55;1;1;2;2;0;0;-6524,25110018027;-3,87250006198883;
230,6;230,6;1;1;2;2;0;0;-6524,13934147392;-3,87258470058441;
230,65;230,65;1;1;2;2;0;0;-6524,0280298024;-3,87239396572113;
230,7;230,7;1;1;2;2;0;0;-6524,059769275;-3,87217581272125;
230,75;230,75;1;1;2;2;0;0;-6524,17152798135;-3,87230098247528;
230,8;230,8;1;1;2;2;0;0;-6524,28328668769;-3,87215673923492;
230,85;230,85;1;1;2;2;0;0;-6524,35168301598;-3,87217283248901;
230,9;230,9;1;1;2;2;0;0;-6524,24037134446;-3,87201130390167;
230,95;230,95;1;1;2;2;0;0;-6524,12861263811;-3,87197643518448;
231;231;1;1;2;2;0;0;-6524,01730096659;-3,87168169021606;
231,05;231,05;1;1;2;2;0;0;-6524,03473532478;-3,87168169021606;
231,1;231,1;1;1;2;2;0;0;-6524,14649403113;-3,87168169021606;
231,15;231,15;1;1;2;2;0;0;-6524,25825273747;-3,87143284082413;
231,2;231,2;1;1;2;2;0;0;-6524,27658116531;-3,87154221534729;
231,25;231,25;1;1;2;2;0;0;-6524,16482245897;-3,87126803398132;
231,3;231,3;1;1;2;2;0;0;-6524,05306375262;-3,87134432792664;
231,35;231,35;1;1;2;2;0;0;-6523,9945021905;-3,8711953163147;
231,4;231,4;1;1;2;2;0;0;-6524,10581386202;-3,87104660272598;
231,45;231,45;1;1;2;2;0;0;-6524,21757256836;-3,870909512043;
231,5;231,5;1;1;2;2;0;0;-6524,31055581204;-3,870909512043;
231,55;231,55;1;1;2;2;0;0;-6524,1987971057;-3,870909512043;
231,6;231,6;1;1;2;2;0;0;-6524,08703839935;-3,87070506811142;
231,65;231,65;1;1;2;2;0;0;-6524,02087724519;-3,87087672948837;
231,7;231,7;1;1;2;2;0;0;-6524,24394762306;-3,87052178382874;
231,75;231,75;1;1;2;2;0;0;-6524,4048801602;-3,87052178382874;
231,8;231,8;1;1;2;2;0;0;-6524,29356848868;-3,87052178382874;
231,85;231,85;1;1;2;2;0;0;-6524,18180978233;-3,87028694152832;
231,9;231,9;1;1;2;2;0;0;-6524,07005107599;-3,87042284011841;
231,95;231,95;1;1;2;2;0;0;-6523,96499789202;-3,87019336223602;
232;232;1;1;2;2;0;0;-6524,07139218046;-3,87012302875519;
232,05;232,05;1;1;2;2;0;0;-6524,18315088681;-3,86992365121841;
232,1;232,1;1;1;2;2;0;0;-6524,27345192154;-3,86968731880188;
232,15;232,15;1;1;2;2;0;0;-6524,16169321519;-3,8698548078537;
232,2;232,2;1;1;2;2;0;0;-6524,05306375262;-3,86978000402451;
232,25;232,25;1;1;2;2;0;0;-6524,2622760509;-3,86963129043579;
232,3;232,3;1;1;2;2;0;0;-6524,19969117535;-3,86948257684708;
232,35;232,35;1;1;2;2;0;0;-6523,97662079748;-3,86933356523514;
232,4;232,4;1;1;2;2;0;0;-6523,79065431012;-3,86935830116272;
232,45;232,45;1;1;2;2;0;0;-6524,01104247904;-3,86936783790588;
232,5;232,5;1;1;2;2;0;0;-6524,2341128569;-3,86922478675842;
232,55;232,55;1;1;2;2;0;0;-6524,38297545376;-3,86911392211914;
232,6;232,6;1;1;2;2;0;0;-6524,27166378224;-3,86917769908905;
232,65;232,65;1;1;2;2;0;0;-6524,15990507589;-3,86895477771759;
232,7;232,7;1;1;2;2;0;0;-6524,04814636954;-3,86887967586517;
232,75;232,75;1;1;2;2;0;0;-6524,04144084716;-3,86887967586517;
232,8;232,8;1;1;2;2;0;0;-6524,15319955351;-3,86887967586517;
232,85;232,85;1;1;2;2;0;0;-6524,26495825985;-3,8686865568161;
232,9;232,9;1;1;2;2;0;0;-6524,19164454849;-3,86859536170959;
232,95;232,95;1;1;2;2;0;0;-6524,07988584214;-3,86852115392685;
233;233;1;1;2;2;0;0;-6523,96857417062;-3,86844664812088;
233,05;233,05;1;1;2;2;0;0;-6523,99137294672;-3,86837244033813;
233,1;233,1;1;1;2;2;0;0;-6524,10268461824;-3,86829793453217;
233,15;233,15;1;1;2;2;0;0;-6524,21444332458;-3,8682234287262;
233,2;233,2;1;1;2;2;0;0;-6524,13442409084;-3,86814922094345;
233,25;233,25;1;1;2;2;0;0;-6523,91135371297;-3,86807471513748;
233,3;233,3;1;1;2;2;0;0;-6523,74550379276;-3,86789530515671;
233,35;233,35;1;1;2;2;0;0;-6523,74550379276;-3,86789232492447;
233,4;233,4;1;1;2;2;0;0;-6523,74550379276;-3,86782318353653;
233,45;233,45;1;1;2;2;0;0;-6523,94801056866;-3,8679027557373;
233,5;233,5;1;1;2;2;0;0;-6524,17108094652;-3,86754959821701;
233,55;233,55;1;1;2;2;0;0;-6524,39415132439;-3,86769682168961;
233,6;233,6;1;1;2;2;0;0;-6524,32664906576;-3,86755585670471;
233,65;233,65;1;1;2;2;0;0;-6524,21533739424;-3,867407143116;
233,7;233,7;1;1;2;2;0;0;-6524,10357868789;-3,86727958917618;
233,75;233,75;1;1;2;2;0;0;-6523,99226701637;-3,86728465557098;
233,8;233,8;1;1;2;2;0;0;-6523,9381758025;-3,86734873056412;
233,85;233,85;1;1;2;2;0;0;-6524,04948747402;-3,86703163385391;
233,9;233,9;1;1;2;2;0;0;-6524,16124618037;-3,86717230081558;
233,95;233,95;1;1;2;2;0;0;-6524,27300488671;-3,8669490814209;
234;234;1;1;2;2;0;0;-6524,29312145385;-3,86681407690048;
234,05;234,05;1;1;2;2;0;0;-6524,18136274751;-3,86681407690048;
234,1;234,1;1;1;2;2;0;0;-6524,06960404116;-3,86681407690048;
234,15;234,15;1;1;2;2;0;0;-6523,95829236964;-3,86656016111374;
234,2;234,2;1;1;2;2;0;0;-6524,04009974269;-3,86670827865601;
234,25;234,25;1;1;2;2;0;0;-6524,15185844903;-3,86647343635559;
234,3;234,3;1;1;2;2;0;0;-6524,26361715538;-3,86655539274216;
234,35;234,35;1;1;2;2;0;0;-6524,31547319512;-3,86630058288574;
234,4;234,4;1;1;2;2;0;0;-6524,2041615236;-3,86636555194855;
234,45;234,45;1;1;2;2;0;0;-6524,09240281726;-3,86625826358795;
234,5;234,5;1;1;2;2;0;0;-6523,98109114573;-3,86613130569458;
234,55;234,55;1;1;2;2;0;0;-6523,99494922532;-3,86605679988861;
234,6;234,6;1;1;2;2;0;0;-6524,10626089684;-3,86598259210587;
234,65;234,65;1;1;2;2;0;0;-6524,21801960319;-3,8659080862999;
234,7;234,7;1;1;2;2;0;0;-6524,256911633;-3,86583358049393;
234,75;234,75;1;1;2;2;0;0;-6524,14515292665;-3,86575937271118;
234,8;234,8;1;1;2;2;0;0;-6524,0333942203;-3,86568486690521;
234,85;234,85;1;1;2;2;0;0;-6524,18628013059;-3,86561065912247;
234,9;234,9;1;1;2;2;0;0;-6524,27121674741;-3,8655361533165;
234,95;234,95;1;1;2;2;0;0;-6524,04769933472;-3,86556684970856;
235;235;1;1;2;2;0;0;-6523,82462895685;-3,86542856693268;
235,05;235,05;1;1;2;2;0;0;-6523,86530912596;-3,8655498623848;
235,1;235,1;1;1;2;2;0;0;-6523,97706783231;-3,86520683765411;
235,15;235,15;1;1;2;2;0;0;-6524,08837950383;-3,86535555124283;
235,2;235,2;1;1;2;2;0;0;-6524,20013821017;-3,86523991823196;
235,25;235,25;1;1;2;2;0;0;-6524,31144988169;-3,86509090662003;
235,3;235,3;1;1;2;2;0;0;-6524,42320858804;-3,86494219303131;
235,35;235,35;1;1;2;2;0;0;-6524,48802863772;-3,8649383187294;
235,4;235,4;1;1;3;2;0;0;-6524,38699876718;-3,8649383187294;
235,4;235,4;1;1;3;2;0;0;-6524,38699876718;-3,8649383187294;
235,45;235,45;1;1;3;2;0;0;-6524,27568709566;-3,8649383187294;
235,5;235,5;1;1;3;2;0;0;-6524,16392838932;-3,86485666036606;
235,55;235,55;1;1;3;2;0;0;-6524,05216968297;-3,86455893516541;
235,6;235,6;1;1;3;2;0;0;-6523,96946824028;-3,86426150798798;
235,65;235,65;1;1;3;2;0;0;-6524,0807799118;-3,86427879333496;
235,7;235,7;1;1;3;2;0;0;-6524,19253861814;-3,86354118585587;
235,75;235,75;1;1;3;2;0;0;-6523,84876883742;-3,86046081781387;
235,8;235,8;1;1;3;2;0;0;-6523,09104480839;-3,85535776615143;
235,85;235,85;1;1;3;2;0;0;-6521,13660855181;-3,84303212165833;
235,9;235,9;1;1;3;2;0;0;-6518,28944374894;-3,82800906896591;
235,95;235,95;1;1;3;2;0;0;-6516,50443369118;-3,81606131792068;
236;236;1;1;3;2;0;0;-6514,88169727503;-3,80929201841354;
236,05;236,05;1;1;3;2;0;0;-6514,03277814163;-3,80262762308121;
236,1;236,1;1;1;3;2;0;0;-6513,25180830168;-3,79912346601486;
236,15;236,15;1;1;3;2;0;0;-6512,47083846173;-3,79315316677094;
236,2;236,2;1;1;3;2;0;0;-6511,50747841303;-3,78722161054611;
236,25;236,25;1;1;3;2;0;0;-6509,07784413706;-3,77344936132431;
236,3;236,3;1;1;3;2;0;0;-6507,53244474571;-3,7665843963623;
236,35;236,35;1;1;3;2;0;0;-6506,52795749307;-3,76035094261169;
236,4;236,4;1;1;3;2;0;0;-6505,28788288745;-3,75208795070648;
236,45;236,45;1;1;3;2;0;0;-6504,14257966482;-3,74792069196701;
236,5;236,5;1;1;3;2;0;0;-6503,54489410328;-3,74201893806458;
236,55;236,55;1;1;3;2;0;0;-6502,33119455236;-3,73622328042984;
236,6;236,6;1;1;3;2;0;0;-6501,10408395668;-3,72910350561142;
236,65;236,65;1;1;3;2;0;0;-6499,95833369922;-3,72590720653534;
236,7;236,7;1;1;3;2;0;0;-6499,17736385927;-3,71988266706467;
236,75;236,75;1;1;3;2;0;0;-6498,39639401932;-3,71456831693649;
236,8;236,8;1;1;3;2;0;0;-6497,44242170195;-3,7096318602562;
236,85;236,85;1;1;3;2;0;0;-6496,4500043896;-3,70714485645294;
236,9;236,9;1;1;3;2;0;0;-6496,00341659904;-3,70284974575043;
236,95;236,95;1;1;3;2;0;0;-6494,84917267989;-3,69937390089035;
237;237;1;1;3;2;0;0;-6494,60732683936;-3,69591891765594;
237,05;237,05;1;1;3;2;0;0;-6493,96449076046;-3,69154155254364;
237,1;237,1;1;1;3;2;0;0;-6492,88311351785;-3,6891582608223;
237,15;237,15;1;1;3;2;0;0;-6492,42624392631;-3,68624150753021;
237,2;237,2;1;1;3;2;0;0;-6492,02882996654;-3,68418961763382;
237,25;237,25;1;1;3;2;0;0;-6491,69444791716;-3,6821523308754;
237,3;237,3;1;1;3;2;0;0;-6490,66984409737;-3,67309182882309;
237,35;237,35;1;1;3;2;0;0;-6488,43824624905;-3,66259753704071;
237,4;237,4;1;1;3;2;0;0;-6487,09401252912;-3,656105697155;
237,45;237,45;1;1;3;2;0;0;-6486,08997231131;-3,6494979262352;
237,5;237,5;1;1;3;2;0;0;-6485,08548505867;-3,64442378282547;
237,55;237,55;1;1;3;2;0;0;-6484,08144484086;-3,63813400268555;
237,6;237,6;1;1;3;2;0;0;-6482,96117556844;-3,63261729478836;
237,65;237,65;1;1;3;2;0;0;-6481,73361793794;-3,62756758928299;
237,7;237,7;1;1;3;2;0;0;-6480,99601047605;-3,62157732248306;
237,75;237,75;1;1;3;2;0;0;-6479,94503160157;-3,61603587865829;
237,8;237,8;1;1;3;2;0;0;-6478,71747397107;-3,61119151115417;
237,85;237,85;1;1;3;2;0;0;-6477,9677965689;-3,60577523708344;
237,9;237,9;1;1;3;2;0;0;-6476,86406758502;-3,59967231750488;
237,95;237,95;1;1;3;2;0;0;-6475,58554798442;-3,5940158367157;
238;238;1;1;3;2;0;0;-6474,75853355746;-3,58920246362686;
238,05;238,05;1;1;3;2;0;0;-6473,76388107098;-3,58341902494431;
238,1;238,1;1;1;3;2;0;0;-6472,76699341037;-3,57831627130508;
238,15;238,15;1;1;3;2;0;0;-6471,9855765356;-3,57406377792358;
238,2;238,2;1;1;3;2;0;0;-6471,12592856638;-3,56781452894211;
238,25;238,25;1;1;3;2;0;0;-6469,89837093588;-3,56416523456573;
238,3;238,3;1;1;3;2;0;0;-6469,47681709554;-3,56112629175186;
238,35;238,35;1;1;3;2;0;0;-6468,05569338564;-3,55532288551331;
238,4;238,4;1;1;3;2;0;0;-6467,22823192386;-3,54995280504227;
238,45;238,45;1;1;3;2;0;0;-6466,55723265095;-3,54472607374191;
238,5;238,5;1;1;3;2;0;0;-6465,29704147819;-3,53963732719421;
238,55;238,55;1;1;3;2;0;0;-6464,30328306136;-3,53488177061081;
238,6;238,6;1;1;3;2;0;0;-6463,60322652481;-3,53041261434555;
238,65;238,65;1;1;3;2;0;0;-6462,45255888427;-3,52390557527542;
238,7;238,7;1;1;3;2;0;0;-6461,59156981058;-3,51966679096222;
238,75;238,75;1;1;3;2;0;0;-6461,0336703485;-3,51515531539917;
238,8;238,8;1;1;3;2;0;0;-6459,94022316561;-3,50905269384384;
238,85;238,85;1;1;3;2;0;0;-6458,7126655351;-3,50372761487961;
238,9;238,9;1;1;3;2;0;0;-6457,48555493942;-3,49897742271423;
238,95;238,95;1;1;3;2;0;0;-6456,67061045275;-3,49451959133148;
239;239;1;1;3;2;0;0;-6456,00139931915;-3,48982036113739;
239,05;239,05;1;1;3;2;0;0;-6455,11850553901;-3,48494112491608;
239,1;239,1;1;1;3;2;0;0;-6453,91419371943;-3,47905397415161;
239,15;239,15;1;1;3;2;0;0;-6453,02101813831;-3,47420066595078;
239,2;239,2;1;1;3;2;0;0;-6452,12828959201;-3,46947193145752;
239,25;239,25;1;1;3;2;0;0;-6451,23556104572;-3,46432030200958;
239,3;239,3;1;1;3;2;0;0;-6450,34283249943;-3,46018314361572;
239,35;239,35;1;1;3;2;0;0;-6449,45010395314;-3,45377236604691;
239,4;239,4;1;1;3;2;0;0;-6448,3065888698;-3,44859689474106;
239,45;239,45;1;1;3;2;0;0;-6447,18631959739;-3,44439506530762;
239,5;239,5;1;1;3;2;0;0;-6446,51710846379;-3,44059377908707;
239,55;239,55;1;1;3;2;0;0;-6445,61320404686;-3,43407571315765;
239,6;239,6;1;1;3;2;0;0;-6444,56133110273;-3,43210011720657;
239,65;239,65;1;1;3;2;0;0;-6444,22650201852;-3,42943549156189;
239,7;239,7;1;1;3;2;0;0;-6443,5094581586;-3,42336744070053;
239,75;239,75;1;1;3;2;0;0;-6442,28100645844;-3,42050403356552;
239,8;239,8;1;1;3;2;0;0;-6441,83486570271;-3,4154886007309;
239,85;239,85;1;1;3;2;0;0;-6440,97834697727;-3,40997755527496;
239,9;239,9;1;1;3;2;0;0;-6439,75078934677;-3,40329170227051;
239,95;239,95;1;1;3;2;0;0;-6438,4289073681;-3,39558750391006;
240;240;1;1;3;2;0;0;-6436,75520898186;-3,38850021362305;
240,05;240,05;1;1;3;2;0;0;-6435,54910902298;-3,382867872715;
240,1;240,1;1;1;3;2;0;0;-6434,65638047668;-3,37713927030563;
240,15;240,15;1;1;3;2;0;0;-6433,76409896521;-3,37346851825714;
240,2;240,2;1;1;3;2;0;0;-6432,87137041892;-3,36615324020386;
240,25;240,25;1;1;3;2;0;0;-6431,45248188315;-3,36147129535675;
240,3;240,3;1;1;3;2;0;0;-6430,38004533705;-3,35728228092194;
240,35;240,35;1;1;3;2;0;0;-6429,70055240247;-3,35265070199966;
240,4;240,4;1;1;3;2;0;0;-6428,90036006503;-3,34630310535431;
240,45;240,45;1;1;3;2;0;0;-6427,60708831519;-3,34171831607819;
240,5;240,5;1;1;3;2;0;0;-6426,86948085331;-3,33775639533997;
240,55;240,55;1;1;3;2;0;0;-6426,19043495355;-3,33271056413651;
240,6;240,6;1;1;3;2;0;0;-6425,29770640725;-3,32901924848557;
240,65;240,65;1;1;3;2;0;0;-6424,46756273652;-3,32521468400955;
240,7;240,7;1;1;3;2;0;0;-6423,66871150355;-3,31980973482132;
240,75;240,75;1;1;3;2;0;0;-6422,55782996247;-3,31479728221893;
240,8;240,8;1;1;3;2;0;0;-6421,44203103831;-3,31108659505844;
240,85;240,85;1;1;3;2;0;0;-6420,71202316846;-3,3060821890831;
240,9;240,9;1;1;3;2;0;0;-6420,04236500003;-3,30321758985519;
240,95;240,95;1;1;3;2;0;0;-6419,37270683161;-3,29874336719513;
241;241;1;1;3;2;0;0;-6418,70349569801;-3,2975772023201;
241,05;241,05;1;1;3;2;0;0;-6418,08256432555;-3,29342722892761;
241,1;241,1;1;1;3;2;0;0;-6417,5304763162;-3,29313546419144;
241,15;241,15;1;1;3;2;0;0;-6417,19251798821;-3,29122751951218;
241,2;241,2;1;1;3;2;0;0;-6416,85768890399;-3,28940153121948;
241,25;241,25;1;1;3;2;0;0;-6415,15716842823;-3,27670365571976;
241,3;241,3;1;1;3;2;0;0;-6413,36053546501;-3,26857626438141;
241,35;241,35;1;1;3;2;0;0;-6412,24473654085;-3,26101958751678;
241,4;241,4;1;1;3;2;0;0;-6411,12893761669;-3,25507909059525;
241,45;241,45;1;1;3;2;0;0;-6410,01313869253;-3,24990659952164;
241,5;241,5;1;1;3;2;0;0;-6408,89733976837;-3,24454247951508;
241,55;241,55;1;1;3;2;0;0;-6407,78154084421;-3,23895245790482;
241,6;241,6;1;1;3;2;0;0;-6406,66574192005;-3,23366105556488;
241,65;241,65;1;1;3;2;0;0;-6405,73635651807;-3,22792708873749;
241,7;241,7;1;1;3;2;0;0;-6404,81635884743;-3,22272211313248;
241,75;241,75;1;1;3;2;0;0;-6403,59148342588;-3,21699768304825;
241,8;241,8;1;1;3;2;0;0;-6402,36392579537;-3,21111440658569;
241,85;241,85;1;1;3;2;0;0;-6401,13681519969;-3,20548057556152;
241,9;241,9;1;1;3;2;0;0;-6400,1841839868;-3,20139348506927;
241,95;241,95;1;1;3;2;0;0;-6399,62628452472;-3,19511443376541;
242;242;1;1;3;2;0;0;-6398,54982466519;-3,19084733724594;
242,05;242,05;1;1;3;2;0;0;-6397,32271406951;-3,18463712930679;
242,1;242,1;1;1;3;2;0;0;-6396,18501043891;-3,18088859319687;
242,15;242,15;1;1;3;2;0;0;-6395,62711097683;-3,17553490400314;
242,2;242,2;1;1;3;2;0;0;-6394,79339102749;-3,17023158073425;
242,25;242,25;1;1;3;2;0;0;-6393,53677613333;-3,16745817661285;
242,3;242,3;1;1;3;2;0;0;-6393,23323948689;-3,16684871912003;
242,35;242,35;1;1;3;2;0;0;-6393,01016910903;-3,16408753395081;
242,4;242,4;1;1;3;2;0;0;-6392,72630199491;-3,16160500049591;
242,45;242,45;1;1;3;2;0;0;-6391,45448791669;-3,15407931804657;
242,5;242,5;1;1;3;2;0;0;-6390,00385990831;-3,14785182476044;
242,55;242,55;1;1;3;2;0;0;-6388,74366873555;-3,14035505056381;
242,6;242,6;1;1;3;2;0;0;-6387,66542073673;-3,13727617263794;
242,65;242,65;1;1;3;2;0;0;-6387,15535400096;-3,1318399310112;
242,7;242,7;1;1;3;2;0;0;-6385,83749533573;-3,12599092721939;
242,75;242,75;1;1;3;2;0;0;-6384,67967513798;-3,12167167663574;
242,8;242,8;1;1;3;2;0;0;-6383,95503168604;-3,11681509017944;
242,85;242,85;1;1;3;2;0;0;-6383,19954283113;-3,11085879802704;
242,9;242,9;1;1;3;2;0;0;-6381,7583025541;-3,10636669397354;
242,95;242,95;1;1;3;2;0;0;-6380,87540877396;-3,10140997171402;
243;243;1;1;3;2;0;0;-6380,20575060553;-3,09666663408279;
243,05;243,05;1;1;3;2;0;0;-6379,17399422855;-3,09107422828674;
243,1;243,1;1;1;3;2;0;0;-6377,83691306582;-3,08570116758347;
243,15;243,15;1;1;3;2;0;0;-6376,93524382302;-3,08212906122208;
243,2;243,2;1;1;3;2;0;0;-6376,15427398307;-3,0769619345665;
243,25;243,25;1;1;3;2;0;0;-6375,3728571083;-3,07186961174011;
243,3;243,3;1;1;3;2;0;0;-6374,59188726835;-3,06727170944214;
243,35;243,35;1;1;3;2;0;0;-6373,67010145841;-3,06252658367157;
243,4;243,4;1;1;3;2;0;0;-6372,54357369844;-3,05791229009628;
243,45;243,45;1;1;3;2;0;0;-6371,31601606794;-3,05344134569168;
243,5;243,5;1;1;3;2;0;0;-6370,41747606891;-3,04825931787491;
243,55;243,55;1;1;3;2;0;0;-6369,72993650747;-3,04454118013382;
243,6;243,6;1;1;3;2;0;0;-6369,00618712517;-3,03913474082947;
243,65;243,65;1;1;3;2;0;0;-6367,4657051169;-3,03237020969391;
243,7;243,7;1;1;3;2;0;0;-6366,26049922766;-3,02795141935349;
243,75;243,75;1;1;3;2;0;0;-6365,80452370577;-3,02403032779694;
243,8;243,8;1;1;3;2;0;0;-6364,8487632491;-3,01982402801514;
243,85;243,85;1;1;3;2;0;0;-6363,9824097575;-3,01626235246658;
243,9;243,9;1;1;3;2;0;0;-6363,47189598691;-3,01194667816162;
243,95;243,95;1;1;3;2;0;0;-6361,8603354414;-3,00469577312469;
244;244;1;1;3;2;0;0;-6360,74274837794;-2,99848973751068;
244,05;244,05;1;1;3;2;0;0;-6359,62694945378;-2,99241721630096;
244,1;244,1;1;1;3;2;0;0;-6358,55943029076;-2,98769533634186;
244,15;244,15;1;1;3;2;0;0;-6357,64926738628;-2,98349976539612;
244,2;244,2;1;1;3;2;0;0;-6356,75653883998;-2,97830194234848;
244,25;244,25;1;1;3;2;0;0;-6355,86381029369;-2,97434329986572;
244,3;244,3;1;1;3;2;0;0;-6355,00505639413;-2,97022193670273;
244,35;244,35;1;1;3;2;0;0;-6354,3353982257;-2,96542435884476;
244,4;244,4;1;1;3;2;0;0;-6353,23792772938;-2,96120852231979;
244,45;244,45;1;1;3;2;0;0;-6352,20393617827;-2,95618444681168;
244,5;244,5;1;1;3;2;0;0;-6350,98084889602;-2,95117557048798;
244,55;244,55;1;1;3;2;0;0;-6350,64512574215;-2,94791549444199;
244,6;244,6;1;1;3;2;0;0;-6349,7671493451;-2,94125437736511;
244,65;244,65;1;1;3;2;0;0;-6348,3196505805;-2,93761372566223;
244,7;244,7;1;1;3;2;0;0;-6347,60171265093;-2,93322116136551;
244,75;244,75;1;1;3;2;0;0;-6346,93250151733;-2,92857110500336;
244,8;244,8;1;1;3;2;0;0;-6346,0214445432;-2,92294561862946;
244,85;244,85;1;1;3;2;0;0;-6345,01695729056;-2,91903227567673;
244,9;244,9;1;1;3;2;0;0;-6343,93826225691;-2,91362076997757;
244,95;244,95;1;1;3;2;0;0;-6342,82246333275;-2,9085099697113;
245;245;1;1;3;2;0;0;-6341,80814131395;-2,90465652942657;
245,05;245,05;1;1;3;2;0;0;-6341,027171474;-2,89814025163651;
245,1;245,1;1;1;3;2;0;0;-6340,02715456962;-2,89382666349411;
245,15;245,15;1;1;3;2;0;0;-6338,91135564546;-2,88872271776199;
245,2;245,2;1;1;3;2;0;0;-6337,99716942754;-2,88599282503128;
245,25;245,25;1;1;3;2;0;0;-6337,65697592543;-2,8827640414238;
245,3;245,3;1;1;3;2;0;0;-6337,00296397589;-2,87741243839264;
245,35;245,35;1;1;3;2;0;0;-6335,49735068399;-2,86968976259232;
245,4;245,4;1;1;3;2;0;0;-6334,57377673475;-2,86858230829239;
245,45;245,45;1;1;3;2;0;0;-6334,12763597901;-2,86478459835052;
245,5;245,5;1;1;3;2;0;0;-6333,68104818846;-2,86311835050583;
245,55;245,55;1;1;3;2;0;0;-6333,23490743272;-2,86119908094406;
245,6;245,6;1;1;3;2;0;0;-6332,61665826921;-2,8571280837059;
245,65;245,65;1;1;3;2;0;0;-6330,90362081834;-2,85100221633911;
245,7;245,7;1;1;3;2;0;0;-6329,92640269005;-2,84166246652603;
245,75;245,75;1;1;3;2;0;0;-6327,9178752196;-2,83324927091599;
245,8;245,8;1;1;3;2;0;0;-6326,48334046494;-2,82649725675583;
245,85;245,85;1;1;3;2;0;0;-6325,53741477442;-2,82041072845459;
245,9;245,9;1;1;3;2;0;0;-6324,64513326296;-2,81589329242706;
245,95;245,95;1;1;3;2;0;0;-6323,64779856752;-2,80975669622421;
246;246;1;1;3;2;0;0;-6322,3089292655;-2,80326426029205;
246,05;246,05;1;1;3;2;0;0;-6321,00090536642;-2,7988788485527;
246,1;246,1;1;1;3;2;0;0;-6320,60393844148;-2,79676020145416;
246,15;246,15;1;1;3;2;0;0;-6319,78809988515;-2,79085755348206;
246,2;246,2;1;1;3;2;0;0;-6318,50287476217;-2,78627961874008;
246,25;246,25;1;1;3;2;0;0;-6317,61014621588;-2,7800253033638;
246,3;246,3;1;1;3;2;0;0;-6316,71741766959;-2,7757802605629;
246,35;246,35;1;1;3;2;0;0;-6315,82468912329;-2,77123957872391;
246,4;246,4;1;1;3;2;0;0;-6314,931960577;-2,76670962572098;
246,45;246,45;1;1;3;2;0;0;-6313,93551995122;-2,76045799255371;
246,5;246,5;1;1;3;2;0;0;-6312,70796232071;-2,75680422782898;
246,55;246,55;1;1;3;2;0;0;-6311,72493273969;-2,75163292884827;
246,6;246,6;1;1;3;2;0;0;-6311,01861771558;-2,74733990430832;
246,65;246,65;1;1;3;2;0;0;-6310,09370266186;-2,74349004030228;
246,7;246,7;1;1;3;2;0;0;-6309,29395735925;-2,73909866809845;
246,75;246,75;1;1;3;2;0;0;-6308,62429919082;-2,73477792739868;
246,8;246,8;1;1;3;2;0;0;-6307,79504958973;-2,73026496171951;
246,85;246,85;1;1;3;2;0;0;-6306,34442158136;-2,72550612688065;
246,9;246,9;1;1;3;2;0;0;-6305,79456874614;-2,72186368703842;
246,95;246,95;1;1;3;2;0;0;-6305,12178133393;-2,7172589302063;
247;247;1;1;3;2;0;0;-6303,89422370343;-2,71275579929352;
247,05;247,05;1;1;3;2;0;0;-6302,95813277907;-2,70828247070313;
247,1;247,1;1;1;3;2;0;0;-6302,28892164547;-2,70396023988724;
247,15;247,15;1;1;3;2;0;0;-6301,29695136794;-2,69786775112152;
247,2;247,2;1;1;3;2;0;0;-6300,06984077226;-2,69333004951477;
247,25;247,25;1;1;3;2;0;0;-6299,10782182803;-2,68968343734741;
247,3;247,3;1;1;3;2;0;0;-6298,43861069443;-2,68576502799988;
247,35;247,35;1;1;3;2;0;0;-6297,76895252601;-2,68344074487686;
247,4;247,4;1;1;3;2;0;0;-6297,15874998936;-2,68121242523193;
247,45;247,45;1;1;3;2;0;0;-6296,71260923362;-2,67776250839233;
247,5;247,5;1;1;3;2;0;0;-6296,25797481621;-2,6756277680397;
247,55;247,55;1;1;3;2;0;0;-6295,59233996121;-2,67180174589157;
247,6;247,6;1;1;3;2;0;0;-6294,92268179278;-2,6703354716301;
247,65;247,65;1;1;3;2;0;0;-6294,23156595274;-2,66515105962753;
247,7;247,7;1;1;3;2;0;0;-6292,01472025366;-2,65546709299088;
247,75;247,75;1;1;3;2;0;0;-6290,87835772753;-2,64667570590973;
247,8;247,8;1;1;3;2;0;0;-6289,45544587833;-2,63826847076416;
247,85;247,85;1;1;3;2;0;0;-6287,77683010901;-2,63140141963959;
247,9;247,9;1;1;3;2;0;0;-6286,76250809021;-2,6279753446579;
247,95;247,95;1;1;3;2;0;0;-6285,98109121544;-2,62142479419708;
248;248;1;1;3;2;0;0;-6284,83757613211;-2,61637985706329;
248,05;248,05;1;1;3;2;0;0;-6283,6100185016;-2,61056512594223;
248,1;248,1;1;1;3;2;0;0;-6282,38246087109;-2,60536015033722;
248,15;248,15;1;1;3;2;0;0;-6281,37931472293;-2,60083884000778;
248,2;248,2;1;1;3;2;0;0;-6280,59119232578;-2,59580254554749;
248,25;248,25;1;1;3;2;0;0;-6279,63945518253;-2,59053975343704;
248,3;248,3;1;1;3;2;0;0;-6278,50353969123;-2,58614301681519;
248,35;248,35;1;1;3;2;0;0;-6277,72256985129;-2,58111625909805;
248,4;248,4;1;1;3;2;0;0;-6276,94160001134;-2,57686764001846;
248,45;248,45;1;1;3;2;0;0;-6275,56339164468;-2,57034063339233;
248,5;248,5;1;1;3;2;0;0;-6274,57097433232;-2,56650358438492;
248,55;248,55;1;1;3;2;0;0;-6273,90176319872;-2,56161272525787;
248,6;248,6;1;1;3;2;0;0;-6273,15700317963;-2,55741685628891;
248,65;248,65;1;1;3;2;0;0;-6272,30361369797;-2,55262851715088;
248,7;248,7;1;1;3;2;0;0;-6271,18781477381;-2,54847317934036;
248,75;248,75;1;1;3;2;0;0;-6270,07201584965;-2,54409044981003;
248,8;248,8;1;1;3;2;0;0;-6269,01567255727;-2,53961533308029;
248,85;248,85;1;1;3;2;0;0;-6268,14887203085;-2,53198176622391;
248,9;248,9;1;1;3;2;0;0;-6266,95841829085;-2,52995014190674;
248,95;248,95;1;1;3;2;0;0;-6266,40051882877;-2,5268691778183;
249;249;1;1;3;2;0;0;-6265,92308563526;-2,52203285694122;
249,05;249,05;1;1;3;2;0;0;-6264,82695624342;-2,51651555299759;
249,1;249,1;1;1;3;2;0;0;-6263,6749474984;-2,50987201929092;
249,15;249,15;1;1;3;2;0;0;-6262,60161688265;-2,50804245471954;
249,2;249,2;1;1;3;2;0;0;-6262,15547612692;-2,50350445508957;
249,25;249,25;1;1;3;2;0;0;-6261,38434105313;-2,50029325485229;
249,3;249,3;1;1;3;2;0;0;-6260,49161250683;-2,49454692006111;
249,35;249,35;1;1;3;2;0;0;-6259,53585205016;-2,49200373888016;
249,4;249,4;1;1;3;2;0;0;-6258,65519344416;-2,48984172940254;
249,45;249,45;1;1;3;2;0;0;-6258,32036435994;-2,4872413277626;
249,5;249,5;1;1;3;2;0;0;-6257,98553527573;-2,48558223247528;
249,55;249,55;1;1;3;2;0;0;-6256,74099032186;-2,47771546244621;
249,6;249,6;1;1;3;2;0;0;-6255,93766874064;-2,47783526778221;
249,65;249,65;1;1;3;2;0;0;-6255,80221718855;-2,47354447841644;
249,7;249,7;1;1;3;2;0;0;-6254,79549476178;-2,47012257575989;
249,75;249,75;1;1;3;2;0;0;-6253,15666509192;-2,46038198471069;
249,8;249,8;1;1;3;2;0;0;-6251,48028449673;-2,45316296815872;
249,85;249,85;1;1;3;2;0;0;-6250,41544754267;-2,44686052203178;
249,9;249,9;1;1;3;2;0;0;-6249,52271899637;-2,44044363498688;
249,95;249,95;1;1;3;2;0;0;-6248,36400472898;-2,43569314479828;
250;250;1;1;3;2;0;0;-6247,21512522774;-2,43079990148544;
250,05;250,05;1;1;3;2;0;0;-6246,2106379751;-2,42525890469551;
250,1;250,1;1;1;3;2;0;0;-6245,20659775728;-2,42038622498512;
250,15;250,15;1;1;3;2;0;0;-6244,20255753947;-2,41553157567978;
250,2;250,2;1;1;3;2;0;0;-6243,19807028683;-2,40959122776985;
250,25;250,25;1;1;3;2;0;0;-6242,19403006902;-2,40364536643028;
250,3;250,3;1;1;3;2;0;0;-6240,97407203054;-2,39802375435829;
250,35;250,35;1;1;3;2;0;0;-6239,74696143486;-2,39445641636848;
250,4;250,4;1;1;3;2;0;0;-6238,90340671936;-2,38825783133507;
250,45;250,45;1;1;3;2;0;0;-6238,02900660091;-2,38436788320541;
250,5;250,5;1;1;3;2;0;0;-6237,02451934827;-2,38020151853561;
250,55;250,55;1;1;3;2;0;0;-6235,93151920021;-2,37320706248283;
250,6;250,6;1;1;3;2;0;0;-6234,71245523138;-2,37003907561302;
250,65;250,65;1;1;3;2;0;0;-6234,04279706295;-2,36527845263481;
250,7;250,7;1;1;3;2;0;0;-6233,00388812876;-2,35968515276909;
250,75;250,75;1;1;3;2;0;0;-6231,85724380165;-2,35600411891937;
250,8;250,8;1;1;3;2;0;0;-6231,18758563322;-2,35002160072327;
250,85;250,85;1;1;3;2;0;0;-6230,1164901916;-2,34656468033791;
250,9;250,9;1;1;3;2;0;0;-6229,39721115756;-2,34241932630539;
250,95;250,95;1;1;3;2;0;0;-6228,47453127796;-2,33713015913963;
251;251;1;1;3;2;0;0;-6227,24697364746;-2,33025029301643;
251,05;251,05;1;1;3;2;0;0;-6226,13162175812;-2,32815533876419;
251,1;251,1;1;1;3;2;0;0;-6225,52320736077;-2,3211495578289;
251,15;251,15;1;1;3;2;0;0;-6224,33096548147;-2,31965124607086;
251,2;251,2;1;1;3;2;0;0;-6223,99345418831;-2,31634259223938;
251,25;251,25;1;1;3;2;0;0;-6223,6586251041;-2,3151496052742;
251,3;251,3;1;1;3;2;0;0;-6223,05959843808;-2,31126636266708;
251,35;251,35;1;1;3;2;0;0;-6222,12887193163;-2,30677023530006;
251,4;251,4;1;1;3;2;0;0;-6221,12438467899;-2,30400606989861;
251,45;251,45;1;1;3;2;0;0;-6220,12034446118;-2,29848742485046;
251,5;251,5;1;1;3;2;0;0;-6219,3970421137;-2,29668512940407;
251,55;251,55;1;1;3;2;0;0;-6219,06221302949;-2,29508981108665;
251,6;251,6;1;1;3;2;0;0;-6218,07337199574;-2,28617653250694;
251,65;251,65;1;1;3;2;0;0;-6216,51143231585;-2,27973312139511;
251,7;251,7;1;1;3;2;0;0;-6215,08449715322;-2,2736482322216;
251,75;251,75;1;1;3;2;0;0;-6214,04469414937;-2,26821631193161;
251,8;251,8;1;1;3;2;0;0;-6213,04020689673;-2,26312473416328;
251,85;251,85;1;1;3;2;0;0;-6212,2435908379;-2,25818768143654;
251,9;251,9;1;1;3;2;0;0;-6211,10678127695;-2,25181043148041;
251,95;251,95;1;1;3;2;0;0;-6209,95879584536;-2,24806323647499;
252;252;1;1;3;2;0;0;-6209,17469676163;-2,24251493811607;
252,05;252,05;1;1;3;2;0;0;-6208,17065654382;-2,23710715770721;
252,1;252,1;1;1;3;2;0;0;-6207,16661632601;-2,23456934094429;
252,15;252,15;1;1;3;2;0;0;-6206,16212907337;-2,22853690385818;
252,2;252,2;1;1;3;2;0;0;-6205,15808885555;-2,22446486353874;
252,25;252,25;1;1;3;2;0;0;-6204,15360160291;-2,21905678510666;
252,3;252,3;1;1;3;2;0;0;-6203,23449800192;-2,21355602145195;
252,35;252,35;1;1;3;2;0;0;-6202,34176945563;-2,2092792391777;
252,4;252,4;1;1;3;2;0;0;-6201,44904090934;-2,20567464828491;
252,45;252,45;1;1;3;2;0;0;-6200,55631236304;-2,20059871673584;
252,5;252,5;1;1;3;2;0;0;-6199,66358381675;-2,19540700316429;
252,55;252,55;1;1;3;2;0;0;-6198,19775662431;-2,19098955392838;
252,6;252,6;1;1;3;2;0;0;-6197,40114056548;-2,18539908528328;
252,65;252,65;1;1;3;2;0;0;-6196,5879842181;-2,18063324689865;
252,7;252,7;1;1;3;2;0;0;-6195,49274889591;-2,17457368969917;
252,75;252,75;1;1;3;2;0;0;-6194,37694997175;-2,16970264911652;
252,8;252,8;1;1;3;2;0;0;-6193,26115104759;-2,16541826725006;
252,85;252,85;1;1;3;2;0;0;-6192,14535212343;-2,15914353728294;
252,9;252,9;1;1;3;2;0;0;-6191,14265301009;-2,15572744607925;
252,95;252,95;1;1;3;2;0;0;-6190,47746518992;-2,15003117918968;
253;253;1;1;3;2;0;0;-6189,21727401716;-2,1468049287796;
253,05;253,05;1;1;3;2;0;0;-6188,65356310235;-2,14173644781113;
253,1;253,1;1;1;3;2;0;0;-6187,40991221813;-2,13639229536057;
253,15;253,15;1;1;3;2;0;0;-6186,39782537346;-2,1330963075161;
253,2;253,2;1;1;3;2;0;0;-6185,78762283681;-2,12953940033913;
253,25;253,25;1;1;3;2;0;0;-6184,30302018171;-2,12153986096382;
253,3;253,3;1;1;3;2;0;0;-6183,72008676941;-2,11870044469833;
253,35;253,35;1;1;3;2;0;0;-6182,60831115868;-2,11390629410744;
253,4;253,4;1;1;3;2;0;0;-6181,45943165744;-2,10761114954948;
253,45;253,45;1;1;3;2;0;0;-6180,47103765851;-2,10327476263046;
253,5;253,5;1;1;3;2;0;0;-6179,909114883;-2,10142776370049;
253,55;253,55;1;1;3;2;0;0;-6179,46297412727;-2,09751069545746;
253,6;253,6;1;1;3;2;0;0;-6178,73922474497;-2,09486335515976;
253,65;253,65;1;1;3;2;0;0;-6177,9578078702;-2,09260538220406;
253,7;253,7;1;1;3;2;0;0;-6177,33061801019;-2,09107235074043;
253,75;253,75;1;1;3;2;0;0;-6176,95689689616;-2,08861842751503;
253,8;253,8;1;1;3;2;0;0;-6176,62206781195;-2,08595618605614;
253,85;253,85;1;1;3;2;0;0;-6175,48391714652;-2,07769334316254;
253,9;253,9;1;1;3;2;0;0;-6173,81021876028;-2,07085654139519;
253,95;253,95;1;1;3;2;0;0;-6172,2062578068;-2,06342324614525;
254;254;1;1;3;2;0;0;-6171,32246995702;-2,05857694149017;
254,05;254,05;1;1;3;2;0;0;-6170,5173602365;-2,05422610044479;
254,1;254,1;1;1;3;2;0;0;-6169,62463169021;-2,04858005046844;
254,15;254,15;1;1;3;2;0;0;-6168,43462498503;-2,0444567501545;
254,2;254,2;1;1;3;2;0;0;-6167,36442361306;-2,03928485512733;
254,25;254,25;1;1;3;2;0;0;-6166,56244313632;-2,03432351350784;
254,3;254,3;1;1;3;2;0;0;-6165,34606137645;-2,02913537621498;
254,35;254,35;1;1;3;2;0;0;-6164,25619047216;-2,02390670776367;
254,4;254,4;1;1;3;2;0;0;-6163,25170321952;-2,01834380626678;
254,45;254,45;1;1;3;2;0;0;-6162,36970350904;-2,01495379209518;
254,5;254,5;1;1;3;2;0;0;-6161,70049237544;-2,01060444116592;
254,55;254,55;1;1;3;2;0;0;-6160,74920226702;-2,00533494353294;
254,6;254,6;1;1;3;2;0;0;-6159,63340334286;-2,00128272175789;
254,65;254,65;1;1;3;2;0;0;-6158,51805145353;-1,99663430452347;
254,7;254,7;1;1;3;2;0;0;-6157,61548814107;-1,99207201600075;
254,75;254,75;1;1;3;2;0;0;-6156,72320662961;-1,98764249682426;
254,8;254,8;1;1;3;2;0;0;-6155,83047808331;-1,9821585714817;
254,85;254,85;1;1;3;2;0;0;-6154,93774953702;-1,97799608111382;
254,9;254,9;1;1;3;2;0;0;-6154,04502099073;-1,97368949651718;
254,95;254,95;1;1;3;2;0;0;-6153,15273947926;-1,96898832917213;
255;255;1;1;3;2;0;0;-6152,03828165957;-1,96374803781509;
255,05;255,05;1;1;3;2;0;0;-6150,69896532272;-1,95836752653122;
255,1;255,1;1;1;3;2;0;0;-6149,70654801037;-1,95360198616982;
255,15;255,15;1;1;3;2;0;0;-6148,53084641961;-1,94734215736389;
255,2;255,2;1;1;3;2;0;0;-6147,70785530607;-1,94280058145523;
255,25;255,25;1;1;3;2;0;0;-6146,57283388442;-1,93843230605125;
255,3;255,3;1;1;3;2;0;0;-6145,7587834674;-1,93302482366562;
255,35;255,35;1;1;3;2;0;0;-6145,05470361742;-1,92833051085472;
255,4;255,4;1;1;3;2;0;0;-6143,93890469326;-1,92325487732887;
255,45;255,45;1;1;3;2;0;0;-6142,8231057691;-1,91967308521271;
255,5;255,5;1;1;3;2;0;0;-6141,92545983972;-1,9150610268116;
255,55;255,55;1;1;3;2;0;0;-6141,15477180076;-1,91026151180267;
255,6;255,6;1;1;3;2;0;0;-6139,63619449893;-1,90479889512062;
255,65;255,65;1;1;3;2;0;0;-6139,04432039012;-1,90086781978607;
255,7;255,7;1;1;3;2;0;0;-6138,2038949184;-1,89685344696045;
255,75;255,75;1;1;3;2;0;0;-6137,08809599424;-1,89137682318687;
255,8;255,8;1;1;3;2;0;0;-6136,20877849271;-1,89029216766357;
255,85;255,85;1;1;3;2;0;0;-6135,39517511051;-1,88195988535881;
255,9;255,9;1;1;3;2;0;0;-6134,07865754975;-1,87938988208771;
255,95;255,95;1;1;3;2;0;0;-6133,52075808767;-1,87455996870995;
256;256;1;1;3;2;0;0;-6132,57125611855;-1,87148615717888;
256,05;256,05;1;1;3;2;0;0;-6131,99949857688;-1,86797797679901;
256,1;256,1;1;1;3;2;0;0;-6130,74735403098;-1,86071410775185;
256,15;256,15;1;1;3;2;0;0;-6130,04863859891;-1,8608146905899;
256,2;256,2;1;1;3;2;0;0;-6129,76968886787;-1,8560229241848;
256,25;256,25;1;1;3;2;0;0;-6128,76564865005;-1,85386925935745;
256,3;256,3;1;1;3;2;0;0;-6128,02938229264;-1,84949994087219;
256,35;256,35;1;1;3;2;0;0;-6127,07362183597;-1,8445548415184;
256,4;256,4;1;1;3;2;0;0;-6125,96721064314;-1,83949574828148;
256,45;256,45;1;1;3;2;0;0;-6124,94037164924;-1,83200091123581;
256,5;256,5;1;1;3;2;0;0;-6123,74544756098;-1,8303607404232;
256,55;256,55;1;1;3;2;0;0;-6123,29930680525;-1,82671114802361;
256,6;256,6;1;1;3;2;0;0;-6122,85271901469;-1,82350799441338;
256,65;256,65;1;1;3;2;0;0;-6121,94970866741;-1,81812688708305;
256,7;256,7;1;1;3;2;0;0;-6120,5688180918;-1,81098163127899;
256,75;256,75;1;1;3;2;0;0;-6118,89511970556;-1,80500969290733;
256,8;256,8;1;1;3;2;0;0;-6117,9219248907;-1,8003936111927;
256,85;256,85;1;1;3;2;0;0;-6117,14095505075;-1,79608196020126;
256,9;256,9;1;1;3;2;0;0;-6116,3599852108;-1,79071992635727;
256,95;256,95;1;1;3;2;0;0;-6115,02424515255;-1,7861033976078;
257;257;1;1;3;2;0;0;-6114,09262457645;-1,78071901202202;
257,05;257,05;1;1;3;2;0;0;-6112,9330162394;-1,77706643939018;
257,1;257,1;1;1;3;2;0;0;-6112,23921819041;-1,77209168672562;
257,15;257,15;1;1;3;2;0;0;-6111,34693667894;-1,76728293299675;
257,2;257,2;1;1;3;2;0;0;-6110,45420813265;-1,76306486129761;
257,25;257,25;1;1;3;2;0;0;-6109,46044971582;-1,75820037722588;
257,3;257,3;1;1;3;2;0;0;-6108,456409498;-1,7535600066185;
257,35;257,35;1;1;3;2;0;0;-6107,19219501182;-1,74706235527992;
257,4;257,4;1;1;3;2;0;0;-6106,09785375927;-1,74371168017387;
257,45;257,45;1;1;3;2;0;0;-6105,40003239685;-1,73722594976425;
257,5;257,5;1;1;3;2;0;0;-6104,06831565203;-1,73073619604111;
257,55;257,55;1;1;3;2;0;0;-6102,8193003499;-1,72732710838318;
257,6;257,6;1;1;3;2;0;0;-6102,14964218148;-1,72242522239685;
257,65;257,65;1;1;3;2;0;0;-6101,22338602328;-1,71733662486076;
257,7;257,7;1;1;3;2;0;0;-6100,10758709912;-1,71328663825989;
257,75;257,75;1;1;3;2;0;0;-6098,99178817496;-1,70958191156387;
257,8;257,8;1;1;3;2;0;0;-6098,0820723053;-1,70428201556206;
257,85;257,85;1;1;3;2;0;0;-6097,30110246536;-1,69857800006866;
257,9;257,9;1;1;3;2;0;0;-6096,32611951119;-1,69432491064072;
257,95;257,95;1;1;3;2;0;0;-6095,21032058703;-1,69051811099052;
258;258;1;1;3;2;0;0;-6094,33010901585;-1,68527469038963;
258,05;258,05;1;1;3;2;0;0;-6093,5491391759;-1,68067187070847;
258,1;258,1;1;1;3;2;0;0;-6092,53884047053;-1,67605459690094;
258,15;258,15;1;1;3;2;0;0;-6091,42304154637;-1,67207047343254;
258,2;258,2;1;1;3;2;0;0;-6090,55087660205;-1,66838973760605;
258,25;258,25;1;1;3;2;0;0;-6089,75113129943;-1,66210621595383;
258,3;258,3;1;1;3;2;0;0;-6088,23657731103;-1,65679097175598;
258,35;258,35;1;1;3;2;0;0;-6087,35055428712;-1,65390536189079;
258,4;258,4;1;1;3;2;0;0;-6086,79265482504;-1,64961874485016;
258,45;258,45;1;1;3;2;0;0;-6086,07158765169;-1,64454028010368;
258,5;258,5;1;1;3;2;0;0;-6084,73271834967;-1,64030864834785;
258,55;258,55;1;1;3;2;0;0;-6083,84982456953;-1,63666218519211;
258,6;258,6;1;1;3;2;0;0;-6082,6535593768;-1,63078531622887;
258,65;258,65;1;1;3;2;0;0;-6081,85023779559;-1,62657678127289;
258,7;258,7;1;1;3;2;0;0;-6081,18057962716;-1,6227775812149;
258,75;258,75;1;1;3;2;0;0;-6080,34685967782;-1,61750540137291;
258,8;258,8;1;1;3;2;0;0;-6079,45413113153;-1,61416098475456;
258,85;258,85;1;1;3;2;0;0;-6078,56140258523;-1,61060839891434;
258,9;258,9;1;1;3;2;0;0;-6077,66912107376;-1,60643205046654;
258,95;258,95;1;1;3;2;0;0;-6076,77236921404;-1,60142689943314;
259;259;1;1;3;2;0;0;-6075,7678819614;-1,59711420536041;
259,05;259,05;1;1;3;2;0;0;-6074,95874892746;-1,5945041179657;
259,1;259,1;1;1;3;2;0;0;-6074,35301673906;-1,58987879753113;
259,15;259,15;1;1;3;2;0;0;-6072,95111552666;-1,58437132835388;
259,2;259,2;1;1;3;2;0;0;-6072,18310969664;-1,57900497317314;
259,25;259,25;1;1;3;2;0;0;-6071,07848664312;-1,57536894083023;
259,3;259,3;1;1;3;2;0;0;-6069,93139528118;-1,56975522637367;
259,35;259,35;1;1;3;2;0;0;-6069,09052277463;-1,56695663928986;
259,4;259,4;1;1;3;2;0;0;-6068,41058280522;-1,56227752566338;
259,45;259,45;1;1;3;2;0;0;-6067,46242194058;-1,55843913555145;
259,5;259,5;1;1;3;2;0;0;-6066,7529776727;-1,55611604452133;
259,55;259,55;1;1;3;2;0;0;-6066,34662301642;-1,55400559306145;
259,6;259,6;1;1;3;2;0;0;-6065,8267215145;-1,55032441020012;
259,65;259,65;1;1;3;2;0;0;-6064,88884245084;-1,54747903347015;
259,7;259,7;1;1;3;2;0;0;-6063,49811710907;-1,54117628931999;
259,75;259,75;1;1;3;2;0;0;-6062,86019841325;-1,53809741139412;
259,8;259,8;1;1;3;2;0;0;-6062,40422289136;-1,5358404815197;
259,85;259,85;1;1;3;2;0;0;-6061,95808213562;-1,53196349740028;
259,9;259,9;1;1;3;2;0;0;-6061,00589795755;-1,52726575732231;
259,95;259,95;1;1;3;2;0;0;-6058,44930579118;-1,51589035987854;
260;260;1;1;3;2;0;0;-6057,17927985226;-1,50735124945641;
260,05;260,05;1;1;3;2;0;0;-6055,95216925658;-1,50221362709999;
260,1;260,1;1;1;3;2;0;0;-6055,1282840734;-1,49731189012527;
260,15;260,15;1;1;3;2;0;0;-6053,80729616438;-1,49044677615166;
260,2;260,2;1;1;3;2;0;0;-6052,72636595661;-1,48803159594536;
260,25;260,25;1;1;3;2;0;0;-6052,05670778818;-1,48257076740265;
260,3;260,3;1;1;3;2;0;0;-6050,82915015767;-1,47652342915535;
260,35;260,35;1;1;3;2;0;0;-6049,60159252717;-1,47262066602707;
260,4;260,4;1;1;3;2;0;0;-6048,44198419012;-1,46788686513901;
260,45;260,45;1;1;3;2;0;0;-6048,09597923527;-1,46404415369034;
260,5;260,5;1;1;3;2;0;0;-6047,20056848003;-1,45905002951622;
260,55;260,55;1;1;3;2;0;0;-6045,861699178;-1,45444929599762;
260,6;260,6;1;1;3;2;0;0;-6044,73651252251;-1,44933968782425;
260,65;260,65;1;1;3;2;0;0;-6043,921121001;-1,44479393959045;
260,7;260,7;1;1;3;2;0;0;-6043,14015116106;-1,43955215811729;
260,75;260,75;1;1;3;2;0;0;-6042,10392443582;-1,43656671047211;
260,8;260,8;1;1;3;2;0;0;-6041,05920404889;-1,43172889947891;
260,85;260,85;1;1;3;2;0;0;-6040,27823420894;-1,42735332250595;
260,9;260,9;1;1;3;2;0;0;-6039,25363038916;-1,42144426703453;
260,95;260,95;1;1;3;2;0;0;-6037,94873573386;-1,41809284687042;
261;261;1;1;3;2;0;0;-6037,49007800302;-1,41304492950439;
261,05;261,05;1;1;3;2;0;0;-6036,39528971565;-1,40870377421379;
261,1;261,1;1;1;3;2;0;0;-6035,22629364727;-1,40533849596977;
261,15;261,15;1;1;3;2;0;0;-6034,50522647393;-1,40142634510994;
261,2;261,2;1;1;3;2;0;0;-6033,90485870344;-1,39727383852005;
261,25;261,25;1;1;3;2;0;0;-6033,07560910235;-1,39237910509109;
261,3;261,3;1;1;3;2;0;0;-6031,95981017819;-1,38854503631592;
261,35;261,35;1;1;3;2;0;0;-6031,05501169161;-1,38522401452065;
261,4;261,4;1;1;3;2;0;0;-6030,49711222953;-1,38046890497208;
261,45;261,45;1;1;3;2;0;0;-6029,53554032013;-1,37533187866211;
261,5;261,5;1;1;3;2;0;0;-6028,1966710181;-1,37137278914452;
261,55;261,55;1;1;3;2;0;0;-6027,2105121933;-1,36739566922188;
261,6;261,6;1;1;3;2;0;0;-6026,42954235335;-1,36334419250488;
261,65;261,65;1;1;3;2;0;0;-6025,45500643402;-1,35790005326271;
261,7;261,7;1;1;3;2;0;0;-6024,5618308529;-1,3536436855793;
261,75;261,75;1;1;3;2;0;0;-6024,00393139082;-1,35052487254143;
261,8;261,8;1;1;3;2;0;0;-6022,91808379996;-1,34557887911797;
261,85;261,85;1;1;3;2;0;0;-6021,65163413964;-1,33997708559036;
261,9;261,9;1;1;3;2;0;0;-6020,8706642997;-1,33590415120125;
261,95;261,95;1;1;3;2;0;0;-6019,99402900712;-1,33024230599403;
262;262;1;1;3;2;0;0;-6018,88672374464;-1,32772117853165;
262,05;262,05;1;1;3;2;0;0;-6018,32211876018;-1,32271602749825;
262,1;262,1;1;1;3;2;0;0;-6017,13255908983;-1,31868958473206;
262,15;262,15;1;1;3;2;0;0;-6016,10035567802;-1,31420433521271;
262,2;262,2;1;1;3;2;0;0;-6015,38241774845;-1,30940228700638;
262,25;262,25;1;1;3;2;0;0;-6014,2527607447;-1,30494520068169;
262,3;262,3;1;1;3;2;0;0;-6013,16780722349;-1,29971906542778;
262,35;262,35;1;1;3;2;0;0;-6012,16376700568;-1,29569262266159;
262,4;262,4;1;1;3;2;0;0;-6011,17984335501;-1,29170075058937;
262,45;262,45;1;1;3;2;0;0;-6010,36892218176;-1,28869920969009;
262,5;262,5;1;1;3;2;0;0;-6009,84186812263;-1,28487452864647;
262,55;262,55;1;1;3;2;0;0;-6008,5311620146;-1,27779692411423;
262,6;262,6;1;1;3;2;0;0;-6007,28214671248;-1,27078577876091;
262,65;262,65;1;1;3;2;0;0;-6006,48195437504;-1,26812919974327;
262,7;262,7;1;1;3;2;0;0;-6006,14086680327;-1,26503854990005;
262,75;262,75;1;1;3;2;0;0;-6005,27451331168;-1,26295641064644;
262,8;262,8;1;1;3;2;0;0;-6004,66296967055;-1,26034572720528;
262,85;262,85;1;1;3;2;0;0;-6003,47653924398;-1,25408709049225;
262,9;262,9;1;1;3;2;0;0;-6002,32944788204;-1,25091791152954;
262,95;262,95;1;1;3;2;0;0;-6001,88330712631;-1,24813832342625;
263;263;1;1;3;2;0;0;-6000,69017117736;-1,23938769102097;
263,05;263,05;1;1;3;2;0;0;-5998,68387888103;-1,23186215758324;
263,1;263,1;1;1;3;2;0;0;-5997,9525299067;-1,22681826353073;
263,15;263,15;1;1;3;2;0;0;-5996,91183283321;-1,21999770402908;
263,2;263,2;1;1;3;2;0;0;-5995,43393570049;-1,21672049164772;
263,25;263,25;1;1;3;2;0;0;-5994,75801904451;-1,21161721646786;
263,3;263,3;1;1;3;2;0;0;-5994,0888079109;-1,20765663683414;
263,35;263,35;1;1;3;2;0;0;-5993,24212395163;-1,20325803756714;
263,4;263,4;1;1;3;2;0;0;-5991,71773519706;-1,19795702397823;
263,45;263,45;1;1;3;2;0;0;-5990,57869046198;-1,19384132325649;
263,5;263,5;1;1;3;2;0;0;-5990,02794355711;-1,1905112862587;
263,55;263,55;1;1;3;2;0;0;-5989,45082159754;-1,18662148714066;
263,6;263,6;1;1;3;2;0;0;-5988,33502267338;-1,18235744535923;
263,65;263,65;1;1;3;2;0;0;-5987,22056485369;-1,17863483726978;
263,7;263,7;1;1;3;2;0;0;-5986,34661177007;-1,17425188422203;
263,75;263,75;1;1;3;2;0;0;-5985,5651948953;-1,16914123296738;
263,8;263,8;1;1;3;2;0;0;-5984,78422505535;-1,16471789777279;
263,85;263,85;1;1;3;2;0;0;-5983,83338198176;-1,16105109453201;
263,9;263,9;1;1;3;2;0;0;-5982,7175830576;-1,1568196117878;
263,95;263,95;1;1;3;2;0;0;-5981,88654531721;-1,15092791616917;
264;264;1;1;3;2;0;0;-5981,00454560672;-1,14794068038464;
264,05;264,05;1;1;3;2;0;0;-5980,11181706043;-1,14328198134899;
264,1;264,1;1;1;3;2;0;0;-5979,19763084252;-1,13950967788696;
264,15;264,15;1;1;3;2;0;0;-5978,1935906247;-1,13507106900215;
264,2;264,2;1;1;3;2;0;0;-5977,28923917295;-1,12980470061302;
264,25;264,25;1;1;3;2;0;0;-5976,22440221888;-1,12492837011814;
264,3;264,3;1;1;3;2;0;0;-5975,18370514539;-1,12152688205242;
264,35;264,35;1;1;3;2;0;0;-5974,4970596536;-1,11621215939522;
264,4;264,4;1;1;3;2;0;0;-5973,3946717742;-1,11264765262604;
264,45;264,45;1;1;3;2;0;0;-5972,50864875029;-1,1081550270319;
264,5;264,5;1;1;3;2;0;0;-5971,72767891034;-1,10556423664093;
264,55;264,55;1;1;3;2;0;0;-5970,94670907039;-1,09965682029724;
264,6;264,6;1;1;3;2;0;0;-5969,72809213639;-1,0931708663702;
264,65;264,65;1;1;3;2;0;0;-5968,13038967047;-1,08799993991852;
264,7;264,7;1;1;3;2;0;0;-5967,40619325335;-1,08465433120728;
264,75;264,75;1;1;3;2;0;0;-5966,73653508492;-1,0815492272377;
264,8;264,8;1;1;3;2;0;0;-5966,04541924488;-1,07661716639996;
264,85;264,85;1;1;3;2;0;0;-5964,93900805205;-1,07172816991806;
264,9;264,9;1;1;3;2;0;0;-5963,83974941643;-1,06799274682999;
264,95;264,95;1;1;3;2;0;0;-5962,83570919862;-1,06344148516655;
265;265;1;1;3;2;0;0;-5961,92107594588;-1,06047511100769;
265,05;265,05;1;1;3;2;0;0;-5961,46510042399;-1,05956181883812;
265,1;265,1;1;1;3;2;0;0;-5961,24203004612;-1,05507723987103;
265,15;265,15;1;1;3;2;0;0;-5960,0618581071;-1,04989148676395;
265,2;265,2;1;1;3;2;0;0;-5958,82357164079;-1,0466705262661;
265,25;265,25;1;1;3;2;0;0;-5958,26567217871;-1,04030288755894;
265,3;265,3;1;1;3;2;0;0;-5956,90400410059;-1,03262394666672;
265,35;265,35;1;1;3;2;0;0;-5955,34206442069;-1,02699927985668;
265,4;265,4;1;1;3;2;0;0;-5954,09304911857;-1,02186359465122;
265,45;265,45;1;1;3;2;0;0;-5953,18914470164;-1,01589843630791;
265,5;265,5;1;1;3;2;0;0;-5951,58339560886;-1,01109676063061;
265,55;265,55;1;1;3;2;0;0;-5951,35049046483;-1,00871294736862;
265,6;265,6;1;1;3;2;0;0;-5950,11488620747;-1,00331611931324;
265,65;265,65;1;1;3;2;0;0;-5949,01696867633;-0,997125953435898;
265,7;265,7;1;1;3;2;0;0;-5948,12424013003;-0,993543565273285;
265,75;265,75;1;1;3;2;0;0;-5947,23151158374;-0,988945960998535;
265,8;265,8;1;1;3;2;0;0;-5946,33878303745;-0,985445976257324;
265,85;265,85;1;1;3;2;0;0;-5945,44605449115;-0,981427729129791;
265,9;265,9;1;1;3;2;0;0;-5944,55377297969;-0,976567938923836;
265,95;265,95;1;1;3;2;0;0;-5943,66104443339;-0,973571613430977;
266;266;1;1;3;2;0;0;-5942,7683158871;-0,96934549510479;
266,05;266,05;1;1;3;2;0;0;-5941,87558734081;-0,965492352843285;
266,1;266,1;1;1;3;2;0;0;-5940,98330582934;-0,961531028151512;
266,15;266,15;1;1;3;2;0;0;-5940,09057728305;-0,956750959157944;
266,2;266,2;1;1;3;2;0;0;-5939,19784873675;-0,953480005264282;
266,25;266,25;1;1;3;2;0;0;-5938,22912427014;-0,947874188423157;
266,3;266,3;1;1;3;2;0;0;-5937,32879613182;-0,944189876317978;
266,35;266,35;1;1;3;2;0;0;-5936,56838989384;-0,938559100031853;
266,4;266,4;1;1;3;2;0;0;-5935,22952059181;-0,93411348760128;
266,45;266,45;1;1;3;2;0;0;-5934,3470738465;-0,930633470416069;
266,5;266,5;1;1;3;2;0;0;-5933,50843651408;-0,924533307552338;
266,55;266,55;1;1;3;2;0;0;-5932,30680690345;-0,9223323315382;
266,6;266,6;1;1;3;2;0;0;-5931,74890744137;-0,917172878980637;
266,65;266,65;1;1;3;2;0;0;-5930,87897767117;-0,913475230336189;
266,7;266,7;1;1;3;2;0;0;-5929,76317874701;-0,908231809735298;
266,75;266,75;1;1;3;2;0;0;-5928,64737982285;-0,904056280851364;
266,8;266,8;1;1;3;2;0;0;-5927,80784842078;-0,899333134293556;
266,85;266,85;1;1;3;2;0;0;-5927,02687858083;-0,895139053463936;
266,9;266,9;1;1;3;2;0;0;-5926,22534513892;-0,890915021300316;
266,95;266,95;1;1;3;2;0;0;-5925,01030448352;-0,886712372303009;
267;267;1;1;3;2;0;0;-5923,78989941022;-0,882558152079582;
267,05;267,05;1;1;3;2;0;0;-5922,92354591863;-0,878001153469086;
267,1;267,1;1;1;3;2;0;0;-5922,14257607868;-0,873904898762703;
267,15;267,15;1;1;3;2;0;0;-5921,13451254744;-0,868292450904846;
267,2;267,2;1;1;3;2;0;0;-5920,00977292677;-0,864161103963852;
267,25;267,25;1;1;3;2;0;0;-5919,22880308682;-0,860776007175446;
267,3;267,3;1;1;3;2;0;0;-5918,44738621205;-0,855898484587669;
267,35;267,35;1;1;3;2;0;0;-5917,6664163721;-0,851397141814232;
267,4;267,4;1;1;3;2;0;0;-5916,60739087077;-0,847502797842026;
267,45;267,45;1;1;3;2;0;0;-5915,49159194661;-0,843373164534569;
267,5;267,5;1;1;3;2;0;0;-5914,75666669367;-0,840417221188545;
267,55;267,55;1;1;3;2;0;0;-5914,18848543061;-0,835423767566681;
267,6;267,6;1;1;3;2;0;0;-5912,98998506375;-0,833207368850708;
267,65;267,65;1;1;3;2;0;0;-5912,54160913389;-0,82940511405468;
267,7;267,7;1;1;3;2;0;0;-5911,48392473703;-0,822516679763794;
267,75;267,75;1;1;3;2;0;0;-5909,59520259978;-0,814554989337921;
267,8;267,8;1;1;3;2;0;0;-5908,14457459141;-0,807746723294258;
267,85;267,85;1;1;3;2;0;0;-5907,30861946794;-0,805973634123802;
267,9;267,9;1;1;3;2;0;0;-5906,8535380157;-0,800571143627167;
267,95;267,95;1;1;3;2;0;0;-5905,17134596778;-0,795612707734108;
268;268;1;1;3;2;0;0;-5904,82757618706;-0,792327150702477;
268,05;268,05;1;1;3;2;0;0;-5903,7435167355;-0,787032172083855;
268,1;268,1;1;1;3;2;0;0;-5902,42789324439;-0,782829895615578;
268,15;268,15;1;1;3;2;0;0;-5901,64915857857;-0,778311863541603;
268,2;268,2;1;1;3;2;0;0;-5900,97950041015;-0,77468030154705;
268,25;268,25;1;1;3;2;0;0;-5900,00719966493;-0,770830288529396;
268,3;268,3;1;1;3;2;0;0;-5898,92224614372;-0,767052173614502;
268,35;268,35;1;1;3;2;0;0;-5898,17346281121;-0,762639045715332;
268,4;268,4;1;1;3;2;0;0;-5896,91505977775;-0,758474543690681;
268,45;268,45;1;1;3;2;0;0;-5896,44477914144;-0,754320397973061;
268,5;268,5;1;1;3;2;0;0;-5895,82384776898;-0,750982165336609;
268,55;268,55;1;1;3;2;0;0;-5894,93111922269;-0,746214985847473;
268,6;268,6;1;1;3;2;0;0;-5893,59895544305;-0,740978792309761;
268,65;268,65;1;1;3;2;0;0;-5892,56004650885;-0,737001225352287;
268,7;268,7;1;1;3;2;0;0;-5891,89083537525;-0,733314454555511;
268,75;268,75;1;1;3;2;0;0;-5890,57208264037;-0,728213861584663;
268,8;268,8;1;1;3;2;0;0;-5889,72450461144;-0,723664835095406;
268,85;268,85;1;1;3;2;0;0;-5889,05484644301;-0,720568299293518;
268,9;268,9;1;1;3;2;0;0;-5888,08880418536;-0,715007036924362;
268,95;268,95;1;1;3;2;0;0;-5886,97300526119;-0,71215882897377;
269;269;1;1;3;2;0;0;-5885,94616626729;-0,706361308693886;
269,05;269,05;1;1;3;2;0;0;-5884,94212604947;-0,701518207788467;
269,1;269,1;1;1;3;2;0;0;-5883,93763879683;-0,697165802121162;
269,15;269,15;1;1;3;2;0;0;-5883,06055646943;-0,694179385900497;
269,2;269,2;1;1;3;2;0;0;-5882,27913959466;-0,688816979527473;
269,25;269,25;1;1;3;2;0;0;-5881,49816975471;-0,684211030602455;
269,3;269,3;1;1;3;2;0;0;-5880,69216596454;-0,681188181042671;
269,35;269,35;1;1;3;2;0;0;-5879,47399606537;-0,677524730563164;
269,4;269,4;1;1;3;2;0;0;-5878,51465933009;-0,674535185098648;
269,45;269,45;1;1;3;2;0;0;-5877,82220238557;-0,668965503573418;
269,5;269,5;1;1;3;2;0;0;-5876,79491635684;-0,66283792257309;
269,55;269,55;1;1;3;2;0;0;-5875,20704865707;-0,658935680985451;
269,6;269,6;1;1;3;2;0;0;-5874,75554348343;-0,657212063670158;
269,65;269,65;1;1;3;2;0;0;-5874,37958719528;-0,654569193720818;
269,7;269,7;1;1;3;2;0;0;-5873,5539138728;-0,649820417165756;
269,75;269,75;1;1;3;2;0;0;-5872,68621927673;-0,648927763104439;
269,8;269,8;1;1;3;2;0;0;-5872,27628834185;-0,643611177802086;
269,85;269,85;1;1;3;2;0;0;-5870,15019071232;-0,633466094732285;
269,9;269,9;1;1;3;2;0;0;-5868,8783766341;-0,628437846899033;
269,95;269,95;1;1;3;2;0;0;-5867,87433641629;-0,622921139001846;
270;270;1;1;3;2;0;0;-5866,87029619847;-0,618192628026009;
270,05;270,05;1;1;3;2;0;0;-5865,6820776326;-0,613183490931988;
270,1;270,1;1;1;3;2;0;0;-5864,64406276806;-0,608116611838341;
270,15;270,15;1;1;3;2;0;0;-5863,86264589329;-0,604423210024834;
270,2;270,2;1;1;3;2;0;0;-5862,8644171282;-0,598893277347088;
270,25;270,25;1;1;3;2;0;0;-5861,37266191589;-0,594640858471394;
270,3;270,3;1;1;3;2;0;0;-5860,79777513045;-0,590918995440006;
270,35;270,35;1;1;3;2;0;0;-5860,00697052434;-0,586080439388752;
270,4;270,4;1;1;3;2;0;0;-5858,77985992866;-0,581872500479221;
270,45;270,45;1;1;3;2;0;0;-5858,01051299418;-0,577245317399502;
270,5;270,5;1;1;3;2;0;0;-5857,25681227858;-0,573718547821045;
270,55;270,55;1;1;3;2;0;0;-5856,36408373228;-0,570682138204575;
270,6;270,6;1;1;3;2;0;0;-5855,47180222082;-0,567472614347935;
270,65;270,65;1;1;3;2;0;0;-5854,57907367452;-0,562647692859173;
270,7;270,7;1;1;3;2;0;0;-5853,58308008357;-0,557598732411861;
270,75;270,75;1;1;3;2;0;0;-5852,58127503988;-0,555216781795025;
270,8;270,8;1;1;3;2;0;0;-5851,7573898567;-0,54866436868906;
270,85;270,85;1;1;3;2;0;0;-5850,66975412654;-0,54559238255024;
270,9;270,9;1;1;3;2;0;0;-5850,00009595811;-0,541236326098442;
270,95;270,95;1;1;3;2;0;0;-5848,91022505382;-0,538087077438831;
271;271;1;1;3;2;0;0;-5848,1261259701;-0,533396676182747;
271,05;271,05;1;1;3;2;0;0;-5847,17394179203;-0,529183261096478;
271,1;271,1;1;1;3;2;0;0;-5846,0340029873;-0,525032915174961;
271,15;271,15;1;1;3;2;0;0;-5845,24811576427;-0,518761835992336;
271,2;271,2;1;1;3;2;0;0;-5844,02547551684;-0,516028814017773;
271,25;271,25;1;1;3;2;0;0;-5843,5632415074;-0,510973818600178;
271,3;271,3;1;1;3;2;0;0;-5842,16581064324;-0,507023334503174;
271,35;271,35;1;1;3;2;0;0;-5841,32940848495;-0,504248142242432;
271,4;271,4;1;1;3;2;0;0;-5840,71652373935;-0,498853400349617;
271,45;271,45;1;1;3;2;0;0;-5839,48896610884;-0,494492240250111;
271,5;271,5;1;1;3;2;0;0;-5838,46883263731;-0,491371490061283;
271,55;271,55;1;1;3;2;0;0;-5838,05353728453;-0,489966012537479;
271,6;271,6;1;1;3;2;0;0;-5837,61767832978;-0,486120544373989;
271,65;271,65;1;1;3;2;0;0;-5836,8273207585;-0,484866835176945;
271,7;271,7;1;1;3;2;0;0;-5836,49249167429;-0,482898913323879;
271,75;271,75;1;1;3;2;0;0;-5836,14201637119;-0,480402000248432;
271,8;271,8;1;1;3;2;0;0;-5833,85409213487;-0,467789173126221;
271,85;271,85;1;1;3;2;0;0;-5832,12764363923;-0,460885167121887;
271,9;271,9;1;1;3;2;0;0;-5830,78877433721;-0,455114208161831;
271,95;271,95;1;1;3;2;0;0;-5829,70158564187;-0,449968576431274;
272;272;1;1;3;2;0;0;-5828,80662192145;-0,444554463028908;
272,05;272,05;1;1;3;2;0;0;-5827,32961885838;-0,438789576292038;
272,1;272,1;1;1;3;2;0;0;-5826,88303106782;-0,43617632240057;
272,15;272,15;1;1;3;2;0;0;-5826,24019498892;-0,432194285094738;
272,2;272,2;1;1;3;2;0;0;-5824,35862540887;-0,426151603460312;
272,25;272,25;1;1;3;2;0;0;-5823,4891426735;-0,422075800597668;
272,3;272,3;1;1;3;2;0;0;-5822,70817283355;-0,418018065392971;
272,35;272,35;1;1;3;2;0;0;-5821,5713632726;-0,412115678191185;
272,4;272,4;1;1;3;2;0;0;-5820,67908176113;-0,408659428358078;
272,45;272,45;1;1;3;2;0;0;-5820,12118229905;-0,405632629990578;
272,5;272,5;1;1;3;2;0;0;-5819,29953229;-0,400962196290493;
272,55;272,55;1;1;3;2;0;0;-5818,07197465949;-0,396354161202908;
272,6;272,6;1;1;3;2;0;0;-5816,84441702898;-0,392619930207729;
272,65;272,65;1;1;3;2;0;0;-5815,96465249263;-0,387680381536484;
272,7;272,7;1;1;3;2;0;0;-5815,18323561785;-0,384857319295406;
272,75;272,75;1;1;3;2;0;0;-5814,40226577791;-0,381417535245419;
272,8;272,8;1;1;3;2;0;0;-5813,62129593796;-0,377585105597973;
272,85;272,85;1;1;3;2;0;0;-5812,84032609801;-0,373473130166531;
272,9;272,9;1;1;3;2;0;0;-5811,63288503465;-0,369366928935051;
272,95;272,95;1;1;3;2;0;0;-5810,74328573213;-0,3652573376894;
273;273;1;1;3;2;0;0;-5809,94935188225;-0,360651388764381;
273,05;273,05;1;1;3;2;0;0;-5809,05662333596;-0,356678888201714;
273,1;273,1;1;1;3;2;0;0;-5808,16434182449;-0,352447144687176;
273,15;273,15;1;1;3;2;0;0;-5807,2716132782;-0,348422043025494;
273,2;273,2;1;1;3;2;0;0;-5806,22510475197;-0,344964042305946;
273,25;273,25;1;1;3;2;0;0;-5805,43474718069;-0,341619104146957;
273,3;273,3;1;1;3;2;0;0;-5804,87684771861;-0,338257476687431;
273,35;273,35;1;1;3;2;0;0;-5804,01094126184;-0,334718152880669;
273,4;273,4;1;1;3;2;0;0;-5803,11865975037;-0,331911817193031;
273,45;273,45;1;1;3;2;0;0;-5802,333666597;-0,3297084197402;
273,5;273,5;1;1;3;2;0;0;-5801,66579656787;-0,327138155698776;
273,55;273,55;1;1;3;2;0;0;-5801,21205622011;-0,325623042881489;
273,6;273,6;1;1;3;2;0;0;-5800,84235841952;-0,324996151030064;
273,65;273,65;1;1;3;2;0;0;-5800,49724753432;-0,320671871304512;
273,7;273,7;1;1;3;2;0;0;-5797,88790525855;-0,305393636226654;
273,75;273,75;1;1;3;2;0;0;-5796,24192303148;-0,300046410411596;
273,8;273,8;1;1;3;2;0;0;-5795,40730901249;-0,294294040650129;
273,85;273,85;1;1;3;2;0;0;-5794,18019841681;-0,288332663476467;
273,9;273,9;1;1;3;2;0;0;-5792,7729327865;-0,283093824982643;
273,95;273,95;1;1;3;2;0;0;-5791,36209087758;-0,27797868475318;
274;274;1;1;3;2;0;0;-5790,60391981373;-0,273583680391312;
274,05;274,05;1;1;3;2;0;0;-5789,93426164531;-0,269203744828701;
274,1;274,1;1;1;3;2;0;0;-5788,77241813413;-0,265168007463217;
274,15;274,15;1;1;3;2;0;0;-5787,54530753845;-0,259646531194448;
274,2;274,2;1;1;3;2;0;0;-5786,4755532013;-0,255831889808178;
274,25;274,25;1;1;3;2;0;0;-5785,47151298349;-0,251245889812708;
274,3;274,3;1;1;3;2;0;0;-5784,53944537256;-0,246659629046917;
274,35;274,35;1;1;3;2;0;0;-5783,6543164183;-0,244644805788994;
274,4;274,4;1;1;3;2;0;0;-5782,9833171454;-0,238645728677511;
274,45;274,45;1;1;3;2;0;0;-5781,94396117638;-0,234606564044952;
274,5;274,5;1;1;3;2;0;0;-5780,82816225222;-0,230677109211683;
274,55;274,55;1;1;3;2;0;0;-5779,91934045221;-0,22665161639452;
274,6;274,6;1;1;3;2;0;0;-5778,98637877164;-0,22051939740777;
274,65;274,65;1;1;3;2;0;0;-5777,88041461363;-0,218870751559734;
274,7;274,7;1;1;3;2;0;0;-5777,36587752962;-0,213944483548403;
274,75;274,75;1;1;3;2;0;0;-5776,3618373118;-0,208957921713591;
274,8;274,8;1;1;3;2;0;0;-5775,18255944244;-0,20620608702302;
274,85;274,85;1;1;3;2;0;0;-5774,17583701567;-0,201833955943584;
274,9;274,9;1;1;3;2;0;0;-5773,26522707636;-0,196134522557259;
274,95;274,95;1;1;3;2;0;0;-5772,42256643051;-0,193522199988365;
275;275;1;1;3;2;0;0;-5772,07566740601;-0,190594252198935;
275,05;275,05;1;1;3;2;0;0;-5771,30721454118;-0,187958739697933;
275,1;275,1;1;1;3;2;0;0;-5770,39615756704;-0,183272194117308;
275,15;275,15;1;1;3;2;0;0;-5768,91557822537;-0,178206898272038;
275,2;275,2;1;1;3;2;0;0;-5767,87845743048;-0,174078233540058;
275,25;275,25;1;1;3;2;0;0;-5767,18465938148;-0,170771442353725;
275,3;275,3;1;1;3;2;0;0;-5766,51500121306;-0,16876632347703;
275,35;275,35;1;1;3;2;0;0;-5765,84579007946;-0,1642688177526;
275,4;275,4;1;1;3;2;0;0;-5765,17613191103;-0,162166077643633;
275,45;275,45;1;1;3;2;0;0;-5764,5064737426;-0,159565862268209;
275,5;275,5;1;1;3;2;0;0;-5763,837262609;-0,158016197383404;
275,55;275,55;1;1;3;2;0;0;-5763,16760444058;-0,155027285218239;
275,6;275,6;1;1;3;2;0;0;-5762,53460312783;-0,154894422739744;
275,65;275,65;1;1;3;2;0;0;-5762,20022107844;-0,153415761888027;
275,7;275,7;1;1;3;2;0;0;-5761,29542259186;-0,14474056661129;
275,75;275,75;1;1;3;2;0;0;-5759,39865382776;-0,135760111734271;
275,8;275,8;1;1;3;2;0;0;-5757,52960122282;-0,128924427554011;
275,85;275,85;1;1;3;2;0;0;-5756,18313232877;-0,121376058086753;
275,9;275,9;1;1;3;2;0;0;-5754,90774197194;-0,116200912743807;
275,95;275,95;1;1;3;2;0;0;-5753,96360442073;-0,111150704324245;
276;276;1;1;3;2;0;0;-5753,06864070031;-0,105727231130004;
276,05;276,05;1;1;3;2;0;0;-5751,4588682941;-0,100875785574317;
276,1;276,1;1;1;3;2;0;0;-5750,69130949892;-0,0976705551147461;
276,15;276,15;1;1;3;2;0;0;-5749,90318710176;-0,092612998560071;
276,2;276,2;1;1;3;2;0;0;-5748,56431779974;-0,087854415178299;
276,25;276,25;1;1;3;2;0;0;-5747,40873277612;-0,083358995616436;
276,3;276,3;1;1;3;2;0;0;-5746,58529462776;-0,0802498403936625;
276,35;276,35;1;1;3;2;0;0;-5745,80432478781;-0,0756339775398374;
276,4;276,4;1;1;3;2;0;0;-5745,02290791304;-0,0717571564018726;
276,45;276,45;1;1;3;2;0;0;-5744,19142313782;-0,0674343248829246;
276,5;276,5;1;1;3;2;0;0;-5743,07562421366;-0,0625517638400197;
276,55;276,55;1;1;3;2;0;0;-5741,9598252895;-0,0588415283709764;
276,6;276,6;1;1;3;2;0;0;-5740,84402636534;-0,0542934658005834;
276,65;276,65;1;1;3;2;0;0;-5739,94638043597;-0,0500359293073416;
276,7;276,7;1;1;3;2;0;0;-5739,05365188968;-0,0469382666051388;
276,75;276,75;1;1;3;2;0;0;-5738,21635566173;-0,0423989724367857;
276,8;276,8;1;1;3;2;0;0;-5737,10860336443;-0,0385158602148294;
276,85;276,85;1;1;3;2;0;0;-5736,19262900722;-0,0333852646872401;
276,9;276,9;1;1;3;2;0;0;-5735,41165916727;-0,0311776017770171;
276,95;276,95;1;1;3;2;0;0;-5734,5475408498;-0,0256797624751925;
277;277;1;1;3;2;0;0;-5733,54350063199;-0,022254791110754;
277,05;277,05;1;1;3;2;0;0;-5732,53901337935;-0,0189489917829633;
277,1;277,1;1;1;3;2;0;0;-5731,32531382843;-0,0111208902671933;
277,15;277,15;1;1;3;2;0;0;-5730,19208054608;-0,00918133184313774;
277,2;277,2;1;1;3;2;0;0;-5729,74549275552;-0,00671533867716789;
277,25;277,25;1;1;3;2;0;0;-5729,24794299487;-0,00299606006592512;
277,3;277,3;1;1;3;2;0;0;-5728,0351375136;0,000519603490829468;
277,35;277,35;1;1;3;2;0;0;-5727,05702531566;0,00357856508344412;
277,4;277,4;1;1;3;2;0;0;-5726,49912585358;0,00708977226167917;
277,45;277,45;1;1;3;2;0;0;-5725,59209219287;0,0109180994331837;
277,5;277,5;1;1;3;2;0;0;-5724,36498159719;0,0166708277538419;
277,55;277,55;1;1;3;2;0;0;-5723,36809393658;0,0189323117956519;
277,6;277,6;1;1;3;2;0;0;-5722,84640429536;0,0204549916088581;
277,65;277,65;1;1;3;2;0;0;-5722,40026353963;0,0237873382866383;
277,7;277,7;1;1;3;2;0;0;-5721,59023643603;0,0281583610922098;
277,75;277,75;1;1;3;2;0;0;-5720,75696352151;0,0303636584430933;
277,8;277,8;1;1;3;2;0;0;-5720,42258147212;0,0324087031185627;
277,85;277,85;1;1;3;2;0;0;-5719,9326313035;0,0336166191846132;
277,9;277,9;1;1;3;2;0;0;-5719,2634201699;0,0362218078225851;
277,95;277,95;1;1;3;2;0;0;-5718,59376200148;0,037863957695663;
278;278;1;1;3;2;0;0;-5716,94509756546;0,0485034240409732;
278,05;278,05;1;1;3;2;0;0;-5714,936570095;0,0561875710263848;
278,1;278,1;1;1;3;2;0;0;-5713,35809012657;0,0654773227870464;
278,15;278,15;1;1;3;2;0;0;-5712,35941432666;0,0681945588439703;
278,2;278,2;1;1;3;2;0;0;-5711,37996102424;0,073713487945497;
278,25;278,25;1;1;3;2;0;0;-5709,9968352745;0,079174991697073;
278,3;278,3;1;1;3;2;0;0;-5708,99279505669;0,0830052047967911;
278,35;278,35;1;1;3;2;0;0;-5707,98830780405;0,0884721986949444;
278,4;278,4;1;1;3;2;0;0;-5706,98426758624;0,0943323876708746;
278,45;278,45;1;1;3;2;0;0;-5705,87875046306;0,0983067136257887;
278,5;278,5;1;1;3;2;0;0;-5704,83805338957;0,100019481033087;
278,55;278,55;1;1;3;2;0;0;-5704,28015392749;0,10460028424859;
278,6;278,6;1;1;3;2;0;0;-5703,40754194834;0,109223127365112;
278,65;278,65;1;1;3;2;0;0;-5702,22155855659;0,113146482035518;
278,7;278,7;1;1;3;2;0;0;-5700,99400092608;0,117460126057267;
278,75;278,75;1;1;3;2;0;0;-5699,93676356405;0,121242208406329;
278,8;278,8;1;1;3;2;0;0;-5699,13433605248;0,125368256121874;
278,85;278,85;1;1;3;2;0;0;-5698,35336621254;0,129479113966227;
278,9;278,9;1;1;3;2;0;0;-5697,24427281076;0,132416412234306;
278,95;278,95;1;1;3;2;0;0;-5696,41099989624;0,136968670412898;
279;279;1;1;3;2;0;0;-5695,62779488217;0,141330156475306;
279,05;279,05;1;1;3;2;0;0;-5694,40023725166;0,145117370411754;
279,1;279,1;1;1;3;2;0;0;-5693,42167801889;0,149407172575593;
279,15;279,15;1;1;3;2;0;0;-5692,64026114412;0,153704835101962;
279,2;279,2;1;1;3;2;0;0;-5691,70372318494;0,157480239868164;
279,25;279,25;1;1;3;2;0;0;-5690,6992359323;0,162215195596218;
279,3;279,3;1;1;3;2;0;0;-5689,69519571449;0,165616162121296;
279,35;279,35;1;1;3;2;0;0;-5688,69115549667;0,168506894260645;
279,4;279,4;1;1;3;2;0;0;-5687,96070059199;0,172435604035854;
279,45;279,45;1;1;3;2;0;0;-5687,20521173709;0,176529511809349;
279,5;279,5;1;1;3;2;0;0;-5686,08941281293;0,17985612154007;
279,55;279,55;1;1;3;2;0;0;-5685,23915257505;0,182954035699368;
279,6;279,6;1;1;3;2;0;0;-5684,56055371012;0,186736863106489;
279,65;279,65;1;1;3;2;0;0;-5683,63116830814;0,190813038498163;
279,7;279,7;1;1;3;2;0;0;-5682,51536938398;0,193945057690144;
279,75;279,75;1;1;3;2;0;0;-5681,59403060887;0,198389738798141;
279,8;279,8;1;1;3;2;0;0;-5680,89755035092;0,202332995831966;
279,85;279,85;1;1;3;2;0;0;-5680,15144922735;0,205991808325052;
279,9;279,9;1;1;3;2;0;0;-5679,33650474068;0,209217052906752;
279,95;279,95;1;1;3;2;0;0;-5678,11609966737;0,213443152606487;
280;280;1;1;3;2;0;0;-5676,88988314134;0,21684380248189;
280,05;280,05;1;1;3;2;0;0;-5676,28772723155;0,219483897089958;
280,1;280,1;1;1;3;2;0;0;-5675,24300684463;0,226647146046162;
280,15;280,15;1;1;3;2;0;0;-5673,77002709499;0,231389328837395;
280,2;280,2;1;1;3;2;0;0;-5672,97698731475;0,234301015734673;
280,25;280,25;1;1;3;2;0;0;-5672,30732914633;0,237626079469919;
280,3;280,3;1;1;3;2;0;0;-5671,54871104765;0,242285206913948;
280,35;280,35;1;1;3;2;0;0;-5670,7677412077;0,245313867926598;
280,4;280,4;1;1;3;2;0;0;-5669,4927978857;0,250296872109175;
280,45;280,45;1;1;3;2;0;0;-5668,25942880247;0,253769252449274;
280,5;280,5;1;1;3;2;0;0;-5667,58977063404;0,257461220026016;
280,55;280,55;1;1;3;2;0;0;-5666,59467111274;0,261607803404331;
280,6;280,6;1;1;3;2;0;0;-5665,54771555169;0,265288930386305;
280,65;280,65;1;1;3;2;0;0;-5664,87805738326;0,269139632582664;
280,7;280,7;1;1;3;2;0;0;-5664,01572720509;0,273371264338493;
280,75;280,75;1;1;3;2;0;0;-5662,89992828093;0,27557909488678;
280,8;280,8;1;1;3;2;0;0;-5662,2812320826;0,277615077793598;
280,85;280,85;1;1;3;2;0;0;-5661,41845486961;0,281980596482754;
280,9;280,9;1;1;3;2;0;0;-5660,29371524894;0,286545809358358;
280,95;280,95;1;1;3;2;0;0;-5658,8842144445;0,295892041176558;
281;281;1;1;3;2;0;0;-5657,50958235645;0,298611056059599;
281,05;281,05;1;1;3;2;0;0;-5656,95168289437;0,302165579050779;
281,1;281,1;1;1;3;2;0;0;-5656,30750571099;0,303810052573681;
281,15;281,15;1;1;3;2;0;0;-5655,41477716469;0,305933449417353;
281,2;281,2;1;1;3;2;0;0;-5654,90292228963;0,309232752770185;
281,25;281,25;1;1;3;2;0;0;-5653,98515979311;0,313024818897247;
281,3;281,3;1;1;3;2;0;0;-5652,64629049109;0,31999297440052;
281,35;281,35;1;1;3;2;0;0;-5651,16213487081;0,324442498385906;
281,4;281,4;1;1;3;2;0;0;-5650,16748238433;0,331064648926258;
281,45;281,45;1;1;3;2;0;0;-5649,05973008702;0,332382246851921;
281,5;281,5;1;1;3;2;0;0;-5648,47724370955;0,33758383244276;
281,55;281,55;1;1;3;2;0;0;-5647,20632370098;0,341372638940811;
281,6;281,6;1;1;3;2;0;0;-5646,10170064746;0,345395728945732;
281,65;281,65;1;1;3;2;0;0;-5645,37616312586;0,34858163446188;
281,7;281,7;1;1;3;2;0;0;-5644,61575688788;0,35127267241478;
281,75;281,75;1;1;3;2;0;0;-5643,72302834158;0,355073623359203;
281,8;281,8;1;1;3;2;0;0;-5642,83029979529;0,358738005161285;
281,85;281,85;1;1;3;2;0;0;-5641,93801828382;0,362649746239185;
281,9;281,9;1;1;3;2;0;0;-5641,04528973753;0,366479866206646;
281,95;281,95;1;1;3;2;0;0;-5640,15256119124;0,370608940720558;
282;282;1;1;3;2;0;0;-5639,25983264494;0,373659767210484;
282,05;282,05;1;1;3;2;0;0;-5637,78461772117;0,378474034368992;
282,1;282,1;1;1;3;2;0;0;-5636,95045073701;0,381387062370777;
282,15;282,15;1;1;3;2;0;0;-5636,36349401128;0,385170765221119;
282,2;282,2;1;1;3;2;0;0;-5635,404157276;0,388878770172596;
282,25;282,25;1;1;3;2;0;0;-5634,28835835184;0,392496474087238;
282,3;282,3;1;1;3;2;0;0;-5633,34690300958;0,396203771233559;
282,35;282,35;1;1;3;2;0;0;-5632,51050085129;0,39942879229784;
282,4;282,4;1;1;3;2;0;0;-5631,60838457366;0,404513515532017;
282,45;282,45;1;1;3;2;0;0;-5630,25073980897;0,407071299850941;
282,5;282,5;1;1;3;2;0;0;-5629,7880587647;0,411019586026669;
282,55;282,55;1;1;3;2;0;0;-5628,88236620847;0,414453558623791;
282,6;282,6;1;1;3;2;0;0;-5627,87832599065;0,419184044003487;
282,65;282,65;1;1;3;2;0;0;-5626,87428577284;0,422604084014893;
282,7;282,7;1;1;3;2;0;0;-5625,8697985202;0,426588468253613;
282,75;282,75;1;1;3;2;0;0;-5624,86575830239;0,430339053273201;
282,8;282,8;1;1;3;2;0;0;-5623,86127104975;0,433207899332047;
282,85;282,85;1;1;3;2;0;0;-5622,85723083193;0,437228381633759;
282,9;282,9;1;1;3;2;0;0;-5621,87330718126;0,441080629825592;
282,95;282,95;1;1;3;2;0;0;-5621,04763385877;0,444062054157257;
283;283;1;1;3;2;0;0;-5620,12405990953;0,449283383786678;
283,05;283,05;1;1;3;2;0;0;-5618,87683274671;0,451114922761917;
283,1;283,1;1;1;3;2;0;0;-5618,31893328463;0,455890670418739;
283,15;283,15;1;1;3;2;0;0;-5617,07617647006;0,459028892219067;
283,2;283,2;1;1;3;2;0;0;-5616,06274852091;0,462827645242214;
283,25;283,25;1;1;3;2;0;0;-5615,39353738731;0,465813428163528;
283,3;283,3;1;1;3;2;0;0;-5614,41229594559;0,468983240425587;
283,35;283,35;1;1;3;2;0;0;-5613,64026680215;0,46975415199995;
283,4;283,4;1;1;3;2;0;0;-5613,50079193663;0,468665361404419;
283,45;283,45;1;1;3;2;0;0;-5613,61210360815;0,468281656503677;
283,5;283,5;1;1;3;2;0;0;-5613,7238623145;0,466944314539433;
283,55;283,55;1;1;3;2;0;0;-5613,7202860359;0,466485098004341;
283,6;283,6;1;1;3;2;0;0;-5613,27369824534;0,466178320348263;
283,65;283,65;1;1;4;2;0;0;-5612,8275574896;0,465410612523556;
283,65;283,65;1;1;4;2;0;0;-5612,8275574896;0,465410612523556;
283,7;283,7;1;1;4;2;0;0;-5612,72384541011;0,464639775454998;
283,75;283,75;1;1;4;2;0;0;-5612,83560411646;0,463465787470341;
283,8;283,8;1;1;4;2;0;0;-5612,94736282281;0,4627376049757;
283,85;283,85;1;1;4;2;0;0;-5613,03945199683;0,462078303098679;
283,9;283,9;1;1;4;2;0;0;-5612,81951086275;0,461284182965755;
283,95;283,95;1;1;4;2;0;0;-5612,59644048488;0,461283326148987;
284;284;1;1;4;2;0;0;-5612,37337010701;0,459687002003193;
284,05;284,05;1;1;4;2;0;0;-5612,15029972914;0,458569079637527;
284,1;284,1;1;1;4;2;0;0;-5612,05105799791;0,457111485302448;
284,15;284,15;1;1;4;2;0;0;-5612,27412837578;0,455590225756168;
284,2;284,2;1;1;4;2;0;0;-5612,49719875364;0,454420782625675;
284,25;284,25;1;1;4;2;0;0;-5612,70506994745;0,453520938754082;
284,3;284,3;1;1;4;2;0;0;-5612,38856929107;0,452494658529758;
284,35;284,35;1;1;4;2;0;0;-5612,53072636555;0,45132365077734;
284,4;284,4;1;1;4;2;0;0;-5612,75379674341;0,450246706604958;
284,45;284,45;1;1;4;2;0;0;-5612,74843232551;0,449438951909542;
284,5;284,5;1;1;4;2;0;0;-5612,63712065399;0,448493137955666;
284,55;284,55;1;1;4;2;0;0;-5612,52536194764;0,446885824203491;
284,6;284,6;1;1;4;2;0;0;-5612,7341272111;0,445570349693298;
284,65;284,65;1;1;4;2;0;0;-5613,02559391725;0,444778613746166;
284,7;284,7;1;1;4;2;0;0;-5613,02559391725;0,443845130503178;
284,75;284,75;1;1;4;2;0;0;-5613,02559391725;0,442835912108421;
284,8;284,8;1;1;4;2;0;0;-5612,92098776811;0,442337729036808;
284,85;284,85;1;1;4;2;0;0;-5612,80922906176;0,441277399659157;
284,9;284,9;1;1;4;2;0;0;-5612,69791739024;0,440354309976101;
284,95;284,95;1;1;4;2;0;0;-5612,58615868389;0,439644604921341;
285;285;1;1;4;2;0;0;-5612,62236850475;0,43812807649374;
285,05;285,05;1;1;4;2;0;0;-5612,73368017627;0,436922758817673;
285,1;285,1;1;1;4;2;0;0;-5612,84543888262;0,435555651783943;
285,15;285,15;1;1;4;2;0;0;-5612,95719758896;0,434642843902111;
285,2;285,2;1;1;4;2;0;0;-5612,98044339988;0,433788523077965;
285,25;285,25;1;1;4;2;0;0;-5612,86868469354;0,432256832718849;
285,3;285,3;1;1;4;2;0;0;-5612,89863602684;0,43039858341217;
285,35;285,35;1;1;4;2;0;0;-5613,12170640471;0,427690446376801;
285,4;285,4;1;1;4;2;0;0;-5613,65457191656;0,425980091094971;
285,45;285,45;1;1;4;2;0;0;-5614,16016830407;0,423894971609116;
285,5;285,5;1;1;4;2;0;0;-5614,16463865233;0,422879159450531;
285,55;285,55;1;1;4;2;0;0;-5614,16463865233;0,421499274671078;
285,6;285,6;1;1;4;2;0;0;-5614,16463865233;0,420300327241421;
285,65;285,65;1;1;4;2;0;0;-5614,2240942841;0,419159159064293;
285,7;285,7;1;1;4;2;0;0;-5614,44716466197;0,418120287358761;
285,75;285,75;1;1;4;2;0;0;-5614,44403541819;0,417458973824978;
285,8;285,8;1;1;4;2;0;0;-5614,33272374667;0,416360944509506;
285,85;285,85;1;1;4;2;0;0;-5614,34926403521;0,415180437266827;
285,9;285,9;1;1;4;2;0;0;-5614,57233441308;0,41439775377512;
285,95;285,95;1;1;4;2;0;0;-5614,59110987574;0,413654111325741;
286;286;1;1;4;2;0;0;-5614,4793511694;0,412771068513393;
286,05;286,05;1;1;4;2;0;0;-5614,36803949788;0,412279814481735;
286,1;286,1;1;1;4;2;0;0;-5614,25628079153;0,41151337325573;
286,15;286,15;1;1;4;2;0;0;-5614,14452208519;0,410419590771198;
286,2;286,2;1;1;4;2;0;0;-5614,22588242341;0,409607663750649;
286,25;286,25;1;1;4;2;0;0;-5614,33764112975;0,40897112339735;
286,3;286,3;1;1;4;2;0;0;-5614,44895280127;0,40814857929945;
286,35;286,35;1;1;4;2;0;0;-5614,56071150762;0,407292582094669;
286,4;286,4;1;1;4;2;0;0;-5614,57144034343;0,40638979524374;
286,45;286,45;1;1;4;2;0;0;-5614,45968163708;0,405662059783936;
286,5;286,5;1;1;4;2;0;0;-5614,34836996556;0,404945053160191;
286,55;286,55;1;1;4;2;0;0;-5614,38055647299;0,403922609984875;
286,6;286,6;1;1;4;2;0;0;-5614,49186814451;0,403119325637817;
286,65;286,65;1;1;4;2;0;0;-5614,60362685086;0,402439348399639;
286,7;286,7;1;1;4;2;0;0;-5614,71493852238;0,401638671755791;
286,75;286,75;1;1;4;2;0;0;-5614,67247021396;0,400903262197971;
286,8;286,8;1;1;4;2;0;0;-5614,56115854244;0,400179848074913;
286,85;286,85;1;1;4;2;0;0;-5614,4493998361;0,399153381586075;
286,9;286,9;1;1;4;2;0;0;-5614,62508452247;0,398554652929306;
286,95;286,95;1;1;4;2;0;0;-5614,80389845263;0,397717319428921;
287;287;1;1;4;2;0;0;-5614,69213974628;0,396972708404064;
287,05;287,05;1;1;4;2;0;0;-5614,58082807476;0,396242551505566;
287,1;287,1;1;1;4;2;0;0;-5614,46906936841;0,395432151854038;
287,15;287,15;1;1;4;2;0;0;-5614,4493998361;0,394646190106869;
287,2;287,2;1;1;4;2;0;0;-5614,56115854244;0,393890328705311;
287,25;287,25;1;1;4;2;0;0;-5614,67247021396;0,393175594508648;
287,3;287,3;1;1;4;2;0;0;-5614,52539575641;0,392337627708912;
287,35;287,35;1;1;4;2;0;0;-5614,30232537855;0,391549095511436;
287,4;287,4;1;1;4;2;0;0;-5614,32557118947;0,390944220125675;
287,45;287,45;1;1;4;2;0;0;-5614,43688286099;0,390192456543446;
287,5;287,5;1;1;4;2;0;0;-5614,54864156733;0,389447845518589;
287,55;287,55;1;1;4;2;0;0;-5614,56875813448;0,388591699302197;
287,6;287,6;1;1;4;2;0;0;-5614,45699942813;0,387781858444214;
287,65;287,65;1;1;4;2;0;0;-5614,41229594559;0,387153662741184;
287,7;287,7;1;1;4;2;0;0;-5614,41229594559;0,386355035007;
287,75;287,75;1;1;4;2;0;0;-5614,41229594559;0,385691970586777;
287,8;287,8;1;1;4;2;0;0;-5614,41229594559;0,385099202394485;
287,85;287,85;1;1;4;2;0;0;-5614,41229594559;0,384291596710682;
287,9;287,9;1;1;4;2;0;0;-5614,41229594559;0,383601076900959;
287,95;287,95;1;1;4;2;0;0;-5614,41229594559;0,382818095386028;
288;288;1;1;4;2;0;0;-5614,41229594559;0,382247902452946;
288,05;288,05;1;1;4;2;0;0;-5614,41229594559;0,381521210074425;
288,1;288,1;1;1;4;2;0;0;-5614,41229594559;0,380661673843861;
288,15;288,15;1;1;4;2;0;0;-5614,41229594559;0,38016602396965;
288,2;288,2;1;1;4;2;0;0;-5614,41229594559;0,379353612661362;
288,25;288,25;1;1;4;2;0;0;-5614,41229594559;0,378614254295826;
288,3;288,3;1;1;4;2;0;0;-5614,41229594559;0,377890765666962;
288,35;288,35;1;1;4;2;0;0;-5614,41229594559;0,377193205058575;
288,4;288,4;1;1;4;2;0;0;-5614,41229594559;0,376595892012119;
288,45;288,45;1;1;4;2;0;0;-5614,41229594559;0,375994183123112;
288,5;288,5;1;1;4;2;0;0;-5614,41229594559;0,375331193208694;
288,55;288,55;1;1;4;2;0;0;-5614,41229594559;0,374705940485001;
288,6;288,6;1;1;4;2;0;0;-5614,41229594559;0,373802967369556;
288,65;288,65;1;1;4;2;0;0;-5614,41229594559;0,373225808143616;
288,7;288,7;1;1;4;2;0;0;-5614,41229594559;0,372545495629311;
288,75;288,75;1;1;4;2;0;0;-5614,41229594559;0,37197332829237;
288,8;288,8;1;1;4;2;0;0;-5614,41229594559;0,371139831840992;
288,85;288,85;1;1;4;2;0;0;-5614,41229594559;0,370418690145016;
288,9;288,9;1;1;4;2;0;0;-5614,41229594559;0,369830094277859;
288,95;288,95;1;1;4;2;0;0;-5614,41229594559;0,369145274162292;
289;289;1;1;4;2;0;0;-5614,41229594559;0,368390008807182;
289,05;289,05;1;1;4;2;0;0;-5614,41229594559;0,367778427898884;
289,1;289,1;1;1;4;2;0;0;-5614,41229594559;0,366953648626804;
289,15;289,15;1;1;4;2;0;0;-5614,41229594559;0,366254970431328;
289,2;289,2;1;1;4;2;0;0;-5614,41229594559;0,365650206804276;
289,25;289,25;1;1;4;2;0;0;-5614,41229594559;0,36493681371212;
289,3;289,3;1;1;4;2;0;0;-5614,41229594559;0,364184305071831;
289,35;289,35;1;1;4;2;0;0;-5614,41229594559;0,363506004214287;
289,4;289,4;1;1;4;2;0;0;-5614,41229594559;0,362561382353306;
289,45;289,45;1;1;4;2;0;0;-5614,41229594559;0,361969843506813;
289,5;289,5;1;1;4;2;0;0;-5614,41229594559;0,361049994826317;
289,55;289,55;1;1;4;2;0;0;-5614,41229594559;0,360317677259445;
289,6;289,6;1;1;4;2;0;0;-5614,41229594559;0,359616577625275;
289,65;289,65;1;1;4;2;0;0;-5614,41229594559;0,358836278319359;
289,7;289,7;1;1;4;2;0;0;-5614,41229594559;0,35811360925436;
289,75;289,75;1;1;4;2;0;0;-5614,41229594559;0,357452556490898;
289,8;289,8;1;1;4;2;0;0;-5614,41229594559;0,356833562254906;
289,85;289,85;1;1;4;2;0;0;-5614,41229594559;0,356060862541199;
289,9;289,9;1;1;4;2;0;0;-5614,41229594559;0,355352386832237;
289,95;289,95;1;1;4;2;0;0;-5614,41229594559;0,354646891355515;
290;290;1;1;4;2;0;0;-5614,41229594559;0,35400677472353;
290,05;290,05;1;1;4;2;0;0;-5614,41229594559;0,353289544582367;
290,1;290,1;1;1;4;2;0;0;-5614,41229594559;0,352635718882084;
290,15;290,15;1;1;4;2;0;0;-5614,41229594559;0,352110043168068;
290,2;290,2;1;1;4;2;0;0;-5614,41229594559;0,351427979767323;
290,25;290,25;1;1;4;2;0;0;-5614,41229594559;0,350848585367203;
290,3;290,3;1;1;4;2;0;0;-5614,41229594559;0,350138768553734;
290,35;290,35;1;1;4;2;0;0;-5614,41229594559;0,349630117416382;
290,4;290,4;1;1;4;2;0;0;-5614,41229594559;0,348731763660908;
290,45;290,45;1;1;4;2;0;0;-5614,41229594559;0,347928591072559;
290,5;290,5;1;1;4;2;0;0;-5614,41229594559;0,347241833806038;
290,55;290,55;1;1;4;2;0;0;-5614,41229594559;0,346661135554314;
290,6;290,6;1;1;4;2;0;0;-5614,41229594559;0,345940738916397;
290,65;290,65;1;1;4;2;0;0;-5614,41229594559;0,345243252813816;
290,7;290,7;1;1;4;2;0;0;-5614,41229594559;0,344661399722099;
290,75;290,75;1;1;4;2;0;0;-5614,41229594559;0,344193316996098;
290,8;290,8;1;1;4;2;0;0;-5614,41229594559;0,343539081513882;
290,85;290,85;1;1;4;2;0;0;-5614,41229594559;0,342868603765965;
290,9;290,9;1;1;4;2;0;0;-5614,41229594559;0,342032164335251;
290,95;290,95;1;1;4;2;0;0;-5614,41229594559;0,341316349804401;
291;291;1;1;4;2;0;0;-5614,41229594559;0,340755917131901;
291,05;291,05;1;1;4;2;0;0;-5614,41229594559;0,339979864656925;
291,1;291,1;1;1;4;2;0;0;-5614,41229594559;0,33935159444809;
291,15;291,15;1;1;4;2;0;0;-5614,41229594559;0,338790751993656;
291,2;291,2;1;1;4;2;0;0;-5614,41229594559;0,338194221258163;
291,25;291,25;1;1;4;2;0;0;-5614,41229594559;0,337651930749416;
291,3;291,3;1;1;4;2;0;0;-5614,41229594559;0,33696137368679;
291,35;291,35;1;1;4;2;0;0;-5614,41229594559;0,336576104164124;
291,4;291,4;1;1;4;2;0;0;-5614,41229594559;0,335810109972954;
291,45;291,45;1;1;4;2;0;0;-5614,41229594559;0,335149094462395;
291,5;291,5;1;1;4;2;0;0;-5614,41229594559;0,334801375865936;
291,55;291,55;1;1;4;2;0;0;-5614,41229594559;0,334508121013641;
291,6;291,6;1;1;4;2;0;0;-5614,41229594559;0,334070138633251;
291,65;291,65;1;1;4;2;0;0;-5614,41229594559;0,333414003252983;
291,7;291,7;1;1;4;2;0;0;-5614,41229594559;0,333047397434711;
291,75;291,75;1;1;4;2;0;0;-5614,41229594559;0,332681238651276;
291,8;291,8;1;1;4;2;0;0;-5614,41229594559;0,332090817391872;
291,85;291,85;1;1;4;2;0;0;-5614,41229594559;0,331613533198833;
291,9;291,9;1;1;4;2;0;0;-5614,41229594559;0,33124964684248;
291,95;291,95;1;1;4;2;0;0;-5614,41229594559;0,330786667764187;
292;292;1;1;4;2;0;0;-5614,41229594559;0,330358892679214;
292,05;292,05;1;1;4;2;0;0;-5614,41229594559;0,329870730638504;
292,1;292,1;1;1;4;2;0;0;-5614,41229594559;0,329349339008331;
292,15;292,15;1;1;4;2;0;0;-5614,41229594559;0,328936651349068;
292,2;292,2;1;1;4;2;0;0;-5614,41229594559;0,328489877283573;
292,25;292,25;1;1;4;2;0;0;-5614,41229594559;0,327961631119251;
292,3;292,3;1;1;4;2;0;0;-5614,41229594559;0,327527597546577;
292,35;292,35;1;1;4;2;0;0;-5614,41229594559;0,327142886817455;
292,4;292,4;1;1;4;2;0;0;-5614,41229594559;0,326798558235168;
292,45;292,45;1;1;4;2;0;0;-5614,41229594559;0,326188653707504;
292,5;292,5;1;1;4;2;0;0;-5614,41229594559;0,325969569385052;
292,55;292,55;1;1;4;2;0;0;-5614,41229594559;0,325489901006222;
292,6;292,6;1;1;4;2;0;0;-5614,41229594559;0,324983820319176;
292,65;292,65;1;1;4;2;0;0;-5614,41229594559;0,324432514607906;
292,7;292,7;1;1;4;2;0;0;-5614,41229594559;0,324041433632374;
292,75;292,75;1;1;4;2;0;0;-5614,41229594559;0,323477424681187;
292,8;292,8;1;1;4;2;0;0;-5614,41229594559;0,322926566004753;
292,85;292,85;1;1;4;2;0;0;-5614,41229594559;0,322627946734428;
292,9;292,9;1;1;4;2;0;0;-5614,41229594559;0,322165824472904;
292,95;292,95;1;1;4;2;0;0;-5614,41229594559;0,321612283587456;
293;293;1;1;4;2;0;0;-5614,41229594559;0,321175046265125;
293,05;293,05;1;1;4;2;0;0;-5614,41229594559;0,320657640695572;
293,1;293,1;1;1;4;2;0;0;-5614,41229594559;0,320250354707241;
293,15;293,15;1;1;4;2;0;0;-5614,41229594559;0,319642797112465;
293,2;293,2;1;1;4;2;0;0;-5614,41229594559;0,31916718930006;
293,25;293,25;1;1;4;2;0;0;-5614,41229594559;0,31890295445919;
293,3;293,3;1;1;4;2;0;0;-5614,41229594559;0,318494439125061;
293,35;293,35;1;1;4;2;0;0;-5614,41229594559;0,318105928599834;
293,4;293,4;1;1;4;2;0;0;-5614,41229594559;0,317680537700653;
293,45;293,45;1;1;4;2;0;0;-5614,41229594559;0,317147225141525;
293,5;293,5;1;1;4;2;0;0;-5614,41229594559;0,316698737442493;
293,55;293,55;1;1;4;2;0;0;-5614,41229594559;0,316274166107178;
293,6;293,6;1;1;4;2;0;0;-5614,41229594559;0,315752550959587;
293,65;293,65;1;1;4;2;0;0;-5614,41229594559;0,31537838280201;
293,7;293,7;1;1;4;2;0;0;-5614,41229594559;0,315099619328976;
293,75;293,75;1;1;4;2;0;0;-5614,41229594559;0,31433179974556;
293,8;293,8;1;1;4;2;0;0;-5614,41229594559;0,313830561935902;
293,85;293,85;1;1;4;2;0;0;-5614,41229594559;0,313437208533287;
293,9;293,9;1;1;4;2;0;0;-5614,41229594559;0,312902107834816;
293,95;293,95;1;1;4;2;0;0;-5614,41229594559;0,312230419367552;
294;294;1;1;4;2;0;0;-5614,41229594559;0,311977230012417;
294,05;294,05;1;1;4;2;0;0;-5614,41229594559;0,311442408710718;
294,1;294,1;1;1;4;2;0;0;-5614,41229594559;0,310813132673502;
294,15;294,15;1;1;4;2;0;0;-5614,41229594559;0,31050156801939;
294,2;294,2;1;1;4;2;0;0;-5614,41229594559;0,310012865811586;
294,25;294,25;1;1;4;2;0;0;-5614,41229594559;0,30948044732213;
294,3;294,3;1;1;4;2;0;0;-5614,41229594559;0,309212114661932;
294,35;294,35;1;1;4;2;0;0;-5614,41229594559;0,30863594263792;
294,4;294,4;1;1;4;2;0;0;-5614,41229594559;0,308416094630957;
294,45;294,45;1;1;4;2;0;0;-5614,34658182626;0,307845361530781;
294,5;294,5;1;1;4;2;0;0;-5614,23482311991;0,307353641837835;
294,55;294,55;1;1;4;2;0;0;-5614,37295688096;0,306996945291758;
294,6;294,6;1;1;4;2;0;0;-5614,59602725882;0,306635014712811;
294,65;294,65;1;1;4;2;0;0;-5614,63581335828;0,306140668690205;
294,7;294,7;1;1;4;2;0;0;-5614,52405465194;0,305846109986305;
294,75;294,75;1;1;4;2;0;0;-5614,41229594559;0,305416714400053;
294,8;294,8;1;1;4;2;0;0;-5614,30098427407;0,305072870105505;
294,85;294,85;1;1;4;2;0;0;-5614,24108160747;0,304608251899481;
294,9;294,9;1;1;4;2;0;0;-5614,35284031381;0,304336249828339;
294,95;294,95;1;1;4;2;0;0;-5614,46415198534;0,303836688399315;
295;295;1;1;4;2;0;0;-5614,45878756743;0,303470753133297;
295,05;295,05;1;1;4;2;0;0;-5614,34747589591;0,303038619458675;
295,1;295,1;1;1;4;2;0;0;-5614,23571718956;0,302714258432388;
295,15;295,15;1;1;4;2;0;0;-5614,22901166718;0,302190668880939;
295,2;295,2;1;1;4;2;0;0;-5614,34077037353;0,301926992833614;
295,25;295,25;1;1;4;2;0;0;-5614,45208204505;0,301510747522116;
295,3;295,3;1;1;4;2;0;0;-5614,5638407514;0,301122982054949;
295,35;295,35;1;1;4;2;0;0;-5614,5638407514;0,300785023719072;
295,4;295,4;1;1;4;2;0;0;-5614,45208204505;0,300402641296387;
295,45;295,45;1;1;4;2;0;0;-5614,34077037353;0,300201699137688;
295,5;295,5;1;1;4;2;0;0;-5614,22901166718;0,299640987068415;
295,55;295,55;1;1;4;2;0;0;-5614,30456055267;0,299225281924009;
295,6;295,6;1;1;4;2;0;0;-5614,41587222419;0,298957582563162;
295,65;295,65;1;1;4;2;0;0;-5614,52763093054;0,298615507781506;
295,7;295,7;1;1;4;2;0;0;-5614,43330658238;0,298135504126549;
295,75;295,75;1;1;4;2;0;0;-5614,32199491086;0,297794099897146;
295,8;295,8;1;1;4;2;0;0;-5614,21023620452;0,297377537935972;
295,85;295,85;1;1;4;2;0;0;-5614,26164520944;0,297005958855152;
295,9;295,9;1;1;4;2;0;0;-5614,37340391578;0,296585485339165;
295,95;295,95;1;1;4;2;0;0;-5614,4847155873;0,296310763806105;
296;296;1;1;4;2;0;0;-5614,46996343807;0,295942611992359;
296,05;296,05;1;1;4;2;0;0;-5614,35865176654;0,295525975525379;
296,1;296,1;1;1;4;2;0;0;-5614,2468930602;0,2952397800982;
296,15;296,15;1;1;4;2;0;0;-5614,25672782636;0,294757485389709;
296,2;296,2;1;1;4;2;0;0;-5614,3684865327;0,294271558523178;
296,25;296,25;1;1;4;2;0;0;-5614,47979820422;0,293922051787376;
296,3;296,3;1;1;4;2;0;0;-5614,59155691057;0,293596293777227;
296,35;296,35;1;1;4;2;0;0;-5614,70286858209;0,293285474181175;
296,4;296,4;1;1;4;2;0;0;-5614,71762073133;0,292848497629166;
296,45;296,45;1;1;4;2;0;0;-5614,71762073133;0,292620398104191;
296,5;296,5;1;1;4;2;0;0;-5614,71762073133;0,292367152869701;
296,55;296,55;1;1;4;2;0;0;-5614,70555079104;0,291894339025021;
296,6;296,6;1;1;4;2;0;0;-5614,59423911952;0,291590392589569;
296,65;296,65;1;1;4;2;0;0;-5614,48248041318;0,291242748498917;
296,7;296,7;1;1;4;2;0;0;-5614,37116874166;0,290881358087063;
296,75;296,75;1;1;4;2;0;0;-5614,25941003531;0,290636140853167;
296,8;296,8;1;1;4;2;0;0;-5614,23795236369;0,290248971432447;
296,85;296,85;1;1;4;2;0;0;-5614,34971107004;0,289772003889084;
296,9;296,9;1;1;4;2;0;0;-5614,44403541819;0,289512407034636;
296,95;296,95;1;1;4;2;0;0;-5614,33272374667;0,289196353405714;
297;297;1;1;4;2;0;0;-5614,22096504033;0,288872458040714;
297,05;297,05;1;1;4;2;0;0;-5614,30590165715;0,288697946816683;
297,1;297,1;1;1;4;2;0;0;-5614,41721332867;0,288262069225311;
297,15;297,15;1;1;4;2;0;0;-5614,52897203502;0,288009103387594;
297,2;297,2;1;1;4;2;0;0;-5614,46772826394;0,287652555853128;
297,25;297,25;1;1;4;2;0;0;-5614,35641659242;0,28746897354722;
297,3;297,3;1;1;4;2;0;0;-5614,24465788607;0,287110842764378;
297,35;297,35;1;1;4;2;0;0;-5614,14675725931;0,286753792315722;
297,4;297,4;1;1;4;2;0;0;-5614,25851596566;0,286533888429403;
297,45;297,45;1;1;4;2;0;0;-5614,370274672;0,286206770688295;
297,5;297,5;1;1;4;2;0;0;-5614,47353971667;0,285928342491388;
297,55;297,55;1;1;4;2;0;0;-5614,26209224426;0,28564078733325;
297,6;297,6;1;1;4;2;0;0;-5614,09266604544;0,285357162356377;
297,65;297,65;1;1;4;2;0;0;-5614,20397771696;0,285029578953981;
297,7;297,7;1;1;4;2;0;0;-5614,31573642331;0,284785199910402;
297,75;297,75;1;1;4;2;0;0;-5614,42704809483;0,284584555774927;
297,8;297,8;1;1;4;2;0;0;-5614,53880680118;0,28426231816411;
297,85;297,85;1;1;4;2;0;0;-5614,50662029375;0,283989459276199;
297,9;297,9;1;1;4;2;0;0;-5614,3948615874;0,283495634794235;
297,95;297,95;1;1;4;2;0;0;-5614,28354991588;0,283247847110033;
298;298;1;1;4;2;0;0;-5614,21381248312;0,282937455922365;
298,05;298,05;1;1;4;2;0;0;-5614,32557118947;0,282703284174204;
298,1;298,1;1;1;4;2;0;0;-5614,43688286099;0,282373577356339;
298,15;298,15;1;1;4;2;0;0;-5614,48158634353;0,282037314027548;
298,2;298,2;1;1;4;2;0;0;-5614,370274672;0,281834974884987;
298,25;298,25;1;1;4;2;0;0;-5614,25851596566;0,281516276299953;
298,3;298,3;1;1;4;2;0;0;-5614,39888490083;0,281199607998133;
298,35;298,35;1;1;4;2;0;0;-5614,37563908991;0,280854310840368;
298,4;298,4;1;1;4;2;0;0;-5614,15212167722;0,280605778098106;
298,45;298,45;1;1;4;2;0;0;-5614,17313231401;0,280359368771315;
298,5;298,5;1;1;4;2;0;0;-5614,28489102036;0,280236173421144;
298,55;298,55;1;1;4;2;0;0;-5614,39620269188;0,279910787940025;
298,6;298,6;1;1;4;2;0;0;-5614,33272374667;0,279489979147911;
298,65;298,65;1;1;4;2;0;0;-5614,26432741839;0,279244594275951;
298,7;298,7;1;1;4;2;0;0;-5614,37608612473;0,27893727645278;
298,75;298,75;1;1;4;2;0;0;-5614,48739779626;0,278714653104544;
298,8;298,8;1;1;4;2;0;0;-5614,39083827397;0,278352666646242;
298,85;298,85;1;1;4;2;0;0;-5614,27952660245;0,278097148984671;
298,9;298,9;1;1;4;2;0;0;-5614,16776789611;0,277728941291571;
298,95;298,95;1;1;4;2;0;0;-5614,25315154775;0,277385767549276;
299;299;1;1;4;2;0;0;-5614,3649102541;0,277118347585201;
299,05;299,05;1;1;4;2;0;0;-5614,47622192562;0,276762787252665;
299,1;299,1;1;1;4;2;0;0;-5614,58798063197;0,276580564677715;
299,15;299,15;1;1;4;2;0;0;-5614,61256754736;0,276285782456398;
299,2;299,2;1;1;4;2;0;0;-5614,61256754736;0,276023019105196;
299,25;299,25;1;1;4;2;0;0;-5614,61256754736;0,275662466883659;
299,3;299,3;1;1;4;2;0;0;-5614,61256754736;0,275258347392082;
299,35;299,35;1;1;4;2;0;0;-5614,61256754736;0,275009255856276;
299,4;299,4;1;1;4;2;0;0;-5614,61256754736;0,274698343127966;
299,45;299,45;1;1;4;2;0;0;-5614,61256754736;0,274500735104084;
299,5;299,5;1;1;4;2;0;0;-5614,61256754736;0,274146851152182;
299,55;299,55;1;1;4;2;0;0;-5614,61256754736;0,274018719792366;
299,6;299,6;1;1;4;2;0;0;-5614,61256754736;0,273623466491699;
299,65;299,65;1;1;4;2;0;0;-5614,61256754736;0,273465532809496;
299,7;299,7;1;1;4;2;0;0;-5614,61256754736;0,273176338523626;
299,75;299,75;1;1;4;2;0;0;-5614,61256754736;0,272847395390272;
299,8;299,8;1;1;4;2;0;0;-5614,61256754736;0,272449497133493;
299,85;299,85;1;1;4;2;0;0;-5614,61256754736;0,272230971604586;
299,9;299,9;1;1;4;2;0;0;-5614,61256754736;0,272014643996954;
299,95;299,95;1;1;4;2;0;0;-5614,61256754736;0,271758195012808;
300;300;1;1;4;2;0;0;-5614,61256754736;0,271378234028816;
300,05;300,05;1;1;4;2;0;0;-5614,61256754736;0,271129719913006;
300,1;300,1;1;1;4;2;0;0;-5614,61256754736;0,270989499986172;
300,15;300,15;1;1;4;2;0;0;-5614,61256754736;0,270663816481829;
300,2;300,2;1;1;4;2;0;0;-5614,61256754736;0,270350836217403;
300,25;300,25;1;1;4;2;0;0;-5614,61256754736;0,270150378346443;
300,3;300,3;1;1;4;2;0;0;-5614,61256754736;0,269840657711029;
300,35;300,35;1;1;4;2;0;0;-5614,61256754736;0,269511882215738;
300,4;300,4;1;1;4;2;0;0;-5614,61256754736;0,269280970096588;
300,45;300,45;1;1;4;2;0;0;-5614,61256754736;0,269092433154583;
300,5;300,5;1;1;4;2;0;0;-5614,61256754736;0,268853586167097;
300,55;300,55;1;1;4;2;0;0;-5614,61256754736;0,268667936325073;
300,6;300,6;1;1;4;2;0;0;-5614,61256754736;0,268387328833342;
300,65;300,65;1;1;4;2;0;0;-5614,61256754736;0,267999079078436;
300,7;300,7;1;1;4;2;0;0;-5614,61256754736;0,267827063798904;
300,75;300,75;1;1;4;2;0;0;-5614,61256754736;0,267572104930878;
300,8;300,8;1;1;4;2;0;0;-5614,61256754736;0,267179775983095;
300,85;300,85;1;1;4;2;0;0;-5614,61256754736;0,266985688358545;
300,9;300,9;1;1;4;2;0;0;-5614,61256754736;0,266917049884796;
300,95;300,95;1;1;4;2;0;0;-5614,61256754736;0,266723278909922;
301;301;1;1;4;2;0;0;-5614,61256754736;0,266258493065834;
301,05;301,05;1;1;4;2;0;0;-5614,61256754736;0,266039334237576;
301,1;301,1;1;1;4;2;0;0;-5614,61256754736;0,265747755765915;
301,15;301,15;1;1;4;2;0;0;-5614,61256754736;0,265440084040165;
301,2;301,2;1;1;4;2;0;0;-5614,61256754736;0,265161991119385;
301,25;301,25;1;1;4;2;0;0;-5614,61256754736;0,264946091920137;
301,3;301,3;1;1;4;2;0;0;-5614,61256754736;0,264722518622875;
301,35;301,35;1;1;4;2;0;0;-5614,61256754736;0,264443475753069;
301,4;301,4;1;1;4;2;0;0;-5614,61256754736;0,264160968363285;
301,45;301,45;1;1;4;2;0;0;-5614,61256754736;0,264003816992044;
301,5;301,5;1;1;4;2;0;0;-5614,61256754736;0,263965800404549;
301,55;301,55;1;1;4;2;0;0;-5614,61256754736;0,263647325336933;
301,6;301,6;1;1;4;2;0;0;-5614,61256754736;0,263290554285049;
301,65;301,65;1;1;4;2;0;0;-5614,61256754736;0,263028424233198;
301,7;301,7;1;1;4;2;0;0;-5614,58127510959;0,262901727110147;
301,75;301,75;1;1;4;2;0;0;-5614,46951640324;0,262639727443457;
301,8;301,8;1;1;4;2;0;0;-5614,35820473172;0,262422487139702;
301,85;301,85;1;1;4;2;0;0;-5614,24644602537;0,262215603142977;
301,9;301,9;1;1;4;2;0;0;-5614,14273394588;0,261972174048424;
301,95;301,95;1;1;4;2;0;0;-5614,25181044328;0,261808019131422;
302;302;1;1;4;2;0;0;-5614,36356914962;0,261457376182079;
302,05;302,05;1;1;4;2;0;0;-5614,47488082114;0,261270795017481;
302,1;302,1;1;1;4;2;0;0;-5614,37206281131;0,260983351618052;
302,15;302,15;1;1;4;2;0;0;-5614,26030410496;0,260581877082586;
302,2;302,2;1;1;4;2;0;0;-5614,14854539861;0,260331723839045;
302,25;302,25;1;1;4;2;0;0;-5614,22901166718;0,260219238698483;
302,3;302,3;1;1;4;2;0;0;-5614,34077037353;0,2600366063416;
302,35;302,35;1;1;4;2;0;0;-5614,38189757746;0,259756837040186;
302,4;302,4;1;1;4;2;0;0;-5614,27013887112;0,259515233337879;
302,45;302,45;1;1;4;2;0;0;-5614,15838016477;0,259164180606604;
302,5;302,5;1;1;4;2;0;0;-5614,20129550801;0,259103626012802;
302,55;302,55;1;1;4;2;0;0;-5614,31305421436;0,258786976337433;
302,6;302,6;1;1;4;2;0;0;-5614,42436588588;0,25860259309411;
302,65;302,65;1;1;4;2;0;0;-5614,53612459222;0,25840824469924;
302,7;302,7;1;1;4;2;0;0;-5614,63179004485;0,258226040750742;
302,75;302,75;1;1;4;2;0;0;-5614,63179004485;0,258010718971491;
302,8;302,8;1;1;4;2;0;0;-5614,63179004485;0,257755052298307;
302,85;302,85;1;1;4;2;0;0;-5614,63179004485;0,257442239671946;
302,9;302,9;1;1;4;2;0;0;-5614,63179004485;0,25733919814229;
302,95;302,95;1;1;4;2;0;0;-5614,63179004485;0,256992280483246;
303;303;1;1;4;2;0;0;-5614,63179004485;0,256963986903429;
303,05;303,05;1;1;4;2;0;0;-5614,63179004485;0,256619099527597;
303,1;303,1;1;1;4;2;0;0;-5614,63179004485;0,256430320441723;
303,15;303,15;1;1;4;2;0;0;-5614,63179004485;0,256155114620924;
303,2;303,2;1;1;4;2;0;0;-5614,63179004485;0,256096199154854;
303,25;303,25;1;1;4;2;0;0;-5614,63179004485;0,255760308355093;
303,3;303,3;1;1;4;2;0;0;-5614,63179004485;0,25555457919836;
303,35;303,35;1;1;4;2;0;0;-5614,63179004485;0,255153477191925;
303,4;303,4;1;1;4;2;0;0;-5614,63179004485;0,25496507063508;
303,45;303,45;1;1;4;2;0;0;-5614,63179004485;0,254840403795242;
303,5;303,5;1;1;4;2;0;0;-5614,63179004485;0,254605766385794;
303,55;303,55;1;1;4;2;0;0;-5614,63179004485;0,254316441714764;
303,6;303,6;1;1;4;2;0;0;-5614,63179004485;0,254067648202181;
303,65;303,65;1;1;4;2;0;0;-5614,63179004485;0,253876931965351;
303,7;303,7;1;1;4;2;0;0;-5614,63179004485;0,253558773547411;
303,75;303,75;1;1;4;2;0;0;-5614,63179004485;0,253427568823099;
303,8;303,8;1;1;4;2;0;0;-5614,63179004485;0,253234133124352;
303,85;303,85;1;1;4;2;0;0;-5614,63179004485;0,253062024712563;
303,9;303,9;1;1;4;2;0;0;-5614,63179004485;0,25271363556385;
303,95;303,95;1;1;4;2;0;0;-5614,63179004485;0,252483896911144;
304;304;1;1;4;2;0;0;-5614,63179004485;0,252339709550142;
304,05;304,05;1;1;4;2;0;0;-5614,63179004485;0,252062808722258;
304,1;304,1;1;1;4;2;0;0;-5614,63179004485;0,251842048019171;
304,15;304,15;1;1;4;2;0;0;-5614,63179004485;0,251718070358038;
304,2;304,2;1;1;4;2;0;0;-5614,63179004485;0,251445602625608;
304,25;304,25;1;1;4;2;0;0;-5614,63179004485;0,251346472650766;
304,3;304,3;1;1;4;2;0;0;-5614,63179004485;0,251122526824474;
304,35;304,35;1;1;4;2;0;0;-5614,53299534844;0,250941328704357;
304,4;304,4;1;1;4;2;0;0;-5614,4212366421;0,250739250332117;
304,45;304,45;1;1;4;2;0;0;-5614,30992497058;0,25043610483408;
304,5;304,5;1;1;4;2;0;0;-5614,19816626423;0,250176042318344;
304,55;304,55;1;1;4;2;0;0;-5614,26566852286;0,2501499094069;
304,6;304,6;1;1;4;2;0;0;-5614,37742722921;0,249929577112198;
304,65;304,65;1;1;4;2;0;0;-5614,37116874166;0,249555986374617;
304,7;304,7;1;1;4;2;0;0;-5614,14765132896;0,249358974397182;
304,75;304,75;1;1;4;2;0;0;-5613,95900263265;0,249249450862408;
304,8;304,8;1;1;4;2;0;0;-5613,97464885154;0,249034259468317;
304,85;304,85;1;1;4;2;0;0;-5614,08640755788;0,248948838561773;
304,9;304,9;1;1;4;2;0;0;-5614,19771922941;0,248736143112183;
304,95;304,95;1;1;4;2;0;0;-5614,30947793575;0,248463917523623;
305;305;1;1;4;2;0;0;-5614,42078960727;0,248146560043097;
305,05;305,05;1;1;4;2;0;0;-5614,53254831362;0,247924160212278;
305,1;305,1;1;1;4;2;0;0;-5614,54417121908;0,247833412140608;
305,15;305,15;1;1;4;2;0;0;-5614,43241251273;0,247586071491241;
305,2;305,2;1;1;4;2;0;0;-5614,32110084121;0,247411075979471;
305,25;305,25;1;1;4;2;0;0;-5614,20934213487;0,247269347310066;
305,3;305,3;1;1;4;2;0;0;-5614,09937156782;0,247105248272419;
305,35;305,35;1;1;4;2;0;0;-5614,20353068214;0,246864352375269;
305,4;305,4;1;1;4;2;0;0;-5614,31528938848;0,246782172471285;
305,45;305,45;1;1;4;2;0;0;-5614,42660106;0,246489569544792;
305,5;305,5;1;1;4;2;0;0;-5614,42704809483;0,246309787034988;
305,55;305,55;1;1;4;2;0;0;-5614,31573642331;0,246164500713348;
305,6;305,6;1;1;4;2;0;0;-5614,20397771696;0,245974846184254;
305,65;305,65;1;1;4;2;0;0;-5614,12842883147;0,245936848223209;
305,7;305,7;1;1;4;2;0;0;-5614,24018753782;0,245574191212654;
305,75;305,75;1;1;4;2;0;0;-5614,35194624416;0,24527158588171;
305,8;305,8;1;1;4;2;0;0;-5614,46325791568;0,245340894907713;
305,85;305,85;1;1;4;2;0;0;-5614,53478348775;0,245148930698633;
305,9;305,9;1;1;4;2;0;0;-5614,4230247814;0,244988445192575;
305,95;305,95;1;1;4;2;0;0;-5614,31171310988;0,244790706783533;
306;306;1;1;4;2;0;0;-5614,19995440353;0,244475640356541;
306,05;306,05;1;1;4;2;0;0;-5614,23303498061;0,244521386921406;
306,1;306,1;1;1;4;2;0;0;-5614,34479368696;0,244265273213387;
306,15;306,15;1;1;4;2;0;0;-5614,39799083118;0,244058296084404;
306,2;306,2;1;1;4;2;0;0;-5614,17492045331;0,24375407025218;
306,25;306,25;1;1;4;2;0;0;-5614,15301574687;0,243628118187189;
306,3;306,3;1;1;4;2;0;0;-5614,26477445321;0,243320353329182;
306,35;306,35;1;1;4;2;0;0;-5614,37653315956;0,243412312120199;
306,4;306,4;1;1;4;2;0;0;-5614,47175157737;0,243183467537165;
306,45;306,45;1;1;4;2;0;0;-5614,36043990585;0,242994129657745;
306,5;306,5;1;1;4;2;0;0;-5614,2486811995;0,242818873375654;
306,55;306,55;1;1;4;2;0;0;-5614,22454131893;0,242713168263435;
306,6;306,6;1;1;4;2;0;0;-5614,22454131893;0,242479722946882;
306,65;306,65;1;1;4;2;0;0;-5614,22454131893;0,242312736809254;
306,7;306,7;1;1;4;2;0;0;-5614,22454131893;0,241967719048262;
306,75;306,75;1;1;4;2;0;0;-5614,32735932877;0,242008082568645;
306,8;306,8;1;1;4;2;0;0;-5614,44358838337;0,24181017652154;
306,85;306,85;1;1;4;2;0;0;-5614,2205180055;0,241621993482113;
306,9;306,9;1;1;4;2;0;0;-5614,09311308027;0,241455901414156;
306,95;306,95;1;1;4;2;0;0;-5614,20442475179;0,241147261112928;
307;307;1;1;4;2;0;0;-5614,31618345813;0,241052359342575;
307,05;307,05;1;1;4;2;0;0;-5614,42749512965;0,240800902247429;
307,1;307,1;1;1;4;2;0;0;-5614,42391885105;0,240484178066254;
307,15;307,15;1;1;4;2;0;0;-5614,31260717953;0,240382459014654;
307,2;307,2;1;1;4;2;0;0;-5614,20084847318;0,240240599960089;
307,25;307,25;1;1;4;2;0;0;-5614,14765132896;0,240089166909456;
307,3;307,3;1;1;4;2;0;0;-5614,25941003531;0,239748079329729;
307,35;307,35;1;1;4;2;0;0;-5614,37116874166;0,239692181348801;
307,4;307,4;1;1;4;2;0;0;-5614,48248041318;0,239463653415442;
307,45;307,45;1;1;4;2;0;0;-5614,4283891993;0,23935541510582;
307,5;307,5;1;1;4;2;0;0;-5614,31707752778;0,239068660885096;
307,55;307,55;1;1;4;2;0;0;-5614,20531882144;0,239003617316484;
307,6;307,6;1;1;4;2;0;0;-5614,17223824436;0,238759014755487;
307,65;307,65;1;1;4;2;0;0;-5614,28399695071;0,23861788213253;
307,7;307,7;1;1;4;2;0;0;-5614,39530862223;0,238364730030298;
307,75;307,75;1;1;4;2;0;0;-5614,40380228391;0,238129310309887;
307,8;307,8;1;1;4;2;0;0;-5614,29249061239;0,237919129431248;
307,85;307,85;1;1;4;2;0;0;-5614,25181044328;0,237931814044714;
307,9;307,9;1;1;4;2;0;0;-5614,36356914962;0,237705484032631;
307,95;307,95;1;1;4;2;0;0;-5614,45029390575;0,237645171582699;
308;308;1;1;4;2;0;0;-5614,33898223423;0,237290393561125;
308,05;308,05;1;1;4;2;0;0;-5614,22722352788;0,237246695905924;
308,1;308,1;1;1;4;2;0;0;-5614,14765132896;0,236966442316771;
308,15;308,15;1;1;4;2;0;0;-5614,25941003531;0,236839056015015;
308,2;308,2;1;1;4;2;0;0;-5614,37116874166;0,23656664416194;
308,25;308,25;1;1;4;2;0;0;-5614,48248041318;0,236439593136311;
308,3;308,3;1;1;4;2;0;0;-5614,38905013467;0,236347354948521;
308,35;308,35;1;1;4;2;0;0;-5614,27773846315;0,236048977822065;
308,4;308,4;1;1;4;2;0;0;-5614,33585299045;0,235994998365641;
308,45;308,45;1;1;4;2;0;0;-5614,34389961731;0,235791373997927;
308,5;308,5;1;1;4;2;0;0;-5614,24286974677;0,235672667622566;
308,55;308,55;1;1;4;2;0;0;-5614,35462845312;0,235559977591038;
308,6;308,6;1;1;4;2;0;0;-5614,34434665213;0,235362537205219;
308,65;308,65;1;1;4;2;0;0;-5614,23258794579;0,23507023230195;
308,7;308,7;1;1;4;2;0;0;-5614,15346278169;0,234897285699844;
308,75;308,75;1;1;4;2;0;0;-5614,26522148804;0,234799291938543;
308,8;308,8;1;1;4;2;0;0;-5614,37698019439;0,234621856361628;
308,85;308,85;1;1;4;2;0;0;-5614,43241251273;0,234585795551538;
308,9;308,9;1;1;4;2;0;0;-5614,32110084121;0,234351251274347;
308,95;308,95;1;1;4;2;0;0;-5614,20934213487;0,234112236648798;
309;309;1;1;4;2;0;0;-5614,09803046334;0,234069470316172;
309,05;309,05;1;1;4;2;0;0;-5614,13826359763;0,233864765614271;
309,1;309,1;1;1;4;2;0;0;-5614,25002230398;0,233628209680319;
309,15;309,15;1;1;4;2;0;0;-5614,36178101032;0,233385544270277;
309,2;309,2;1;1;4;2;0;0;-5614,43956506994;0,233350712805986;
309,25;309,25;1;1;4;2;0;0;-5614,43956506994;0,233140215277672;
309,3;309,3;1;1;4;2;0;0;-5614,43956506994;0,232954174280167;
309,35;309,35;1;1;4;2;0;0;-5614,43956506994;0,232820268720388;
309,4;309,4;1;1;4;2;0;0;-5614,43956506994;0,232721846550703;
309,45;309,45;1;1;4;2;0;0;-5614,43956506994;0,232540834695101;
309,5;309,5;1;1;4;2;0;0;-5614,43956506994;0,232193674892187;
309,55;309,55;1;1;4;2;0;0;-5614,43956506994;0,232111532241106;
309,6;309,6;1;1;4;2;0;0;-5614,43956506994;0,23212468251586;
309,65;309,65;1;1;4;2;0;0;-5614,43956506994;0,231946688145399;
309,7;309,7;1;1;4;2;0;0;-5614,43956506994;0,23168383166194;
309,75;309,75;1;1;4;2;0;0;-5614,43956506994;0,23154940456152;
309,8;309,8;1;1;4;2;0;0;-5614,43956506994;0,231373012065887;
309,85;309,85;1;1;4;2;0;0;-5614,43956506994;0,23123862221837;
309,9;309,9;1;1;4;2;0;0;-5614,43956506994;0,230968948453665;
309,95;309,95;1;1;4;2;0;0;-5614,43956506994;0,23079939186573;
310;310;1;1;4;2;0;0;-5614,43956506994;0,23053964599967;
310,05;310,05;1;1;4;2;0;0;-5614,43956506994;0,230361297726631;
310,1;310,1;1;1;4;2;0;0;-5614,43956506994;0,230236165225506;
310,15;310,15;1;1;4;2;0;0;-5614,43956506994;0,230009276419878;
310,2;310,2;1;1;4;2;0;0;-5614,43956506994;0,229826532304287;
310,25;310,25;1;1;4;2;0;0;-5614,43956506994;0,229686629027128;
310,3;310,3;1;1;4;2;0;0;-5614,43956506994;0,229516718536615;
310,35;310,35;1;1;4;2;0;0;-5614,43956506994;0,229455046355724;
310,4;310,4;1;1;4;2;0;0;-5614,43956506994;0,229107141494751;
310,45;310,45;1;1;4;2;0;0;-5614,43956506994;0,229104850441217;
310,5;310,5;1;1;4;2;0;0;-5614,43956506994;0,229019932448864;
310,55;310,55;1;1;4;2;0;0;-5614,43956506994;0,22879907861352;
310,6;310,6;1;1;4;2;0;0;-5614,43956506994;0,228569414466619;
310,65;310,65;1;1;4;2;0;0;-5614,43956506994;0,228598173707724;
310,7;310,7;1;1;4;2;0;0;-5614,43956506994;0,228284541517496;
310,75;310,75;1;1;4;2;0;0;-5614,43956506994;0,228256192058325;
310,8;310,8;1;1;4;2;0;0;-5614,43956506994;0,22800512611866;
310,85;310,85;1;1;4;2;0;0;-5614,43956506994;0,227874405682087;
310,9;310,9;1;1;4;2;0;0;-5614,43956506994;0,227512866258621;
310,95;310,95;1;1;4;2;0;0;-5614,43956506994;0,227360185235739;
311;311;1;1;4;2;0;0;-5614,43956506994;0,227079577744007;
311,05;311,05;1;1;4;2;0;0;-5614,43956506994;0,227043889462948;
311,1;311,1;1;1;4;2;0;0;-5614,43956506994;0,227021556347609;
311,15;311,15;1;1;4;2;0;0;-5614,43956506994;0,226870849728584;
311,2;311,2;1;1;4;2;0;0;-5614,43956506994;0,226601213216782;
311,25;311,25;1;1;4;2;0;0;-5614,43956506994;0,226340368390083;
311,3;311,3;1;1;4;2;0;0;-5614,43956506994;0,226228926330805;
311,35;311,35;1;1;4;2;0;0;-5614,43956506994;0,22604301571846;
311,4;311,4;1;1;4;2;0;0;-5614,43956506994;0,225953869521618;
311,45;311,45;1;1;4;2;0;0;-5614,43956506994;0,225518122315407;
311,5;311,5;1;1;4;2;0;0;-5614,43956506994;0,22542180493474;
311,55;311,55;1;1;4;2;0;0;-5614,43956506994;0,225317943841219;
311,6;311,6;1;1;4;2;0;0;-5614,43956506994;0,225028954446316;
311,65;311,65;1;1;4;2;0;0;-5614,43956506994;0,224877912551165;
311,7;311,7;1;1;4;2;0;0;-5614,43956506994;0,224748365581036;
311,75;311,75;1;1;4;2;0;0;-5614,43956506994;0,224591642618179;
311,8;311,8;1;1;4;2;0;0;-5614,43956506994;0,224270261824131;
311,85;311,85;1;1;4;2;0;0;-5614,43956506994;0,224241819232702;
311,9;311,9;1;1;4;2;0;0;-5614,43956506994;0,223942417651415;
311,95;311,95;1;1;4;2;0;0;-5614,43956506994;0,223889797925949;
312;312;1;1;4;2;0;0;-5614,43956506994;0,223586913198233;
312,05;312,05;1;1;4;2;0;0;-5614,43956506994;0,223539993166924;
312,1;312,1;1;1;4;2;0;0;-5614,43956506994;0,223139300942421;
312,15;312,15;1;1;4;2;0;0;-5614,4176603635;0,223117116838694;
312,2;312,2;1;1;4;2;0;0;-5614,30634869197;0,222946461290121;
312,25;312,25;1;1;4;2;0;0;-5614,19458998563;0,222723390907049;
312,3;312,3;1;1;4;2;0;0;-5614,36222804515;0,222501717507839;
312,35;312,35;1;1;4;2;0;0;-5614,58529842302;0,222357846796513;
312,4;312,4;1;1;4;2;0;0;-5614,65592992543;0,222206395119429;
312,45;312,45;1;1;4;2;0;0;-5614,65592992543;0,222010742872953;
312,5;312,5;1;1;4;2;0;0;-5614,65592992543;0,221836138516665;
312,55;312,55;1;1;4;2;0;0;-5614,65592992543;0,221782792359591;
312,6;312,6;1;1;4;2;0;0;-5614,65592992543;0,221567321568727;
312,65;312,65;1;1;4;2;0;0;-5614,65592992543;0,221409536898136;
312,7;312,7;1;1;4;2;0;0;-5614,65592992543;0,22128676995635;
312,75;312,75;1;1;4;2;0;0;-5614,61524975632;0,221257153898478;
312,8;312,8;1;1;4;2;0;0;-5614,50349104997;0,220978502184153;
312,85;312,85;1;1;4;2;0;0;-5614,39173234362;0,22076366469264;
312,9;312,9;1;1;4;2;0;0;-5614,2804206721;0,220681931823492;
312,95;312,95;1;1;4;2;0;0;-5614,2504693388;0,220446288585663;
313;313;1;1;4;2;0;0;-5614,2504693388;0,220171436667442;
313,05;313,05;1;1;4;2;0;0;-5614,2504693388;0,220125503838062;
313,1;313,1;1;1;4;2;0;0;-5614,2504693388;0,219861958175898;
313,15;313,15;1;1;4;2;0;0;-5614,2504693388;0,219753794372082;
313,2;313,2;1;1;4;2;0;0;-5614,2504693388;0,219503603875637;
313,25;313,25;1;1;4;2;0;0;-5614,2504693388;0,219262130558491;
313,3;313,3;1;1;4;2;0;0;-5614,2504693388;0,219203401356936;
313,35;313,35;1;1;4;2;0;0;-5614,2504693388;0,219042841345072;
313,4;313,4;1;1;4;2;0;0;-5614,2504693388;0,218812879174948;
313,45;313,45;1;1;4;2;0;0;-5614,2504693388;0,218771807849407;
313,5;313,5;1;1;4;2;0;0;-5614,2504693388;0,218553058803082;
313,55;313,55;1;1;4;2;0;0;-5614,2504693388;0,21841024979949;
313,6;313,6;1;1;4;2;0;0;-5614,2504693388;0,218327101320028;
313,65;313,65;1;1;4;2;0;0;-5614,2504693388;0,218224711716175;
313,7;313,7;1;1;4;2;0;0;-5614,2504693388;0,218054745346308;
313,75;313,75;1;1;4;2;0;0;-5614,2504693388;0,217832289636135;
313,8;313,8;1;1;4;2;0;0;-5614,2504693388;0,217667017132044;
313,85;313,85;1;1;4;2;0;0;-5614,2504693388;0,217473581433296;
313,9;313,9;1;1;1;3;0;0;-5614,2504693388;0,21747212857008;
313,9;313,9;1;1;1;3;0;0;-5614,2504693388;0,21747212857008;
313,95;313,95;1;1;1;3;0;0;-5614,2504693388;0,21724184975028;
314;314;1;1;1;3;0;0;-5614,2504693388;0,217014718800783;
314,05;314,05;1;1;1;3;0;0;-5614,2504693388;0,216911341995001;
314,1;314,1;1;1;1;3;0;0;-5614,2504693388;0,216248948127031;
314,15;314,15;1;1;1;3;0;0;-5614,27371514972;0,215227380394936;
314,2;314,2;1;1;1;3;0;0;-5614,38502682124;0,215026382356882;
314,25;314,25;1;1;1;3;0;0;-5614,49678552759;0,213957633823156;
314,3;314,3;1;1;1;3;0;0;-5616,82404882854;0,200590156018734;
314,35;314,35;1;1;1;3;0;0;-5619,94077563112;0,187821332365274;
314,4;314,4;1;1;1;3;0;0;-5621,75663109183;0,181106310337782;
314,45;314,45;1;1;1;3;0;0;-5622,37219804639;0,178281422704458;
314,5;314,5;1;1;1;3;0;0;-5623,62210741816;0,171027164906263;
314,55;314,55;1;1;1;3;0;0;-5625,34766184415;0,166288018226624;
314,6;314,6;1;1;1;3;0;0;-5626,41294583304;0,160743705928326;
314,65;314,65;1;1;1;3;0;0;-5627,41743308568;0,156647618860006;
314,7;314,7;1;1;1;3;0;0;-5628,42147330349;0,151175018399954;
314,75;314,75;1;1;1;3;0;0;-5629,42551352131;0,147691434249282;
314,8;314,8;1;1;1;3;0;0;-5630,43000077395;0,14354539103806;
314,85;314,85;1;1;1;3;0;0;-5631,74383612575;0,139776580035686;
314,9;314,9;1;1;1;3;0;0;-5632,30978221469;0,135202091187239;
314,95;314,95;1;1;1;3;0;0;-5633,604395069;0,130631569772959;
315;315;1;1;1;3;0;0;-5634,69203079916;0,127060320228338;
315,05;315,05;1;1;1;3;0;0;-5635,36124193276;0,123183345422149;
315,1;315,1;1;1;1;3;0;0;-5636,28615698649;0,118554467335343;
315,15;315,15;1;1;1;3;0;0;-5637,51326758217;0,114765660837293;
315,2;315,2;1;1;1;3;0;0;-5638,54681209846;0,110299745574594;
315,25;315,25;1;1;1;3;0;0;-5639,3277819384;0,106979068368673;
315,3;315,3;1;1;1;3;0;0;-5640,13065648479;0,102572487667203;
315,35;315,35;1;1;1;3;0;0;-5641,02338503109;0,099791930988431;
315,4;315,4;1;1;1;3;0;0;-5641,91611357738;0,0966574065387249;
315,45;315,45;1;1;1;3;0;0;-5642,80839508885;0,0927503872662783;
315,5;315,5;1;1;1;3;0;0;-5643,95235720701;0,0871220324188471;
315,55;315,55;1;1;1;3;0;0;-5645,29122650903;0,0827065017074347;
315,6;315,6;1;1;1;3;0;0;-5646,41194281627;0,0802370812743902;
315,65;315,65;1;1;1;3;0;0;-5646,76197108455;0,0760261807590723;
315,7;315,7;1;1;1;3;0;0;-5648,03914958067;0,0729645416140556;
315,75;315,75;1;1;1;3;0;0;-5648,71551327148;0,0708539457991719;
315,8;315,8;1;1;1;3;0;0;-5649,4978242159;0,0658427085727453;
315,85;315,85;1;1;1;3;0;0;-5650,28549957823;0,0643406249582767;
315,9;315,9;1;1;1;3;0;0;-5651,06781052265;0,0604703510180116;
315,95;315,95;1;1;1;3;0;0;-5652,29492111833;0,0545481452718377;
316;316;1;1;1;3;0;0;-5653,57880513684;0,0485473405569792;
316,05;316,05;1;1;1;3;0;0;-5654,91767443887;0,0437862193211913;
316,1;316,1;1;1;1;3;0;0;-5656,13897358182;0,0393154472112656;
316,15;316,15;1;1;1;3;0;0;-5657,15106042649;0,0344885187223554;
316,2;316,2;1;1;1;3;0;0;-5658,1551006443;0,0319335935637355;
316,25;316,25;1;1;1;3;0;0;-5658,88734368828;0,0289537291973829;
316,3;316,3;1;1;1;3;0;0;-5659,55700185671;0,0245773326605558;
316,35;316,35;1;1;1;3;0;0;-5660,83954477074;0,0210293382406235;
316,4;316,4;1;1;1;3;0;0;-5661,78770563538;0,0175497541204095;
316,45;316,45;1;1;1;3;0;0;-5662,47345705752;0,0145746069028974;
316,5;316,5;1;1;1;3;0;0;-5663,14266819112;0,0107693439349532;
316,55;316,55;1;1;1;3;0;0;-5664,05417220008;0,0072686979547143;
316,6;316,6;1;1;1;3;0;0;-5665,05821241789;0,00291735399514437;
316,65;316,65;1;1;1;3;0;0;-5666,06269967053;-0,00106547959148884;
316,7;316,7;1;1;1;3;0;0;-5667,06673988834;-0,00414733774960041;
316,75;316,75;1;1;1;3;0;0;-5668,07122714098;-0,00829181633889675;
316,8;316,8;1;1;1;3;0;0;-5669,05336265235;-0,0117018073797226;
316,85;316,85;1;1;1;3;0;0;-5669,94609119865;-0,0143711967393756;
316,9;316,9;1;1;1;3;0;0;-5670,43917061104;-0,0181520124897361;
316,95;316,95;1;1;1;3;0;0;-5671,67969225149;-0,0229675834998488;
317;317;1;1;1;3;0;0;-5672,80085559355;-0,0267933029681444;
317,05;317,05;1;1;1;3;0;0;-5673,5818254335;-0,031230584718287;
317,1;317,1;1;1;1;3;0;0;-5674,43521491516;-0,0339590385556221;
317,15;317,15;1;1;1;3;0;0;-5675,53045023735;-0,0374602572992444;
317,2;317,2;1;1;1;3;0;0;-5676,3185726345;-0,0420443480834365;
317,25;317,25;1;1;1;3;0;0;-5677,31590732994;-0,0453447597101331;
317,3;317,3;1;1;1;3;0;0;-5678,32039458258;-0,0486909132450819;
317,35;317,35;1;1;1;3;0;0;-5679,32443480039;-0,0535025866702199;
317,4;317,4;1;1;1;3;0;0;-5680,32892205303;-0,0584395555779338;
317,45;317,45;1;1;1;3;0;0;-5681,33296227084;-0,0614788150414824;
317,5;317,5;1;1;1;3;0;0;-5682,33700248866;-0,0636978494003415;
317,55;317,55;1;1;1;3;0;0;-5682,9436287467;-0,0655633676797152;
317,6;317,6;1;1;1;3;0;0;-5683,50152820878;-0,0694919005036354;
317,65;317,65;1;1;1;3;0;0;-5684,05942767086;-0,0708733033388853;
317,7;317,7;1;1;1;3;0;0;-5684,48634592911;-0,0707860244438052;
317,75;317,75;1;1;1;3;0;0;-5684,63163224736;-0,0738688092678785;
317,8;317,8;1;1;1;3;0;0;-5686,72375523016;-0,0843102391809225;
317,85;317,85;1;1;1;3;0;0;-5688,73272973543;-0,0926414970308542;
317,9;317,9;1;1;1;3;0;0;-5690,04790619172;-0,0971798598766327;
317,95;317,95;1;1;1;3;0;0;-5691,03182984239;-0,100247701629996;
318;318;1;1;1;3;0;0;-5691,81279968233;-0,104771908372641;
318,05;318,05;1;1;1;3;0;0;-5692,67647096498;-0,109070800244808;
318,1;318,1;1;1;1;3;0;0;-5693,79226988914;-0,114401476457715;
318,15;318,15;1;1;1;3;0;0;-5694,9080688133;-0,118723539635539;
318,2;318,2;1;1;1;3;0;0;-5696,09494627469;-0,124722179025412;
318,25;318,25;1;1;1;3;0;0;-5697,11060939797;-0,127449305728078;
318,3;318,3;1;1;1;3;0;0;-5697,78026756639;-0,131502291187644;
318,35;318,35;1;1;1;3;0;0;-5699,02168327649;-0,135434549301863;
318,4;318,4;1;1;1;3;0;0;-5699,85629729548;-0,139114912599325;
318,45;318,45;1;1;1;3;0;0;-5700,54741313552;-0,142493378371;
318,5;318,5;1;1;1;3;0;0;-5701,33732367198;-0,145921660587192;
318,55;318,55;1;1;1;3;0;0;-5702,23005221827;-0,148500129580498;
318,6;318,6;1;1;1;3;0;0;-5703,02398606816;-0,153034375980496;
318,65;318,65;1;1;1;3;0;0;-5704,39638298209;-0,157458763569593;
318,7;318,7;1;1;1;3;0;0;-5704,86308733979;-0,158097855746746;
318,75;318,75;1;1;1;3;0;0;-5705,19746938917;-0,160700082778931;
318,8;318,8;1;1;1;3;0;0;-5705,53229847339;-0,162503551691771;
318,85;318,85;1;1;1;3;0;0;-5706,01107277138;-0,165394321084023;
318,9;318,9;1;1;1;3;0;0;-5706,79248964615;-0,167404897511005;
318,95;318,95;1;1;1;3;0;0;-5707,43934903848;-0,168085340410471;
319;319;1;1;1;3;0;0;-5708,04508122688;-0,174741055816412;
319,05;319,05;1;1;1;3;0;0;-5710,46711591081;-0,183783154934645;
319,1;319,1;1;1;1;3;0;0;-5711,60481954141;-0,190131980925798;
319,15;319,15;1;1;1;3;0;0;-5712,60930679405;-0,194363500922918;
319,2;319,2;1;1;1;3;0;0;-5713,61334701187;-0,199679955840111;
319,25;319,25;1;1;1;3;0;0;-5714,86146824434;-0,204533264040947;
319,3;319,3;1;1;1;3;0;0;-5716,20167865084;-0,20934360101819;
319,35;319,35;1;1;1;3;0;0;-5717,02645790368;-0,214014016091824;
319,4;319,4;1;1;1;3;0;0;-5718,08369526571;-0,219832416623831;
319,45;319,45;1;1;1;3;0;0;-5719,51465374177;-0,224123224616051;
319,5;319,5;1;1;1;3;0;0;-5720,18431191019;-0,228289738297462;
319,55;319,55;1;1;1;3;0;0;-5721,14186050617;-0,233712773770094;
319,6;319,6;1;1;1;3;0;0;-5722,61349915133;-0,238135028630495;
319,65;319,65;1;1;1;3;0;0;-5723,7628256874;-0,24156367406249;
319,7;319,7;1;1;1;3;0;0;-5724,56391209449;-0,246624052524567;
319,75;319,75;1;1;1;3;0;0;-5725,34488193443;-0,250582527369261;
319,8;319,8;1;1;1;3;0;0;-5726,12585177438;-0,253538265824318;
319,85;319,85;1;1;1;3;0;0;-5727,32390510641;-0,256816949695349;
319,9;319,9;1;1;1;3;0;0;-5727,94796572265;-0,262281615287066;
319,95;319,95;1;1;1;3;0;0;-5728,92250164199;-0,265133548527956;
320;320;1;1;1;3;0;0;-5729,65250951184;-0,267594438046217;
320,05;320,05;1;1;1;3;0;0;-5729,98689156123;-0,269363522529602;
320,1;320,1;1;1;1;3;0;0;-5730,57697753074;-0,272009689360857;
320,15;320,15;1;1;1;3;0;0;-5731,54123164909;-0,277798026800156;
320,2;320,2;1;1;1;3;0;0;-5733,09378359765;-0,283529758453369;
320,25;320,25;1;1;1;3;0;0;-5734,15996165619;-0,287145655602217;
320,3;320,3;1;1;1;3;0;0;-5735,12019246112;-0,292970910668373;
320,35;320,35;1;1;1;3;0;0;-5736,23599138528;-0,296855270862579;
320,4;320,4;1;1;1;3;0;0;-5737,29546392144;-0,301964320242405;
320,45;320,45;1;1;1;3;0;0;-5738,19400392046;-0,305803138762712;
320,5;320,5;1;1;1;3;0;0;-5739,08673246676;-0,310097727924585;
320,55;320,55;1;1;1;3;0;0;-5739,97901397823;-0,315129458904266;
320,6;320,6;1;1;1;3;0;0;-5740,87174252452;-0,317848920822144;
320,65;320,65;1;1;1;3;0;0;-5741,76447107081;-0,321987569332123;
320,7;320,7;1;1;1;3;0;0;-5742,97101806452;-0,327135063707829;
320,75;320,75;1;1;1;3;0;0;-5744,00143333704;-0,331382006406784;
320,8;320,8;1;1;1;3;0;0;-5744,67109150546;-0,335202142596245;
320,85;320,85;1;1;1;3;0;0;-5745,48782413144;-0,339975766837597;
320,9;320,9;1;1;1;3;0;0;-5746,71493472712;-0,343890376389027;
320,95;320,95;1;1;1;3;0;0;-5747,91298805915;-0,348631851375103;
321;321;1;1;1;3;0;0;-5748,80795177957;-0,350669324398041;
321,05;321,05;1;1;1;3;0;0;-5749,61484963939;-0,35773754119873;
321,1;321,1;1;1;1;3;0;0;-5750,73958926006;-0,359981916844845;
321,15;321,15;1;1;1;3;0;0;-5751,40880039366;-0,364509075880051;
321,2;321,2;1;1;1;3;0;0;-5752,07845856209;-0,368354991078377;
321,25;321,25;1;1;1;3;0;0;-5752,91709589451;-0,37144310772419;
321,3;321,3;1;1;1;3;0;0;-5753,86704489845;-0,377031229436398;
321,35;321,35;1;1;1;3;0;0;-5754,98284382261;-0,379213765263557;
321,4;321,4;1;1;1;3;0;0;-5755,56354206078;-0,383043140172958;
321,45;321,45;1;1;1;3;0;0;-5757,61409080482;-0,391895435750484;
321,5;321,5;1;1;1;3;0;0;-5758,69412694295;-0,395324341952801;
321,55;321,55;1;1;1;3;0;0;-5759,25202640503;-0,400591604411602;
321,6;321,6;1;1;1;3;0;0;-5760,24891406564;-0,40371261537075;
321,65;321,65;1;1;1;3;0;0;-5761,3647129898;-0,409270189702511;
321,7;321,7;1;1;1;3;0;0;-5762,48051191396;-0,412212535738945;
321,75;321,75;1;1;1;3;0;0;-5763,27489279867;-0,416505895555019;
321,8;321,8;1;1;1;3;0;0;-5763,94410393227;-0,418739207088947;
321,85;321,85;1;1;1;3;0;0;-5764,69869871752;-0,424944870173931;
321,9;321,9;1;1;1;3;0;0;-5766,03399174094;-0,428151786327362;
321,95;321,95;1;1;1;3;0;0;-5766,92090883451;-0,431285984814167;
322;322;1;1;1;3;0;0;-5767,59369624671;-0,436599515378475;
322,05;322,05;1;1;1;3;0;0;-5768,65674506147;-0,440910831093788;
322,1;322,1;1;1;1;3;0;0;-5769,88430269198;-0,44541634619236;
322,15;322,15;1;1;1;3;0;0;-5770,78552489995;-0,448708757758141;
322,2;322,2;1;1;1;3;0;0;-5771,45875934699;-0,452544279396534;
322,25;322,25;1;1;1;3;0;0;-5772,12841751541;-0,456003099679947;
322,3;322,3;1;1;1;3;0;0;-5772,79807568384;-0,458523258566856;
322,35;322,35;1;1;1;3;0;0;-5773,46728681744;-0,461223982274532;
322,4;322,4;1;1;1;3;0;0;-5774,04574988148;-0,462382100522518;
322,45;322,45;1;1;1;3;0;0;-5774,49189063722;-0,465354546904564;
322,5;322,5;1;1;1;3;0;0;-5775,03906126349;-0,466612949967384;
322,55;322,55;1;1;1;3;0;0;-5775,70827239709;-0,469876229763031;
322,6;322,6;1;1;1;3;0;0;-5776,58267251554;-0,474169217050076;
322,65;322,65;1;1;1;3;0;0;-5778,32297909076;-0,485327690839767;
322,7;322,7;1;1;1;3;0;0;-5780,54116589432;-0,493212975561619;
322,75;322,75;1;1;1;3;0;0;-5781,78436974372;-0,499151758849621;
322,8;322,8;1;1;1;3;0;0;-5782,90016866788;-0,50429817289114;
322,85;322,85;1;1;1;3;0;0;-5784,01596759204;-0,509807430207729;
322,9;322,9;1;1;1;3;0;0;-5785,1317665162;-0,514099113643169;
322,95;322,95;1;1;1;3;0;0;-5786,24756544036;-0,518337525427341;
323;323;1;1;1;3;0;0;-5787,26367559846;-0,523967109620571;
323,05;323,05;1;1;1;3;0;0;-5788,15595710993;-0,528117790818214;
323,1;323,1;1;1;1;3;0;0;-5789,04868565622;-0,532355159521103;
323,15;323,15;1;1;1;3;0;0;-5789,94141420251;-0,535643063485622;
323,2;323,2;1;1;1;3;0;0;-5790,8341427488;-0,540550649166107;
323,25;323,25;1;1;1;3;0;0;-5791,75637559357;-0,544489547610283;
323,3;323,3;1;1;1;3;0;0;-5792,9472763684;-0,550625436007977;
323,35;323,35;1;1;1;3;0;0;-5794,03267692443;-0,552883110940456;
323,4;323,4;1;1;1;3;0;0;-5794,55704877461;-0,557415746152401;
323,45;323,45;1;1;1;3;0;0;-5796,00767678298;-0,561799183487892;
323,5;323,5;1;1;1;3;0;0;-5796,94689695111;-0,565885342657566;
323,55;323,55;1;1;1;3;0;0;-5797,63264837325;-0,571073219180107;
323,6;323,6;1;1;1;3;0;0;-5798,80790292919;-0,573778189718723;
323,65;323,65;1;1;1;3;0;0;-5799,37653122708;-0,576811134815216;
323,7;323,7;1;1;1;3;0;0;-5800,34167941508;-0,582367926836014;
323,75;323,75;1;1;1;3;0;0;-5801,50039368248;-0,58483861386776;
323,8;323,8;1;1;1;3;0;0;-5801,94698147304;-0,588775649666786;
323,85;323,85;1;1;1;3;0;0;-5802,52544453709;-0,59023704379797;
323,9;323,9;1;1;1;3;0;0;-5803,27199269548;-0,592267215251923;
323,95;323,95;1;1;1;3;0;0;-5803,60905695382;-0,592891089618206;
324;324;1;1;1;3;0;0;-5804,38287423656;-0,598458796739578;
324,05;324,05;1;1;1;3;0;0;-5805,49375577764;-0,601205602288246;
324,1;324,1;1;1;1;3;0;0;-5806,13703889137;-0,605468899011612;
324,15;324,15;1;1;1;3;0;0;-5806,69493835345;-0,606829188764095;
324,2;324,2;1;1;1;3;0;0;-5808,28370012287;-0,615284144878387;
324,25;324,25;1;1;1;3;0;0;-5809,68157802185;-0,622112974524498;
324,3;324,3;1;1;1;3;0;0;-5810,79737694601;-0,627962425351143;
324,35;324,35;1;1;1;3;0;0;-5811,91317587017;-0,633759051561356;
324,4;324,4;1;1;1;3;0;0;-5813,02897479433;-0,637827590107918;
324,45;324,45;1;1;1;3;0;0;-5813,99546408681;-0,642146468162537;
324,5;324,5;1;1;1;3;0;0;-5814,78135130983;-0,646097734570503;
324,55;324,55;1;1;1;3;0;0;-5815,89357395539;-0,650951042771339;
324,6;324,6;1;1;1;3;0;0;-5816,91728370552;-0,655279755592346;
324,65;324,65;1;1;1;3;0;0;-5817,66740814252;-0,659985914826393;
324,7;324,7;1;1;1;3;0;0;-5818,89496577302;-0,66379114985466;
324,75;324,75;1;1;1;3;0;0;-5819,82077489639;-0,669314116239548;
324,8;324,8;1;1;1;3;0;0;-5821,04386217865;-0,674017742276192;
324,85;324,85;1;1;1;3;0;0;-5822,09752326208;-0,678156763315201;
324,9;324,9;1;1;1;3;0;0;-5822,87894013685;-0,682997331023216;
324,95;324,95;1;1;1;3;0;0;-5823,83335948905;-0,687002241611481;
325;325;1;1;1;3;0;0;-5824,83784674169;-0,692149475216866;
325,05;325,05;1;1;1;3;0;0;-5825,8418869595;-0,69563128054142;
325,1;325,1;1;1;1;3;0;0;-5826,79362410274;-0,698243156075478;
325,15;325,15;1;1;1;3;0;0;-5827,35152356482;-0,701980963349342;
325,2;325,2;1;1;1;3;0;0;-5828,53303660831;-0,706168338656425;
325,25;325,25;1;1;1;3;0;0;-5829,30685389106;-0,71086160838604;
325,3;325,3;1;1;1;3;0;0;-5830,07933006932;-0,715101808309555;
325,35;325,35;1;1;1;3;0;0;-5831,18395312285;-0,718812122941017;
325,4;325,4;1;1;1;3;0;0;-5832,29975204701;-0,724025890231133;
325,45;325,45;1;1;1;3;0;0;-5833,41555097117;-0,727374479174614;
325,5;325,5;1;1;1;3;0;0;-5834,22781324889;-0,731878727674484;
325,55;325,55;1;1;1;3;0;0;-5834,89747141732;-0,736720040440559;
325,6;325,6;1;1;1;3;0;0;-5835,98287197335;-0,740960091352463;
325,65;325,65;1;1;1;3;0;0;-5837,20998256903;-0,745572224259377;
325,7;325,7;1;1;1;3;0;0;-5838,09913483672;-0,749444141983986;
325,75;325,75;1;1;1;3;0;0;-5838,88010467667;-0,75316421687603;
325,8;325,8;1;1;1;3;0;0;-5839,69594323299;-0,7579305768013;
325,85;325,85;1;1;1;3;0;0;-5840,91858348042;-0,762240961194038;
325,9;325,9;1;1;1;3;0;0;-5841,94274026538;-0,766355246305466;
325,95;325,95;1;1;1;3;0;0;-5842,83546881167;-0,770744383335114;
326;326;1;1;1;3;0;0;-5843,72819735796;-0,773731991648674;
326,05;326,05;1;1;1;3;0;0;-5844,53598928743;-0,780105143785477;
326,1;326,1;1;1;1;3;0;0;-5845,69425652;-0,78293465077877;
326,15;326,15;1;1;1;3;0;0;-5846,47477932513;-0,788843631744385;
326,2;326,2;1;1;1;3;0;0;-5847,47792547329;-0,790772661566734;
326,25;326,25;1;1;1;3;0;0;-5848,13193742283;-0,795028209686279;
326,3;326,3;1;1;1;3;0;0;-5849,18470443661;-0,800065845251083;
326,35;326,35;1;1;1;3;0;0;-5850,50032792771;-0,803885012865067;
326,4;326,4;1;1;1;3;0;0;-5851,05912145945;-0,808655545115471;
326,45;326,45;1;1;1;3;0;0;-5851,7855530507;-0,810799151659012;
326,5;326,5;1;1;1;3;0;0;-5852,46325784598;-0,812221616506577;
326,55;326,55;1;1;1;3;0;0;-5852,76366524864;-0,81525444984436;
326,6;326,6;1;1;1;3;0;0;-5853,65460565563;-0,819070339202881;
326,65;326,65;1;1;1;3;0;0;-5855,51337645958;-0,828969851136208;
326,7;326,7;1;1;1;3;0;0;-5857,10794968172;-0,834982916712761;
326,75;326,75;1;1;1;3;0;0;-5858,02884142202;-0,840351656079292;
326,8;326,8;1;1;1;3;0;0;-5859,13257040589;-0,845900923013687;
326,85;326,85;1;1;1;3;0;0;-5860,41198407614;-0,85023432970047;
326,9;326,9;1;1;1;3;0;0;-5861,08119520974;-0,853272825479507;
326,95;326,95;1;1;1;3;0;0;-5861,98062927842;-0,859684869647026;
327;327;1;1;1;3;0;0;-5863,48892477926;-0,863434076309204;
327,05;327,05;1;1;1;3;0;0;-5864,32264472861;-0,868009254336357;
327,1;327,1;1;1;1;3;0;0;-5865,10361456855;-0,871775597333908;
327,15;327,15;1;1;1;3;0;0;-5865,8845844085;-0,875911638140678;
327,2;327,2;1;1;1;3;0;0;-5866,74512644737;-0,878871753811836;
327,25;327,25;1;1;1;3;0;0;-5867,63785499366;-0,882575660943985;
327,3;327,3;1;1;1;3;0;0;-5868,53058353995;-0,887259989976883;
327,35;327,35;1;1;1;3;0;0;-5869,42331208625;-0,891215056180954;
327,4;327,4;1;1;1;3;0;0;-5870,31559359771;-0,895663499832153;
327,45;327,45;1;1;1;3;0;0;-5871,41395816368;-0,89937187731266;
327,5;327,5;1;1;1;3;0;0;-5872,46806628194;-0,902874171733856;
327,55;327,55;1;1;1;3;0;0;-5873,20656781348;-0,907306373119354;
327,6;327,6;1;1;1;3;0;0;-5873,8762259819;-0,910050198435783;
327,65;327,65;1;1;1;3;0;0;-5874,5454371155;-0,912500098347664;
327,7;327,7;1;1;1;3;0;0;-5875,28170347291;-0,917886793613434;
327,75;327,75;1;1;1;3;0;0;-5876,72160264548;-0,922343283891678;
327,8;327,8;1;1;1;3;0;0;-5877,73681873392;-0,92590905725956;
327,85;327,85;1;1;1;3;0;0;-5878,42972271327;-0,930798277258873;
327,9;327,9;1;1;1;3;0;0;-5879,26701894121;-0,936394706368446;
327,95;327,95;1;1;1;3;0;0;-5880,67428457153;-0,939687415957451;
328;328;1;1;1;3;0;0;-5881,54242620242;-0,94300165772438;
328,05;328,05;1;1;1;3;0;0;-5882,01807125663;-0,945502370595932;
328,1;328,1;1;1;1;3;0;0;-5882,53484351478;-0,949635356664658;
328,15;328,15;1;1;1;3;0;0;-5883,60683302605;-0,951257422566414;
328,2;328,2;1;1;1;3;0;0;-5883,94121507544;-0,953299328684807;
328,25;328,25;1;1;1;3;0;0;-5884,27604415965;-0,955502167344093;
328,3;328,3;1;1;1;3;0;0;-5884,92245651716;-0,960339829325676;
328,35;328,35;1;1;1;3;0;0;-5887,29755254442;-0,972945019602776;
328,4;328,4;1;1;1;3;0;0;-5889,31680885069;-0,979338437318802;
328,45;328,45;1;1;1;3;0;0;-5890,36331737691;-0,984424948692322;
328,5;328,5;1;1;1;3;0;0;-5891,36780462955;-0,989952906966209;
328,55;328,55;1;1;1;3;0;0;-5892,37184484736;-0,994559749960899;
328,6;328,6;1;1;1;3;0;0;-5893,37588506518;-1,00039288401604;
328,65;328,65;1;1;1;3;0;0;-5894,46575596947;-1,00365519523621;
328,7;328,7;1;1;1;3;0;0;-5895,49572420715;-1,00791357457638;
328,75;328,75;1;1;1;3;0;0;-5896,2766940471;-1,01266652345657;
328,8;328,8;1;1;1;3;0;0;-5897,26911135945;-1,01725913584232;
328,85;328,85;1;1;1;3;0;0;-5898,49622195513;-1,02196857333183;
328,9;328,9;1;1;1;3;0;0;-5899,62632599371;-1,02613843977451;
328,95;328,95;1;1;1;3;0;0;-5900,46049297787;-1,03023670613766;
329;329;1;1;1;3;0;0;-5901,24146281782;-1,03464432060719;
329,05;329,05;1;1;1;3;0;0;-5902,0282441105;-1,03935264050961;
329,1;329,1;1;1;1;3;0;0;-5903,31883365138;-1,04268930852413;
329,15;329,15;1;1;1;3;0;0;-5904,08192209831;-1,04583367705345;
329,2;329,2;1;1;1;3;0;0;-5904,75158026674;-1,05075128376484;
329,25;329,25;1;1;1;3;0;0;-5905,85486221579;-1,05698153376579;
329,3;329,3;1;1;1;3;0;0;-5907,08197281147;-1,06048420071602;
329,35;329,35;1;1;1;3;0;0;-5908,09718889992;-1,06292709708214;
329,4;329,4;1;1;1;3;0;0;-5908,32562369569;-1,06519140303135;
329,45;329,45;1;1;1;3;0;0;-5909,15487329678;-1,0708324611187;
329,5;329,5;1;1;1;3;0;0;-5910,65199292699;-1,07536420226097;
329,55;329,55;1;1;1;3;0;0;-5911,23135006069;-1,07674971222878;
329,6;329,6;1;1;1;3;0;0;-5911,65111576173;-1,07826463878155;
329,65;329,65;1;1;1;3;0;0;-5911,98594484594;-1,08055211603642;
329,7;329,7;1;1;1;3;0;0;-5912,47142466631;-1,08282454311848;
329,75;329,75;1;1;1;3;0;0;-5913,25239450625;-1,08583554625511;
329,8;329,8;1;1;1;3;0;0;-5913,76201420719;-1,0873307287693;
329,85;329,85;1;1;1;3;0;0;-5914,91089370843;-1,09565690159798;
329,9;329,9;1;1;1;3;0;0;-5916,93327925847;-1,10420562326908;
329,95;329,95;1;1;1;3;0;0;-5918,17335386409;-1,10915541648865;
330;330;1;1;1;3;0;0;-5919,06027095765;-1,11481286585331;
330,05;330,05;1;1;1;3;0;0;-5919,87879172293;-1,11875846982002;
330,1;330,1;1;1;1;3;0;0;-5920,99459064709;-1,12362273037434;
330,15;330,15;1;1;1;3;0;0;-5922,11038957125;-1,12899444997311;
330,2;330,2;1;1;1;3;0;0;-5923,22618849541;-1,13322906196117;
330,25;330,25;1;1;1;3;0;0;-5924,34198741957;-1,13797351717949;
330,3;330,3;1;1;1;3;0;0;-5925,38715484132;-1,14206306636333;
330,35;330,35;1;1;1;3;0;0;-5926,27943635279;-1,14736415445805;
330,4;330,4;1;1;1;3;0;0;-5927,17216489908;-1,15087524056435;
330,45;330,45;1;1;1;3;0;0;-5928,06489344537;-1,15603685379028;
330,5;330,5;1;1;1;3;0;0;-5928,95762199167;-1,16040244698524;
330,55;330,55;1;1;1;3;0;0;-5930,34521808966;-1,16666726768017;
330,6;330,6;1;1;1;3;0;0;-5931,55310618785;-1,16956517100334;
330,65;330,65;1;1;1;3;0;0;-5932,22276435628;-1,1749953776598;
330,7;330,7;1;1;1;3;0;0;-5933,30011828545;-1,17973782122135;
330,75;330,75;1;1;1;3;0;0;-5934,66849188596;-1,18447124958038;
330,8;330,8;1;1;1;3;0;0;-5935,56926705911;-1,18819423019886;
330,85;330,85;1;1;1;3;0;0;-5936,12716652119;-1,19318917393684;
330,9;330,9;1;1;1;3;0;0;-5937,42624972375;-1,19808308780193;
330,95;330,95;1;1;1;3;0;0;-5938,47901673753;-1,20110020041466;
331;331;1;1;1;3;0;0;-5939,03691619961;-1,20513759553432;
331,05;331,05;1;1;1;3;0;0;-5939,59481566169;-1,20804563164711;
331,1;331,1;1;1;1;3;0;0;-5940,36639777031;-1,20962403714657;
331,15;331,15;1;1;1;3;0;0;-5940,94486083436;-1,21089562773705;
331,2;331,2;1;1;1;3;0;0;-5941,37848461498;-1,21605060994625;
331,25;331,25;1;1;1;3;0;0;-5942,82911262335;-1,22246973216534;
331,3;331,3;1;1;1;3;0;0;-5944,24621301982;-1,22747004032135;
331,35;331,35;1;1;1;3;0;0;-5945,20510272027;-1,23179495334625;
331,4;331,4;1;1;1;3;0;0;-5946,09783126656;-1,23662136495113;
331,45;331,45;1;1;1;3;0;0;-5946,99055981286;-1,24158874154091;
331,5;331,5;1;1;1;3;0;0;-5948,09115955295;-1,24617278575897;
331,55;331,55;1;1;1;3;0;0;-5949,12962145232;-1,24927274882793;
331,6;331,6;1;1;1;3;0;0;-5949,79927962075;-1,25423684716225;
331,65;331,65;1;1;1;3;0;0;-5950,99107446522;-1,25874623656273;
331,7;331,7;1;1;1;3;0;0;-5951,99466764821;-1,2618550658226;
331,75;331,75;1;1;1;3;0;0;-5952,77563748816;-1,26799553632736;
331,8;331,8;1;1;1;3;0;0;-5953,72871573588;-1,27230748534203;
331,85;331,85;1;1;1;3;0;0;-5954,82082181429;-1,27614438533783;
331,9;331,9;1;1;1;3;0;0;-5955,6697409477;-1,27944484353065;
331,95;331,95;1;1;1;3;0;0;-5956,64338279739;-1,28696456551552;
332;332;1;1;1;3;0;0;-5957,92458460694;-1,28935679793358;
332,05;332,05;1;1;1;3;0;0;-5958,57144399927;-1,29299506545067;
332,1;332,1;1;1;1;3;0;0;-5959,46461958039;-1,29764556884766;
332,15;332,15;1;1;1;3;0;0;-5960,57013670357;-1,30092829465866;
332,2;332,2;1;1;1;3;0;0;-5961,29880346894;-1,30513802170753;
332,25;332,25;1;1;1;3;0;0;-5961,89023054293;-1,30693644285202;
332,3;332,3;1;1;1;3;0;0;-5962,33681833349;-1,30873575806618;
332,35;332,35;1;1;1;3;0;0;-5962,68818770624;-1,31151854991913;
332,4;332,4;1;1;1;3;0;0;-5964,79819208205;-1,32173508405685;
332,45;332,45;1;1;1;3;0;0;-5966,43568064744;-1,32856994867325;
332,5;332,5;1;1;1;3;0;0;-5967,37490081557;-1,33387073874474;
332,55;332,55;1;1;1;3;0;0;-5968,26762936186;-1,33944466710091;
332,6;332,6;1;1;1;3;0;0;-5969,15991087333;-1,34306952357292;
332,65;332,65;1;1;1;3;0;0;-5970,23994701146;-1,3482104241848;
332,7;332,7;1;1;1;3;0;0;-5971,35574593562;-1,35307490825653;
332,75;332,75;1;1;1;3;0;0;-5972,47154485978;-1,35831326246262;
332,8;332,8;1;1;1;3;0;0;-5973,58734378394;-1,36247038841248;
332,85;332,85;1;1;1;3;0;0;-5974,50868255906;-1,36572659015656;
332,9;332,9;1;1;1;3;0;0;-5975,13319021012;-1,36934190988541;
332,95;332,95;1;1;1;3;0;0;-5976,00848439822;-1,3749785721302;
333;333;1;1;1;3;0;0;-5977,37909317285;-1,37842133641243;
333,05;333,05;1;1;1;3;0;0;-5978,04696320198;-1,38049229979515;
333,1;333,1;1;1;1;3;0;0;-5978,60486266406;-1,38592585921288;
333,15;333,15;1;1;1;3;0;0;-5979,3786799468;-1,38955220580101;
333,2;333,2;1;1;1;3;0;0;-5980,38272016461;-1,3930332660675;
333,25;333,25;1;1;1;3;0;0;-5981,38676038243;-1,3980670273304;
333,3;333,3;1;1;1;3;0;0;-5982,39124763507;-1,40199825167656;
333,35;333,35;1;1;1;3;0;0;-5983,36846576336;-1,40659406781197;
333,4;333,4;1;1;1;3;0;0;-5984,03812393178;-1,41008839011192;
333,45;333,45;1;1;1;3;0;0;-5984,82982260754;-1,41390725970268;
333,5;333,5;1;1;1;3;0;0;-5985,76680760154;-1,41543656587601;
333,55;333,55;1;1;1;3;0;0;-5986,10118965093;-1,41808822751045;
333,6;333,6;1;1;1;3;0;0;-5986,71899177961;-1,42066612839699;
333,65;333,65;1;1;1;3;0;0;-5987,38864994804;-1,4228630065918;
333,7;333,7;1;1;1;3;0;0;-5988,05786108164;-1,426642537117;
333,75;333,75;1;1;1;3;0;0;-5988,72751925007;-1,42943724989891;
333,8;333,8;1;1;1;3;0;0;-5989,39717741849;-1,43116161227226;
333,85;333,85;1;1;1;3;0;0;-5990,8835682129;-1,44130289554596;
333,9;333,9;1;1;1;3;0;0;-5992,75440895713;-1,44921198487282;
333,95;333,95;1;1;1;3;0;0;-5993,98151955281;-1,45514905452728;
334;334;1;1;1;3;0;0;-5995,20907718332;-1,46220624446869;
334,05;334,05;1;1;1;3;0;0;-5996,436187779;-1,46696850657463;
334,1;334,1;1;1;1;3;0;0;-5997,66374540951;-1,47372618317604;
334,15;334,15;1;1;1;3;0;0;-5998,89130304001;-1,47751867771149;
334,2;334,2;1;1;1;3;0;0;-5999,5989591686;-1,48264065384865;
334,25;334,25;1;1;1;3;0;0;-6000,59137648095;-1,48724377155304;
334,3;334,3;1;1;1;3;0;0;-6001,81893411145;-1,49163916707039;
334,35;334,35;1;1;1;3;0;0;-6002,87706554314;-1,49663731455803;
334,4;334,4;1;1;1;3;0;0;-6003,76979408943;-1,50056064128876;
334,45;334,45;1;1;1;3;0;0;-6004,66252263573;-1,50593042373657;
334,5;334,5;1;1;1;3;0;0;-6005,72333627636;-1,51031345129013;
334,55;334,55;1;1;1;3;0;0;-6006,83913520052;-1,51439502835274;
334,6;334,6;1;1;1;3;0;0;-6007,86463308996;-1,51868537068367;
334,65;334,65;1;1;1;3;0;0;-6008,68628309901;-1,52279987931252;
334,7;334,7;1;1;1;3;0;0;-6009,46769997379;-1,52637720108032;
334,75;334,75;1;1;1;3;0;0;-6010,24866981373;-1,5307292342186;
334,8;334,8;1;1;1;3;0;0;-6011,70332113553;-1,53604209423065;
334,85;334,85;1;1;1;3;0;0;-6012,74267710455;-1,54123604297638;
334,9;334,9;1;1;1;3;0;0;-6013,53079950171;-1,54497861862183;
334,95;334,95;1;1;1;3;0;0;-6014,31176934165;-1,54891595244408;
335;335;1;1;1;3;0;0;-6015,0927391816;-1,552345007658;
335,05;335,05;1;1;1;3;0;0;-6015,87415605637;-1,55684515833855;
335,1;335,1;1;1;1;3;0;0;-6016,65512589632;-1,56029134988785;
335,15;335,15;1;1;1;3;0;0;-6017,43609573627;-1,5623651444912;
335,2;335,2;1;1;1;3;0;0;-6018,21706557621;-1,56612381339073;
335,25;335,25;1;1;1;3;0;0;-6018,99803541616;-1,56887710094452;
335,3;335,3;1;1;1;3;0;0;-6019,86751815153;-1,57433182001114;
335,35;335,35;1;1;1;3;0;0;-6021,09507578204;-1,57853409647942;
335,4;335,4;1;1;1;3;0;0;-6021,97931066665;-1,58312439918518;
335,45;335,45;1;1;1;3;0;0;-6022,64852180025;-1,58601105213165;
335,5;335,5;1;1;1;3;0;0;-6023,44513785909;-1,58964946866035;
335,55;335,55;1;1;1;3;0;0;-6024,44202551969;-1,5918704867363;
335,6;335,6;1;1;1;3;0;0;-6024,70309385772;-1,59594491124153;
335,65;335,65;1;1;1;3;0;0;-6025,71965105064;-1,60034447908401;
335,7;335,7;1;1;1;3;0;0;-6026,8354499748;-1,60310596227646;
335,75;335,75;1;1;1;3;0;0;-6027,40497234234;-1,60681813955307;
335,8;335,8;1;1;1;3;0;0;-6028,67276310713;-1,61472082138062;
335,85;335,85;1;1;1;3;0;0;-6030,41888113509;-1,62063762545586;
335,9;335,9;1;1;1;3;0;0;-6031,45421379068;-1,62605568766594;
335,95;335,95;1;1;1;3;0;0;-6032,34649530214;-1,63085654377937;
336;336;1;1;1;3;0;0;-6033,23922384844;-1,63588851690292;
336,05;336,05;1;1;1;3;0;0;-6034,13195239473;-1,64068847894669;
336,1;336,1;1;1;1;3;0;0;-6035,2848552094;-1,6457587480545;
336,15;336,15;1;1;1;3;0;0;-6036,67870979495;-1,65007755160332;
336,2;336,2;1;1;1;3;0;0;-6037,48113730651;-1,6529592871666;
336,25;336,25;1;1;1;3;0;0;-6038,03903676859;-1,65856257081032;
336,3;336,3;1;1;1;3;0;0;-6039,35153101592;-1,6643513739109;
336,35;336,35;1;1;1;3;0;0;-6040,56344242754;-1,66747808456421;
336,4;336,4;1;1;1;3;0;0;-6041,28808587949;-1,67392790317535;
336,45;336,45;1;1;1;3;0;0;-6042,37482754;-1,67790576815605;
336,5;336,5;1;1;1;3;0;0;-6043,35562194689;-1,68165534734726;
336,55;336,55;1;1;1;3;0;0;-6044,24835049319;-1,68652534484863;
336,6;336,6;1;1;1;3;0;0;-6045,167901129;-1,69189393520355;
336,65;336,65;1;1;1;3;0;0;-6046,49827676935;-1,69798284769058;
336,7;336,7;1;1;1;3;0;0;-6047,70884707649;-1,70121669769287;
336,75;336,75;1;1;1;3;0;0;-6048,4469015732;-1,70535132288933;
336,8;336,8;1;1;1;3;0;0;-6049,18808531369;-1,70996755361557;
336,85;336,85;1;1;1;3;0;0;-6050,1921255315;-1,71423271298409;
336,9;336,9;1;1;1;3;0;0;-6051,19661278414;-1,71739876270294;
336,95;336,95;1;1;1;3;0;0;-6051,7665821865;-1,71877130866051;
337;337;1;1;1;3;0;0;-6052,10141127072;-1,72256648540497;
337,05;337,05;1;1;1;3;0;0;-6053,46844376674;-1,72930002212524;
337,1;337,1;1;1;1;3;0;0;-6054,51584636262;-1,73190668225288;
337,15;337,15;1;1;1;3;0;0;-6054,96198711835;-1,7344556748867;
337,2;337,2;1;1;1;3;0;0;-6055,55564936646;-1,738670617342;
337,25;337,25;1;1;1;3;0;0;-6057,38670401124;-1,74564450979233;
337,3;337,3;1;1;1;3;0;0;-6058,24858715458;-1,74913749098778;
337,35;337,35;1;1;1;3;0;0;-6058,91824532301;-1,75410538911819;
337,4;337,4;1;1;1;3;0;0;-6060,03002093374;-1,76022469997406;
337,45;337,45;1;1;1;3;0;0;-6061,26651926075;-1,76294654607773;
337,5;337,5;1;1;1;3;0;0;-6061,93573039435;-1,76763251423836;
337,55;337,55;1;1;1;3;0;0;-6062,70820657262;-1,77200645208359;
337,6;337,6;1;1;1;3;0;0;-6063,82400549678;-1,77726730704308;
337,65;337,65;1;1;1;3;0;0;-6064,93980442094;-1,7817497253418;
337,7;337,7;1;1;1;3;0;0;-6066,0556033451;-1,78649246692657;
337,75;337,75;1;1;1;3;0;0;-6067,1316161698;-1,79006651043892;
337,8;337,8;1;1;1;3;0;0;-6067,80127433822;-1,79446831345558;
337,85;337,85;1;1;1;3;0;0;-6068,50267197925;-1,79950550198555;
337,9;337,9;1;1;1;3;0;0;-6069,96492289309;-1,80282562971115;
337,95;337,95;1;1;1;3;0;0;-6070,72041174799;-1,80751413106918;
338;338;1;1;1;3;0;0;-6071,38962288159;-1,81235104799271;
338,05;338,05;1;1;1;3;0;0;-6072,55504267136;-1,81722402572632;
338,1;338,1;1;1;1;3;0;0;-6073,78260030187;-1,82093679904938;
338,15;338,15;1;1;1;3;0;0;-6074,62123763429;-1,82579353451729;
338,2;338,2;1;1;1;3;0;0;-6075,40220747424;-1,82984262704849;
338,25;338,25;1;1;1;3;0;0;-6076,18317731419;-1,83403983712196;
338,3;338,3;1;1;1;3;0;0;-6077,18855863648;-1,8378858268261;
338,35;338,35;1;1;1;3;0;0;-6078,30435756064;-1,84359505772591;
338,4;338,4;1;1;1;3;0;0;-6079,3674063754;-1,84728309512138;
338,45;338,45;1;1;1;3;0;0;-6080,20649074265;-1,85140356421471;
338,5;338,5;1;1;1;3;0;0;-6080,98746058259;-1,85550138354301;
338,55;338,55;1;1;1;3;0;0;-6081,93740958654;-1,86115458607674;
338,6;338,6;1;1;1;3;0;0;-6083,16496721704;-1,86500772833824;
338,65;338,65;1;1;1;3;0;0;-6084,15112604184;-1,86963766813278;
338,7;338,7;1;1;1;3;0;0;-6084,85028850874;-1,87385886907578;
338,75;338,75;1;1;1;3;0;0;-6085,56286202041;-1,87776446342468;
338,8;338,8;1;1;1;3;0;0;-6086,57271369095;-1,88277065753937;
338,85;338,85;1;1;1;3;0;0;-6087,79088359012;-1,88750609755516;
338,9;338,9;1;1;1;3;0;0;-6089,01844122063;-1,89234599471092;
338,95;338,95;1;1;1;3;0;0;-6090,24555181631;-1,8967679142952;
339;339;1;1;1;3;0;0;-6091,12844559644;-1,90149158239365;
339,05;339,05;1;1;1;3;0;0;-6091,81598515789;-1,90590426325798;
339,1;339,1;1;1;1;3;0;0;-6092,72078364447;-1,91204071044922;
339,15;339,15;1;1;1;3;0;0;-6093,94789424015;-1,91599652171135;
339,2;339,2;1;1;1;3;0;0;-6095,17545187065;-1,92017883062363;
339,25;339,25;1;1;1;3;0;0;-6096,33058985945;-1,9253696501255;
339,3;339,3;1;1;1;3;0;0;-6097,28992659472;-1,92966416478157;
339,35;339,35;1;1;1;3;0;0;-6097,92024569851;-1,93380266427994;
339,4;339,4;1;1;1;3;0;0;-6098,65248874249;-1,93815380334854;
339,45;339,45;1;1;1;3;0;0;-6099,76828766665;-1,9427590072155;
339,5;339,5;1;1;1;3;0;0;-6100,6073720339;-1,94584921002388;
339,55;339,55;1;1;1;3;0;0;-6101,20282242131;-1,95035547018051;
339,6;339,6;1;1;1;3;0;0;-6102,20239229087;-1,95431962609291;
339,65;339,65;1;1;1;3;0;0;-6103,20643250869;-1,95826202630997;
339,7;339,7;1;1;1;3;0;0;-6104,20421423894;-1,9613154232502;
339,75;339,75;1;1;1;3;0;0;-6104,77775991991;-1,96465954184532;
339,8;339,8;1;1;1;3;0;0;-6105,33565938199;-1,96658119559288;
339,85;339,85;1;1;1;3;0;0;-6105,93289790871;-1,97165742516518;
339,9;339,9;1;1;1;3;0;0;-6107,04020317118;-1,97497755289078;
339,95;339,95;1;1;1;3;0;0;-6107,82251411561;-1,97848632931709;
340;340;1;1;1;3;0;0;-6108,9195375771;-1,98572546243668;
340,05;340,05;1;1;1;3;0;0;-6110,36837744617;-1,99060186743736;
340,1;340,1;1;1;1;3;0;0;-6111,29373953472;-1,99546098709106;
340,15;340,15;1;1;1;3;0;0;-6112,69564074713;-2,00042933225632;
340,2;340,2;1;1;1;3;0;0;-6113,19676678638;-2,00421586632729;
340,25;340,25;1;1;1;3;0;0;-6114,31077757124;-2,01149895787239;
340,3;340,3;1;1;1;3;0;0;-6115,57946240568;-2,01372280716896;
340,35;340,35;1;1;1;3;0;0;-6115,91473852472;-2,01818466186523;
340,4;340,4;1;1;1;3;0;0;-6117,20130475218;-2,02224269509315;
340,45;340,45;1;1;1;3;0;0;-6118,22546153713;-2,02730134129524;
340,5;340,5;1;1;1;3;0;0;-6119,00643137708;-2,03173965215683;
340,55;340,55;1;1;1;3;0;0;-6119,95101596312;-2,0364873111248;
340,6;340,6;1;1;1;3;0;0;-6120,95505618093;-2,04020291566849;
340,65;340,65;1;1;1;3;0;0;-6121,95954343357;-2,04453855752945;
340,7;340,7;1;1;1;3;0;0;-6122,96358365138;-2,04949826002121;
340,75;340,75;1;1;1;3;0;0;-6123,85988847628;-2,054573148489;
340,8;340,8;1;1;1;3;0;0;-6124,75261702257;-2,05903574824333;
340,85;340,85;1;1;1;3;0;0;-6125,64489853404;-2,06286579370499;
340,9;340,9;1;1;1;3;0;0;-6126,53762708033;-2,06716284155846;
340,95;340,95;1;1;1;3;0;0;-6127,43035562663;-2,07068845629692;
341;341;1;1;1;3;0;0;-6128,32308417292;-2,07490488886833;
341,05;341,05;1;1;1;3;0;0;-6129,91005780304;-2,08129212260246;
341,1;341,1;1;1;1;3;0;0;-6130,77685832946;-2,08456009626389;
341,15;341,15;1;1;1;3;0;0;-6131,44830463718;-2,0894955098629;
341,2;341,2;1;1;1;3;0;0;-6132,11796280561;-2,09225162863731;
341,25;341,25;1;1;1;3;0;0;-6132,82070155112;-2,09753319621086;
341,3;341,3;1;1;1;3;0;0;-6134,43896761901;-2,10389226675034;
341,35;341,35;1;1;1;3;0;0;-6135,79437720957;-2,10887625813484;
341,4;341,4;1;1;1;3;0;0;-6136,46358834317;-2,11327612400055;
341,45;341,45;1;1;1;3;0;0;-6137,1368227902;-2,11770072579384;
341,5;341,5;1;1;1;3;0;0;-6138,22758776414;-2,12186217308044;
341,55;341,55;1;1;1;3;0;0;-6139,3433866883;-2,12587535381317;
341,6;341,6;1;1;1;3;0;0;-6140,38453079662;-2,13002517819405;
341,65;341,65;1;1;1;3;0;0;-6141,1659476714;-2,1341960132122;
341,7;341,7;1;1;1;3;0;0;-6141,94691751134;-2,13822275400162;
341,75;341,75;1;1;1;3;0;0;-6142,74979205773;-2,14358851313591;
341,8;341,8;1;1;1;3;0;0;-6143,96662085243;-2,1476174890995;
341,85;341,85;1;1;1;3;0;0;-6144,87454858279;-2,15150773525238;
341,9;341,9;1;1;1;3;0;0;-6145,46731676125;-2,155991345644;
341,95;341,95;1;1;1;3;0;0;-6146,78338728718;-2,160654515028;
342;342;1;1;1;3;0;0;-6147,95819480829;-2,16438546776772;
342,05;342,05;1;1;1;3;0;0;-6148,62785297672;-2,16897800564766;
342,1;342,1;1;1;1;3;0;0;-6149,39094142365;-2,17411205172539;
342,15;342,15;1;1;1;3;0;0;-6150,70522381028;-2,17812851071358;
342,2;342,2;1;1;1;3;0;0;-6151,47457074476;-2,18158319592476;
342,25;342,25;1;1;1;3;0;0;-6152,16568658481;-2,18654111027718;
342,3;342,3;1;1;1;3;0;0;-6153,37804503125;-2,19133213162422;
342,35;342,35;1;1;1;3;0;0;-6154,5094901743;-2,1957328915596;
342,4;342,4;1;1;1;3;0;0;-6155,29046001425;-2,20024079084396;
342,45;342,45;1;1;1;3;0;0;-6156,07142985419;-2,20479920506477;
342,5;342,5;1;1;1;3;0;0;-6156,98159275868;-2,20905587077141;
342,55;342,55;1;1;1;3;0;0;-6157,98563297649;-2,21347883343697;
342,6;342,6;1;1;1;3;0;0;-6158,99012022913;-2,21809104084969;
342,65;342,65;1;1;1;3;0;0;-6159,99416044695;-2,22207218408585;
342,7;342,7;1;1;1;3;0;0;-6160,99820066476;-2,22637444734573;
342,75;342,75;1;1;1;3;0;0;-6162,0026879174;-2,23226770758629;
342,8;342,8;1;1;1;3;0;0;-6163,00672813521;-2,23573639988899;
342,85;342,85;1;1;1;3;0;0;-6163,99109882071;-2,23989382386208;
342,9;342,9;1;1;1;3;0;0;-6164,77206866066;-2,24495679140091;
342,95;342,95;1;1;1;3;0;0;-6165,5530385006;-2,24899366497993;
343;343;1;1;1;3;0;0;-6166,73723375305;-2,25386172533035;
343,05;343,05;1;1;1;3;0;0;-6167,6996997321;-2,25783064961433;
343,1;343,1;1;1;1;3;0;0;-6168,36935790053;-2,26198360323906;
343,15;343,15;1;1;1;3;0;0;-6169,16507988971;-2,26695656776428;
343,2;343,2;1;1;1;3;0;0;-6170,16912010752;-2,27143675088882;
343,25;343,25;1;1;1;3;0;0;-6171,17360736016;-2,27592170238495;
343,3;343,3;1;1;1;3;0;0;-6172,17764757798;-2,28085175156593;
343,35;343,35;1;1;1;3;0;0;-6173,38151236274;-2,28428110480309;
343,4;343,4;1;1;1;3;0;0;-6174,40075176462;-2,28885740041733;
343,45;343,45;1;1;1;3;0;0;-6175,11064306733;-2,29388400912285;
343,5;343,5;1;1;1;3;0;0;-6176,03332294692;-2,29779347777367;
343,55;343,55;1;1;1;3;0;0;-6177,03781019956;-2,30255141854286;
343,6;343,6;1;1;1;3;0;0;-6178,04185041737;-2,3062090575695;
343,65;343,65;1;1;1;3;0;0;-6179,04633767001;-2,31120526790619;
343,7;343,7;1;1;1;3;0;0;-6179,98376969884;-2,31434345245361;
343,75;343,75;1;1;1;3;0;0;-6180,76473953879;-2,31910482048988;
343,8;343,8;1;1;1;3;0;0;-6181,54615641356;-2,3236782848835;
343,85;343,85;1;1;1;3;0;0;-6182,55511401446;-2,32973545789719;
343,9;343,9;1;1;1;3;0;0;-6183,94941563483;-2,3356169462204;
343,95;343,95;1;1;1;3;0;0;-6185,26772133489;-2,33980193734169;
344;344;1;1;1;3;0;0;-6186,1184286076;-2,34412685036659;
344,05;344,05;1;1;1;3;0;0;-6186,89939844754;-2,34803229570389;
344,1;344,1;1;1;1;3;0;0;-6187,68081532232;-2,35240072011948;
344,15;344,15;1;1;1;3;0;0;-6188,46178516226;-2,35655874013901;
344,2;344,2;1;1;1;3;0;0;-6189,30355173846;-2,36129596829414;
344,25;344,25;1;1;1;3;0;0;-6190,7166288215;-2,36764162778854;
344,3;344,3;1;1;1;3;0;0;-6191,61069847227;-2,36884444952011;
344,35;344,35;1;1;1;3;0;0;-6192,22850060095;-2,37422674894333;
344,4;344,4;1;1;1;3;0;0;-6193,36218091813;-2,37794190645218;
344,45;344,45;1;1;1;3;0;0;-6194,08771843973;-2,38262131810188;
344,5;344,5;1;1;1;3;0;0;-6195,20351736389;-2,387305945158;
344,55;344,55;1;1;1;3;0;0;-6196,31931628805;-2,39167705178261;
344,6;344,6;1;1;1;3;0;0;-6197,20980966021;-2,39576816558838;
344,65;344,65;1;1;1;3;0;0;-6197,99077950016;-2,40023463964462;
344,7;344,7;1;1;1;3;0;0;-6198,77219637493;-2,40466490387917;
344,75;344,75;1;1;1;3;0;0;-6199,61664516008;-2,40906402468681;
344,8;344,8;1;1;1;3;0;0;-6200,84375575577;-2,41374924778938;
344,85;344,85;1;1;1;3;0;0;-6201,84332562533;-2,41775587201118;
344,9;344,9;1;1;1;3;0;0;-6202,59747337575;-2,42294371128082;
344,95;344,95;1;1;1;3;0;0;-6203,93634267778;-2,42745399475098;
345;345;1;1;1;3;0;0;-6204,93233626873;-2,43176579475403;
345,05;345,05;1;1;1;3;0;0;-6205,71330610868;-2,43606314063072;
345,1;345,1;1;1;1;3;0;0;-6206,49427594863;-2,43988588452339;
345,15;345,15;1;1;1;3;0;0;-6207,27524578857;-2,44506418704987;
345,2;345,2;1;1;1;3;0;0;-6208,2953792601;-2,45043054223061;
345,25;345,25;1;1;1;3;0;0;-6209,63469559695;-2,45366260409355;
345,3;345,3;1;1;1;3;0;0;-6210,4702036856;-2,45768427848816;
345,35;345,35;1;1;1;3;0;0;-6211,1394148192;-2,46217012405396;
345,4;345,4;1;1;1;3;0;0;-6211,92619611188;-2,46759980916977;
345,45;345,45;1;1;1;3;0;0;-6213,26551244873;-2,47162863612175;
345,5;345,5;1;1;1;3;0;0;-6214,40187497486;-2,47629016637802;
345,55;345,55;1;1;1;3;0;0;-6215,21056097398;-2,48028159141541;
345,6;345,6;1;1;1;3;0;0;-6215,99153081392;-2,4856236577034;
345,65;345,65;1;1;1;3;0;0;-6216,77250065387;-2,48944699764252;
345,7;345,7;1;1;1;3;0;0;-6217,62946641413;-2,49424919486046;
345,75;345,75;1;1;1;3;0;0;-6218,74526533829;-2,4989740550518;
345,8;345,8;1;1;1;3;0;0;-6219,86106426245;-2,5029656291008;
345,85;345,85;1;1;1;3;0;0;-6220,82665948528;-2,50690758228302;
345,9;345,9;1;1;1;3;0;0;-6221,49631765371;-2,51190036535263;
345,95;345,95;1;1;1;3;0;0;-6222,47219467752;-2,51599252223969;
346;346;1;1;1;3;0;0;-6223,58799360168;-2,52158045768738;
346,05;346,05;1;1;1;3;0;0;-6224,70379252584;-2,52574294805527;
346,1;346,1;1;1;1;3;0;0;-6225,61484949998;-2,52998918294907;
346,15;346,15;1;1;1;3;0;0;-6226,2845076684;-2,53460705280304;
346,2;346,2;1;1;1;3;0;0;-6227,09408773718;-2,53835439682007;
346,25;346,25;1;1;1;3;0;0;-6228,16384207432;-2,543605864048;
346,3;346,3;1;1;1;3;0;0;-6229,27964099848;-2,54723191261292;
346,35;346,35;1;1;1;3;0;0;-6230,26356464915;-2,55068689584732;
346,4;346,4;1;1;1;3;0;0;-6230,93277578275;-2,55688428878784;
346,45;346,45;1;1;1;3;0;0;-6232,25108148281;-2,56364613771439;
346,5;346,5;1;1;1;3;0;0;-6233,64001868528;-2,56689637899399;
346,55;346,55;1;1;1;3;0;0;-6234,39550754018;-2,57163524627686;
346,6;346,6;1;1;1;3;0;0;-6235,07634157924;-2,57657378911972;
346,65;346,65;1;1;1;3;0;0;-6236,27975932918;-2,58073538541794;
346,7;346,7;1;1;1;3;0;0;-6237,44026173588;-2,58474230766296;
346,75;346,75;1;1;1;3;0;0;-6238,23285448128;-2,59040504693985;
346,8;346,8;1;1;1;3;0;0;-6239,01382432123;-2,59420841932297;
346,85;346,85;1;1;1;3;0;0;-6239,79479416118;-2,59775459766388;
346,9;346,9;1;1;1;3;0;0;-6240,57621103595;-2,60211884975433;
346,95;346,95;1;1;1;3;0;0;-6241,42468313453;-2,60634422302246;
347;347;1;1;1;3;0;0;-6242,31741168082;-2,61042803525925;
347,05;347,05;1;1;1;3;0;0;-6243,61738895304;-2,61655628681183;
347,1;347,1;1;1;1;3;0;0;-6244,78638502142;-2,61987060308456;
347,15;347,15;1;1;1;3;0;0;-6245,5678018962;-2,62487322092056;
347,2;347,2;1;1;1;3;0;0;-6246,52892677077;-2,62939542531967;
347,25;347,25;1;1;1;3;0;0;-6247,54101361544;-2,63296186923981;
347,3;347,3;1;1;1;3;0;0;-6248,21111881869;-2,63763695955276;
347,35;347,35;1;1;1;3;0;0;-6249,29339013095;-2,6417401432991;
347,4;347,4;1;1;1;3;0;0;-6250,36582667705;-2,64716386795044;
347,45;347,45;1;1;1;3;0;0;-6251,14724355182;-2,65133917331696;
347,5;347,5;1;1;1;3;0;0;-6252,0538301777;-2,65548080205917;
347,55;347,55;1;1;1;3;0;0;-6253,09005690294;-2,66004323959351;
347,6;347,6;1;1;1;3;0;0;-6253,75926803654;-2,66496568918228;
347,65;347,65;1;1;1;3;0;0;-6254,93452259248;-2,66932368278503;
347,7;347,7;1;1;1;3;0;0;-6256,16208022299;-2,67419785261154;
347,75;347,75;1;1;1;3;0;0;-6257,21395316711;-2,67835259437561;
347,8;347,8;1;1;1;3;0;0;-6257,99492300706;-2,68468707799912;
347,85;347,85;1;1;1;3;0;0;-6258,77589284701;-2,68669754266739;
347,9;347,9;1;1;1;3;0;0;-6259,55686268696;-2,69095361232758;
347,95;347,95;1;1;1;3;0;0;-6260,36510165125;-2,6955235004425;
348;348;1;1;1;3;0;0;-6261,47955947093;-2,70076543092728;
348,05;348,05;1;1;1;3;0;0;-6262,5953583951;-2,70596235990524;
348,1;348,1;1;1;1;3;0;0;-6263,6521487223;-2,70955830812454;
348,15;348,15;1;1;1;3;0;0;-6264,21138928886;-2,71458178758621;
348,2;348,2;1;1;1;3;0;0;-6265,28919025286;-2,71830797195435;
348,25;348,25;1;1;1;3;0;0;-6266,40498917702;-2,72408425807953;
348,3;348,3;1;1;1;3;0;0;-6267,52078810118;-2,72801637649536;
348,35;348,35;1;1;1;3;0;0;-6268,41128147335;-2,73230165243149;
348,4;348,4;1;1;1;3;0;0;-6269,08049260695;-2,73640096187592;
348,45;348,45;1;1;1;3;0;0;-6270,21774920273;-2,74199426174164;
348,5;348,5;1;1;1;3;0;0;-6271,44038945015;-2,74536579847336;
348,55;348,55;1;1;1;3;0;0;-6271,92631630535;-2,75057405233383;
348,6;348,6;1;1;1;3;0;0;-6273,03406860265;-2,75460600852966;
348,65;348,65;1;1;1;3;0;0;-6274,0492846911;-2,75928020477295;
348,7;348,7;1;1;1;3;0;0;-6274,83070156587;-2,76410490274429;
348,75;348,75;1;1;1;3;0;0;-6275,68319697788;-2,7679705619812;
348,8;348,8;1;1;1;3;0;0;-6276,57592552417;-2,77316808700562;
348,85;348,85;1;1;1;3;0;0;-6277,6523853837;-2,77814239263535;
348,9;348,9;1;1;1;3;0;0;-6278,87994301421;-2,78118222951889;
348,95;348,95;1;1;1;3;0;0;-6279,66493616758;-2,78465658426285;
349;349;1;1;1;3;0;0;-6280,37303933099;-2,79007971286774;
349,05;349,05;1;1;1;3;0;0;-6281,69626241413;-2,79635310173035;
349,1;349,1;1;1;1;3;0;0;-6282,94527771625;-2,79986977577209;
349,15;349,15;1;1;1;3;0;0;-6283,69361401395;-2,80533015727997;
349,2;349,2;1;1;1;3;0;0;-6284,36282514755;-2,80988305807114;
349,25;349,25;1;1;1;3;0;0;-6285,44107314638;-2,81492203474045;
349,3;349,3;1;1;1;3;0;0;-6286,55687207054;-2,8192064166069;
349,35;349,35;1;1;1;3;0;0;-6287,65300146238;-2,82340973615646;
349,4;349,4;1;1;1;3;0;0;-6288,43665351128;-2,82867550849915;
349,45;349,45;1;1;1;3;0;0;-6289,21762335123;-2,83183515071869;
349,5;349,5;1;1;1;3;0;0;-6289,99859319117;-2,83554077148438;
349,55;349,55;1;1;1;3;0;0;-6290,77956303112;-2,83984750509262;
349,6;349,6;1;1;1;3;0;0;-6292,19755749724;-2,8476083278656;
349,65;349,65;1;1;1;3;0;0;-6293,29011061048;-2,85001695156097;
349,7;349,7;1;1;1;3;0;0;-6293,84801007256;-2,85410612821579;
349,75;349,75;1;1;1;3;0;0;-6294,92581103656;-2,85803496837616;
349,8;349,8;1;1;1;3;0;0;-6295,91152282653;-2,86239951848984;
349,85;349,85;1;1;1;3;0;0;-6296,69249266648;-2,86784768104553;
349,9;349,9;1;1;1;3;0;0;-6297,68938032709;-2,8722283244133;
349,95;349,95;1;1;1;3;0;0;-6298,87491668401;-2,87640810012817;
350;350;1;1;1;3;0;0;-6299,65588652396;-2,88128197193146;
350,05;350,05;1;1;1;3;0;0;-6300,43730339873;-2,88572520017624;
350,1;350,1;1;1;1;3;0;0;-6301,28398735801;-2,88951963186264;
350,15;350,15;1;1;1;3;0;0;-6302,28802757582;-2,89424926042557;
350,2;350,2;1;1;1;3;0;0;-6303,29206779363;-2,89898008108139;
350,25;350,25;1;1;1;3;0;0;-6304,29655504627;-2,9039654135704;
350,3;350,3;1;1;1;3;0;0;-6305,30059526409;-2,90848642587662;
350,35;350,35;1;1;1;3;0;0;-6306,3046354819;-2,91297614574432;
350,4;350,4;1;1;1;3;0;0;-6307,30912273454;-2,91783601045609;
350,45;350,45;1;1;1;3;0;0;-6308,31316295235;-2,92164951562881;
350,5;350,5;1;1;1;3;0;0;-6309,31765020499;-2,9263710975647;
350,55;350,55;1;1;1;3;0;0;-6310,32169042281;-2,93075084686279;
350,6;350,6;1;1;1;3;0;0;-6311,22827704869;-2,93466001749039;
350,65;350,65;1;1;1;3;0;0;-6312,00924688864;-2,93979346752167;
350,7;350,7;1;1;1;3;0;0;-6312,98199466867;-2,94426321983337;
350,75;350,75;1;1;1;3;0;0;-6313,95608355318;-2,94930696487427;
350,8;350,8;1;1;1;3;0;0;-6314,62574172161;-2,95306324958801;
350,85;350,85;1;1;1;3;0;0;-6315,53858683505;-2,95830279588699;
350,9;350,9;1;1;1;3;0;0;-6316,54307408769;-2,96249359846115;
350,95;350,95;1;1;1;3;0;0;-6317,5471143055;-2,96685963869095;
351;351;1;1;1;3;0;0;-6318,55115452331;-2,97150522470474;
351,05;351,05;1;1;1;3;0;0;-6319,55564177595;-2,97582656145096;
351,1;351,1;1;1;1;3;0;0;-6320,55968199377;-2,97991544008255;
351,15;351,15;1;1;1;3;0;0;-6321,4179888585;-2,98464506864548;
351,2;351,2;1;1;1;3;0;0;-6322,19895869845;-2,9894432425499;
351,25;351,25;1;1;1;3;0;0;-6323,23250321474;-2,99356818199158;
351,3;351,3;1;1;1;3;0;0;-6324,3483021389;-2,99831092357636;
351,35;351,35;1;1;1;3;0;0;-6325,46410106306;-3,0027911067009;
351,4;351,4;1;1;1;3;0;0;-6326,37381693272;-3,007792532444;
351,45;351,45;1;1;1;3;0;0;-6327,15523380749;-3,01121443510056;
351,5;351,5;1;1;1;3;0;0;-6327,93620364744;-3,01594436168671;
351,55;351,55;1;1;1;3;0;0;-6328,71717348738;-3,02078396081924;
351,6;351,6;1;1;1;3;0;0;-6329,86292374485;-3,02660971879959;
351,65;351,65;1;1;1;3;0;0;-6331,15798363398;-3,03018659353256;
351,7;351,7;1;1;1;3;0;0;-6332,05071218028;-3,0345344543457;
351,75;351,75;1;1;1;3;0;0;-6332,94344072657;-3,04027885198593;
351,8;351,8;1;1;1;3;0;0;-6334,05074598905;-3,0450576543808;
351,85;351,85;1;1;1;3;0;0;-6335,26221036584;-3,04953575134277;
351,9;351,9;1;1;1;3;0;0;-6336,1173879868;-3,05359899997711;
351,95;351,95;1;1;1;3;0;0;-6336,89880486157;-3,05854022502899;
352;352;1;1;1;3;0;0;-6337,67977470152;-3,06329131126404;
352,05;352,05;1;1;1;3;0;0;-6338,46074454147;-3,06646913290024;
352,1;352,1;1;1;1;3;0;0;-6339,27881827192;-3,07201534509659;
352,15;352,15;1;1;1;3;0;0;-6340,32219755437;-3,07665079832077;
352,2;352,2;1;1;1;3;0;0;-6341,43799647853;-3,08064967393875;
352,25;352,25;1;1;1;3;0;0;-6342,55379540269;-3,0848017334938;
352,3;352,3;1;1;1;3;0;0;-6343,41746668533;-3,08934479951859;
352,35;352,35;1;1;1;3;0;0;-6344,08712485376;-3,09368699789047;
352,4;352,4;1;1;1;3;0;0;-6345,19353604659;-3,09941232204437;
352,45;352,45;1;1;1;3;0;0;-6346,42064664227;-3,10252457857132;
352,5;352,5;1;1;1;3;0;0;-6347,33036251192;-3,10790866613388;
352,55;352,55;1;1;1;3;0;0;-6348,11133235187;-3,11222851276398;
352,6;352,6;1;1;1;3;0;0;-6348,89274922664;-3,1158971786499;
352,65;352,65;1;1;1;3;0;0;-6349,68310679792;-3,12114655971527;
352,7;352,7;1;1;1;3;0;0;-6350,89099489611;-3,12636137008667;
352,75;352,75;1;1;1;3;0;0;-6352,11855252662;-3,13074707984924;
352,8;352,8;1;1;1;3;0;0;-6352,91785079441;-3,13496708869934;
352,85;352,85;1;1;1;3;0;0;-6353,58750896283;-3,13905864953995;
352,9;352,9;1;1;1;3;0;0;-6354,50750663347;-3,14358860254288;
352,95;352,95;1;1;1;3;0;0;-6355,62330555763;-3,14844191074371;
353;353;1;1;1;3;0;0;-6356,73910448179;-3,15304607152939;
353,05;353,05;1;1;1;3;0;0;-6357,68011278923;-3,15791845321655;
353,1;353,1;1;1;1;3;0;0;-6358,57284133552;-3,16180288791656;
353,15;353,15;1;1;1;3;0;0;-6359,46556988181;-3,16641956567764;
353,2;353,2;1;1;1;3;0;0;-6360,35785139328;-3,17112863063812;
353,25;353,25;1;1;1;3;0;0;-6361,25057993957;-3,17558109760284;
353,3;353,3;1;1;1;3;0;0;-6362,14330848587;-3,18068534135818;
353,35;353,35;1;1;1;3;0;0;-6363,33286815622;-3,18457841873169;
353,4;353,4;1;1;1;3;0;0;-6364,48040655298;-3,19009035825729;
353,45;353,45;1;1;1;3;0;0;-6365,3190438854;-3,19336384534836;
353,5;353,5;1;1;1;3;0;0;-6366,10001372535;-3,19790363311768;
353,55;353,55;1;1;1;3;0;0;-6366,88098356529;-3,2028716802597;
353,6;353,6;1;1;1;3;0;0;-6367,90737552438;-3,20723086595535;
353,65;353,65;1;1;1;3;0;0;-6369,13493315488;-3,2121479511261;
353,7;353,7;1;1;1;3;0;0;-6370,1425496513;-3,21639657020569;
353,75;353,75;1;1;1;3;0;0;-6370,92843687433;-3,22169721126556;
353,8;353,8;1;1;1;3;0;0;-6371,7098537491;-3,22564244270325;
353,85;353,85;1;1;1;3;0;0;-6372,49082358905;-3,23010385036469;
353,9;353,9;1;1;1;3;0;0;-6373,58471780676;-3,23452949523926;
353,95;353,95;1;1;1;3;0;0;-6374,70051673092;-3,23921263217926;
354;354;1;1;1;3;0;0;-6375,5807283021;-3,24313908815384;
354,05;354,05;1;1;1;3;0;0;-6376,39746092808;-3,24931263923645;
354,1;354,1;1;1;1;3;0;0;-6377,84808893646;-3,25374394655228;
354,15;354,15;1;1;1;3;0;0;-6378,56200355259;-3,25757384300232;
354,2;354,2;1;1;1;3;0;0;-6379,13554923356;-3,26117962598801;
354,25;354,25;1;1;1;3;0;0;-6380,22497310303;-3,26667338609695;
354,3;354,3;1;1;1;3;0;0;-6381,34077202719;-3,27067494392395;
354,35;354,35;1;1;1;3;0;0;-6382,45657095135;-3,2774618268013;
354,4;354,4;1;1;1;3;0;0;-6383,57236987551;-3,28125864267349;
354,45;354,45;1;1;1;3;0;0;-6384,59026817291;-3,28574061393738;
354,5;354,5;1;1;1;3;0;0;-6385,40118934615;-3,29114764928818;
354,55;354,55;1;1;1;3;0;0;-6386,18260622093;-3,29573452472687;
354,6;354,6;1;1;1;3;0;0;-6387,08159325477;-3,30040067434311;
354,65;354,65;1;1;1;3;0;0;-6388,19739217893;-3,30356568098068;
354,7;354,7;1;1;1;3;0;0;-6389,3131911031;-3,30944180488586;
354,75;354,75;1;1;1;3;0;0;-6390,14422884348;-3,31179916858673;
354,8;354,8;1;1;1;3;0;0;-6390,59081663404;-3,31702470779419;
354,85;354,85;1;1;1;3;0;0;-6391,586810225;-3,32218170166016;
354,9;354,9;1;1;1;3;0;0;-6392,81436785551;-3,32550197839737;
354,95;354,95;1;1;1;3;0;0;-6393,65792257101;-3,3309605717659;
355;355;1;1;1;3;0;0;-6394,54975704765;-3,33647847175598;
355,05;355,05;1;1;1;3;0;0;-6395,88683821038;-3,33950132131577;
355,1;355,1;1;1;1;3;0;0;-6396,68300723439;-3,34571897983551;
355,15;355,15;1;1;1;3;0;0;-6397,6271447856;-3,34772169589996;
355,2;355,2;1;1;1;3;0;0;-6398,18504424768;-3,35321068763733;
355,25;355,25;1;1;1;3;0;0;-6399,42645995777;-3,35735231637955;
355,3;355,3;1;1;1;3;0;0;-6400,52616562822;-3,36248338222504;
355,35;355,35;1;1;1;3;0;0;-6401,32456982635;-3,36665272712708;
355,4;355,4;1;1;1;3;0;0;-6402,1055396663;-3,37072491645813;
355,45;355,45;1;1;1;3;0;0;-6402,88695654107;-3,37569177150726;
355,5;355,5;1;1;1;3;0;0;-6403,99604994285;-3,3814811706543;
355,55;355,55;1;1;1;3;0;0;-6405,33491924488;-3,38673114776611;
355,6;355,6;1;1;1;3;0;0;-6406,18428541311;-3,38985323905945;
355,65;355,65;1;1;1;3;0;0;-6406,74218487519;-3,39421093463898;
355,7;355,7;1;1;1;3;0;0;-6407,67738172989;-3,39891374111176;
355,75;355,75;1;1;1;3;0;0;-6408,68186898253;-3,40312421321869;
355,8;355,8;1;1;1;3;0;0;-6409,68590920035;-3,40857684612274;
355,85;355,85;1;1;1;3;0;0;-6410,69039645299;-3,41324806213379;
355,9;355,9;1;1;1;3;0;0;-6411,6944366708;-3,41682881116867;
355,95;355,95;1;1;1;3;0;0;-6412,69847688862;-3,42215716838837;
356;356;1;1;1;3;0;0;-6413,70296414125;-3,42688620090485;
356,05;356,05;1;1;1;3;0;0;-6414,70700435907;-3,43066602945328;
356,1;356,1;1;1;1;3;0;0;-6415,6126969153;-3,43589842319489;
356,15;356,15;1;1;1;3;0;0;-6416,4052896607;-3,4409373998642;
356,2;356,2;1;1;1;3;0;0;-6417,40932987852;-3,44487428665161;
356,25;356,25;1;1;1;3;0;0;-6418,41381713116;-3,44913482666016;
356,3;356,3;1;1;1;3;0;0;-6419,32353300081;-3,45408827066422;
356,35;356,35;1;1;1;3;0;0;-6420,22117893019;-3,45942348241806;
356,4;356,4;1;1;1;3;0;0;-6421,22566618283;-3,46269488334656;
356,45;356,45;1;1;1;3;0;0;-6422,22970640064;-3,46820652484894;
356,5;356,5;1;1;1;3;0;0;-6423,23419365328;-3,47290992736816;
356,55;356,55;1;1;1;3;0;0;-6424,07819540361;-3,47788065671921;
356,6;356,6;1;1;1;3;0;0;-6424,85961227838;-3,48108857870102;
356,65;356,65;1;1;1;3;0;0;-6425,64058211832;-3,48597526550293;
356,7;356,7;1;1;1;3;0;0;-6426,7125716296;-3,4906205534935;
356,75;356,75;1;1;1;3;0;0;-6427,82837055376;-3,49496185779572;
356,8;356,8;1;1;1;3;0;0;-6428,94416947792;-3,49950760602951;
356,85;356,85;1;1;1;3;0;0;-6430,0340403822;-3,50497364997864;
356,9;356,9;1;1;1;3;0;0;-6430,9267689285;-3,50937783718109;
356,95;356,95;1;1;1;3;0;0;-6431,81949747479;-3,51375788450241;
357;357;1;1;1;3;0;0;-6432,71177898626;-3,51790130138397;
357,05;357,05;1;1;1;3;0;0;-6433,50124248789;-3,52266550064087;
357,1;357,1;1;1;1;3;0;0;-6434,30188186015;-3,52793425321579;
357,15;357,15;1;1;1;3;0;0;-6435,41186933158;-3,53327393531799;
357,2;357,2;1;1;1;3;0;0;-6436,52766825574;-3,5380232334137;
357,25;357,25;1;1;1;3;0;0;-6437,6434671799;-3,54298919439316;
357,3;357,3;1;1;1;3;0;0;-6438,75926610406;-3,54802280664444;
357,35;357,35;1;1;1;3;0;0;-6439,87506502822;-3,55197608470917;
357,4;357,4;1;1;1;3;0;0;-6440,99086395238;-3,55798035860062;
357,45;357,45;1;1;1;3;0;0;-6441,85900558328;-3,56115221977234;
357,5;357,5;1;1;1;3;0;0;-6442,40841138368;-3,56507480144501;
357,55;357,55;1;1;1;3;0;0;-6442,92071329357;-3,56981784105301;
357,6;357,6;1;1;1;3;0;0;-6444,02980669535;-3,57290387153625;
357,65;357,65;1;1;1;3;0;0;-6445,13800602748;-3,57700616121292;
357,7;357,7;1;1;1;3;0;0;-6445,90601185749;-3,58166575431824;
357,75;357,75;1;1;1;3;0;0;-6446,58148147864;-3,58678609132767;
357,8;357,8;1;1;1;3;0;0;-6448,19751237241;-3,59173029661179;
357,85;357,85;1;1;1;3;0;0;-6448,77374026233;-3,59686225652695;
357,9;357,9;1;1;1;3;0;0;-6449,52833504758;-3,60093176364899;
357,95;357,95;1;1;1;3;0;0;-6450,53237526539;-3,60506415367126;
358;358;1;1;1;3;0;0;-6451,53686251803;-3,60822916030884;
358,05;358,05;1;1;1;3;0;0;-6452,30039799979;-3,61262947320938;
358,1;358,1;1;1;1;3;0;0;-6453,00224267564;-3,61802637577057;
358,15;358,15;1;1;1;3;0;0;-6454,1126771819;-3,62296432256699;
358,2;358,2;1;1;1;3;0;0;-6455,22847610606;-3,62738132476807;
358,25;358,25;1;1;1;3;0;0;-6456,34427503022;-3,63255947828293;
358,3;358,3;1;1;1;3;0;0;-6457,46007395438;-3,63725423812866;
358,35;358,35;1;1;1;3;0;0;-6458,53787491838;-3,64202618598938;
358,4;358,4;1;1;1;3;0;0;-6459,36935969359;-3,64637285470963;
358,45;358,45;1;1;1;3;0;0;-6460,15032953354;-3,65062355995178;
358,5;358,5;1;1;1;3;0;0;-6460,99075500526;-3,65617573261261;
358,55;358,55;1;1;1;3;0;0;-6462,10655392942;-3,65992963314056;
358,6;358,6;1;1;1;3;0;0;-6463,20268332127;-3,66563260555267;
358,65;358,65;1;1;1;3;0;0;-6464,05428466363;-3,66928905248642;
358,7;358,7;1;1;1;3;0;0;-6464,83525450357;-3,67474943399429;
358,75;358,75;1;1;1;3;0;0;-6465,7409470598;-3,67785334587097;
358,8;358,8;1;1;1;3;0;0;-6466,74498727762;-3,68333160877228;
358,85;358,85;1;1;1;3;0;0;-6467,74947453025;-3,68836402893066;
358,9;358,9;1;1;1;3;0;0;-6468,75351474807;-3,69314819574356;
358,95;358,95;1;1;1;3;0;0;-6469,75755496588;-3,69771867990494;
359;359;1;1;1;3;0;0;-6470,76204221852;-3,70196670293808;
359,05;359,05;1;1;1;3;0;0;-6471,72450819757;-3,70668977499008;
359,1;359,1;1;1;1;3;0;0;-6472,53006495292;-3,71065318584442;
359,15;359,15;1;1;1;3;0;0;-6473,3186343849;-3,71635615825653;
359,2;359,2;1;1;1;3;0;0;-6474,54038056267;-3,72051358222961;
359,25;359,25;1;1;1;3;0;0;-6475,48496514871;-3,72446119785309;
359,3;359,3;1;1;1;3;0;0;-6476,15417628231;-3,72894585132599;
359,35;359,35;1;1;1;3;0;0;-6477,04198744552;-3,73457044363022;
359,4;359,4;1;1;1;3;0;0;-6478,4926154539;-3,73977214097977;
359,45;359,45;1;1;1;3;0;0;-6479,35628673654;-3,74358326196671;
359,5;359,5;1;1;1;3;0;0;-6479,91418619862;-3,74808341264725;
359,55;359,55;1;1;1;3;0;0;-6480,94728368008;-3,75257462263107;
359,6;359,6;1;1;1;3;0;0;-6482,06308260424;-3,75663697719574;
359,65;359,65;1;1;1;3;0;0;-6483,08768642403;-3,76179665327072;
359,7;359,7;1;1;1;3;0;0;-6483,86865626397;-3,7666791677475;
359,75;359,75;1;1;1;3;0;0;-6484,86107357633;-3,77070784568787;
359,8;359,8;1;1;1;3;0;0;-6485,86556082897;-3,77595752477646;
359,85;359,85;1;1;1;3;0;0;-6486,86960104678;-3,78108024597168;
359,9;359,9;1;1;1;3;0;0;-6487,87364126459;-3,78583192825317;
359,95;359,95;1;1;1;3;0;0;-6488,89064549234;-3,79197090864182;
360;360;1;1;1;3;0;0;-6490,11775608803;-3,79584670066834;
360,05;360,05;1;1;1;3;0;0;-6491,13476031577;-3,8010236620903;
360,1;360,1;1;1;1;3;0;0;-6492,02704182724;-3,80650520324707;
360,15;360,15;1;1;1;3;0;0;-6492,91977037354;-3,81032735109329;
360,2;360,2;1;1;1;3;0;0;-6493,81249891983;-3,81583541631699;
360,25;360,25;1;1;1;3;0;0;-6494,74993094866;-3,82064938545227;
360,3;360,3;1;1;1;3;0;0;-6495,86572987282;-3,8241970539093;
360,35;360,35;1;1;1;3;0;0;-6496,85859422;-3,82992923259735;
360,4;360,4;1;1;1;3;0;0;-6497,75132276629;-3,83356302976608;
360,45;360,45;1;1;1;3;0;0;-6498,64405131258;-3,83828461170197;
360,5;360,5;1;1;1;3;0;0;-6499,60204694338;-3,84501904249191;
360,55;360,55;1;1;1;3;0;0;-6500,94091624541;-3,85000050067902;
360,6;360,6;1;1;1;3;0;0;-6501,90248815481;-3,85280430316925;
360,65;360,65;1;1;1;3;0;0;-6502,51447883077;-3,85619789361954;
360,7;360,7;1;1;1;3;0;0;-6503,07237829285;-3,85913372039795;
360,75;360,75;1;1;1;3;0;0;-6503,8868757447;-3,86453658342361;
360,8;360,8;1;1;1;3;0;0;-6505,22574504672;-3,86960983276367;
360,85;360,85;1;1;1;3;0;0;-6506,19446951333;-3,872250020504;
360,9;360,9;1;1;1;3;0;0;-6506,80601315446;-3,87819409370422;
360,95;360,95;1;1;1;3;0;0;-6508,26245261556;-3,88355582952499;
361;361;1;1;1;3;0;0;-6508,88964247557;-3,8852646946907;
361,05;361,05;1;1;1;3;0;0;-6509,28035091296;-3,88776689767838;
361,1;361,1;1;1;1;3;0;0;-6509,61517999717;-3,89070570468903;
361,15;361,15;1;1;1;3;0;0;-6510,30853101135;-3,89296978712082;
361,2;361,2;1;1;1;3;0;0;-6511,08950085129;-3,8954696059227;
361,25;361,25;1;1;1;3;0;0;-6511,87047069124;-3,90108793973923;
361,3;361,3;1;1;1;3;0;0;-6513,10965122721;-3,90900373458862;
361,35;361,35;1;1;1;3;0;0;-6514,6715909071;-3,91520470380783;
361,4;361,4;1;1;1;3;0;0;-6516,05471665684;-3,92040997743607;
361,45;361,45;1;1;1;3;0;0;-6516,98723130259;-3,92683744430542;
361,5;361,5;1;1;1;3;0;0;-6517,87995984888;-3,930743932724;
361,55;361,55;1;1;1;3;0;0;-6518,77224136035;-3,93589079380035;
361,6;361,6;1;1;1;3;0;0;-6519,66496990665;-3,94077062606812;
361,65;361,65;1;1;1;3;0;0;-6520,55769845294;-3,94621312618256;
361,7;361,7;1;1;1;3;0;0;-6521,64399307862;-3,95151406526566;
361,75;361,75;1;1;1;3;0;0;-6522,98286238065;-3,95526379346848;
361,8;361,8;1;1;1;3;0;0;-6523,84787476777;-3,95960867404938;
361,85;361,85;1;1;1;3;0;0;-6524,5175329362;-3,96385014057159;
361,9;361,9;1;1;1;3;0;0;-6525,1867440698;-3,96465986967087;
361,95;361,95;1;1;1;3;0;0;-6525,73033841746;-3,96712303161621;
362;362;1;1;1;3;0;0;-6526,06516750168;-3,96775484085083;
362,05;362,05;1;1;1;3;0;0;-6526,32668287453;-3,96864980459213;
362,1;362,1;1;1;2;3;0;0;-6526,5497532524;-3,96994531154633;
362,1;362,1;1;1;2;3;0;0;-6526,5497532524;-3,96994531154633;
362,15;362,15;1;1;2;3;0;0;-6527,17604904276;-3,97249132394791;
362,2;362,2;1;1;2;3;0;0;-6527,62442497262;-3,97164911031723;
362,25;362,25;1;1;2;3;0;0;-6527,62442497262;-3,97050887346268;
362,3;362,3;1;1;2;3;0;0;-6527,62442497262;-3,96991789340973;
362,35;362,35;1;1;2;3;0;0;-6527,62442497262;-3,96863013505936;
362,4;362,4;1;1;2;3;0;0;-6527,51445440557;-3,96806597709656;
362,45;362,45;1;1;2;3;0;0;-6527,40269569923;-3,96685272455215;
362,5;362,5;1;1;2;3;0;0;-6527,29138402771;-3,96579593420029;
362,55;362,55;1;1;2;3;0;0;-6527,17962532136;-3,9652007818222;
362,6;362,6;1;1;2;3;0;0;-6527,06831364984;-3,96439045667648;
362,65;362,65;1;1;2;3;0;0;-6527,17426090346;-3,96365791559219;
362,7;362,7;1;1;2;3;0;0;-6527,2860196098;-3,96321177482605;
362,75;362,75;1;1;2;3;0;0;-6527,31641797793;-3,96231770515442;
362,8;362,8;1;1;2;3;0;0;-6527,20465927158;-3,96101891994476;
362,85;362,85;1;1;2;3;0;0;-6527,09334760006;-3,96049797534943;
362,9;362,9;1;1;2;3;0;0;-6526,98158889372;-3,95975708961487;
362,95;362,95;1;1;2;3;0;0;-6526,86983018737;-3,95863682031631;
363;363;1;1;2;3;0;0;-6526,75851851585;-3,9578840136528;
363,05;363,05;1;1;2;3;0;0;-6526,66330009804;-3,95746946334839;
363,1;363,1;1;1;2;3;0;0;-6526,66330009804;-3,95678967237473;
363,15;363,15;1;1;2;3;0;0;-6526,66330009804;-3,95551770925522;
363,2;363,2;1;1;2;3;0;0;-6526,66330009804;-3,95417273044586;
363,25;363,25;1;1;2;3;0;0;-6526,6396072523;-3,95325213670731;
363,3;363,3;1;1;2;3;0;0;-6526,52829558078;-3,95283460617065;
363,35;363,35;1;1;2;3;0;0;-6526,41653687443;-3,95204246044159;
363,4;363,4;1;1;2;3;0;0;-6526,45542890424;-3,95175844430923;
363,45;363,45;1;1;2;3;0;0;-6526,56674057576;-3,95064264535904;
363,5;363,5;1;1;2;3;0;0;-6526,67179375972;-3,95031332969666;
363,55;363,55;1;1;2;3;0;0;-6526,56316429716;-3,94967615604401;
363,6;363,6;1;1;2;3;0;0;-6526,45185262564;-3,94796788692474;
363,65;363,65;1;1;2;3;0;0;-6526,34009391929;-3,94587337970734;
363,7;363,7;1;1;2;3;0;0;-6525,93195112371;-3,94340008497238;
363,75;363,75;1;1;2;3;0;0;-6525,48536333315;-3,94032448530197;
363,8;363,8;1;1;2;3;0;0;-6525,03922257742;-3,93792897462845;
363,85;363,85;1;1;2;3;0;0;-6524,59263478686;-3,93685609102249;
363,9;363,9;1;1;2;3;0;0;-6524,22025477732;-3,93431574106216;
363,95;363,95;1;1;2;3;0;0;-6524,10849607097;-3,93400460481644;
364;364;1;1;2;3;0;0;-6523,99718439945;-3,93242746591568;
364,05;364,05;1;1;2;3;0;0;-6523,8854256931;-3,93161177635193;
364,1;364,1;1;1;2;3;0;0;-6523,77366698676;-3,93153548240662;
364,15;364,15;1;1;2;3;0;0;-6523,69990624057;-3,93133789300919;
364,2;364,2;1;1;2;3;0;0;-6523,69990624057;-3,93102318048477;
364,25;364,25;1;1;2;3;0;0;-6523,69990624057;-3,93059104681015;
364,3;364,3;1;1;2;3;0;0;-6523,69990624057;-3,93039405345917;
364,35;364,35;1;1;2;3;0;0;-6523,69990624057;-3,93015772104263;
364,4;364,4;1;1;2;3;0;0;-6523,69990624057;-3,92996788024902;
364,45;364,45;1;1;2;3;0;0;-6523,69990624057;-3,92943948507309;
364,5;364,5;1;1;2;3;0;0;-6523,69990624057;-3,92934322357178;
364,55;364,55;1;1;2;3;0;0;-6523,69990624057;-3,92896175384521;
364,6;364,6;1;1;2;3;0;0;-6523,77903140466;-3,92851561307907;
364,65;364,65;1;1;2;3;0;0;-6523,89079011101;-3,92818689346313;
364,7;364,7;1;1;2;3;0;0;-6524,00254881735;-3,92801940441132;
364,75;364,75;1;1;2;3;0;0;-6524,11386048887;-3,92761290073395;
364,8;364,8;1;1;2;3;0;0;-6524,04993450884;-3,92738610506058;
364,85;364,85;1;1;2;3;0;0;-6523,82686413098;-3,92705172300339;
364,9;364,9;1;1;2;3;0;0;-6523,81077087726;-3,92675846815109;
364,95;364,95;1;1;2;3;0;0;-6523,92252958361;-3,92652720212936;
365;365;1;1;2;3;0;0;-6524,03384125513;-3,92608106136322;
365,05;365,05;1;1;2;3;0;0;-6524,14559996148;-3,92596572637558;
365,1;365,1;1;1;2;3;0;0;-6524,0298179417;-3,92564237117767;
365,15;365,15;1;1;2;3;0;0;-6523,80630052901;-3,92527043819427;
365,2;365,2;1;1;2;3;0;0;-6523,77456105641;-3,92491638660431;
365,25;365,25;1;1;2;3;0;0;-6523,88631976275;-3,92461895942688;
365,3;365,3;1;1;2;3;0;0;-6523,9980784691;-3,92446100711823;
365,35;365,35;1;1;2;3;0;0;-6524,10939014062;-3,92407715320587;
365,4;365,4;1;1;2;3;0;0;-6524,22114884697;-3,92377942800522;
365,45;365,45;1;1;2;3;0;0;-6524,30563842896;-3,92348200082779;
365,5;365,5;1;1;2;3;0;0;-6524,19387972262;-3,92318427562714;
365,55;365,55;1;1;2;3;0;0;-6524,08212101627;-3,92288684844971;
365,6;365,6;1;1;2;3;0;0;-6523,97080934475;-3,92258942127228;
365,65;365,65;1;1;2;3;0;0;-6523,86128581253;-3,92229169607162;
365,7;365,7;1;1;2;3;0;0;-6524,07005107599;-3,9219942688942;
365,75;365,75;1;1;2;3;0;0;-6524,29356848868;-3,92181783914566;
365,8;365,8;1;1;2;3;0;0;-6524,15364658833;-3,9214101433754;
365,85;365,85;1;1;2;3;0;0;-6523,93057621047;-3,9211431145668;
365,9;365,9;1;1;2;3;0;0;-6523,95605719551;-3,92104238271713;
365,95;365,95;1;1;2;3;0;0;-6524,17912757338;-3,9207249879837;
366;366;1;1;2;3;0;0;-6524,24841797131;-3,92035216093063;
366,05;366,05;1;1;2;3;0;0;-6524,02534759345;-3,92008394002914;
366,1;366,1;1;1;2;3;0;0;-6523,80674756383;-3,91994684934616;
366,15;366,15;1;1;2;3;0;0;-6523,90688336472;-3,91957491636276;
366,2;366,2;1;1;2;3;0;0;-6524,01864207107;-3,91921728849411;
366,25;366,25;1;1;2;3;0;0;-6524,12995374259;-3,91898900270462;
366,3;366,3;1;1;2;3;0;0;-6524,23724210068;-3,91876578330994;
366,35;366,35;1;1;2;3;0;0;-6524,12950670776;-3,91854256391525;
366,4;366,4;1;1;2;3;0;0;-6524,01819503624;-3,91831964254379;
366,45;366,45;1;1;2;3;0;0;-6523,90643632989;-3,91809642314911;
366,5;366,5;1;1;2;3;0;0;-6523,79467762355;-3,91787320375443;
366,55;366,55;1;1;2;3;0;0;-6523,68336595203;-3,91754150390625;
366,6;366,6;1;1;2;3;0;0;-6523,66190828041;-3,91730040311813;
366,65;366,65;1;1;2;3;0;0;-6523,66190828041;-3,91711622476578;
366,7;366,7;1;1;2;3;0;0;-6523,66190828041;-3,91680032014847;
366,75;366,75;1;1;2;3;0;0;-6523,66190828041;-3,9167258143425;
366,8;366,8;1;1;2;3;0;0;-6523,66190828041;-3,9161029458046;
366,85;366,85;1;1;2;3;0;0;-6523,66190828041;-3,91602843999863;
366,9;366,9;1;1;2;3;0;0;-6523,66190828041;-3,91581922769547;
366,95;366,95;1;1;2;3;0;0;-6523,66190828041;-3,91552180051804;
367;367;1;1;2;3;0;0;-6523,66190828041;-3,91522407531738;
367,05;367,05;1;1;2;3;0;0;-6523,66190828041;-3,91492664813995;
367,1;367,1;1;1;2;3;0;0;-6523,66190828041;-3,91482055187225;
367,15;367,15;1;1;2;3;0;0;-6523,66190828041;-3,91445279121399;
367,2;367,2;1;1;2;3;0;0;-6523,66190828041;-3,91442149877548;
367,25;367,25;1;1;2;3;0;0;-6523,66190828041;-3,91406416893005;
367,3;367,3;1;1;2;3;0;0;-6523,66190828041;-3,9138063788414;
367,35;367,35;1;1;2;3;0;0;-6523,66190828041;-3,91356289386749;
367,4;367,4;1;1;2;3;0;0;-6523,66190828041;-3,91330391168594;
367,45;367,45;1;1;2;3;0;0;-6523,66190828041;-3,91311287879944;
367,5;367,5;1;1;2;3;0;0;-6523,66190828041;-3,91294300556183;
367,55;367,55;1;1;2;3;0;0;-6523,66190828041;-3,91273826360703;
367,6;367,6;1;1;2;3;0;0;-6523,66190828041;-3,91236633062363;
367,65;367,65;1;1;2;3;0;0;-6523,66190828041;-3,91218274831772;
367,7;367,7;1;1;2;3;0;0;-6523,66190828041;-3,91198545694351;
367,75;367,75;1;1;2;3;0;0;-6523,66190828041;-3,91188263893127;
367,8;367,8;1;1;2;3;0;0;-6523,66190828041;-3,91158521175385;
367,85;367,85;1;1;2;3;0;0;-6523,66190828041;-3,91128748655319;
367,9;367,9;1;1;2;3;0;0;-6523,66190828041;-3,91099005937576;
367,95;367,95;1;1;2;3;0;0;-6523,66190828041;-3,91092628240585;
368;368;1;1;2;3;0;0;-6523,66190828041;-3,91050606966019;
368,05;368,05;1;1;2;3;0;0;-6523,66190828041;-3,91050517559052;
368,1;368,1;1;1;2;3;0;0;-6523,66190828041;-3,91010612249374;
368,15;368,15;1;1;2;3;0;0;-6523,66190828041;-3,91007155179977;
368,2;368,2;1;1;2;3;0;0;-6523,66190828041;-3,90962511301041;
368,25;368,25;1;1;2;3;0;0;-6523,66190828041;-3,90960812568665;
368,3;368,3;1;1;2;3;0;0;-6523,66190828041;-3,90924334526062;
368,35;368,35;1;1;2;3;0;0;-6523,66190828041;-3,90927016735077;
368,4;368,4;1;1;2;3;0;0;-6523,73656309625;-3,90892535448074;
368,45;368,45;1;1;2;3;0;0;-6523,84787476777;-3,90863806009293;
368,5;368,5;1;1;2;3;0;0;-6523,95963347412;-3,90864670276642;
368,55;368,55;1;1;2;3;0;0;-6524,07094514564;-3,90827476978302;
368,6;368,6;1;1;2;3;0;0;-6524,06960404116;-3,90814363956451;
368,65;368,65;1;1;2;3;0;0;-6523,95829236964;-3,90782326459885;
368,7;368,7;1;1;2;3;0;0;-6523,84653366329;-3,90781402587891;
368,75;368,75;1;1;2;3;0;0;-6523,73522199177;-3,90755981206894;
368,8;368,8;1;1;2;3;0;0;-6523,67263711622;-3,90735954046249;
368,85;368,85;1;1;2;3;0;0;-6523,67263711622;-3,90698224306107;
368,9;368,9;1;1;2;3;0;0;-6523,67263711622;-3,90685647726059;
368,95;368,95;1;1;2;3;0;0;-6523,67263711622;-3,90678226947784;
369;369;1;1;2;3;0;0;-6523,77143181263;-3,90660256147385;
369,05;369,05;1;1;2;3;0;0;-6523,88319051898;-3,90643030405045;
369,1;369,1;1;1;2;3;0;0;-6523,99494922532;-3,90608340501785;
369,15;369,15;1;1;2;3;0;0;-6524,10626089684;-3,90593886375427;
369,2;369,2;1;1;2;3;0;0;-6524,18359792163;-3,90588939189911;
369,25;369,25;1;1;2;3;0;0;-6524,07183921529;-3,90566617250443;
369,3;369,3;1;1;2;3;0;0;-6523,96052754377;-3,90544295310974;
369,35;369,35;1;1;2;3;0;0;-6523,84876883742;-3,90525579452515;
369,4;369,4;1;1;2;3;0;0;-6523,7374571659;-3,90529125928879;
369,45;369,45;1;1;2;3;0;0;-6523,75310338479;-3,90493303537369;
369,5;369,5;1;1;2;3;0;0;-6523,86441505631;-3,90497773885727;
369,55;369,55;1;1;2;3;0;0;-6523,97617376266;-3,90476673841476;
369,6;369,6;1;1;2;3;0;0;-6524,08748543418;-3,9046448469162;
369,65;369,65;1;1;2;3;0;0;-6524,09955537446;-3,90433132648468;
369,7;369,7;1;1;2;3;0;0;-6523,87648499659;-3,90421092510223;
369,75;369,75;1;1;2;3;0;0;-6523,96142161342;-3,90427023172379;
369,8;369,8;1;1;2;3;0;0;-6524,29625069763;-3,904048204422;
369,85;369,85;1;1;2;3;0;0;-6524,44779550344;-3,90405774116516;
369,9;369,9;1;1;2;3;0;0;-6524,44779550344;-3,90376031398773;
369,95;369,95;1;1;2;3;0;0;-6524,44779550344;-3,90353143215179;
370;370;1;1;2;3;0;0;-6524,44779550344;-3,90344142913818;
370,05;370,05;1;1;2;3;0;0;-6524,44779550344;-3,90325874090195;
370,1;370,1;1;1;2;3;0;0;-6524,44779550344;-3,90306025743485;
370,15;370,15;1;1;2;3;0;0;-6524,44779550344;-3,90288233757019;
370,2;370,2;1;1;2;3;0;0;-6524,44779550344;-3,90280783176422;
370,25;370,25;1;1;2;3;0;0;-6524,44779550344;-3,90273362398148;
370,3;370,3;1;1;2;3;0;0;-6524,40175091642;-3,90239268541336;
370,35;370,35;1;1;2;3;0;0;-6524,2904392449;-3,90209466218948;
370,4;370,4;1;1;2;3;0;0;-6524,17868053855;-3,90219926834106;
370,45;370,45;1;1;2;3;0;0;-6524,06692183221;-3,90172123908997;
370,5;370,5;1;1;2;3;0;0;-6523,95561016069;-3,90170514583588;
370,55;370,55;1;1;2;3;0;0;-6523,84385145434;-3,90140175819397;
370,6;370,6;1;1;2;3;0;0;-6523,75355041961;-3,90132695436478;
370,65;370,65;1;1;2;3;0;0;-6523,75355041961;-3,90105575323105;
370,7;370,7;1;1;2;3;0;0;-6523,75355041961;-3,90093058347702;
370,75;370,75;1;1;2;3;0;0;-6523,75355041961;-3,90097677707672;
370,8;370,8;1;1;2;3;0;0;-6523,75355041961;-3,90060722827911;
370,85;370,85;1;1;2;3;0;0;-6523,78081954396;-3,90047341585159;
370,9;370,9;1;1;2;3;0;0;-6523,89257825031;-3,90042394399643;
370,95;370,95;1;1;2;3;0;0;-6524,00433695665;-3,90009075403214;
371;371;1;1;2;3;0;0;-6524,11564862818;-3,89999479055405;
371,05;371,05;1;1;2;3;0;0;-6524,22740733452;-3,89979183673859;
371,1;371,1;1;1;2;3;0;0;-6524,26853453846;-3,89950692653656;
371,15;371,15;1;1;2;3;0;0;-6524,15677583211;-3,89934748411179;
371,2;371,2;1;1;2;3;0;0;-6524,04501712576;-3,89919877052307;
371,25;371,25;1;1;2;3;0;0;-6523,93370545424;-3,89904975891113;
371,3;371,3;1;1;2;3;0;0;-6523,8219467479;-3,89890104532242;
371,35;371,35;1;1;2;3;0;0;-6523,77769030019;-3,8987523317337;
371,4;371,4;1;1;2;3;0;0;-6523,77769030019;-3,89860361814499;
371,45;371,45;1;1;2;3;0;0;-6523,77769030019;-3,89845460653305;
371,5;371,5;1;1;2;3;0;0;-6523,77769030019;-3,89815717935562;
371,55;371,55;1;1;2;3;0;0;-6523,77769030019;-3,89802992343903;
371,6;371,6;1;1;2;3;0;0;-6523,77769030019;-3,89792233705521;
371,65;371,65;1;1;2;3;0;0;-6523,77769030019;-3,89767378568649;
371,7;371,7;1;1;2;3;0;0;-6523,77769030019;-3,89767378568649;
371,75;371,75;1;1;2;3;0;0;-6523,77769030019;-3,89726966619492;
371,8;371,8;1;1;2;3;0;0;-6523,77769030019;-3,89726638793945;
371,85;371,85;1;1;2;3;0;0;-6523,77769030019;-3,89719188213348;
371,9;371,9;1;1;2;3;0;0;-6523,77769030019;-3,89686673879623;
371,95;371,95;1;1;2;3;0;0;-6523,77769030019;-3,89686673879623;
372;372;1;1;2;3;0;0;-6523,77769030019;-3,8964506983757;
372,05;372,05;1;1;2;3;0;0;-6523,77769030019;-3,89655113220215;
372,1;372,1;1;1;2;3;0;0;-6523,77769030019;-3,89644593000412;
372,15;372,15;1;1;2;3;0;0;-6523,77769030019;-3,8962584733963;
372,2;372,2;1;1;2;3;0;0;-6523,77769030019;-3,89596104621887;
372,25;372,25;1;1;2;3;0;0;-6523,77769030019;-3,89602094888687;
372,3;372,3;1;1;2;3;0;0;-6523,77769030019;-3,89572322368622;
372,35;372,35;1;1;2;3;0;0;-6523,77769030019;-3,89568954706192;
372,4;372,4;1;1;2;3;0;0;-6523,77769030019;-3,89557540416718;
372,45;372,45;1;1;2;3;0;0;-6523,77769030019;-3,89518171548843;
372,5;372,5;1;1;2;3;0;0;-6523,77769030019;-3,89519989490509;
372,55;372,55;1;1;2;3;0;0;-6523,77769030019;-3,89500498771667;
372,6;372,6;1;1;2;3;0;0;-6523,77769030019;-3,89478176832199;
372,65;372,65;1;1;2;3;0;0;-6523,77769030019;-3,89467149972916;
372,7;372,7;1;1;2;3;0;0;-6523,77769030019;-3,89464169740677;
372,75;372,75;1;1;2;3;0;0;-6523,77769030019;-3,89427989721298;
372,8;372,8;1;1;2;3;0;0;-6523,77769030019;-3,89429897069931;
372,85;372,85;1;1;2;3;0;0;-6523,77769030019;-3,89393329620361;
372,9;372,9;1;1;2;3;0;0;-6523,77769030019;-3,8938382267952;
372,95;372,95;1;1;2;3;0;0;-6523,77769030019;-3,89390289783478;
373;373;1;1;2;3;0;0;-6523,77769030019;-3,89347463846207;
373,05;373,05;1;1;2;3;0;0;-6523,77769030019;-3,89337003231049;
373,1;373,1;1;1;2;3;0;0;-6523,77769030019;-3,89329552650452;
373,15;373,15;1;1;2;3;0;0;-6523,77769030019;-3,89316827058792;
373,2;373,2;1;1;2;3;0;0;-6523,77769030019;-3,8928896188736;
373,25;373,25;1;1;2;3;0;0;-6523,77769030019;-3,89281094074249;
373,3;373,3;1;1;2;3;0;0;-6523,77769030019;-3,89283984899521;
373,35;373,35;1;1;2;3;0;0;-6523,77769030019;-3,89249742031097;
373,4;373,4;1;1;2;3;0;0;-6523,77769030019;-3,89250189065933;
373,45;373,45;1;1;2;3;0;0;-6523,77769030019;-3,89214277267456;
373,5;373,5;1;1;2;3;0;0;-6523,77769030019;-3,8922107219696;
373,55;373,55;1;1;2;3;0;0;-6523,77769030019;-3,89194369316101;
373,6;373,6;1;1;2;3;0;0;-6523,77769030019;-3,89191478490829;
373,65;373,65;1;1;2;3;0;0;-6523,77769030019;-3,89163434505463;
373,7;373,7;1;1;2;3;0;0;-6523,77769030019;-3,89146268367767;
373,75;373,75;1;1;2;3;0;0;-6523,77769030019;-3,89143764972687;
373,8;373,8;1;1;2;3;0;0;-6523,77769030019;-3,89120876789093;
373,85;373,85;1;1;2;3;0;0;-6523,77769030019;-3,89125138521194;
373,9;373,9;1;1;2;3;0;0;-6523,77769030019;-3,89097779989243;
373,95;373,95;1;1;2;3;0;0;-6523,77769030019;-3,89082908630371;
374;374;1;1;2;3;0;0;-6523,77769030019;-3,89068007469177;
374,05;374,05;1;1;2;3;0;0;-6523,77769030019;-3,89053136110306;
374,1;374,1;1;1;2;3;0;0;-6523,77769030019;-3,89038264751434;
374,15;374,15;1;1;2;3;0;0;-6523,77769030019;-3,89023393392563;
374,2;374,2;1;1;2;3;0;0;-6523,77769030019;-3,89008522033691;
374,25;374,25;1;1;2;3;0;0;-6523,77769030019;-3,8899365067482;
374,3;374,3;1;1;2;3;0;0;-6523,77769030019;-3,88993054628372;
374,35;374,35;1;1;2;3;0;0;-6523,77769030019;-3,88975650072098;
374,4;374,4;1;1;2;3;0;0;-6523,77769030019;-3,88963490724564;
374,45;374,45;1;1;2;3;0;0;-6523,77769030019;-3,88941168785095;
374,5;374,5;1;1;2;3;0;0;-6523,77769030019;-3,88940751552582;
374,55;374,55;1;1;2;3;0;0;-6523,77769030019;-3,88920694589615;
374,6;374,6;1;1;2;3;0;0;-6523,77769030019;-3,88904452323914;
374,65;374,65;1;1;2;3;0;0;-6523,77769030019;-3,88900488615036;
374,7;374,7;1;1;2;3;0;0;-6523,77769030019;-3,88883382081985;
374,75;374,75;1;1;2;3;0;0;-6523,77769030019;-3,88855040073395;
374,8;374,8;1;1;2;3;0;0;-6523,77769030019;-3,88852477073669;
374,85;374,85;1;1;2;3;0;0;-6523,77769030019;-3,88825833797455;
374,9;374,9;1;1;2;3;0;0;-6523,77769030019;-3,88818383216858;
374,95;374,95;1;1;2;3;0;0;-6523,77769030019;-3,88810932636261;
375;375;1;1;2;3;0;0;-6523,77769030019;-3,88803511857986;
375,05;375,05;1;1;2;3;0;0;-6523,77769030019;-3,88778209686279;
375,1;375,1;1;1;2;3;0;0;-6523,77769030019;-3,88776302337646;
375,15;375,15;1;1;2;3;0;0;-6523,77769030019;-3,88747602701187;
375,2;375,2;1;1;2;3;0;0;-6523,77769030019;-3,88757646083832;
375,25;375,25;1;1;2;3;0;0;-6523,77769030019;-3,88727903366089;
375,3;375,3;1;1;2;3;0;0;-6523,77769030019;-3,88707607984543;
375,35;375,35;1;1;2;3;0;0;-6523,77769030019;-3,88698160648346;
375,4;375,4;1;1;2;3;0;0;-6523,77769030019;-3,88690739870071;
375,45;375,45;1;1;2;3;0;0;-6523,77769030019;-3,88683289289474;
375,5;375,5;1;1;2;3;0;0;-6523,77769030019;-3,886758685112;
375,55;375,55;1;1;2;3;0;0;-6523,77769030019;-3,88651669025421;
375,6;375,6;1;1;2;3;0;0;-6523,77769030019;-3,88645440340042;
375,65;375,65;1;1;2;3;0;0;-6523,77769030019;-3,88622611761093;
375,7;375,7;1;1;2;3;0;0;-6523,77769030019;-3,88617664575577;
375,75;375,75;1;1;2;3;0;0;-6523,77769030019;-3,88603985309601;
375,8;375,8;1;1;2;3;0;0;-6523,77769030019;-3,88579726219177;
375,85;375,85;1;1;2;3;0;0;-6523,77769030019;-3,88574987649918;
375,9;375,9;1;1;2;3;0;0;-6523,77769030019;-3,88574957847595;
375,95;375,95;1;1;2;3;0;0;-6523,77769030019;-3,88552814722061;
376;376;1;1;2;3;0;0;-6523,77769030019;-3,8853046298027;
376,05;376,05;1;1;2;3;0;0;-6523,77769030019;-3,88523042201996;
376,1;376,1;1;1;2;3;0;0;-6523,77769030019;-3,88515591621399;
376,15;376,15;1;1;2;3;0;0;-6523,77769030019;-3,88508170843124;
376,2;376,2;1;1;2;3;0;0;-6523,77769030019;-3,88489961624146;
376,25;376,25;1;1;2;3;0;0;-6523,77769030019;-3,88485640287399;
376,3;376,3;1;1;2;3;0;0;-6523,77769030019;-3,88462334871292;
376,35;376,35;1;1;2;3;0;0;-6523,77769030019;-3,88448178768158;
376,4;376,4;1;1;2;3;0;0;-6523,77769030019;-3,88447284698486;
376,45;376,45;1;1;2;3;0;0;-6523,77769030019;-3,8844433426857;
376,5;376,5;1;1;2;3;0;0;-6523,77769030019;-3,88415783643723;
376,55;376,55;1;1;2;3;0;0;-6523,77769030019;-3,88419270515442;
376,6;376,6;1;1;2;3;0;0;-6523,77769030019;-3,8840439915657;
376,65;376,65;1;1;2;3;0;0;-6523,77769030019;-3,88389527797699;
376,7;376,7;1;1;2;3;0;0;-6523,77769030019;-3,88374656438828;
376,75;376,75;1;1;2;3;0;0;-6523,77769030019;-3,88359785079956;
376,8;376,8;1;1;2;3;0;0;-6523,77769030019;-3,88347655534744;
376,85;376,85;1;1;2;3;0;0;-6523,78976024047;-3,8834023475647;
376,9;376,9;1;1;2;3;0;0;-6523,90151894682;-3,88332784175873;
376,95;376,95;1;1;2;3;0;0;-6524,01327765316;-3,88325363397598;
377;377;1;1;2;3;0;0;-6524,12458932468;-3,88312816619873;
377,05;377,05;1;1;2;3;0;0;-6524,23634803103;-3,88297945261002;
377,1;377,1;1;1;2;3;0;0;-6524,22204291662;-3,8828307390213;
377,15;377,15;1;1;2;3;0;0;-6524,11028421027;-3,88268202543259;
377,2;377,2;1;1;2;3;0;0;-6523,99897253875;-3,88253301382065;
377,25;377,25;1;1;2;3;0;0;-6523,8872138324;-3,88258159160614;
377,3;377,3;1;1;2;3;0;0;-6523,98019707608;-3,88243287801743;
377,35;377,35;1;1;2;3;0;0;-6524,09150874761;-3,88228416442871;
377,4;377,4;1;1;2;3;0;0;-6524,20326745395;-3,88213545084;
377,45;377,45;1;1;2;3;0;0;-6524,31457912547;-3,88226389884949;
377,5;377,5;1;1;2;3;0;0;-6524,26898157328;-3,88188928365707;
377,55;377,55;1;1;2;3;0;0;-6524,15722286694;-3,88198286294937;
377,6;377,6;1;1;2;3;0;0;-6524,04546416059;-3,8817372918129;
377,65;377,65;1;1;2;3;0;0;-6524,04322898646;-3,8817372918129;
377,7;377,7;1;1;2;3;0;0;-6524,15498769281;-3,8817372918129;
377,75;377,75;1;1;2;3;0;0;-6524,26674639915;-3,88161182403564;
377,8;377,8;1;1;2;3;0;0;-6524,25512349369;-3,88146311044693;
377,85;377,85;1;1;2;3;0;0;-6524,14336478735;-3,88131439685822;
377,9;377,9;1;1;2;3;0;0;-6524,03205311583;-3,8811656832695;
377,95;377,95;1;1;2;3;0;0;-6523,92029440948;-3,88114541769028;
378;378;1;1;2;3;0;0;-6523,92118847913;-3,88114333152771;
378,05;378,05;1;1;2;3;0;0;-6524,03294718548;-3,880994617939;
378,1;378,1;1;1;2;3;0;0;-6524,144258857;-3,88084560632706;
378,15;378,15;1;1;2;3;0;0;-6524,25601756335;-3,88080179691315;
378,2;378,2;1;1;2;3;0;0;-6524,33514272744;-3,88081669807434;
378,25;378,25;1;1;2;3;0;0;-6524,22383105592;-3,88057470321655;
378,3;378,3;1;1;2;3;0;0;-6524,11207234957;-3,88036876916885;
378,35;378,35;1;1;2;3;0;0;-6524,00076067805;-3,88044327497482;
378,4;378,4;1;1;2;3;0;0;-6523,88900197171;-3,88026535511017;
378,45;378,45;1;1;2;3;0;0;-6523,9135888871;-3,88006687164307;
378,5;378,5;1;1;2;3;0;0;-6524,02534759345;-3,88006687164307;
378,55;378,55;1;1;2;3;0;0;-6524,13665926497;-3,88006687164307;
378,6;378,6;1;1;2;3;0;0;-6524,24841797131;-3,879654109478;
378,65;378,65;1;1;2;3;0;0;-6524,35391819011;-3,87980729341507;
378,7;378,7;1;1;2;3;0;0;-6524,24931204097;-3,87952715158463;
378,75;378,75;1;1;2;3;0;0;-6524,13755333462;-3,87969374656677;
378,8;378,8;1;1;2;3;0;0;-6524,0262416631;-3,87950241565704;
378,85;378,85;1;1;2;3;0;0;-6523,91448295675;-3,87927919626236;
378,9;378,9;1;1;2;3;0;0;-6523,85055697672;-3,87920528650284;
378,95;378,95;1;1;2;3;0;0;-6523,85055697672;-3,87920528650284;
379;379;1;1;2;3;0;0;-6523,85055697672;-3,87915313243866;
379,05;379,05;1;1;2;3;0;0;-6523,85055697672;-3,87900412082672;
379,1;379,1;1;1;2;3;0;0;-6523,85055697672;-3,87885540723801;
379,15;379,15;1;1;2;3;0;0;-6523,85055697672;-3,87870669364929;
379,2;379,2;1;1;2;3;0;0;-6523,85055697672;-3,87855798006058;
379,25;379,25;1;1;2;3;0;0;-6523,85055697672;-3,87853562831879;
379,3;379,3;1;1;2;3;0;0;-6523,85055697672;-3,87814819812775;
379,35;379,35;1;1;2;3;0;0;-6523,85055697672;-3,87840032577515;
379,4;379,4;1;1;2;3;0;0;-6523,85055697672;-3,87799888849258;
379,45;379,45;1;1;2;3;0;0;-6523,85055697672;-3,87813061475754;
379,5;379,5;1;1;2;3;0;0;-6523,92208254878;-3,87791872024536;
379,55;379,55;1;1;2;3;0;0;-6524,0333942203;-3,87792140245438;
379,6;379,6;1;1;2;3;0;0;-6524,14515292665;-3,87767672538757;
379,65;379,65;1;1;2;3;0;0;-6524,256911633;-3,87762427330017;
379,7;379,7;1;1;2;3;0;0;-6524,36822330452;-3,87769758701324;
379,75;379,75;1;1;2;3;0;0;-6524,31100284687;-3,87750446796417;
379,8;379,8;1;1;2;3;0;0;-6524,19924414052;-3,87729793787003;
379,85;379,85;1;1;2;3;0;0;-6524,08748543418;-3,87719511985779;
379,9;379,9;1;1;2;3;0;0;-6524,13353002119;-3,87724697589874;
379,95;379,95;1;1;2;3;0;0;-6524,24528872754;-3,87702375650406;
380;380;1;1;2;3;0;0;-6524,35660039906;-3,87680053710938;
380,05;380,05;1;1;2;3;0;0;-6524,33514272744;-3,87683510780334;
380,1;380,1;1;1;2;3;0;0;-6524,22383105592;-3,87676864862442;
380,15;380,15;1;1;2;3;0;0;-6524,11207234957;-3,87663871049881;
380,2;380,2;1;1;2;3;0;0;-6524,01014840938;-3,87642294168472;
380,25;380,25;1;1;2;3;0;0;-6524,12011897643;-3,87650728225708;
380,3;380,3;1;1;2;3;0;0;-6524,23187768278;-3,87643277645111;
380,35;380,35;1;1;2;3;0;0;-6524,3431893543;-3,87622833251953;
380,4;380,4;1;1;2;3;0;0;-6524,45494806064;-3,8761430978775;
380,45;380,45;1;1;2;3;0;0;-6524,42857300594;-3,87618392705917;
380,5;380,5;1;1;2;3;0;0;-6524,3168142996;-3,87590616941452;
380,55;380,55;1;1;2;3;0;0;-6524,20550262808;-3,87592136859894;
380,6;380,6;1;1;2;3;0;0;-6524,09374392173;-3,87584686279297;
380,65;380,65;1;1;2;3;0;0;-6524,11162531475;-3,87572526931763;
380,7;380,7;1;1;2;3;0;0;-6524,22338402109;-3,87557655572891;
380,75;380,75;1;1;2;3;0;0;-6524,33469569261;-3,8754278421402;
380,8;380,8;1;1;2;3;0;0;-6524,33469569261;-3,87539625167847;
380,85;380,85;1;1;2;3;0;0;-6524,22338402109;-3,87539625167847;
380,9;380,9;1;1;2;3;0;0;-6524,11162531475;-3,87528389692307;
380,95;380,95;1;1;2;3;0;0;-6524,06379258843;-3,87506097555161;
381;381;1;1;2;3;0;0;-6524,17555129478;-3,87496650218964;
381,05;381,05;1;1;2;3;0;0;-6524,28731000112;-3,87485444545746;
381,1;381,1;1;1;2;3;0;0;-6524,29446255833;-3,87485980987549;
381,15;381,15;1;1;2;3;0;0;-6524,18270385198;-3,87469559907913;
381,2;381,2;1;1;2;3;0;0;-6524,07094514564;-3,87449324131012;
381,25;381,25;1;1;2;3;0;0;-6524,07362735459;-3,87449324131012;
381,3;381,3;1;1;2;3;0;0;-6524,18538606094;-3,87449324131012;
381,35;381,35;1;1;2;3;0;0;-6524,29714476728;-3,87443095445633;
381,4;381,4;1;1;2;3;0;0;-6524,40711533433;-3,87420773506165;
381,45;381,45;1;1;2;3;0;0;-6524,30250918519;-3,8742783665657;
381,5;381,5;1;1;2;3;0;0;-6524,19075047884;-3,87405633926392;
381,55;381,55;1;1;2;3;0;0;-6524,07899177249;-3,87384653091431;
381,6;381,6;1;1;2;3;0;0;-6524,0333942203;-3,87404590845108;
381,65;381,65;1;1;2;3;0;0;-6524,14515292665;-3,87370824813843;
381,7;381,7;1;1;2;3;0;0;-6524,256911633;-3,8737827539444;
381,75;381,75;1;1;2;3;0;0;-6524,34184824982;-3,87359857559204;
381,8;381,8;1;1;2;3;0;0;-6524,2305365783;-3,8734433054924;
381,85;381,85;1;1;2;3;0;0;-6524,11877787195;-3,87334495782852;
381,9;381,9;1;1;2;3;0;0;-6524,00746620043;-3,87348294258118;
381,95;381,95;1;1;2;3;0;0;-6524,03473532478;-3,8732323050499;
382;382;1;1;2;3;0;0;-6524,14649403113;-3,87328416109085;
382,05;382,05;1;1;2;3;0;0;-6524,25825273747;-3,87299448251724;
382,1;382,1;1;1;2;3;0;0;-6524,36956440899;-3,87288182973862;
382,15;382,15;1;1;2;3;0;0;-6524,42052637909;-3,87288182973862;
382,2;382,2;1;1;2;3;0;0;-6524,30921470757;-3,87268453836441;
382,25;382,25;1;1;2;3;0;0;-6524,19745600122;-3,87280285358429;
382,3;382,3;1;1;2;3;0;0;-6524,21533739424;-3,87257963418961;
382,35;382,35;1;1;2;3;0;0;-6524,32664906576;-3,87266278266907;
382,4;382,4;1;1;2;3;0;0;-6524,36419999109;-3,87238770723343;
382,45;382,45;1;1;2;3;0;0;-6524,25288831957;-3,8724347949028;
382,5;382,5;1;1;2;3;0;0;-6524,14112961322;-3,87221783399582;
382,55;382,55;1;1;2;3;0;0;-6524,0298179417;-3,87221783399582;
382,6;382,6;1;1;2;3;0;0;-6523,92074144431;-3,87199252843857;
382,65;382,65;1;1;2;3;0;0;-6524,02713573275;-3,87198179960251;
382,7;382,7;1;1;2;3;0;0;-6524,13844740427;-3,87183308601379;
382,75;382,75;1;1;2;3;0;0;-6524,25020611062;-3,87168437242508;
382,8;382,8;1;1;2;3;0;0;-6524,3168142996;-3,87154251337051;
382,85;382,85;1;1;2;3;0;0;-6524,20550262808;-3,87160748243332;
382,9;382,9;1;1;2;3;0;0;-6524,09374392173;-3,87134671211243;
382,95;382,95;1;1;2;3;0;0;-6523,98243225021;-3,87128889560699;
383;383;1;1;2;3;0;0;-6523,87067354386;-3,87136340141296;
383,05;383,05;1;1;2;3;0;0;-6523,85860360358;-3,87102544307709;
383,1;383,1;1;1;2;3;0;0;-6523,85860360358;-3,87123346328735;
383,15;383,15;1;1;2;3;0;0;-6523,90777743437;-3,87092053890228;
383,2;383,2;1;1;2;3;0;0;-6524,01953614072;-3,87093365192413;
383,25;383,25;1;1;2;3;0;0;-6524,13084781224;-3,87058317661285;
383,3;383,3;1;1;2;3;0;0;-6524,24260651858;-3,87077957391739;
383,35;383,35;1;1;2;3;0;0;-6524,35391819011;-3,87062728404999;
383,4;383,4;1;1;2;3;0;0;-6524,32620203093;-3,87052744626999;
383,45;383,45;1;1;2;3;0;0;-6524,21489035941;-3,87047439813614;
383,5;383,5;1;1;2;3;0;0;-6524,10313165306;-3,87025147676468;
383,55;383,55;1;1;2;3;0;0;-6524,01014840938;-3,87022137641907;
383,6;383,6;1;1;2;3;0;0;-6524,12146008091;-3,8702717423439;
383,65;383,65;1;1;2;3;0;0;-6524,23321878725;-3,87000352144241;
383,7;383,7;1;1;2;3;0;0;-6524,34453045877;-3,86987060308456;
383,75;383,75;1;1;2;3;0;0;-6524,38833987166;-3,86987060308456;
383,8;383,8;1;1;2;3;0;0;-6524,27702820014;-3,86987060308456;
383,85;383,85;1;1;2;3;0;0;-6524,16526949379;-3,8694816827774;
383,9;383,9;1;1;2;3;0;0;-6524,08659136452;-3,86951208114624;
383,95;383,95;1;1;2;3;0;0;-6524,19835007087;-3,8695502281189;
384;384;1;1;2;3;0;0;-6524,31010877722;-3,86928647756577;
384,05;384,05;1;1;2;3;0;0;-6524,42142044874;-3,8694179058075;
384,1;384,1;1;1;2;3;0;0;-6524,53317915508;-3,86918812990189;
384,15;384,15;1;1;2;3;0;0;-6524,56402455804;-3,86919856071472;
384,2;384,2;1;1;2;3;0;0;-6524,56402455804;-3,86913329362869;
384,25;384,25;1;1;2;3;0;0;-6524,56402455804;-3,86883556842804;
384,3;384,3;1;1;2;3;0;0;-6524,55016647845;-3,86889964342117;
384,35;384,35;1;1;2;3;0;0;-6524,4384077721;-3,86889964342117;
384,4;384,4;1;1;2;3;0;0;-6524,32664906576;-3,86856704950333;
384,45;384,45;1;1;2;3;0;0;-6524,21533739424;-3,86853247880936;
384,5;384,5;1;1;2;3;0;0;-6524,10357868789;-3,86858075857162;
384,55;384,55;1;1;2;3;0;0;-6524,02892387205;-3,86833399534225;
384,6;384,6;1;1;2;3;0;0;-6524,14023554357;-3,86832892894745;
384,65;384,65;1;1;2;3;0;0;-6524,25199424992;-3,86821717023849;
384,7;384,7;1;1;2;3;0;0;-6524,36330592144;-3,86821717023849;
384,75;384,75;1;1;2;3;0;0;-6524,47506462778;-3,8681897521019;
384,8;384,8;1;1;2;3;0;0;-6524,55866014013;-3,86809200048447;
384,85;384,85;1;1;2;3;0;0;-6524,55866014013;-3,8679826259613;
384,9;384,9;1;1;2;3;0;0;-6524,55866014013;-3,86780321598053;
384,95;384,95;1;1;2;3;0;0;-6524,5492724088;-3,86787354946136;
385;385;1;1;2;3;0;0;-6524,43751370245;-3,8676518201828;
385,05;385,05;1;1;2;3;0;0;-6524,32575499611;-3,86753648519516;
385,1;385,1;1;1;2;3;0;0;-6524,21444332458;-3,86753648519516;
385,15;385,15;1;1;2;3;0;0;-6524,10268461824;-3,86745661497116;
385,2;385,2;1;1;2;3;0;0;-6524,05708706605;-3,86723935604095;
385,25;385,25;1;1;2;3;0;0;-6524,1688457724;-3,86729270219803;
385,3;385,3;1;1;2;3;0;0;-6524,28060447874;-3,86700540781021;
385,35;385,35;1;1;2;3;0;0;-6524,33871900604;-3,86718153953552;
385,4;385,4;1;1;2;3;0;0;-6524,22740733452;-3,86681079864502;
385,45;385,45;1;1;2;3;0;0;-6524,11564862818;-3,86697262525558;
385,5;385,5;1;1;2;3;0;0;-6524,00433695665;-3,86673033237457;
385,55;385,55;1;1;2;3;0;0;-6523,89257825031;-3,86680454015732;
385,6;385,6;1;1;2;3;0;0;-6523,86977947421;-3,86666566133499;
385,65;385,65;1;1;2;3;0;0;-6523,86977947421;-3,86653333902359;
385,7;385,7;1;1;2;3;0;0;-6523,86977947421;-3,8666707277298;
385,75;385,75;1;1;2;3;0;0;-6523,86977947421;-3,86630415916443;
385,8;385,8;1;1;2;3;0;0;-6523,86977947421;-3,86642903089523;
385,85;385,85;1;1;2;3;0;0;-6523,86977947421;-3,86619746685028;
385,9;385,9;1;1;2;3;0;0;-6523,86977947421;-3,86612325906754;
385,95;385,95;1;1;2;3;0;0;-6523,86977947421;-3,86604875326157;
386;386;1;1;2;3;0;0;-6523,86977947421;-3,86597454547882;
386,05;386,05;1;1;2;3;0;0;-6523,86977947421;-3,86593639850616;
386,1;386,1;1;1;2;3;0;0;-6523,86977947421;-3,86587470769882;
386,15;386,15;1;1;2;3;0;0;-6523,86977947421;-3,86557996273041;
386,2;386,2;1;1;2;3;0;0;-6523,86977947421;-3,86565357446671;
386,25;386,25;1;1;2;3;0;0;-6523,86977947421;-3,86571258306503;
386,3;386,3;1;1;2;3;0;0;-6523,86977947421;-3,86547416448593;
386,35;386,35;1;1;2;3;0;0;-6523,86977947421;-3,86541932821274;
386,4;386,4;1;1;2;3;0;0;-6523,86977947421;-3,86541932821274;
386,45;386,45;1;1;2;3;0;0;-6523,86977947421;-3,86508017778397;
386,5;386,5;1;1;2;3;0;0;-6523,86977947421;-3,86537611484528;
386,55;386,55;1;1;2;3;0;0;-6523,86977947421;-3,86496484279633;
386,6;386,6;1;1;2;3;0;0;-6523,86977947421;-3,86503934860229;
386,65;386,65;1;1;2;3;0;0;-6523,86977947421;-3,8648384809494;
386,7;386,7;1;1;2;3;0;0;-6523,86977947421;-3,86485546827316;
386,75;386,75;1;1;2;3;0;0;-6523,86977947421;-3,86483997106552;
386,8;386,8;1;1;2;3;0;0;-6523,86977947421;-3,86466950178146;
386,85;386,85;1;1;2;3;0;0;-6523,86977947421;-3,86445134878159;
386,9;386,9;1;1;2;3;0;0;-6523,86977947421;-3,86438697576523;
386,95;386,95;1;1;2;3;0;0;-6523,86977947421;-3,8644614815712;
387;387;1;1;2;3;0;0;-6523,86977947421;-3,86439055204391;
387,05;387,05;1;1;2;3;0;0;-6523,86977947421;-3,86409312486649;
387,1;387,1;1;1;2;3;0;0;-6523,86977947421;-3,86431902647018;
387,15;387,15;1;1;2;3;0;0;-6523,86977947421;-3,86407732963562;
387,2;387,2;1;1;2;3;0;0;-6523,86977947421;-3,86417925357819;
387,25;387,25;1;1;2;3;0;0;-6523,86977947421;-3,86384218931198;
387,3;387,3;1;1;2;3;0;0;-6523,86977947421;-3,8639909029007;
387,35;387,35;1;1;2;3;0;0;-6523,86977947421;-3,8639909029007;
387,4;387,4;1;1;2;3;0;0;-6523,86977947421;-3,86369436979294;
387,45;387,45;1;1;2;3;0;0;-6523,86977947421;-3,86361986398697;
387,5;387,5;1;1;2;3;0;0;-6523,92163551396;-3,86359930038452;
387,55;387,55;1;1;2;3;0;0;-6524,03294718548;-3,86360257863998;
387,6;387,6;1;1;2;3;0;0;-6524,14470589182;-3,86331528425217;
387,65;387,65;1;1;2;3;0;0;-6524,25646459817;-3,86351525783539;
387,7;387,7;1;1;2;3;0;0;-6524,36777626969;-3,86319786310196;
387,75;387,75;1;1;2;3;0;0;-6524,47953497604;-3,863365650177;
387,8;387,8;1;1;2;3;0;0;-6524,4965222994;-3,86329114437103;
387,85;387,85;1;1;2;3;0;0;-6524,38476359306;-3,86314153671265;
387,9;387,9;1;1;2;3;0;0;-6524,27345192154;-3,86291831731796;
387,95;387,95;1;1;2;3;0;0;-6524,16169321519;-3,86308133602142;
388;388;1;1;2;3;0;0;-6524,04993450884;-3,86273294687271;
388,05;388,05;1;1;2;3;0;0;-6524,14694106595;-3,8627678155899;
388,1;388,1;1;1;2;3;0;0;-6524,2586997723;-3,86275738477707;
388,15;388,15;1;1;2;3;0;0;-6524,37001144382;-3,86260867118835;
388,2;388,2;1;1;2;3;0;0;-6524,48177015017;-3,86258482933044;
388,25;388,25;1;1;2;3;0;0;-6524,54480206054;-3,86262655258179;
388,3;388,3;1;1;2;3;0;0;-6524,54480206054;-3,8624033331871;
388,35;388,35;1;1;2;3;0;0;-6524,54480206054;-3,86230528354645;
388,4;388,4;1;1;2;3;0;0;-6524,54480206054;-3,8622859120369;
388,45;388,45;1;1;2;3;0;0;-6524,54480206054;-3,8622584939003;
388,5;388,5;1;1;2;3;0;0;-6524,54480206054;-3,86211037635803;
388,55;388,55;1;1;2;3;0;0;-6524,54480206054;-3,86196166276932;
388,6;388,6;1;1;2;3;0;0;-6524,54480206054;-3,86196166276932;
388,65;388,65;1;1;2;3;0;0;-6524,54480206054;-3,86196166276932;
388,7;388,7;1;1;2;3;0;0;-6524,54480206054;-3,86192739009857;
388,75;388,75;1;1;2;3;0;0;-6524,54480206054;-3,86182516813278;
388,8;388,8;1;1;2;3;0;0;-6524,54480206054;-3,86161834001541;
388,85;388,85;1;1;2;3;0;0;-6524,54480206054;-3,86162310838699;
388,9;388,9;1;1;2;3;0;0;-6524,54480206054;-3,86156350374222;
388,95;388,95;1;1;2;3;0;0;-6524,54480206054;-3,86142909526825;
389;389;1;1;2;3;0;0;-6524,54480206054;-3,86143326759338;
389,05;389,05;1;1;2;3;0;0;-6524,54346095607;-3,86132717132568;
389,1;389,1;1;1;2;3;0;0;-6524,43170224972;-3,86114448308945;
389,15;389,15;1;1;2;3;0;0;-6524,31994354338;-3,86108964681625;
389,2;389,2;1;1;2;3;0;0;-6524,20863187186;-3,86108964681625;
389,25;389,25;1;1;2;3;0;0;-6524,09687316551;-3,86108964681625;
389,3;389,3;1;1;2;3;0;0;-6524,06468665808;-3,86108458042145;
389,35;389,35;1;1;2;3;0;0;-6524,17644536443;-3,86090010404587;
389,4;389,4;1;1;2;3;0;0;-6524,28820407077;-3,86070281267166;
389,45;389,45;1;1;2;3;0;0;-6524,29446255833;-3,86070281267166;
389,5;389,5;1;1;2;3;0;0;-6524,18270385198;-3,86070281267166;
389,55;389,55;1;1;2;3;0;0;-6524,07094514564;-3,86070281267166;
389,6;389,6;1;1;2;3;0;0;-6524,13934147392;-3,86038243770599;
389,65;389,65;1;1;2;3;0;0;-6524,25110018027;-3,86052519083023;
389,7;389,7;1;1;2;3;0;0;-6524,34229528465;-3,86033296585083;
389,75;389,75;1;1;2;3;0;0;-6524,23098361312;-3,86033177375793;
389,8;389,8;1;1;2;3;0;0;-6524,11922490678;-3,86011153459549;
389,85;389,85;1;1;2;3;0;0;-6524,17331612065;-3,86021107435226;
389,9;389,9;1;1;2;3;0;0;-6524,39638649852;-3,8601365685463;
389,95;389,95;1;1;2;3;0;0;-6524,39012801096;-3,86006206274033;
390;390;1;1;2;3;0;0;-6524,27881633944;-3,85998785495758;
390,05;390,05;1;1;2;3;0;0;-6524,16705763309;-3,85991334915161;
390,1;390,1;1;1;2;3;0;0;-6524,05529892675;-3,85983914136887;
390,15;390,15;1;1;2;3;0;0;-6524,0333942203;-3,8597646355629;
390,2;390,2;1;1;2;3;0;0;-6524,14515292665;-3,85963320732117;
390,25;390,25;1;1;2;3;0;0;-6524,256911633;-3,85948449373245;
390,3;390,3;1;1;2;3;0;0;-6524,35883557318;-3,8594001531601;
390,35;390,35;1;1;2;3;0;0;-6524,24931204097;-3,85951310396194;
390,4;390,4;1;1;2;3;0;0;-6524,13755333462;-3,85929018259048;
390,45;390,45;1;1;2;3;0;0;-6524,0262416631;-3,85919600725174;
390,5;390,5;1;1;2;3;0;0;-6523,99718439945;-3,85928392410278;
390,55;390,55;1;1;2;3;0;0;-6524,10849607097;-3,85901063680649;
390,6;390,6;1;1;2;3;0;0;-6524,22025477732;-3,85893642902374;
390,65;390,65;1;1;2;3;0;0;-6524,33156644884;-3,85907262563705;
390,7;390,7;1;1;2;3;0;0;-6524,44332515518;-3,85892391204834;
390,75;390,75;1;1;2;3;0;0;-6524,52245031928;-3,8587749004364;
390,8;390,8;1;1;2;3;0;0;-6524,41069161293;-3,85866582393646;
390,85;390,85;1;1;2;3;0;0;-6524,29937994141;-3,85866582393646;
390,9;390,9;1;1;2;3;0;0;-6524,18762123506;-3,85866582393646;
390,95;390,95;1;1;2;3;0;0;-6524,07586252872;-3,85852485895157;
391;391;1;1;2;3;0;0;-6524,05529892675;-3,85862320661545;
391,05;391,05;1;1;2;3;0;0;-6524,16705763309;-3,85834068059921;
391,1;391,1;1;1;2;3;0;0;-6524,27881633944;-3,85833621025085;
391,15;391,15;1;1;2;3;0;0;-6524,39012801096;-3,85825723409653;
391,2;391,2;1;1;2;3;0;0;-6524,31770836925;-3,85828047990799;
391,25;391,25;1;1;2;3;0;0;-6524,20639669773;-3,85818004608154;
391,3;391,3;1;1;2;3;0;0;-6524,09463799138;-3,85820060968399;
391,35;391,35;1;1;2;3;0;0;-6524,10268461824;-3,85799914598465;
391,4;391,4;1;1;2;3;0;0;-6524,21444332458;-3,85785669088364;
391,45;391,45;1;1;2;3;0;0;-6524,32575499611;-3,85793119668961;
391,5;391,5;1;1;2;3;0;0;-6524,29893290658;-3,85775208473206;
391,55;391,55;1;1;2;3;0;0;-6524,18717420024;-3,85772138834;
391,6;391,6;1;1;2;3;0;0;-6524,07541549389;-3,85772138834;
391,65;391,65;1;1;2;3;0;0;-6523,99852550392;-3,85760337114334;
391,7;391,7;1;1;2;3;0;0;-6524,10983717545;-3,85751694440842;
391,75;391,75;1;1;2;3;0;0;-6524,22159588179;-3,85756999254227;
391,8;391,8;1;1;2;3;0;0;-6524,33290755331;-3,85746449232101;
391,85;391,85;1;1;2;3;0;0;-6524,44466625966;-3,8571897149086;
391,9;391,9;1;1;2;3;0;0;-6524,38074027963;-3,8571897149086;
391,95;391,95;1;1;2;3;0;0;-6524,26942860811;-3,8571897149086;
392;392;1;1;2;3;0;0;-6524,15766990176;-3,8571897149086;
392,05;392,05;1;1;2;3;0;0;-6524,04591119542;-3,85708719491959;
392,1;392,1;1;1;2;3;0;0;-6524,11341345405;-3,85693848133087;
392,15;392,15;1;1;2;3;0;0;-6524,22517216039;-3,85683745145798;
392,2;392,2;1;1;2;3;0;0;-6524,33648383191;-3,85676294565201;
392,25;392,25;1;1;2;3;0;0;-6524,38342248858;-3,85668873786926;
392,3;392,3;1;1;2;3;0;0;-6524,27211081706;-3,85678201913834;
392,35;392,35;1;1;3;3;0;0;-6524,16035211071;-3,85651051998138;
392,35;392,35;1;1;3;3;0;0;-6524,16035211071;-3,85651051998138;
392,4;392,4;1;1;3;3;0;0;-6524,04859340437;-3,85642200708389;
392,45;392,45;1;1;3;3;0;0;-6523,93728173285;-3,85612457990646;
392,5;392,5;1;1;3;3;0;0;-6523,84251034986;-3,85617256164551;
392,55;392,55;1;1;3;3;0;0;-6523,84251034986;-3,85590791702271;
392,6;392,6;1;1;3;3;0;0;-6523,84251034986;-3,85536283254623;
392,65;392,65;1;1;3;3;0;0;-6523,84251034986;-3,85539591312408;
392,7;392,7;1;1;3;3;0;0;-6523,84251034986;-3,85282397270203;
392,75;392,75;1;1;3;3;0;0;-6522,52375761498;-3,84372383356094;
392,8;392,8;1;1;3;3;0;0;-6521,27563638251;-3,83906245231628;
392,85;392,85;1;1;3;3;0;0;-6519,97118876203;-3,82627964019775;
392,9;392,9;1;1;3;3;0;0;-6517,01226525281;-3,81167143583298;
392,95;392,95;1;1;3;3;0;0;-6515,21429118512;-3,80148321390152;
393;393;1;1;3;3;0;0;-6513,9143139129;-3,7927308678627;
393,05;393,05;1;1;3;3;0;0;-6512,70910802366;-3,78716886043549;
393,1;393,1;1;1;3;3;0;0;-6511,56469887068;-3,77802431583405;
393,15;393,15;1;1;3;3;0;0;-6510,1140708623;-3,77301245927811;
393,2;393,2;1;1;3;3;0;0;-6509,26559876372;-3,76669257879257;
393,25;393,25;1;1;3;3;0;0;-6507,98037364074;-3,76051098108292;
393,3;393,3;1;1;3;3;0;0;-6507,32949093498;-3,75739812850952;
393,35;393,35;1;1;3;3;0;0;-6506,88335017925;-3,75255584716797;
393,4;393,4;1;1;3;3;0;0;-6505,83013613064;-3,74683737754822;
393,45;393,45;1;1;3;3;0;0;-6504,07597147583;-3,73719334602356;
393,5;393,5;1;1;3;3;0;0;-6502,39109721896;-3,7292742729187;
393,55;393,55;1;1;3;3;0;0;-6501,23908847394;-3,72345477342606;
393,6;393,6;1;1;3;3;0;0;-6500,28601022622;-3,71963530778885;
393,65;393,65;1;1;3;3;0;0;-6499,50504038628;-3,71232807636261;
393,7;393,7;1;1;3;3;0;0;-6498,47596621824;-3,70708227157593;
393,75;393,75;1;1;3;3;0;0;-6497,26673701558;-3,70213150978088;
393,8;393,8;1;1;3;3;0;0;-6496,49917822039;-3,69803041219711;
393,85;393,85;1;1;3;3;0;0;-6495,82996708679;-3,69360268115997;
393,9;393,9;1;1;3;3;0;0;-6495,11649950548;-3,68826627731323;
393,95;393,95;1;1;3;3;0;0;-6494,00338279027;-3,6836364865303;
394;394;1;1;3;3;0;0;-6492,9684971695;-3,67986142635345;
394,05;394,05;1;1;3;3;0;0;-6492,322084812;-3,6748880147934;
394,1;394,1;1;1;3;3;0;0;-6491,76418534992;-3,67140024900436;
394,15;394,15;1;1;3;3;0;0;-6491,13297217647;-3,66839736700058;
394,2;394,2;1;1;3;3;0;0;-6490,24024363018;-3,66416662931442;
394,25;394,25;1;1;3;3;0;0;-6489,39668891468;-3,6597666144371;
394,3;394,3;1;1;3;3;0;0;-6488,8387894526;-3,657585978508;
394,35;394,35;1;1;3;3;0;0;-6488,37253212972;-3,65541011095047;
394,4;394,4;1;1;3;3;0;0;-6487,92907358294;-3,65494698286057;
394,45;394,45;1;1;3;3;0;0;-6487,05422642966;-3,6451917886734;
394,5;394,5;1;1;3;3;0;0;-6484,75378521823;-3,63501965999603;
394,55;394,55;1;1;3;3;0;0;-6483,51773392605;-3,62832337617874;
394,6;394,6;1;1;3;3;0;0;-6482,33979716116;-3,62159699201584;
394,65;394,65;1;1;3;3;0;0;-6481,3156403762;-3,61580282449722;
394,7;394,7;1;1;3;3;0;0;-6480,31160015839;-3,6097651720047;
394,75;394,75;1;1;3;3;0;0;-6479,30711290575;-3,603675365448;
394,8;394,8;1;1;3;3;0;0;-6478,30307268793;-3,597791492939;
394,85;394,85;1;1;3;3;0;0;-6477,2985854353;-3,59344840049744;
394,9;394,9;1;1;3;3;0;0;-6476,29454521748;-3,58770668506622;
394,95;394,95;1;1;3;3;0;0;-6474,91991312942;-3,58190149068832;
395;395;1;1;3;3;0;0;-6473,88949785691;-3,57621192932129;
395,05;395,05;1;1;3;3;0;0;-6472,96413576837;-3,56967091560364;
395,1;395,1;1;1;3;3;0;0;-6471,84833684421;-3,56559336185455;
395,15;395,15;1;1;3;3;0;0;-6470,97527783023;-3,55874419212341;
395,2;395,2;1;1;3;3;0;0;-6469,56488295614;-3,55359584093094;
395,25;395,25;1;1;3;3;0;0;-6468,79598305648;-3,54966253042221;
395,3;395,3;1;1;3;3;0;0;-6468,12632488805;-3,5451278090477;
395,35;395,35;1;1;3;3;0;0;-6467,45711375445;-3,5396882891655;
395,4;395,4;1;1;3;3;0;0;-6465,99396877097;-3,5346257686615;
395,45;395,45;1;1;3;3;0;0;-6465,32252246324;-3,53069722652435;
395,5;395,5;1;1;3;3;0;0;-6464,76462300116;-3,5261458158493;
395,55;395,55;1;1;3;3;0;0;-6463,94789037518;-3,52441072463989;
395,6;395,6;1;1;3;3;0;0;-6463,30639540076;-3,52020531892776;
395,65;395,65;1;1;3;3;0;0;-6462,53391922249;-3,51393342018127;
395,7;395,7;1;1;3;3;0;0;-6461,08373824894;-3,50904583930969;
395,75;395,75;1;1;3;3;0;0;-6459,94245833974;-3,50360214710236;
395,8;395,8;1;1;3;3;0;0;-6459,04302427106;-3,49782317876816;
395,85;395,85;1;1;3;3;0;0;-6458,15029572477;-3,49152565002441;
395,9;395,9;1;1;3;3;0;0;-6457,25756717848;-3,48697870969772;
395,95;395,95;1;1;3;3;0;0;-6456,36528566701;-3,48155111074448;
396;396;1;1;3;3;0;0;-6455,44439392672;-3,47672551870346;
396,05;396,05;1;1;3;3;0;0;-6454,43990667408;-3,4715861082077;
396,1;396,1;1;1;3;3;0;0;-6453,43586645626;-3,46737027168274;
396,15;396,15;1;1;3;3;0;0;-6452,43182623845;-3,46170425415039;
396,2;396,2;1;1;3;3;0;0;-6451,42733898581;-3,45633506774902;
396,25;396,25;1;1;3;3;0;0;-6450,423298768;-3,45136672258377;
396,3;396,3;1;1;3;3;0;0;-6449,41881151536;-3,44635426998138;
396,35;396,35;1;1;3;3;0;0;-6448,41477129754;-3,44127833843231;
396,4;396,4;1;1;3;3;0;0;-6447,41073107973;-3,43704044818878;
396,45;396,45;1;1;3;3;0;0;-6446,7410729113;-3,43244075775146;
396,5;396,5;1;1;3;3;0;0;-6445,73390344971;-3,42637747526169;
396,55;396,55;1;1;3;3;0;0;-6444,64224440612;-3,42331498861313;
396,6;396,6;1;1;3;3;0;0;-6444,07898052614;-3,41663867235184;
396,65;396,65;1;1;3;3;0;0;-6442,74815785097;-3,41177821159363;
396,7;396,7;1;1;3;3;0;0;-6441,79642070772;-3,40711921453476;
396,75;396,75;1;1;3;3;0;0;-6441,01545086778;-3,40246856212616;
396,8;396,8;1;1;3;3;0;0;-6440,23403399301;-3,39802861213684;
396,85;396,85;1;1;3;3;0;0;-6439,45306415306;-3,39446246623993;
396,9;396,9;1;1;3;3;0;0;-6437,94163940843;-3,38595122098923;
396,95;396,95;1;1;3;3;0;0;-6436,83791042456;-3,38312447071075;
397;397;1;1;3;3;0;0;-6436,50308134035;-3,3794978260994;
397,05;397,05;1;1;3;3;0;0;-6436,16825225613;-3,37929755449295;
397,1;397,1;1;1;3;3;0;0;-6435,32648567993;-3,37140440940857;
397,15;397,15;1;1;3;3;0;0;-6433,06806574209;-3,36258202791214;
397,2;397,2;1;1;3;3;0;0;-6432,04793227056;-3,35625857114792;
397,25;397,25;1;1;3;3;0;0;-6431,15520372427;-3,35117787122726;
397,3;397,3;1;1;3;3;0;0;-6430,17172710842;-3,34347546100616;
397,35;397,35;1;1;3;3;0;0;-6428,80201240344;-3,33957850933075;
397,4;397,4;1;1;3;3;0;0;-6428,06529901121;-3,33444684743881;
397,45;397,45;1;1;3;3;0;0;-6427,34333776822;-3,3302053809166;
397,5;397,5;1;1;3;3;0;0;-6426,33885051558;-3,32552284002304;
397,55;397,55;1;1;3;3;0;0;-6425,33481029776;-3,32114100456238;
397,6;397,6;1;1;3;3;0;0;-6424,48186785093;-3,31687569618225;
397,65;397,65;1;1;3;3;0;0;-6423,8631716526;-3,31231325864792;
397,7;397,7;1;1;3;3;0;0;-6422,75184307669;-3,30815434455872;
397,75;397,75;1;1;3;3;0;0;-6421,78222454043;-3,30290228128433;
397,8;397,8;1;1;3;3;0;0;-6421,00125470048;-3,29814374446869;
397,85;397,85;1;1;3;3;0;0;-6420,21983782571;-3,29382121562958;
397,9;397,9;1;1;3;3;0;0;-6419,27614730932;-3,28814655542374;
397,95;397,95;1;1;3;3;0;0;-6418,27166005669;-3,28345835208893;
398;398;1;1;3;3;0;0;-6417,26761983887;-3,27960759401321;
398,05;398,05;1;1;3;3;0;0;-6416,58410359086;-3,27755659818649;
398,1;398,1;1;1;3;3;0;0;-6416,03201558151;-3,27163845300674;
398,15;398,15;1;1;3;3;0;0;-6414,80490498583;-3,26562851667404;
398,2;398,2;1;1;3;3;0;0;-6413,72576291735;-3,26366633176804;
398,25;398,25;1;1;3;3;0;0;-6413,50045736536;-3,26209038496017;
398,3;398,3;1;1;3;3;0;0;-6413,27738698749;-3,25973361730576;
398,35;398,35;1;1;3;3;0;0;-6412,78073129649;-3,25602561235428;
398,4;398,4;1;1;3;3;0;0;-6411,55987918836;-3,2494929432869;
398,45;398,45;1;1;3;3;0;0;-6410,51694694074;-3,24781686067581;
398,5;398,5;1;1;3;3;0;0;-6409,68188588692;-3,23899358510971;
398,55;398,55;1;1;3;3;0;0;-6407,57366965041;-3,22981089353561;
398,6;398,6;1;1;3;3;0;0;-6406,42255497504;-3,22443515062332;
398,65;398,65;1;1;3;3;0;0;-6405,41851475723;-3,21690708398819;
398,7;398,7;1;1;3;3;0;0;-6404,13865405215;-3,21124106645584;
398,75;398,75;1;1;3;3;0;0;-6402,92718967536;-3,20503652095795;
398,8;398,8;1;1;3;3;0;0;-6401,92314945754;-3,19879621267319;
398,85;398,85;1;1;3;3;0;0;-6400,59143271272;-3,19279193878174;
398,9;398,9;1;1;3;3;0;0;-6399,49664442536;-3,18715929985046;
398,95;398,95;1;1;3;3;0;0;-6398,71120423716;-3,18246275186539;
399;399;1;1;3;3;0;0;-6397,92978736238;-3,17785620689392;
399,05;399,05;1;1;3;3;0;0;-6396,8470690153;-3,17254066467285;
399,1;399,1;1;1;3;3;0;0;-6395,43488600191;-3,16785156726837;
399,15;399,15;1;1;3;3;0;0;-6394,79473213196;-3,16274344921112;
399,2;399,2;1;1;3;3;0;0;-6394,15681343614;-3,15772026777267;
399,25;399,25;1;1;3;3;0;0;-6393,04101451198;-3,15367460250854;
399,3;399,3;1;1;3;3;0;0;-6391,92521558782;-3,14748257398605;
399,35;399,35;1;1;3;3;0;0;-6390,80941666366;-3,142349421978;
399,4;399,4;1;1;3;3;0;0;-6389,72759238623;-3,13889473676682;
399,45;399,45;1;1;3;3;0;0;-6389,38561074481;-3,13519030809402;
399,5;399,5;1;1;3;3;0;0;-6388,1017267263;-3,13012927770615;
399,55;399,55;1;1;3;3;0;0;-6387,73471113466;-3,1270369887352;
399,6;399,6;1;1;3;3;0;0;-6386,99173925487;-3,12353253364563;
399,65;399,65;1;1;3;3;0;0;-6385,98725200223;-3,11926603317261;
399,7;399,7;1;1;3;3;0;0;-6385,47226788339;-3,11860650777817;
399,75;399,75;1;1;3;3;0;0;-6385,24919750552;-3,11496496200562;
399,8;399,8;1;1;3;3;0;0;-6384,11864643213;-3,11164945363998;
399,85;399,85;1;1;3;3;0;0;-6383,59069830335;-3,10567110776901;
399,9;399,9;1;1;3;3;0;0;-6382,05647478263;-3,09689491987228;
399,95;399,95;1;1;3;3;0;0;-6380,49811138134;-3,09096932411194;
400;400;1;1;3;3;0;0;-6379,56872597936;-3,08513730764389;
400,05;400,05;1;1;3;3;0;0;-6378,67644446789;-3,08136373758316;
400,1;400,1;1;1;3;3;0;0;-6377,47079154383;-3,07320147752762;
400,15;400,15;1;1;3;3;0;0;-6376,27810262971;-3,0700296163559;
400,2;400,2;1;1;3;3;0;0;-6375,49042726738;-3,06578874588013;
400,25;400,25;1;1;3;3;0;0;-6374,67950609413;-3,05946975946426;
400,3;400,3;1;1;3;3;0;0;-6373,32409650356;-3,05597186088562;
400,35;400,35;1;1;3;3;0;0;-6372,877508713;-3,05030852556229;
400,4;400,4;1;1;3;3;0;0;-6371,86989221659;-3,04541796445847;
400,45;400,45;1;1;3;3;0;0;-6370,75409329243;-3,04003208875656;
400,5;400,5;1;1;3;3;0;0;-6369,63829436827;-3,0351909995079;
400,55;400,55;1;1;3;3;0;0;-6368,52830689684;-3,02995353937149;
400,6;400,6;1;1;3;3;0;0;-6367,66150637042;-3,02633196115494;
400,65;400,65;1;1;3;3;0;0;-6366,88053653047;-3,02096545696259;
400,7;400,7;1;1;3;3;0;0;-6366,09956669052;-3,01661461591721;
400,75;400,75;1;1;3;3;0;0;-6365,24215389544;-3,01141381263733;
400,8;400,8;1;1;3;3;0;0;-6364,34942534914;-3,00721108913422;
400,85;400,85;1;1;3;3;0;0;-6363,18624073349;-3,00250977277756;
400,9;400,9;1;1;3;3;0;0;-6362,06060704317;-2,99708247184753;
400,95;400,95;1;1;3;3;0;0;-6361,27963720323;-2,99093186855316;
401;401;1;1;3;3;0;0;-6360,32655895551;-2,98773258924484;
401,05;401,05;1;1;3;3;0;0;-6359,29256740439;-2,98070907592773;
401,1;401,1;1;1;3;3;0;0;-6357,86205596316;-2,97632843255997;
401,15;401,15;1;1;3;3;0;0;-6357,25945301854;-2,9709592461586;
401,2;401,2;1;1;3;3;0;0;-6356,23529623359;-2,96671509742737;
401,25;401,25;1;1;3;3;0;0;-6355,06138278213;-2,96163856983185;
401,3;401,3;1;1;3;3;0;0;-6354,10383418615;-2,95839041471481;
401,35;401,35;1;1;3;3;0;0;-6353,54593472407;-2,95270889997482;
401,4;401,4;1;1;3;3;0;0;-6352,60582048629;-2,94681757688522;
401,45;401,45;1;1;3;3;0;0;-6351,42028412937;-2,94411331415176;
401,5;401,5;1;1;3;3;0;0;-6350,64914905558;-2,93750017881393;
401,55;401,55;1;1;3;3;0;0;-6349,50697507672;-2,93445438146591;
401,6;401,6;1;1;3;3;0;0;-6348,94728747534;-2,93077230453491;
401,65;401,65;1;1;3;3;0;0;-6347,5976893375;-2,9250556230545;
401,7;401,7;1;1;3;3;0;0;-6346,85963484079;-2,9195711016655;
401,75;401,75;1;1;3;3;0;0;-6346,18997667237;-2,9153898358345;
401,8;401,8;1;1;3;3;0;0;-6345,22572255401;-2,9100826382637;
401,85;401,85;1;1;3;3;0;0;-6344,22123530137;-2,90512084960938;
401,9;401,9;1;1;3;3;0;0;-6343,21719508356;-2,89980292320251;
401,95;401,95;1;1;3;3;0;0;-6342,21315486575;-2,89552688598633;
402;402;1;1;3;3;0;0;-6341,20866761311;-2,89171665906906;
402,05;402,05;1;1;3;3;0;0;-6340,20462739529;-2,88600474596024;
402,1;402,1;1;1;3;3;0;0;-6339,20014014265;-2,88120031356812;
402,15;402,15;1;1;3;3;0;0;-6338,29802386503;-2,87712961435318;
402,2;402,2;1;1;3;3;0;0;-6337,51660699026;-2,87190437316895;
402,25;402,25;1;1;3;3;0;0;-6336,70479174736;-2,86735475063324;
402,3;402,3;1;1;3;3;0;0;-6335,70075152954;-2,8630393743515;
402,35;402,35;1;1;3;3;0;0;-6334,79595304296;-2,86101669073105;
402,4;402,4;1;1;3;3;0;0;-6334,45888878462;-2,8559011220932;
402,45;402,45;1;1;3;3;0;0;-6333,49999908418;-2,8540712594986;
402,5;402,5;1;1;3;3;0;0;-6332,92153602013;-2,85120993852615;
402,55;402,55;1;1;3;3;0;0;-6332,58670693591;-2,84833580255508;
402,6;402,6;1;1;3;3;0;0;-6331,68727286724;-2,8427928686142;
402,65;402,65;1;1;3;3;0;0;-6330,38371931642;-2,83820986747742;
402,7;402,7;1;1;3;3;0;0;-6328,65592971631;-2,82663106918335;
402,75;402,75;1;1;3;3;0;0;-6326,86153192721;-2,82002121210098;
402,8;402,8;1;1;3;3;0;0;-6325,82485816715;-2,81347006559372;
402,85;402,85;1;1;3;3;0;0;-6324,82081794933;-2,80815988779068;
402,9;402,9;1;1;3;3;0;0;-6323,81677773152;-2,80303090810776;
402,95;402,95;1;1;3;3;0;0;-6322,81229047888;-2,79773414134979;
403;403;1;1;3;3;0;0;-6321,80825026107;-2,79204100370407;
403,05;403,05;1;1;3;3;0;0;-6320,3719273671;-2,78633892536163;
403,1;403,1;1;1;3;3;0;0;-6319,92891585515;-2,78315246105194;
403,15;403,15;1;1;3;3;0;0;-6318,77333083153;-2,77750223875046;
403,2;403,2;1;1;3;3;0;0;-6317,57840674328;-2,77224123477936;
403,25;403,25;1;1;3;3;0;0;-6316,79743690333;-2,76799201965332;
403,3;403,3;1;1;3;3;0;0;-6316,01646706338;-2,76312053203583;
403,35;403,35;1;1;3;3;0;0;-6315,14519618871;-2,75829643011093;
403,4;403,4;1;1;3;3;0;0;-6313,96323611039;-2,75267690420151;
403,45;403,45;1;1;3;3;0;0;-6312,82061509671;-2,74887800216675;
403,5;403,5;1;1;3;3;0;0;-6312,15095692828;-2,74437487125397;
403,55;403,55;1;1;3;3;0;0;-6311,33198912818;-2,74116396903992;
403,6;403,6;1;1;3;3;0;0;-6310,34135995512;-2,73489862680435;
403,65;403,65;1;1;3;3;0;0;-6309,13525999624;-2,73100525140762;
403,7;403,7;1;1;3;3;0;0;-6308,5693139073;-2,72729098796844;
403,75;403,75;1;1;3;3;0;0;-6307,97296945024;-2,72230863571167;
403,8;403,8;1;1;3;3;0;0;-6306,97161144138;-2,71860361099243;
403,85;403,85;1;1;3;3;0;0;-6305,96757122356;-2,71402984857559;
403,9;403,9;1;1;3;3;0;0;-6304,96308397092;-2,70922750234604;
403,95;403,95;1;1;3;3;0;0;-6303,95904375311;-2,70428478717804;
404;404;1;1;3;3;0;0;-6302,95500353529;-2,69921392202377;
404,05;404,05;1;1;3;3;0;0;-6302,14452939687;-2,69538640975952;
404,1;404,1;1;1;3;3;0;0;-6301,36355955692;-2,69221991300583;
404,15;404,15;1;1;3;3;0;0;-6300,67825516961;-2,68976122140884;
404,2;404,2;1;1;3;3;0;0;-6300,23166737905;-2,68653601408005;
404,25;404,25;1;1;3;3;0;0;-6299,14984310162;-2,67925649881363;
404,3;404,3;1;1;3;3;0;0;-6297,66300527239;-2,67300009727478;
404,35;404,35;1;1;3;3;0;0;-6296,90259903441;-2,67145782709122;
404,4;404,4;1;1;3;3;0;0;-6296,56061739299;-2,6700434088707;
404,45;404,45;1;1;3;3;0;0;-6296,22623534361;-2,66827493906021;
404,5;404,5;1;1;3;3;0;0;-6295,97991915482;-2,6649284362793;
404,55;404,55;1;1;3;3;0;0;-6294,78946541482;-2,66121745109558;
404,6;404,6;1;1;3;3;0;0;-6293,52659203311;-2,65275835990906;
404,65;404,65;1;1;3;3;0;0;-6291,9749341542;-2,64435917139053;
404,7;404,7;1;1;3;3;0;0;-6290,85913523004;-2,63790875673294;
404,75;404,75;1;1;3;3;0;0;-6289,43443524154;-2,63139307498932;
404,8;404,8;1;1;3;3;0;0;-6288,08170785992;-2,62490421533585;
404,85;404,85;1;1;3;3;0;0;-6287,06023328392;-2,61959075927734;
404,9;404,9;1;1;3;3;0;0;-6286,05574603128;-2,61265277862549;
404,95;404,95;1;1;3;3;0;0;-6284,77856753516;-2,60632663965225;
405;405;1;1;3;3;0;0;-6283,55771542703;-2,60151028633118;
405,05;405,05;1;1;3;3;0;0;-6282,87777545762;-2,59597480297089;
405,1;405,1;1;1;3;3;0;0;-6281,65200596642;-2,5931391119957;
405,15;405,15;1;1;3;3;0;0;-6281,18574864354;-2,58775353431702;
405,2;405,2;1;1;3;3;0;0;-6279,99887118214;-2,58406728506088;
405,25;405,25;1;1;3;3;0;0;-6278,77131355164;-2,5777593255043;
405,3;405,3;1;1;3;3;0;0;-6277,58980050815;-2,57313132286072;
405,35;405,35;1;1;3;3;0;0;-6276,82402985226;-2,56869733333588;
405,4;405,4;1;1;3;3;0;0;-6276,15481871866;-2,56290793418884;
405,45;405,45;1;1;3;3;0;0;-6274,99386927714;-2,55917608737946;
405,5;405,5;1;1;3;3;0;0;-6273,80788588539;-2,55503326654434;
405,55;405,55;1;1;3;3;0;0;-6273,24059869198;-2,55210071802139;
405,6;405,6;1;1;3;3;0;0;-6272,78596427456;-2,54808247089386;
405,65;405,65;1;1;3;3;0;0;-6271,80695800697;-2,54560083150864;
405,7;405,7;1;1;3;3;0;0;-6271,19228512207;-2,54014998674393;
405,75;405,75;1;1;3;3;0;0;-6270,21417292412;-2,53484219312668;
405,8;405,8;1;1;3;3;0;0;-6269,23561369136;-2,5335305929184;
405,85;405,85;1;1;3;3;0;0;-6269,01120220902;-2,53191471099854;
405,9;405,9;1;1;3;3;0;0;-6268,78813183115;-2,53113985061646;
405,95;405,95;1;1;3;3;0;0;-6267,72463598156;-2,52304375171661;
406;406;1;1;3;3;0;0;-6265,86988849104;-2,51619279384613;
406,05;406,05;1;1;3;3;0;0;-6264,78001758675;-2,50993818044662;
406,1;406,1;1;1;3;3;0;0;-6263,77553033411;-2,50404387712479;
406,15;406,15;1;1;3;3;0;0;-6262,7714901163;-2,49802261590958;
406,2;406,2;1;1;3;3;0;0;-6261,76700286366;-2,4931912124157;
406,25;406,25;1;1;3;3;0;0;-6260,76296264584;-2,48844459652901;
406,3;406,3;1;1;3;3;0;0;-6259,75892242803;-2,4834069609642;
406,35;406,35;1;1;3;3;0;0;-6258,75443517539;-2,47876971960068;
406,4;406,4;1;1;3;3;0;0;-6257,75039495758;-2,47304484248161;
406,45;406,45;1;1;3;3;0;0;-6256,74590770494;-2,4685363471508;
406,5;406,5;1;1;3;3;0;0;-6255,74186748712;-2,46445670723915;
406,55;406,55;1;1;3;3;0;0;-6254,73782726931;-2,45976135134697;
406,6;406,6;1;1;3;3;0;0;-6253,73825739975;-2,45438471436501;
406,65;406,65;1;1;3;3;0;0;-6252,84552885346;-2,45037734508514;
406,7;406,7;1;1;3;3;0;0;-6251,95324734199;-2,44405284523964;
406,75;406,75;1;1;3;3;0;0;-6251,0605187957;-2,43971705436707;
406,8;406,8;1;1;3;3;0;0;-6250,1677902494;-2,4357870221138;
406,85;406,85;1;1;3;3;0;0;-6249,27506170311;-2,43074595928192;
406,9;406,9;1;1;3;3;0;0;-6248,38233315682;-2,42581531405449;
406,95;406,95;1;1;3;3;0;0;-6246,98937264092;-2,42139145731926;
407;407;1;1;3;3;0;0;-6246,02377741809;-2,41635292768478;
407,05;407,05;1;1;3;3;0;0;-6245,24280757814;-2,4117548763752;
407,1;407,1;1;1;3;3;0;0;-6244,35991379801;-2,40626007318497;
407,15;407,15;1;1;3;3;0;0;-6243,35587358019;-2,40107119083405;
407,2;407,2;1;1;3;3;0;0;-6242,35138632755;-2,39610463380814;
407,25;407,25;1;1;3;3;0;0;-6241,34734610974;-2,3923696577549;
407,3;407,3;1;1;3;3;0;0;-6240,3428588571;-2,38775283098221;
407,35;407,35;1;1;3;3;0;0;-6239,33881863929;-2,38166555762291;
407,4;407,4;1;1;3;3;0;0;-6238,25297104843;-2,37819001078606;
407,45;407,45;1;1;3;3;0;0;-6237,39198197474;-2,37245559692383;
407,5;407,5;1;1;3;3;0;0;-6236,38972989622;-2,36545041203499;
407,55;407,55;1;1;3;3;0;0;-6235,03119106188;-2,36304551362991;
407,6;407,6;1;1;3;3;0;0;-6234,89708061426;-2,36167669296265;
407,65;407,65;1;1;3;3;0;0;-6234,58549734097;-2,35883727669716;
407,7;407,7;1;1;3;3;0;0;-6233,73300192896;-2,35391184687614;
407,75;407,75;1;1;3;3;0;0;-6231,98375465723;-2,34648376703262;
407,8;407,8;1;1;3;3;0;0;-6230,8947778226;-2,34312444925308;
407,85;407,85;1;1;3;3;0;0;-6230,33687836052;-2,33798176050186;
407,9;407,9;1;1;3;3;0;0;-6229,3328381427;-2,33300045132637;
407,95;407,95;1;1;3;3;0;0;-6228,21703921854;-2,32792869210243;
408;408;1;1;3;3;0;0;-6227,10124029438;-2,32368320226669;
408,05;408,05;1;1;3;3;0;0;-6226,14145652428;-2,31817469000816;
408,1;408,1;1;1;3;3;0;0;-6225,35959261468;-2,31344357132912;
408,15;408,15;1;1;3;3;0;0;-6224,50799127233;-2,30937927961349;
408,2;408,2;1;1;3;3;0;0;-6223,61526272603;-2,30435162782669;
408,25;408,25;1;1;3;3;0;0;-6222,72298121457;-2,30027660727501;
408,3;408,3;1;1;3;3;0;0;-6221,83025266827;-2,29587942361832;
408,35;408,35;1;1;3;3;0;0;-6220,93752412198;-2,29062870144844;
408,4;408,4;1;1;3;3;0;0;-6219,55171616329;-2,28525206446648;
408,45;408,45;1;1;3;3;0;0;-6218,51101908979;-2,28116050362587;
408,5;408,5;1;1;3;3;0;0;-6217,84136092136;-2,27626860141754;
408,55;408,55;1;1;3;3;0;0;-6216,81586303193;-2,27193459868431;
408,6;408,6;1;1;3;3;0;0;-6215,69425265504;-2,26673409342766;
408,65;408,65;1;1;3;3;0;0;-6214,80152410875;-2,26144284009933;
408,7;408,7;1;1;3;3;0;0;-6213,90879556246;-2,25768193602562;
408,75;408,75;1;1;3;3;0;0;-6213,01651405099;-2,25244104862213;
408,8;408,8;1;1;3;3;0;0;-6212,1237855047;-2,24859520792961;
408,85;408,85;1;1;3;3;0;0;-6211,12868598339;-2,24380806088448;
408,9;408,9;1;1;3;3;0;0;-6210,12464576558;-2,23986074328423;
408,95;408,95;1;1;3;3;0;0;-6209,12060554776;-2,23380446434021;
409;409;1;1;3;3;0;0;-6208,11611829512;-2,23053425550461;
409,05;409,05;1;1;3;3;0;0;-6207,14739382851;-2,22455561161041;
409,1;409,1;1;1;3;3;0;0;-6206,25466528222;-2,22015380859375;
409,15;409,15;1;1;3;3;0;0;-6205,36193673593;-2,21586480736732;
409,2;409,2;1;1;3;3;0;0;-6204,57917875668;-2,21226945519447;
409,25;409,25;1;1;3;3;0;0;-6203,31585834014;-2,20574826002121;
409,3;409,3;1;1;3;3;0;0;-6202,39630770433;-2,20282465219498;
409,35;409,35;1;1;3;3;0;0;-6201,83840824225;-2,19696506857872;
409,4;409,4;1;1;3;3;0;0;-6200,78877047224;-2,19315648078918;
409,45;409,45;1;1;3;3;0;0;-6199,67297154808;-2,18601569533348;
409,5;409,5;1;1;3;3;0;0;-6198,55717262392;-2,18173921108246;
409,55;409,55;1;1;3;3;0;0;-6197,44137369976;-2,17719420790672;
409,6;409,6;1;1;3;3;0;0;-6196,3255747756;-2,17234328389168;
409,65;409,65;1;1;3;3;0;0;-6195,38635460747;-2,16847836971283;
409,7;409,7;1;1;3;3;0;0;-6194,68003958336;-2,16425105929375;
409,75;409,75;1;1;3;3;0;0;-6194,01082844976;-2,15946480631828;
409,8;409,8;1;1;3;3;0;0;-6193,15520379398;-2,15483173727989;
409,85;409,85;1;1;3;3;0;0;-6191,92764616347;-2,15005919337273;
409,9;409,9;1;1;3;3;0;0;-6191,04207017438;-2,14576900005341;
409,95;409,95;1;1;3;3;0;0;-6190,26110033444;-2,1411170065403;
410;410;1;1;3;3;0;0;-6189,39564091249;-2,1365775167942;
410,05;410,05;1;1;3;3;0;0;-6188,39160069468;-2,13260844349861;
410,1;410,1;1;1;3;3;0;0;-6187,38756047686;-2,12700217962265;
410,15;410,15;1;1;3;3;0;0;-6186,38307322422;-2,12249293923378;
410,2;410,2;1;1;3;3;0;0;-6185,37903300641;-2,11806580424309;
410,25;410,25;1;1;3;3;0;0;-6184,37454575377;-2,1133154630661;
410,3;410,3;1;1;3;3;0;0;-6183,37855216281;-2,10877478122711;
410,35;410,35;1;1;3;3;0;0;-6182,52382157668;-2,10471227765083;
410,4;410,4;1;1;3;3;0;0;-6181,74285173673;-2,09971114993095;
410,45;410,45;1;1;3;3;0;0;-6180,77278616565;-2,09436923265457;
410,5;410,5;1;1;3;3;0;0;-6179,65698724149;-2,09040269255638;
410,55;410,55;1;1;3;3;0;0;-6178,55325825761;-2,08533212542534;
410,6;410,6;1;1;3;3;0;0;-6177,70255098491;-2,0816645026207;
410,65;410,65;1;1;3;3;0;0;-6176,92158114496;-2,07724153995514;
410,7;410,7;1;1;3;3;0;0;-6176,14061130501;-2,07124948501587;
410,75;410,75;1;1;3;3;0;0;-6175,14908806231;-2,06733524799347;
410,8;410,8;1;1;3;3;0;0;-6174,14460080967;-2,06285178661346;
410,85;410,85;1;1;3;3;0;0;-6173,14056059186;-2,0582315325737;
410,9;410,9;1;1;3;3;0;0;-6172,13607333922;-2,05338597297668;
410,95;410,95;1;1;3;3;0;0;-6171,1320331214;-2,04916551709175;
411;411;1;1;3;3;0;0;-6170,12799290359;-2,04371720552444;
411,05;411,05;1;1;3;3;0;0;-6169,12350565095;-2,03938141465187;
411,1;411,1;1;1;3;3;0;0;-6168,314372617;-2,03516408801079;
411,15;411,15;1;1;3;3;0;0;-6167,49808702585;-2,02986240386963;
411,2;411,2;1;1;3;3;0;0;-6166,38228810169;-2,02531173825264;
411,25;411,25;1;1;3;3;0;0;-6165,53873338619;-2,02211827039719;
411,3;411,3;1;1;3;3;0;0;-6164,60621874044;-2,01517254114151;
411,35;411,35;1;1;3;3;0;0;-6163,30713553787;-2,0118635892868;
411,4;411,4;1;1;3;3;0;0;-6162,54538819542;-2,0081502199173;
411,45;411,45;1;1;3;3;0;0;-6161,75547765896;-2,00214117765427;
411,5;411,5;1;1;3;3;0;0;-6160,86274911267;-1,99764266610146;
411,55;411,55;1;1;3;3;0;0;-6159,97002056637;-1,99372202157974;
411,6;411,6;1;1;3;3;0;0;-6159,07729202008;-1,98971062898636;
411,65;411,65;1;1;3;3;0;0;-6158,14835365293;-1,98548063635826;
411,7;411,7;1;1;3;3;0;0;-6157,22433266886;-1,98299705982208;
411,75;411,75;1;1;3;3;0;0;-6156,14161432178;-1,97352737188339;
411,8;411,8;1;1;3;3;0;0;-6154,42947094056;-1,96818515658379;
411,85;411,85;1;1;3;3;0;0;-6153,6905223742;-1,96393206715584;
411,9;411,9;1;1;3;3;0;0;-6153,02086420577;-1,95937737822533;
411,95;411,95;1;1;3;3;0;0;-6152,01280067453;-1,9540473818779;
412;412;1;1;3;3;0;0;-6150,89700175037;-1,95049121975899;
412,05;412,05;1;1;3;3;0;0;-6150,0963623781;-1,94646909832954;
412,1;412,1;1;1;3;3;0;0;-6149,41508130422;-1,94143280386925;
412,15;412,15;1;1;3;3;0;0;-6148,21121651946;-1,93743675947189;
412,2;412,2;1;1;3;3;0;0;-6147,06948957543;-1,93215996026993;
412,25;412,25;1;1;3;3;0;0;-6146,24560439224;-1,92843481898308;
412,3;412,3;1;1;3;3;0;0;-6145,46463455229;-1,92377984523773;
412,35;412,35;1;1;3;3;0;0;-6144,68366471235;-1,91830530762672;
412,4;412,4;1;1;3;3;0;0;-6143,62061589758;-1,91479280591011;
412,45;412,45;1;1;3;3;0;0;-6142,55577894352;-1,91008821129799;
412,5;412,5;1;1;3;3;0;0;-6141,6415927256;-1,90589129924774;
412,55;412,55;1;1;3;3;0;0;-6140,74886417931;-1,90107688307762;
412,6;412,6;1;1;3;3;0;0;-6139,85613563302;-1,89659997820854;
412,65;412,65;1;1;3;3;0;0;-6138,85656576346;-1,89100787043571;
412,7;412,7;1;1;3;3;0;0;-6137,7407668393;-1,88735857605934;
412,75;412,75;1;1;3;3;0;0;-6136,88871846212;-1,88328921794891;
412,8;412,8;1;1;3;3;0;0;-6136,19492041312;-1,87834933400154;
412,85;412,85;1;1;3;3;0;0;-6135,19088019531;-1,87352627515793;
412,9;412,9;1;1;3;3;0;0;-6134,18683997749;-1,86926200985909;
412,95;412,95;1;1;3;3;0;0;-6133,18235272485;-1,86439990997314;
413;413;1;1;3;3;0;0;-6132,17831250704;-1,85947149991989;
413,05;413,05;1;1;3;3;0;0;-6131,25384448814;-1,85468226671219;
413,1;413,1;1;1;3;3;0;0;-6130,36111594185;-1,8504810333252;
413,15;413,15;1;1;3;3;0;0;-6129,46883443038;-1,84621632099152;
413,2;413,2;1;1;3;3;0;0;-6128,57610588409;-1,84020414948463;
413,25;413,25;1;1;3;3;0;0;-6127,39101656199;-1,8365690112114;
413,3;413,3;1;1;3;3;0;0;-6126,42408023469;-1,83178901672363;
413,35;413,35;1;1;3;3;0;0;-6125,75442206626;-1,82772040367126;
413,4;413,4;1;1;3;3;0;0;-6124,841129918;-1,82279825210571;
413,45;413,45;1;1;3;3;0;0;-6123,83708970019;-1,81805074214935;
413,5;413,5;1;1;3;3;0;0;-6122,83260244755;-1,81359931826591;
413,55;413,55;1;1;3;3;0;0;-6121,82856222973;-1,80913046002388;
413,6;413,6;1;1;3;3;0;0;-6120,82452201192;-1,80381804704666;
413,65;413,65;1;1;3;3;0;0;-6119,82003475928;-1,80006071925163;
413,7;413,7;1;1;3;3;0;0;-6118,81599454147;-1,79551869630814;
413,75;413,75;1;1;3;3;0;0;-6117,867386642;-1,79089531302452;
413,8;413,8;1;1;3;3;0;0;-6116,97465809571;-1,78647443652153;
413,85;413,85;1;1;3;3;0;0;-6116,08237658424;-1,78155183792114;
413,9;413,9;1;1;3;3;0;0;-6115,18964803795;-1,77731201052666;
413,95;413,95;1;1;3;3;0;0;-6114,29691949165;-1,77335441112518;
414;414;1;1;3;3;0;0;-6113,40419094536;-1,76797598600388;
414,05;414,05;1;1;3;3;0;0;-6112,51146239907;-1,764275431633;
414,1;414,1;1;1;3;3;0;0;-6111,6191808876;-1,75824955105782;
414,15;414,15;1;1;3;3;0;0;-6110,06931114799;-1,75463154911995;
414,2;414,2;1;1;3;3;0;0;-6109,48369552674;-1,74978241324425;
414,25;414,25;1;1;3;3;0;0;-6108,27893667233;-1,74376249313354;
414,3;414,3;1;1;3;3;0;0;-6107,21991117099;-1,73944368958473;
414,35;414,35;1;1;3;3;0;0;-6106,51493725136;-1,73460349440575;
414,4;414,4;1;1;3;3;0;0;-6105,40360867545;-1,72897815704346;
414,45;414,45;1;1;3;3;0;0;-6104,28780975129;-1,72480493783951;
414,5;414,5;1;1;3;3;0;0;-6103,33607260805;-1,72192856669426;
414,55;414,55;1;1;3;3;0;0;-6102,44155592245;-1,71391561627388;
414,6;414,6;1;1;3;3;0;0;-6100,73432992431;-1,70842155814171;
414,65;414,65;1;1;3;3;0;0;-6100,04857850217;-1,70541793107986;
414,7;414,7;1;1;3;3;0;0;-6099,49023200526;-1,69976741075516;
414,75;414,75;1;1;3;3;0;0;-6098,24389891209;-1,69609814882278;
414,8;414,8;1;1;3;3;0;0;-6097,60821539039;-1,6924175620079;
414,85;414,85;1;1;3;3;0;0;-6097,05031592831;-1,69005766510963;
414,9;414,9;1;1;3;3;0;0;-6096,49241646624;-1,68793529272079;
414,95;414,95;1;1;3;3;0;0;-6095,93451700415;-1,68520197272301;
415;415;1;1;3;3;0;0;-6095,37661754207;-1,68154165148735;
415,05;415,05;1;1;3;3;0;0;-6094,05518259824;-1,67460545897484;
415,1;415,1;1;1;3;3;0;0;-6092,381484212;-1,6687847673893;
415,15;415,15;1;1;3;3;0;0;-6091,5696689691;-1,66418269276619;
415,2;415,2;1;1;3;3;0;0;-6090,64251874125;-1,65986239910126;
415,25;415,25;1;1;3;3;0;0;-6089,41496111075;-1,65350019931793;
415,3;415,3;1;1;3;3;0;0;-6088,39616874369;-1,65053695440292;
415,35;415,35;1;1;3;3;0;0;-6087,77255516228;-1,64505526423454;
415,4;415,4;1;1;3;3;0;0;-6086,73632843704;-1,64107367396355;
415,45;415,45;1;1;3;3;0;0;-6085,56599126418;-1,63599461317062;
415,5;415,5;1;1;3;3;0;0;-6084,67326271789;-1,6313710808754;
415,55;415,55;1;1;3;3;0;0;-6083,78098120642;-1,6268090903759;
415,6;415,6;1;1;3;3;0;0;-6082,88825266013;-1,62216797471046;
415,65;415,65;1;1;3;3;0;0;-6081,99552411384;-1,61741212010384;
415,7;415,7;1;1;3;3;0;0;-6081,02188226415;-1,61163330078125;
415,75;415,75;1;1;3;3;0;0;-6080,01739501151;-1,60854920744896;
415,8;415,8;1;1;3;3;0;0;-6079,0133547937;-1,60347551107407;
415,85;415,85;1;1;3;3;0;0;-6078,07994607829;-1,59869685769081;
415,9;415,9;1;1;3;3;0;0;-6077,187217532;-1,59432381391525;
415,95;415,95;1;1;3;3;0;0;-6076,29493602053;-1,5901292860508;
416;416;1;1;3;3;0;0;-6075,40220747424;-1,58598825335503;
416,05;416,05;1;1;3;3;0;0;-6074,50947892795;-1,58086746931076;
416,1;416,1;1;1;3;3;0;0;-6073,38831558588;-1,57648205757141;
416,15;416,15;1;1;3;3;0;0;-6072,17059272153;-1,57168835401535;
416,2;416,2;1;1;3;3;0;0;-6071,27160568769;-1,56754165887833;
416,25;416,25;1;1;3;3;0;0;-6070,37887714139;-1,56311482191086;
416,3;416,3;1;1;3;3;0;0;-6069,4861485951;-1,55814737081528;
416,35;416,35;1;1;3;3;0;0;-6068,5299411036;-1,55360177159309;
416,4;416,4;1;1;3;3;0;0;-6067,56345181112;-1,54965460300446;
416,45;416,45;1;1;3;3;0;0;-6066,89379364269;-1,54520615935326;
416,5;416,5;1;1;3;3;0;0;-6065,67383560422;-1,53930082917213;
416,55;416,55;1;1;3;3;0;0;-6064,76009642113;-1,53537854552269;
416,6;416,6;1;1;3;3;0;0;-6064,1659871382;-1,53085440397263;
416,65;416,65;1;1;3;3;0;0;-6062,61298815481;-1,52526944875717;
416,7;416,7;1;1;3;3;0;0;-6061,5280346336;-1,52101367712021;
416,75;416,75;1;1;3;3;0;0;-6060,74661775883;-1,51598915457726;
416,8;416,8;1;1;3;3;0;0;-6059,96564791888;-1,51109591126442;
416,85;416,85;1;1;3;3;0;0;-6058,96339584037;-1,50773778557777;
416,9;416,9;1;1;3;3;0;0;-6057,84759691621;-1,50354415178299;
416,95;416,95;1;1;3;3;0;0;-6057,00761847931;-1,49821996688843;
417;417;1;1;3;3;0;0;-6056,22664863937;-1,49499326944351;
417,05;417,05;1;1;3;3;0;0;-6055,44523176459;-1,4901165664196;
417,1;417,1;1;1;3;3;0;0;-6054,06434118898;-1,48475751280785;
417,15;417,15;1;1;3;3;0;0;-6053,09248747859;-1,48067578673363;
417,2;417,2;1;1;3;3;0;0;-6052,31151763865;-1,47640824317932;
417,25;417,25;1;1;3;3;0;0;-6051,53010076387;-1,47370517253876;
417,3;417,3;1;1;3;3;0;0;-6050,74913092393;-1,46815568208694;
417,35;417,35;1;1;3;3;0;0;-6049,6990461191;-1,46313056349754;
417,4;417,4;1;1;3;3;0;0;-6048,40577436926;-1,45897880196571;
417,45;417,45;1;1;3;3;0;0;-6047,73611620084;-1,45454987883568;
417,5;417,5;1;1;3;3;0;0;-6046,30694586408;-1,44519448280334;
417,55;417,55;1;1;3;3;0;0;-6045,37085493973;-1,44309237599373;
417,6;417,6;1;1;3;3;0;0;-6044,64174113952;-1,43923789262772;
417,65;417,65;1;1;3;3;0;0;-6043,92827355821;-1,43698021769524;
417,7;417,7;1;1;3;3;0;0;-6043,51521337955;-1,43358662724495;
417,75;417,75;1;1;3;3;0;0;-6041,82408063513;-1,42721265554428;
417,8;417,8;1;1;3;3;0;0;-6041,22818321289;-1,42321899533272;
417,85;417,85;1;1;3;3;0;0;-6040,33590170142;-1,41905248165131;
417,9;417,9;1;1;3;3;0;0;-6039,11817883707;-1,41320034861565;
417,95;417,95;1;1;3;3;0;0;-6038,3367619623;-1,40882655978203;
418;418;1;1;3;3;0;0;-6037,46012666972;-1,40444025397301;
418,05;418,05;1;1;3;3;0;0;-6036,34432774556;-1,40014544129372;
418,1;418,1;1;1;3;3;0;0;-6035,28038486114;-1,39541000127792;
418,15;418,15;1;1;3;3;0;0;-6034,27589760851;-1,39063581824303;
418,2;418,2;1;1;3;3;0;0;-6033,27185739069;-1,38597831130028;
418,25;418,25;1;1;3;3;0;0;-6032,26781717288;-1,38167575001717;
418,3;418,3;1;1;3;3;0;0;-6031,66074388;-1,37643560767174;
418,35;418,35;1;1;3;3;0;0;-6030,47610159274;-1,37218594551086;
418,4;418,4;1;1;3;3;0;0;-6029,55833909622;-1,36858001351357;
418,45;418,45;1;1;3;3;0;0;-6028,77736925628;-1,3645513355732;
418,5;418,5;1;1;3;3;0;0;-6027,99639941633;-1,35916978120804;
418,55;418,55;1;1;3;3;0;0;-6026,91189292994;-1,35462194681168;
418,6;418,6;1;1;3;3;0;0;-6025,79609400578;-1,35075390338898;
418,65;418,65;1;1;3;3;0;0;-6024,68029508162;-1,34525150060654;
418,7;418,7;1;1;3;3;0;0;-6023,62261068476;-1,34126767516136;
418,75;418,75;1;1;3;3;0;0;-6022,7902318399;-1,33692190051079;
418,8;418,8;1;1;3;3;0;0;-6022,00926199995;-1,3324598968029;
418,85;418,85;1;1;3;3;0;0;-6021,21041076699;-1,32662743330002;
418,9;418,9;1;1;3;3;0;0;-6020,00878115636;-1,32281869649887;
418,95;418,95;1;1;3;3;0;0;-6019,11605261006;-1,31927758455276;
419;419;1;1;3;3;0;0;-6018,22332406377;-1,3139845430851;
419,05;419,05;1;1;3;3;0;0;-6017,33059551748;-1,30917072296143;
419,1;419,1;1;1;3;3;0;0;-6016,41372709061;-1,30419567227364;
419,15;419,15;1;1;3;3;0;0;-6014,8549166545;-1,2990315258503;
419,2;419,2;1;1;3;3;0;0;-6013,95458851617;-1,29202678799629;
419,25;419,25;1;1;3;3;0;0;-6012,75117076624;-1,2887778878212;
419,3;419,3;1;1;3;3;0;0;-6012,15795555295;-1,28344610333443;
419,35;419,35;1;1;3;3;0;0;-6010,84948461905;-1,27978578209877;
419,4;419,4;1;1;3;3;0;0;-6010,13557000291;-1,27499029040337;
419,45;419,45;1;1;3;3;0;0;-6009,31749627246;-1,27147004008293;
419,5;419,5;1;1;3;3;0;0;-6008,31435012429;-1,2689109146595;
419,55;419,55;1;1;3;3;0;0;-6007,47705389635;-1,26076340675354;
419,6;419,6;1;1;3;3;0;0;-6006,02642588798;-1,25451549887657;
419,65;419,65;1;1;3;3;0;0;-6004,95935375978;-1,25221520662308;
419,7;419,7;1;1;3;3;0;0;-6004,13278636765;-1,24537445604801;
419,75;419,75;1;1;3;3;0;0;-6003,2637506671;-1,24348357319832;
419,8;419,8;1;1;3;3;0;0;-6002,659806618;-1,23949013650417;
419,85;419,85;1;1;3;3;0;0;-6001,54400769384;-1,23557224869728;
419,9;419,9;1;1;3;3;0;0;-6000,71565216241;-1,23339280486107;
419,95;419,95;1;1;3;3;0;0;-6000,44519609305;-1,22881829738617;
420;420;1;1;3;3;0;0;-5998,88549158728;-1,22233107686043;
420,05;420,05;1;1;3;3;0;0;-5997,99902152854;-1,2186811119318;
420,1;420,1;1;1;3;3;0;0;-5997,44112206646;-1,21628195047379;
420,15;420,15;1;1;3;3;0;0;-5996,79336860448;-1,21228709816933;
420,2;420,2;1;1;3;3;0;0;-5995,61587887442;-1,20564840734005;
420,25;420,25;1;1;3;3;0;0;-5994,29712613953;-1,20306052267551;
420,3;420,3;1;1;3;3;0;0;-5993,96229705532;-1,20132856070995;
420,35;420,35;1;1;3;3;0;0;-5993,62746797111;-1,1993233859539;
420,4;420,4;1;1;3;3;0;0;-5992,74725639993;-1,19631551206112;
420,45;420,45;1;1;3;3;0;0;-5992,18488658959;-1,19463071227074;
420,5;420,5;1;1;3;3;0;0;-5990,97297517797;-1,18601016700268;
420,55;420,55;1;1;3;3;0;0;-5989,29927679173;-1,1793264746666;
420,6;420,6;1;1;3;3;0;0;-5988,23801611627;-1,17297798395157;
420,65;420,65;1;1;3;3;0;0;-5987,34528756998;-1,16793215274811;
420,7;420,7;1;1;3;3;0;0;-5986,45255902368;-1,16362519562244;
420,75;420,75;1;1;3;3;0;0;-5985,55983047739;-1,1586731672287;
420,8;420,8;1;1;3;3;0;0;-5983,77884373306;-1,15270175039768;
420,85;420,85;1;1;3;3;0;0;-5983,09756265917;-1,14983104169369;
420,9;420,9;1;1;3;3;0;0;-5982,39437687884;-1,14300452172756;
420,95;420,95;1;1;3;3;0;0;-5981,21599307913;-1,14049106836319;
421;421;1;1;3;3;0;0;-5980,58746211464;-1,1352913826704;
421,05;421,05;1;1;3;3;0;0;-5979,36035151896;-1,13082483410835;
421,1;421,1;1;1;3;3;0;0;-5978,16945074413;-1,12577438354492;
421,15;421,15;1;1;3;3;0;0;-5977,38579869523;-1,12084344029427;
421,2;421,2;1;1;3;3;0;0;-5976,47071840767;-1,11711345613003;
421,25;421,25;1;1;3;3;0;0;-5975,40007000088;-1,11199781298637;
421,3;421,3;1;1;3;3;0;0;-5974,39602978306;-1,10669486224651;
421,35;421,35;1;1;3;3;0;0;-5973,39154253042;-1,10319659113884;
421,4;421,4;1;1;3;3;0;0;-5972,38750231261;-1,09735049307346;
421,45;421,45;1;1;3;3;0;0;-5971,38301505997;-1,09297029674053;
421,5;421,5;1;1;3;3;0;0;-5970,37897484216;-1,08691908419132;
421,55;421,55;1;1;3;3;0;0;-5969,37493462434;-1,08371712267399;
421,6;421,6;1;1;3;3;0;0;-5968,3704473717;-1,0771431773901;
421,65;421,65;1;1;3;3;0;0;-5967,36640715389;-1,07373744249344;
421,7;421,7;1;1;3;3;0;0;-5966,36191990125;-1,06949351727962;
421,75;421,75;1;1;3;3;0;0;-5965,35787968343;-1,06384418904781;
421,8;421,8;1;1;3;3;0;0;-5964,35383946562;-1,06013663113117;
421,85;421,85;1;1;3;3;0;0;-5963,34935221298;-1,05561278760433;
421,9;421,9;1;1;3;3;0;0;-5962,34531199517;-1,05158127844334;
421,95;421,95;1;1;3;3;0;0;-5961,37837566786;-1,0458368062973;
422;422;1;1;3;3;0;0;-5960,48564712157;-1,04243002831936;
422,05;422,05;1;1;3;3;0;0;-5959,5933656101;-1,0381306707859;
422,1;422,1;1;1;3;3;0;0;-5958,70063706381;-1,03345938026905;
422,15;422,15;1;1;3;3;0;0;-5957,80254409961;-1,02817200124264;
422,2;422,2;1;1;3;3;0;0;-5956,57945681736;-1,02481193840504;
422,25;422,25;1;1;3;3;0;0;-5955,81994464903;-1,0210544615984;
422,3;422,3;1;1;3;3;0;0;-5954,97638993353;-1,01487196981907;
422,35;422,35;1;1;3;3;0;0;-5953,70099957671;-1,01013794541359;
422,4;422,4;1;1;3;3;0;0;-5952,69651232407;-1,00662961602211;
422,45;422,45;1;1;3;3;0;0;-5952,03043043424;-1,00234054028988;
422,5;422,5;1;1;3;3;0;0;-5951,26644791766;-0,997511148452759;
422,55;422,55;1;1;3;3;0;0;-5950,1506489935;-0,993935167789459;
422,6;422,6;1;1;3;3;0;0;-5949,03485006934;-0,988493263721466;
422,65;422,65;1;1;3;3;0;0;-5947,91905114518;-0,98421074450016;
422,7;422,7;1;1;3;3;0;0;-5947,3839504592;-0,981783643364906;
422,75;422,75;1;1;3;3;0;0;-5947,04912137498;-0,978749915957451;
422,8;422,8;1;1;3;3;0;0;-5945,90515925682;-0,972864478826523;
422,85;422,85;1;1;3;3;0;0;-5944,75136237251;-0,970910862088203;
422,9;422,9;1;1;3;3;0;0;-5944,41653328829;-0,967736318707466;
422,95;422,95;1;1;3;3;0;0;-5943,89663178637;-0,963987037539482;
423;423;1;1;3;3;0;0;-5943,00390324008;-0,961485654115677;
423,05;423,05;1;1;3;3;0;0;-5942,11117469379;-0,958454459905624;
423,1;423,1;1;1;3;3;0;0;-5941,21889318232;-0,952438712120056;
423,15;423,15;1;1;3;3;0;0;-5940,32616463602;-0,949083417654037;
423,2;423,2;1;1;3;3;0;0;-5939,43433015938;-0,945796966552734;
423,25;423,25;1;1;3;3;0;0;-5938,7548372248;-0,942448750138283;
423,3;423,3;1;1;3;3;0;0;-5938,08517905637;-0,939370393753052;
423,35;423,35;1;1;3;3;0;0;-5937,41552088794;-0,938418880105019;
423,4;423,4;1;1;3;3;0;0;-5936,53754449089;-0,930451676249504;
423,45;423,45;1;1;3;3;0;0;-5934,66536264218;-0,923330783843994;
423,5;423,5;1;1;3;3;0;0;-5933,36315019583;-0,916303768754005;
423,55;423,55;1;1;3;3;0;0;-5932,13559256533;-0,910783931612968;
423,6;423,6;1;1;3;3;0;0;-5931,26610982995;-0,906220152974129;
423,65;423,65;1;1;3;3;0;0;-5930,4426716816;-0,900528132915497;
423,7;423,7;1;1;3;3;0;0;-5928,83066410126;-0,895598828792572;
423,75;423,75;1;1;3;3;0;0;-5927,8945731769;-0,888409167528152;
423,8;423,8;1;1;3;3;0;0;-5926,77877425274;-0,882973819971085;
423,85;423,85;1;1;3;3;0;0;-5925,66297532858;-0,880046933889389;
423,9;423,9;1;1;3;3;0;0;-5924,59947947899;-0,874249860644341;
423,95;423,95;1;1;3;3;0;0;-5923,59543926118;-0,869392156600952;
424;424;1;1;3;3;0;0;-5922,68348821739;-0,865513756871223;
424,05;424,05;1;1;3;3;0;0;-5921,88418994961;-0,860847532749176;
424,1;424,1;1;1;3;3;0;0;-5920,54532064758;-0,856361389160156;
424,15;424,15;1;1;3;3;0;0;-5919,72188249922;-0,852399840950966;
424,2;424,2;1;1;3;3;0;0;-5919,05222433079;-0,847545638680458;
424,25;424,25;1;1;3;3;0;0;-5918,09556980447;-0,84221675992012;
424,3;424,3;1;1;3;3;0;0;-5916,86801217397;-0,83920881152153;
424,35;424,35;1;1;3;3;0;0;-5915,66370035438;-0,832992047071457;
424,4;424,4;1;1;3;3;0;0;-5914,68692926091;-0,829383805394173;
424,45;424,45;1;1;3;3;0;0;-5913,89344244586;-0,825047418475151;
424,5;424,5;1;1;3;3;0;0;-5913,11247260591;-0,821074023842812;
424,55;424,55;1;1;3;3;0;0;-5912,33105573114;-0,816687792539597;
424,6;424,6;1;1;3;3;0;0;-5911,01856148381;-0,812014564871788;
424,65;424,65;1;1;3;3;0;0;-5910,12091555444;-0,808189660310745;
424,7;424,7;1;1;3;3;0;0;-5909,45170442083;-0,803530588746071;
424,75;424,75;1;1;3;3;0;0;-5908,46956890947;-0,79979807138443;
424,8;424,8;1;1;3;3;0;0;-5907,3537699853;-0,793245136737823;
424,85;424,85;1;1;3;3;0;0;-5906,29653262327;-0,791065022349358;
424,9;424,9;1;1;3;3;0;0;-5905,62732148967;-0,786032825708389;
424,95;424,95;1;1;3;3;0;0;-5904,60048249576;-0,782396793365479;
425;425;1;1;3;3;0;0;-5903,4846835716;-0,776562169194222;
425,05;425,05;1;1;3;3;0;0;-5902,38855417976;-0,773228630423546;
425,1;425,1;1;1;3;3;0;0;-5901,7130845586;-0,769569873809814;
425,15;425,15;1;1;3;3;0;0;-5901,04342639018;-0,765513479709625;
425,2;425,2;1;1;3;3;0;0;-5900,31431258997;-0,762263163924217;
425,25;425,25;1;1;3;3;0;0;-5899,5328957152;-0,758001133799553;
425,3;425,3;1;1;3;3;0;0;-5898,75192587525;-0,754899084568024;
425,35;425,35;1;1;3;3;0;0;-5897,97095603531;-0,751294791698456;
425,4;425,4;1;1;3;3;0;0;-5897,18998619536;-0,74823871254921;
425,45;425,45;1;1;3;3;0;0;-5896,40901635541;-0,744826048612595;
425,5;425,5;1;1;3;3;0;0;-5895,45146775944;-0,738890692591667;
425,55;425,55;1;1;3;3;0;0;-5893,96060661678;-0,731842517852783;
425,6;425,6;1;1;3;3;0;0;-5892,46348698657;-0,728524550795555;
425,65;425,65;1;1;3;3;0;0;-5892,2404166087;-0,727682784199715;
425,7;425,7;1;1;3;3;0;0;-5892,01689919601;-0,726678669452667;
425,75;425,75;1;1;3;3;0;0;-5891,61769709694;-0,722887963056564;
425,8;425,8;1;1;3;3;0;0;-5890,72496855065;-0,720836222171783;
425,85;425,85;1;1;3;3;0;0;-5890,19165600396;-0,720444768667221;
425,9;425,9;1;1;3;3;0;0;-5890,07989729762;-0,717855170369148;
425,95;425,95;1;1;3;3;0;0;-5888,44822018496;-0,707622915506363;
426;426;1;1;3;3;0;0;-5886,21662233664;-0,69822296500206;
426,05;426,05;1;1;3;3;0;0;-5884,75124217903;-0,690086036920547;
426,1;426,1;1;1;3;3;0;0;-5883,46020560332;-0,685944333672524;
426,15;426,15;1;1;3;3;0;0;-5882,6515196042;-0,679733827710152;
426,2;426,2;1;1;3;3;0;0;-5881,43245563538;-0,674526691436768;
426,25;426,25;1;1;3;3;0;0;-5880,2053450397;-0,668773055076599;
426,3;426,3;1;1;3;3;0;0;-5879,06182995636;-0,665103793144226;
426,35;426,35;1;1;3;3;0;0;-5878,13825600712;-0,660190805792809;
426,4;426,4;1;1;3;3;0;0;-5877,24552746083;-0,655810907483101;
426,45;426,45;1;1;3;3;0;0;-5875,6478249949;-0,646819397807121;
426,5;426,5;1;1;3;3;0;0;-5874,93838072702;-0,647005066275597;
426,55;426,55;1;1;3;3;0;0;-5874,28436877748;-0,641400218009949;
426,6;426,6;1;1;3;3;0;0;-5873,13906555484;-0,638276487588882;
426,65;426,65;1;1;3;3;0;0;-5872,34468467013;-0,632635429501534;
426,7;426,7;1;1;3;3;0;0;-5871,3755131687;-0,629369765520096;
426,75;426,75;1;1;3;3;0;0;-5870,71256052265;-0,624183006584644;
426,8;426,8;1;1;3;3;0;0;-5869,37369122063;-0,619995482265949;
426,85;426,85;1;1;3;3;0;0;-5868,34282891329;-0,615864507853985;
426,9;426,9;1;1;3;3;0;0;-5867,49346274506;-0,60963649302721;
426,95;426,95;1;1;3;3;0;0;-5866,51222130334;-0,607899203896523;
427;427;1;1;3;3;0;0;-5865,87474964234;-0,603162124752998;
427,05;427,05;1;1;3;3;0;0;-5864,64763904666;-0,597540065646172;
427,1;427,1;1;1;3;3;0;0;-5863,4473505405;-0,59388093650341;
427,15;427,15;1;1;3;3;0;0;-5862,77009278005;-0,588819086551666;
427,2;427,2;1;1;3;3;0;0;-5862,00387508934;-0,585942678153515;
427,25;427,25;1;1;3;3;0;0;-5861,11114654304;-0,581118762493134;
427,3;427,3;1;1;3;3;0;0;-5860,21886503158;-0,576682910323143;
427,35;427,35;1;1;3;3;0;0;-5859,32613648528;-0,573628842830658;
427,4;427,4;1;1;3;3;0;0;-5858,20944349147;-0,568579882383347;
427,45;427,45;1;1;3;3;0;0;-5856,98188586097;-0,564666874706745;
427,5;427,5;1;1;3;3;0;0;-5856,40342279692;-0,562244579195976;
427,55;427,55;1;1;3;3;0;0;-5855,81154868811;-0,557398088276386;
427,6;427,6;1;1;3;3;0;0;-5854,50084258008;-0,553399659693241;
427,65;427,65;1;1;3;3;0;0;-5853,76368215302;-0,551375634968281;
427,7;427,7;1;1;3;3;0;0;-5853,0940239846;-0,546788349747658;
427,75;427,75;1;1;3;3;0;0;-5852,424812851;-0,545545853674412;
427,8;427,8;1;1;3;3;0;0;-5851,91206390628;-0,542499497532845;
427,85;427,85;1;1;3;3;0;0;-5851,46592315055;-0,540577881038189;
427,9;427,9;1;1;3;3;0;0;-5851,01978239481;-0,538798905909061;
427,95;427,95;1;1;3;3;0;0;-5850,57319460425;-0,536507554352283;
428;428;1;1;3;3;0;0;-5850,12705384852;-0,534782744944096;
428,05;428,05;1;1;3;3;0;0;-5848,58076038751;-0,526012293994427;
428,1;428,1;1;1;3;3;0;0;-5846,57267995189;-0,517651811242104;
428,15;428,15;1;1;3;3;0;0;-5845,19536565488;-0,511422492563725;
428,2;428,2;1;1;3;3;0;0;-5843,96780802437;-0,503864474594593;
428,25;428,25;1;1;3;3;0;0;-5842,92845205535;-0,498150773346424;
428,3;428,3;1;1;3;3;0;0;-5841,68301303183;-0,494213551282883;
428,35;428,35;1;1;3;3;0;0;-5841,01380189823;-0,489335246384144;
428,4;428,4;1;1;3;3;0;0;-5839,65839230766;-0,482356213033199;
428,45;428,45;1;1;3;3;0;0;-5838,20821133411;-0,477896258234978;
428,5;428,5;1;1;3;3;0;0;-5837,1724316437;-0,473571084439754;
428,55;428,55;1;1;3;3;0;0;-5836,28015013223;-0,468478947877884;
428,6;428,6;1;1;3;3;0;0;-5835,38742158594;-0,465402007102966;
428,65;428,65;1;1;3;3;0;0;-5834,49469303964;-0,459844134747982;
428,7;428,7;1;1;3;3;0;0;-5833,42538573732;-0,455582924187183;
428,75;428,75;1;1;3;3;0;0;-5832,30958681316;-0,451426841318607;
428,8;428,8;1;1;3;3;0;0;-5831,32163984906;-0,448131822049618;
428,85;428,85;1;1;3;3;0;0;-5830,64929947169;-0,442627780139446;
428,9;428,9;1;1;3;3;0;0;-5829,76685272638;-0,438595823943615;
428,95;428,95;1;1;3;3;0;0;-5828,87412418008;-0,434773527085781;
429;429;1;1;3;3;0;0;-5827,40472070904;-0,428750813007355;
429,05;429,05;1;1;3;3;0;0;-5826,37207026241;-0,42524229735136;
429,1;429,1;1;1;3;3;0;0;-5825,67916628306;-0,420152731239796;
429,15;429,15;1;1;3;3;0;0;-5825,00950811463;-0,417826063930988;
429,2;429,2;1;1;3;3;0;0;-5824,31302785668;-0,413752570748329;
429,25;429,25;1;1;3;3;0;0;-5822,66391638584;-0,408097915351391;
429,3;429,3;1;1;3;3;0;0;-5821,71173220777;-0,402942076325417;
429,35;429,35;1;1;3;3;0;0;-5820,81900366148;-0,399021133780479;
429,4;429,4;1;1;3;3;0;0;-5819,92627511518;-0,396852567791939;
429,45;429,45;1;1;3;3;0;0;-5819,31562554371;-0,391696766018867;
429,5;429,5;1;1;3;3;0;0;-5818,19982661955;-0,386701226234436;
429,55;429,55;1;1;3;3;0;0;-5817,08402769539;-0,381671749055386;
429,6;429,6;1;1;3;3;0;0;-5815,96867580605;-0,377149060368538;
429,65;429,65;1;1;3;3;0;0;-5815,2051403243;-0,375419557094574;
429,7;429,7;1;1;3;3;0;0;-5814,75899956856;-0,371981933712959;
429,75;429,75;1;1;3;3;0;0;-5814,312411778;-0,371711812913418;
429,8;429,8;1;1;3;3;0;0;-5813,86627102227;-0,370088070631027;
429,85;429,85;1;1;3;3;0;0;-5813,42013026654;-0,367986001074314;
429,9;429,9;1;1;3;3;0;0;-5812,8206565657;-0,36482535302639;
429,95;429,95;1;1;3;3;0;0;-5811,89529447715;-0,364356338977814;
430;430;1;1;3;3;0;0;-5811,62170916401;-0,363235995173454;
430,05;430,05;1;1;3;3;0;0;-5810,9645679707;-0,35603791475296;
430,1;430,1;1;1;3;3;0;0;-5808,78035581387;-0,346074812114239;
430,15;430,15;1;1;3;3;0;0;-5807,3596791388;-0,340532884001732;
430,2;430,2;1;1;3;3;0;0;-5806,35563892098;-0,334226712584496;
430,25;430,25;1;1;3;3;0;0;-5805,35159870317;-0,328581258654594;
430,3;430,3;1;1;3;3;0;0;-5804,09230160006;-0,32454963773489;
430,35;430,35;1;1;3;3;0;0;-5802,78248956169;-0,319268740713596;
430,4;430,4;1;1;3;3;0;0;-5801,83164648809;-0,314281955361366;
430,45;430,45;1;1;3;3;0;0;-5800,9389179418;-0,309704784303904;
430,5;430,5;1;1;3;3;0;0;-5799,61167154523;-0,304407980293036;
430,55;430,55;1;1;3;3;0;0;-5798,677815795;-0,298875421285629;
430,6;430,6;1;1;3;3;0;0;-5797,76407661192;-0,294095352292061;
430,65;430,65;1;1;3;3;0;0;-5796,64827768776;-0,289768781512976;
430,7;430,7;1;1;3;3;0;0;-5795,5324787636;-0,284607484936714;
430,75;430,75;1;1;3;3;0;0;-5794,42293832699;-0,280218496918678;
430,8;430,8;1;1;3;3;0;0;-5793,63258075571;-0,276243984699249;
430,85;430,85;1;1;3;3;0;0;-5792,82970620932;-0,271229520440102;
430,9;430,9;1;1;3;3;0;0;-5791,80823163332;-0,26696814224124;
430,95;430,95;1;1;3;3;0;0;-5790,69243270916;-0,262367464601994;
431;431;1;1;3;3;0;0;-5789,576633785;-0,258432235568762;
431,05;431,05;1;1;3;3;0;0;-5788,58376943782;-0,254477299749851;
431,1;431,1;1;1;3;3;0;0;-5787,69104089152;-0,249879583716393;
431,15;431,15;1;1;3;3;0;0;-5786,79831234523;-0,245917290449142;
431,2;431,2;1;1;3;3;0;0;-5785,90558379894;-0,241926610469818;
431,25;431,25;1;1;3;3;0;0;-5785,01330228747;-0,237684268504381;
431,3;431,3;1;1;3;3;0;0;-5784,04055450743;-0,233389623463154;
431,35;431,35;1;1;3;3;0;0;-5783,03651428962;-0,229720734059811;
431,4;431,4;1;1;3;3;0;0;-5782,03202703698;-0,226604621857405;
431,45;431,45;1;1;3;3;0;0;-5781,11605267977;-0,222887769341469;
431,5;431,5;1;1;3;3;0;0;-5780,40079695915;-0,218851957470179;
431,55;431,55;1;1;3;3;0;0;-5779,73158582555;-0,216226652264595;
431,6;431,6;1;1;3;3;0;0;-5779,06192765713;-0,213194955140352;
431,65;431,65;1;1;3;3;0;0;-5778,3922694887;-0,210013687610626;
431,7;431,7;1;1;3;3;0;0;-5777,71545876307;-0,20644798874855;
431,75;431,75;1;1;3;3;0;0;-5776,93448892312;-0,205724630504847;
431,8;431,8;1;1;3;3;0;0;-5776,15351908317;-0,201345384120941;
431,85;431,85;1;1;3;3;0;0;-5775,39355988002;-0,199598073959351;
431,9;431,9;1;1;3;3;0;0;-5774,94518395016;-0,195112768560648;
431,95;431,95;1;1;3;3;0;0;-5773,52182506613;-0,187210589647293;
432;432;1;1;3;3;0;0;-5771,84812667989;-0,180138647556305;
432,05;432,05;1;1;3;3;0;0;-5770,60268765637;-0,175177045166492;
432,1;432,1;1;1;3;3;0;0;-5769,70191248322;-0,171940885484219;
432,15;432,15;1;1;3;3;0;0;-5768,80918393693;-0,166157949715853;
432,2;432,2;1;1;3;3;0;0;-5767,91645539064;-0,162508301436901;
432,25;432,25;1;1;3;3;0;0;-5766,81272640676;-0,156737677752972;
432,3;432,3;1;1;3;3;0;0;-5765,6969274826;-0,153656406328082;
432,35;432,35;1;1;3;3;0;0;-5764,89718217999;-0,14926646836102;
432,4;432,4;1;1;3;3;0;0;-5763,97092602179;-0,144185638055205;
432,45;432,45;1;1;3;3;0;0;-5762,66469026202;-0,139827476814389;
432,5;432,5;1;1;3;3;0;0;-5761,85689833255;-0,135955223813653;
432,55;432,55;1;1;3;3;0;0;-5761,08308104981;-0,132523803040385;
432,6;432,6;1;1;3;3;0;0;-5759,96728212565;-0,127650368958712;
432,65;432,65;1;1;3;3;0;0;-5758,85148320149;-0,12307345867157;
432,7;432,7;1;1;3;3;0;0;-5757,73568427733;-0,117412758991122;
432,75;432,75;1;1;3;3;0;0;-5756,61988535317;-0,113283544778824;
432,8;432,8;1;1;3;3;0;0;-5755,68290035916;-0,109666660428047;
432,85;432,85;1;1;3;3;0;0;-5754,82861680785;-0,104303201660514;
432,9;432,9;1;1;3;3;0;0;-5753,60105917734;-0,098899956792593;
432,95;432,95;1;1;3;3;0;0;-5752,62428808388;-0,0953173078596592;
433;433;1;1;3;3;0;0;-5751,73155953759;-0,0907592568546534;
433,05;433,05;1;1;3;3;0;0;-5750,83883099129;-0,0869761034846306;
433,1;433,1;1;1;3;3;0;0;-5749,74761898253;-0,0818767584860325;
433,15;433,15;1;1;3;3;0;0;-5748,69306382945;-0,0783773604780436;
433,2;433,2;1;1;3;3;0;0;-5748,02385269585;-0,0741023756563663;
433,25;433,25;1;1;3;3;0;0;-5747,15436996047;-0,0699572637677193;
433,3;433,3;1;1;3;3;0;0;-5745,68720166356;-0,065124467946589;
433,35;433,35;1;1;3;3;0;0;-5744,58123750556;-0,0615772698074579;
433,4;433,4;1;1;3;3;0;0;-5744,02333804348;-0,0585369067266583;
433,45;433,45;1;1;3;3;0;0;-5743,57719728775;-0,0554458936676383;
433,5;433,5;1;1;3;3;0;0;-5743,00007532817;-0,0536223920062184;
433,55;433,55;1;1;3;3;0;0;-5742,2186584534;-0,0494063971564174;
433,6;433,6;1;1;3;3;0;0;-5741,43768861346;-0,0468717142939568;
433,65;433,65;1;1;3;3;0;0;-5740,53691344031;-0,0424416596069932;
433,7;433,7;1;1;3;3;0;0;-5739,05275782003;-0,0380531745031476;
433,75;433,75;1;1;3;3;0;0;-5738,53687963153;-0,0369680766016245;
433,8;433,8;1;1;3;3;0;0;-5738,20205054732;-0,0357318250462413;
433,85;433,85;1;1;3;3;0;0;-5737,48768889636;-0,0290633132681251;
433,9;433,9;1;1;3;3;0;0;-5735,60120193323;-0,0234873639419675;
433,95;433,95;1;1;3;3;0;0;-5734,81576174503;-0,0181885622441769;
434;434;1;1;3;3;0;0;-5733,78579350735;-0,0125165609642863;
434,05;434,05;1;1;3;3;0;0;-5732,33516549897;-0,00838113483041525;
434,1;434,1;1;1;3;3;0;0;-5731,39058091294;-0,00205046497285366;
434,15;434,15;1;1;3;3;0;0;-5730,49785236664;0,00016059260815382;
434,2;434,2;1;1;3;3;0;0;-5729,94039993939;0,00366046093404293;
434,25;434,25;1;1;3;3;0;0;-5729,00609715433;0,00905144494026899;
434,3;434,3;1;1;3;3;0;0;-5727,77853952383;0,0132032716646791;
434,35;434,35;1;1;3;3;0;0;-5726,68956268919;0,0173296872526407;
434,4;434,4;1;1;3;3;0;0;-5725,85763087915;0,021973242983222;
434,45;434,45;1;1;3;3;0;0;-5724,63052028347;0,025380477309227;
434,5;434,5;1;1;3;3;0;0;-5723,59786983683;0,0298731215298176;
434,55;434,55;1;1;3;3;0;0;-5722,6376390319;0,033504655584693;
434,6;434,6;1;1;3;3;0;0;-5721,83029413726;0,0396914873272181;
434,65;434,65;1;1;3;3;0;0;-5721,04887726249;0,0424177618697286;
434,7;434,7;1;1;3;3;0;0;-5720,25807265638;0,046708732843399;
434,75;434,75;1;1;3;3;0;0;-5719,03453833931;0,0501296250149608;
434,8;434,8;1;1;3;3;0;0;-5717,8069807088;0,0552065297961235;
434,85;434,85;1;1;3;3;0;0;-5716,9598497147;0,0583373382687569;
434,9;434,9;1;1;3;3;0;0;-5716,27901567563;0,0641078082844615;
434,95;434,95;1;1;3;3;0;0;-5714,86996190602;0,0682327710092068;
435;435;1;1;3;3;0;0;-5714,01433725024;0,0731951231136918;
435,05;435,05;1;1;3;3;0;0;-5712,90479681363;0,0768812373280525;
435,1;435,1;1;1;3;3;0;0;-5711,86231160083;0,0820725224912167;
435,15;435,15;1;1;3;3;0;0;-5711,1537614026;0,0863795820623636;
435,2;435,2;1;1;3;3;0;0;-5709,74202542404;0,090987840667367;
435,25;435,25;1;1;3;3;0;0;-5708,58465226111;0,0965367071330547;
435,3;435,3;1;1;3;3;0;0;-5707,69192371482;0,0986085180193186;
435,35;435,35;1;1;3;3;0;0;-5707,03835880011;0,10214158333838;
435,4;435,4;1;1;3;3;0;0;-5705,87875046306;0,107815088704228;
435,45;435,45;1;1;3;3;0;0;-5704,67086236487;0,111045129597187;
435,5;435,5;1;1;3;3;0;0;-5704,44198053428;0,114613985642791;
435,55;435,55;1;1;3;3;0;0;-5703,39770718218;0,119306473061442;
435,6;435,6;1;1;3;3;0;0;-5702,17014955167;0,12403073720634;
435,65;435,65;1;1;3;3;0;0;-5701,09368969214;0,126532316207886;
435,7;435,7;1;1;3;3;0;0;-5700,53579023006;0,130826188251376;
435,75;435,75;1;1;3;3;0;0;-5699,60148744501;0,134954731911421;
435,8;435,8;1;1;3;3;0;0;-5698,5974472272;0,139871723949909;
435,85;435,85;1;1;3;3;0;0;-5697,59340700938;0,143299177289009;
435,9;435,9;1;1;3;3;0;0;-5696,58891975674;0,148700280115008;
435,95;435,95;1;1;3;3;0;0;-5695,42171182766;0,152235813438892;
436;436;1;1;3;3;0;0;-5694,62643687331;0,155186364427209;
436,05;436,05;1;1;3;3;0;0;-5693,45922894423;0,160693693906069;
436,1;436,1;1;1;3;3;0;0;-5692,65858957196;0,163259003311396;
436,15;436,15;1;1;3;3;0;0;-5692,00278948312;0,167320128530264;
436,2;436,2;1;1;3;3;0;0;-5690,88699055896;0,170606449246407;
436,25;436,25;1;1;3;3;0;0;-5689,7711916348;0,176459886133671;
436,3;436,3;1;1;3;3;0;0;-5688,65539271064;0,179790332913399;
436,35;436,35;1;1;3;3;0;0;-5687,83597787571;0,182696040719748;
436,4;436,4;1;1;3;3;0;0;-5687,19269476198;0,185377579182386;
436,45;436,45;1;1;3;3;0;0;-5686,6347952999;0,188384056091309;
436,5;436,5;1;1;3;3;0;0;-5685,79749907196;0,193147007375956;
436,55;436,55;1;1;3;3;0;0;-5684,54714266536;0,19598251208663;
436,6;436,6;1;1;3;3;0;0;-5683,88597815861;0,201580338180065;
436,65;436,65;1;1;3;3;0;0;-5682,54710885659;0,20587895065546;
436,7;436,7;1;1;3;3;0;0;-5681,67539094709;0,208746287971735;
436,75;436,75;1;1;3;3;0;0;-5681,11749148501;0,211444776505232;
436,8;436,8;1;1;3;3;0;0;-5680,18318869995;0,216688197106123;
436,85;436,85;1;1;3;3;0;0;-5679,15947894982;0,218393392860889;
436,9;436,9;1;1;3;3;0;0;-5678,82464986561;0,219462867826223;
436,95;436,95;1;1;3;3;0;0;-5678,4898207814;0,221320912241936;
437;437;1;1;3;3;0;0;-5677,95740230436;0,223504137247801;
437,05;437,05;1;1;3;3;0;0;-5677,28819117076;0,226583443582058;
437,1;437,1;1;1;3;3;0;0;-5675,79911816741;0,233257450163364;
437,15;437,15;1;1;3;3;0;0;-5674,47321287532;0,237651243805885;
437,2;437,2;1;1;3;3;0;0;-5673,74901645819;0,241578239947557;
437,25;437,25;1;1;3;3;0;0;-5672,12091562414;0,248450171202421;
437,3;437,3;1;1;3;3;0;0;-5671,66002271917;0,249209050089121;
437,35;437,35;1;1;3;3;0;0;-5671,30328892851;0,252739749848843;
437,4;437,4;1;1;3;3;0;0;-5669,13248781645;0,262888818979263;
437,45;437,45;1;1;3;3;0;0;-5667,47130640532;0,268862619996071;
437,5;437,5;1;1;3;3;0;0;-5666,68720732159;0,273952558636665;
437,55;437,55;1;1;3;3;0;0;-5665,66528571076;0,277700740844011;
437,6;437,6;1;1;3;3;0;0;-5664,40732971213;0,28469055891037;
437,65;437,65;1;1;3;3;0;0;-5663,16859621099;0,28646057471633;
437,7;437,7;1;1;3;3;0;0;-5662,72245545525;0,290214195847511;
437,75;437,75;1;1;3;3;0;0;-5661,97680136651;0,294072609394789;
437,8;437,8;1;1;3;3;0;0;-5660,78098320861;0,298847891390324;
437,85;437,85;1;1;3;3;0;0;-5659,35047176738;0,30249360948801;
437,9;437,9;1;1;3;3;0;0;-5658,41438084302;0,306102465838194;
437,95;437,95;1;1;3;3;0;0;-5657,63341100308;0,31083956360817;
438;438;1;1;3;3;0;0;-5656,8412652925;0,31459141522646;
438,05;438,05;1;1;3;3;0;0;-5655,73574816932;0,318529978394508;
438,1;438,1;1;1;3;3;0;0;-5654,61994924516;0,321848131716251;
438,15;438,15;1;1;3;3;0;0;-5653,71649186306;0,325911045074463;
438,2;438,2;1;1;3;3;0;0;-5652,82376331676;0,3308330103755;
438,25;438,25;1;1;3;3;0;0;-5651,88901349688;0,334023833274841;
438,3;438,3;1;1;3;3;0;0;-5650,90643095069;0,33727765083313;
438,35;438,35;1;1;3;3;0;0;-5650,01414943922;0,341794304549694;
438,4;438,4;1;1;3;3;0;0;-5649,12142089293;0,345495007932186;
438,45;438,45;1;1;3;3;0;0;-5648,17013078451;0,349104255437851;
438,5;438,5;1;1;3;3;0;0;-5647,06059034791;0,351988151669502;
438,55;438,55;1;1;3;3;0;0;-5646,37394485611;0,355775766074657;
438,6;438,6;1;1;3;3;0;0;-5645,70428668769;0,358150377869606;
438,65;438,65;1;1;3;3;0;0;-5644,75389064892;0,362225584685802;
438,7;438,7;1;1;3;3;0;0;-5643,74985043111;0,365572907030582;
438,75;438,75;1;1;3;3;0;0;-5642,74581021329;0,369657799601555;
438,8;438,8;1;1;3;3;0;0;-5641,74132296065;0,372707806527615;
438,85;438,85;1;1;3;3;0;0;-5640,8351833696;0,378164947032928;
438,9;438,9;1;1;3;3;0;0;-5639,95675993772;0,380331836640835;
438,95;438,95;1;1;3;3;0;0;-5639,17534306295;0,384832583367825;
439;439;1;1;3;3;0;0;-5638,394373223;0,388785637915134;
439,05;439,05;1;1;3;3;0;0;-5637,59820419899;0,39211455732584;
439,1;439,1;1;1;3;3;0;0;-5636,7054756527;0,395196639001369;
439,15;439,15;1;1;3;3;0;0;-5635,75776182288;0,399348549544811;
439,2;439,2;1;1;3;3;0;0;-5634,31562747619;0,403949357569218;
439,25;439,25;1;1;3;3;0;0;-5633,30085842257;0,40627621114254;
439,3;439,3;1;1;3;3;0;0;-5632,59052008503;0,41149340569973;
439,35;439,35;1;1;3;3;0;0;-5631,59005614582;0,414535999298096;
439,4;439,4;1;1;3;3;0;0;-5630,98834727085;0,417689643800259;
439,45;439,45;1;1;3;3;0;0;-5630,09561872456;0,419107377529144;
439,5;439,5;1;1;3;3;0;0;-5629,29453231747;0,42225893586874;
439,55;439,55;1;1;3;3;0;0;-5628,61995676597;0,4235814884305;
439,6;439,6;1;1;3;3;0;0;-5628,18856815947;0,423590391874313;
439,65;439,65;1;1;3;3;0;0;-5628,08887939341;0,427092872560024;
439,7;439,7;1;1;3;3;0;0;-5627,0973561507;0,428137741982937;
439,75;439,75;1;1;3;3;0;0;-5625,59621320706;0,438102148473263;
439,8;439,8;1;1;3;3;0;0;-5623,29800716976;0,448008514940739;
439,85;439,85;1;1;3;3;0;0;-5621,91041107177;0,452340096235275;
439,9;439,9;1;1;3;3;0;0;-5620,97968456532;0,45687235891819;
439,95;439,95;1;1;3;3;0;0;-5619,6832835717;0,46168576925993;
440;440;1;1;3;3;0;0;-5618,91036035861;0,466783866286278;
440,05;440,05;1;1;3;3;0;0;-5617,05963618152;0,475461632013321;
440,1;440,1;1;1;3;3;0;0;-5616,02698573488;0,476546734571457;
440,15;440,15;1;1;3;3;0;0;-5615,61928997413;0,478303804993629;
440,2;440,2;1;1;3;3;0;0;-5615,28446088992;0,479715317487717;
440,25;440,25;1;1;3;3;0;0;-5614,41050780629;0,480814836919308;
440,3;440,3;1;1;3;3;0;0;-5613,78823532935;0,483074523508549;
440,35;440,35;1;1;3;3;0;0;-5613,34164753879;0,48365693539381;
440,4;440,4;1;1;3;3;0;0;-5612,89550678306;0,485021881759167;
440,45;440,45;1;1;3;3;0;0;-5612,45741265418;0,483162999153137;
440,5;440,5;1;1;3;3;0;0;-5612,54547851478;0,481377877295017;
440,55;440,55;1;1;4;3;0;0;-5612,65723722113;0,480000153183937;
440,55;440,55;1;1;4;3;0;0;-5612,65723722113;0,480000153183937;
440,6;440,6;1;1;4;3;0;0;-5612,76854889265;0,478361733257771;
440,65;440,65;1;1;4;3;0;0;-5612,880307599;0,477262102067471;
440,7;440,7;1;1;4;3;0;0;-5612,98536078296;0,475730448961258;
440,75;440,75;1;1;4;3;0;0;-5612,87717835522;0,475109405815601;
440,8;440,8;1;1;4;3;0;0;-5612,76541964887;0,473771803081036;
440,85;440,85;1;1;4;3;0;0;-5612,65410797735;0,472688637673855;
440,9;440,9;1;1;4;3;0;0;-5612,63667361916;0,471599325537682;
440,95;440,95;1;1;4;3;0;0;-5612,63667361916;0,47070749104023;
441;441;1;1;4;3;0;0;-5612,63667361916;0,469643548130989;
441,05;441,05;1;1;4;3;0;0;-5612,63667361916;0,468125380575657;
441,1;441,1;1;1;4;3;0;0;-5612,63667361916;0,466523841023445;
441,15;441,15;1;1;4;3;0;0;-5612,63667361916;0,46525813639164;
441,2;441,2;1;1;4;3;0;0;-5612,66886012659;0,463930927217007;
441,25;441,25;1;1;4;3;0;0;-5612,78017179811;0,462616831064224;
441,3;441,3;1;1;4;3;0;0;-5612,89193050446;0,461609289050102;
441,35;441,35;1;1;4;3;0;0;-5613,00324217598;0,460449233651161;
441,4;441,4;1;1;4;3;0;0;-5613,11500088233;0,459553822875023;
441,45;441,45;1;1;4;3;0;0;-5613,22675958867;0,458665452897549;
441,5;441,5;1;1;4;3;0;0;-5613,24687615581;0,457546226680279;
441,55;441,55;1;1;4;3;0;0;-5613,24687615581;0,456639006733894;
441,6;441,6;1;1;4;3;0;0;-5613,24687615581;0,455882102251053;
441,65;441,65;1;1;4;3;0;0;-5613,24687615581;0,454751625657082;
441,7;441,7;1;1;4;3;0;0;-5613,24687615581;0,453948676586151;
441,75;441,75;1;1;4;3;0;0;-5613,24687615581;0,453148372471333;
441,8;441,8;1;1;4;3;0;0;-5613,24687615581;0,451968498528004;
441,85;441,85;1;1;4;3;0;0;-5613,24687615581;0,450741164386272;
441,9;441,9;1;1;4;3;0;0;-5613,24687615581;0,449720807373524;
441,95;441,95;1;1;4;3;0;0;-5613,24687615581;0,448696799576283;
442;442;1;1;4;3;0;0;-5613,24687615581;0,447949208319187;
442,05;442,05;1;1;4;3;0;0;-5613,24687615581;0,447003953158855;
442,1;442,1;1;1;4;3;0;0;-5613,24687615581;0,446091070771217;
442,15;442,15;1;1;4;3;0;0;-5613,24687615581;0,445342659950256;
442,2;442,2;1;1;4;3;0;0;-5613,24687615581;0,444337241351604;
442,25;442,25;1;1;4;3;0;0;-5613,24687615581;0,44359378516674;
442,3;442,3;1;1;4;3;0;0;-5613,24687615581;0,442637354135513;
442,35;442,35;1;1;4;3;0;0;-5613,24687615581;0,441258810460567;
442,4;442,4;1;1;4;3;0;0;-5613,24687615581;0,440028794109821;
442,45;442,45;1;1;4;3;0;0;-5613,24687615581;0,438414923846722;
442,5;442,5;1;1;4;3;0;0;-5613,24687615581;0,437209345400333;
442,55;442,55;1;1;4;3;0;0;-5613,30096736968;0,435607805848122;
442,6;442,6;1;1;4;3;0;0;-5613,52448478238;0,434337966144085;
442,65;442,65;1;1;4;3;0;0;-5613,74755516024;0,43336097151041;
442,7;442,7;1;1;4;3;0;0;-5613,97062553811;0,432402566075325;
442,75;442,75;1;1;4;3;0;0;-5613,89865293122;0,431612469255924;
442,8;442,8;1;1;4;3;0;0;-5613,7873412597;0,430707484483719;
442,85;442,85;1;1;4;3;0;0;-5613,67558255336;0,430039018392563;
442,9;442,9;1;1;4;3;0;0;-5613,75247254332;0,429208539426327;
442,95;442,95;1;1;4;3;0;0;-5613,86378421484;0,428344830870628;
443;443;1;1;4;3;0;0;-5613,97554292119;0,427522510290146;
443,05;443,05;1;1;4;3;0;0;-5614,00594128932;0,426552221179008;
443,1;443,1;1;1;4;3;0;0;-5614,00594128932;0,425725728273392;
443,15;443,15;1;1;4;3;0;0;-5614,00594128932;0,424913503229618;
443,2;443,2;1;1;4;3;0;0;-5614,00594128932;0,423327274620533;
443,25;443,25;1;1;4;3;0;0;-5614,00594128932;0,422599203884602;
443,3;443,3;1;1;4;3;0;0;-5614,00594128932;0,421655476093292;
443,35;443,35;1;1;4;3;0;0;-5614,00594128932;0,420339480042458;
443,4;443,4;1;1;4;3;0;0;-5614,05958546836;0,419083908200264;
443,45;443,45;1;1;4;3;0;0;-5614,17089713988;0,418404564261436;
443,5;443,5;1;1;4;3;0;0;-5614,28265584623;0,417332984507084;
443,55;443,55;1;1;4;3;0;0;-5614,39396751775;0,416518487036228;
443,6;443,6;1;1;4;3;0;0;-5614,5057262241;0,415607951581478;
443,65;443,65;1;1;4;3;0;0;-5614,58842766679;0,414407141506672;
443,7;443,7;1;1;4;3;0;0;-5614,58842766679;0,413516983389854;
443,75;443,75;1;1;4;3;0;0;-5614,58842766679;0,412794388830662;
443,8;443,8;1;1;4;3;0;0;-5614,58842766679;0,411782711744308;
443,85;443,85;1;1;4;3;0;0;-5614,58842766679;0,410839840769768;
443,9;443,9;1;1;4;3;0;0;-5614,58842766679;0,410162173211575;
443,95;443,95;1;1;4;3;0;0;-5614,58842766679;0,409176088869572;
444;444;1;1;4;3;0;0;-5614,58842766679;0,408481433987617;
444,05;444,05;1;1;4;3;0;0;-5614,58842766679;0,407701432704926;
444,1;444,1;1;1;4;3;0;0;-5614,58842766679;0,407021194696426;
444,15;444,15;1;1;4;3;0;0;-5614,58842766679;0,406267754733562;
444,2;444,2;1;1;4;3;0;0;-5614,58842766679;0,405720397830009;
444,25;444,25;1;1;4;3;0;0;-5614,58842766679;0,404942557215691;
444,3;444,3;1;1;4;3;0;0;-5614,58842766679;0,404113940894604;
444,35;444,35;1;1;4;3;0;0;-5614,58842766679;0,403412282466888;
444,4;444,4;1;1;4;3;0;0;-5614,58842766679;0,402681604027748;
444,45;444,45;1;1;4;3;0;0;-5614,58842766679;0,402215048670769;
444,5;444,5;1;1;4;3;0;0;-5614,58842766679;0,40145218372345;
444,55;444,55;1;1;4;3;0;0;-5614,58842766679;0,401138365268707;
444,6;444,6;1;1;4;3;0;0;-5614,58842766679;0,400478541851044;
444,65;444,65;1;1;4;3;0;0;-5614,58842766679;0,399694032967091;
444,7;444,7;1;1;4;3;0;0;-5614,58842766679;0,399120040237904;
444,75;444,75;1;1;4;3;0;0;-5614,58842766679;0,398447290062904;
444,8;444,8;1;1;4;3;0;0;-5614,58842766679;0,397481359541416;
444,85;444,85;1;1;4;3;0;0;-5614,58842766679;0,396975539624691;
444,9;444,9;1;1;4;3;0;0;-5614,58842766679;0,3960882127285;
444,95;444,95;1;1;4;3;0;0;-5614,58842766679;0,395417623221874;
445;445;1;1;4;3;0;0;-5614,58842766679;0,394674390554428;
445,05;445,05;1;1;4;3;0;0;-5614,58842766679;0,393953546881676;
445,1;445,1;1;1;4;3;0;0;-5614,58842766679;0,393113866448402;
445,15;445,15;1;1;4;3;0;0;-5614,58842766679;0,392222478985786;
445,2;445,2;1;1;4;3;0;0;-5614,58842766679;0,391764119267464;
445,25;445,25;1;1;4;3;0;0;-5614,58842766679;0,390913896262646;
445,3;445,3;1;1;4;3;0;0;-5614,58842766679;0,390159711241722;
445,35;445,35;1;1;4;3;0;0;-5614,58842766679;0,389308445155621;
445,4;445,4;1;1;4;3;0;0;-5614,58842766679;0,38864728063345;
445,45;445,45;1;1;4;3;0;0;-5614,58842766679;0,388094298541546;
445,5;445,5;1;1;4;3;0;0;-5614,58842766679;0,387240163981915;
445,55;445,55;1;1;4;3;0;0;-5614,58842766679;0,38656871765852;
445,6;445,6;1;1;4;3;0;0;-5614,58842766679;0,385770611464977;
445,65;445,65;1;1;4;3;0;0;-5614,58842766679;0,385058522224426;
445,7;445,7;1;1;4;3;0;0;-5614,58842766679;0,384369492530823;
445,75;445,75;1;1;4;3;0;0;-5614,58842766679;0,383482314646244;
445,8;445,8;1;1;4;3;0;0;-5614,58842766679;0,382881052792072;
445,85;445,85;1;1;4;3;0;0;-5614,58842766679;0,382105894386768;
445,9;445,9;1;1;4;3;0;0;-5614,58842766679;0,381666012108326;
445,95;445,95;1;1;4;3;0;0;-5614,58842766679;0,381009690463543;
446;446;1;1;4;3;0;0;-5614,58842766679;0,380389653146267;
446,05;446,05;1;1;4;3;0;0;-5614,58842766679;0,379879586398602;
446,1;446,1;1;1;4;3;0;0;-5614,58842766679;0,379183366894722;
446,15;446,15;1;1;4;3;0;0;-5614,58842766679;0,378333851695061;
446,2;446,2;1;1;4;3;0;0;-5614,58842766679;0,377785153687;
446,25;446,25;1;1;4;3;0;0;-5614,58842766679;0,3771847859025;
446,3;446,3;1;1;4;3;0;0;-5614,58842766679;0,376658588647842;
446,35;446,35;1;1;4;3;0;0;-5614,58842766679;0,3761250898242;
446,4;446,4;1;1;4;3;0;0;-5614,58842766679;0,375383421778679;
446,45;446,45;1;1;4;3;0;0;-5614,58842766679;0,374729782342911;
446,5;446,5;1;1;4;3;0;0;-5614,58842766679;0,374134741723537;
446,55;446,55;1;1;4;3;0;0;-5614,58842766679;0,373229533433914;
446,6;446,6;1;1;4;3;0;0;-5614,58842766679;0,372557118535042;
446,65;446,65;1;1;4;3;0;0;-5614,58842766679;0,371815487742424;
446,7;446,7;1;1;4;3;0;0;-5614,58842766679;0,371141880750656;
446,75;446,75;1;1;4;3;0;0;-5614,58842766679;0,370501838624477;
446,8;446,8;1;1;4;3;0;0;-5614,58842766679;0,369880869984627;
446,85;446,85;1;1;4;3;0;0;-5614,58842766679;0,369237959384918;
446,9;446,9;1;1;4;3;0;0;-5614,58842766679;0,368666537106037;
446,95;446,95;1;1;4;3;0;0;-5614,58842766679;0,367961898446083;
447;447;1;1;4;3;0;0;-5614,58842766679;0,367424301803112;
447,05;447,05;1;1;4;3;0;0;-5614,58842766679;0,366874150931835;
447,1;447,1;1;1;4;3;0;0;-5614,58842766679;0,366350412368774;
447,15;447,15;1;1;4;3;0;0;-5614,58842766679;0,365791618824005;
447,2;447,2;1;1;4;3;0;0;-5614,58842766679;0,365058667957783;
447,25;447,25;1;1;4;3;0;0;-5614,58842766679;0,364509671926498;
447,3;447,3;1;1;4;3;0;0;-5614,58842766679;0,363825932145119;
447,35;447,35;1;1;4;3;0;0;-5614,58842766679;0,36337323486805;
447,4;447,4;1;1;4;3;0;0;-5614,58842766679;0,362592227756977;
447,45;447,45;1;1;4;3;0;0;-5614,58842766679;0,361887961626053;
447,5;447,5;1;1;4;3;0;0;-5614,58842766679;0,3612120449543;
447,55;447,55;1;1;4;3;0;0;-5614,58842766679;0,360444150865078;
447,6;447,6;1;1;4;3;0;0;-5614,58842766679;0,359734781086445;
447,65;447,65;1;1;4;3;0;0;-5614,58842766679;0,359097868204117;
447,7;447,7;1;1;4;3;0;0;-5614,58842766679;0,358339138329029;
447,75;447,75;1;1;4;3;0;0;-5614,58842766679;0,357690528035164;
447,8;447,8;1;1;4;3;0;0;-5614,58842766679;0,357083566486835;
447,85;447,85;1;1;4;3;0;0;-5614,58842766679;0,356577858328819;
447,9;447,9;1;1;4;3;0;0;-5614,58842766679;0,356008633971214;
447,95;447,95;1;1;4;3;0;0;-5614,58842766679;0,355409160256386;
448;448;1;1;4;3;0;0;-5614,58842766679;0,35478800535202;
448,05;448,05;1;1;4;3;0;0;-5614,58842766679;0,354263074696064;
448,1;448,1;1;1;4;3;0;0;-5614,58842766679;0,353804714977741;
448,15;448,15;1;1;4;3;0;0;-5614,58842766679;0,353073067963123;
448,2;448,2;1;1;4;3;0;0;-5614,58842766679;0,352476686239243;
448,25;448,25;1;1;4;3;0;0;-5614,58842766679;0,351702757179737;
448,3;448,3;1;1;4;3;0;0;-5614,58842766679;0,350759215652943;
448,35;448,35;1;1;4;3;0;0;-5614,58842766679;0,350215397775173;
448,4;448,4;1;1;4;3;0;0;-5614,58842766679;0,349383428692818;
448,45;448,45;1;1;4;3;0;0;-5614,58842766679;0,348588190972805;
448,5;448,5;1;1;4;3;0;0;-5614,58842766679;0,348034054040909;
448,55;448,55;1;1;4;3;0;0;-5614,58842766679;0,347508452832699;
448,6;448,6;1;1;4;3;0;0;-5614,58842766679;0,346829779446125;
448,65;448,65;1;1;4;3;0;0;-5614,58842766679;0,346373207867146;
448,7;448,7;1;1;4;3;0;0;-5614,58842766679;0,345843993127346;
448,75;448,75;1;1;4;3;0;0;-5614,58842766679;0,345198251307011;
448,8;448,8;1;1;4;3;0;0;-5614,58842766679;0,344521403312683;
448,85;448,85;1;1;4;3;0;0;-5614,58842766679;0,343922264873981;
448,9;448,9;1;1;4;3;0;0;-5614,58842766679;0,343251563608646;
448,95;448,95;1;1;4;3;0;0;-5614,58842766679;0,342613682150841;
449;449;1;1;4;3;0;0;-5614,58842766679;0,342015586793423;
449,05;449,05;1;1;4;3;0;0;-5614,58842766679;0,341530553996563;
449,1;449,1;1;1;4;3;0;0;-5614,58842766679;0,340941809117794;
449,15;449,15;1;1;4;3;0;0;-5614,58842766679;0,340298153460026;
449,2;449,2;1;1;4;3;0;0;-5614,58842766679;0,339701324701309;
449,25;449,25;1;1;4;3;0;0;-5614,58842766679;0,339273810386658;
449,3;449,3;1;1;4;3;0;0;-5614,58842766679;0,338773727416992;
449,35;449,35;1;1;4;3;0;0;-5614,58842766679;0,33835768699646;
449,4;449,4;1;1;4;3;0;0;-5614,58842766679;0,337769947946072;
449,45;449,45;1;1;4;3;0;0;-5614,58842766679;0,337307453155518;
449,5;449,5;1;1;4;3;0;0;-5614,58842766679;0,336873605847359;
449,55;449,55;1;1;4;3;0;0;-5614,58842766679;0,336489677429199;
449,6;449,6;1;1;4;3;0;0;-5614,58842766679;0,335983484983444;
449,65;449,65;1;1;4;3;0;0;-5614,58842766679;0,335450433194637;
449,7;449,7;1;1;4;3;0;0;-5614,58842766679;0,335050709545612;
449,75;449,75;1;1;4;3;0;0;-5614,58842766679;0,334595292806625;
449,8;449,8;1;1;4;3;0;0;-5614,58842766679;0,334249436855316;
449,85;449,85;1;1;4;3;0;0;-5614,58842766679;0,333770923316479;
449,9;449,9;1;1;4;3;0;0;-5614,58842766679;0,333393439650536;
449,95;449,95;1;1;4;3;0;0;-5614,58842766679;0,332809016108513;
450;450;1;1;4;3;0;0;-5614,58842766679;0,332370735704899;
450,05;450,05;1;1;4;3;0;0;-5614,58842766679;0,332038439810276;
450,1;450,1;1;1;4;3;0;0;-5614,58842766679;0,331358052790165;
450,15;450,15;1;1;4;3;0;0;-5614,58842766679;0,330999493598938;
450,2;450,2;1;1;4;3;0;0;-5614,58842766679;0,330684632062912;
450,25;450,25;1;1;4;3;0;0;-5614,58842766679;0,330125577747822;
450,3;450,3;1;1;4;3;0;0;-5614,58842766679;0,329646654427052;
450,35;450,35;1;1;4;3;0;0;-5614,58842766679;0,329204946756363;
450,4;450,4;1;1;4;3;0;0;-5614,58842766679;0,32859243452549;
450,45;450,45;1;1;4;3;0;0;-5614,58842766679;0,328179448843002;
450,5;450,5;1;1;4;3;0;0;-5614,58842766679;0,327735058963299;
450,55;450,55;1;1;4;3;0;0;-5614,58842766679;0,327207483351231;
450,6;450,6;1;1;4;3;0;0;-5614,58842766679;0,32662644982338;
450,65;450,65;1;1;4;3;0;0;-5614,58842766679;0,326191149652004;
450,7;450,7;1;1;4;3;0;0;-5614,58842766679;0,325546935200691;
450,75;450,75;1;1;4;3;0;0;-5614,58842766679;0,325187556445599;
450,8;450,8;1;1;4;3;0;0;-5614,58842766679;0,324683673679829;
450,85;450,85;1;1;4;3;0;0;-5614,58842766679;0,324266850948334;
450,9;450,9;1;1;4;3;0;0;-5614,58842766679;0,323897711932659;
450,95;450,95;1;1;4;3;0;0;-5614,58842766679;0,32352153211832;
451;451;1;1;4;3;0;0;-5614,58842766679;0,323052369058132;
451,05;451,05;1;1;4;3;0;0;-5614,58842766679;0,322498679161072;
451,1;451,1;1;1;4;3;0;0;-5614,58842766679;0,322167351841927;
451,15;451,15;1;1;4;3;0;0;-5614,58842766679;0,32157264649868;
451,2;451,2;1;1;4;3;0;0;-5614,58842766679;0,321238972246647;
451,25;451,25;1;1;4;3;0;0;-5614,58842766679;0,320798791944981;
451,3;451,3;1;1;4;3;0;0;-5614,58842766679;0,32040499150753;
451,35;451,35;1;1;4;3;0;0;-5614,58842766679;0,319858528673649;
451,4;451,4;1;1;4;3;0;0;-5614,58842766679;0,319298543035984;
451,45;451,45;1;1;4;3;0;0;-5614,58842766679;0,318815931677818;
451,5;451,5;1;1;4;3;0;0;-5614,58842766679;0,318139120936394;
451,55;451,55;1;1;4;3;0;0;-5614,58842766679;0,317718274891377;
451,6;451,6;1;1;4;3;0;0;-5614,58842766679;0,317160673439503;
451,65;451,65;1;1;4;3;0;0;-5614,58842766679;0,316692590713501;
451,7;451,7;1;1;4;3;0;0;-5614,58842766679;0,316122137010098;
451,75;451,75;1;1;4;3;0;0;-5614,58842766679;0,315691977739334;
451,8;451,8;1;1;4;3;0;0;-5614,58842766679;0,315211340785027;
451,85;451,85;1;1;4;3;0;0;-5614,58842766679;0,314646251499653;
451,9;451,9;1;1;4;3;0;0;-5614,58842766679;0,314323455095291;
451,95;451,95;1;1;4;3;0;0;-5614,58842766679;0,313955694437027;
452;452;1;1;4;3;0;0;-5614,58842766679;0,313555598258972;
452,05;452,05;1;1;4;3;0;0;-5614,58842766679;0,313201732933521;
452,1;452,1;1;1;4;3;0;0;-5614,58842766679;0,312663242220879;
452,15;452,15;1;1;4;3;0;0;-5614,58842766679;0,312361754477024;
452,2;452,2;1;1;4;3;0;0;-5614,58842766679;0,311946868896484;
452,25;452,25;1;1;4;3;0;0;-5614,58842766679;0,31162042170763;
452,3;452,3;1;1;4;3;0;0;-5614,58842766679;0,311083756387234;
452,35;452,35;1;1;4;3;0;0;-5614,58842766679;0,310780927538872;
452,4;452,4;1;1;4;3;0;0;-5614,58842766679;0,310307554900646;
452,45;452,45;1;1;4;3;0;0;-5614,58842766679;0,310043469071388;
452,5;452,5;1;1;4;3;0;0;-5614,58842766679;0,309585276991129;
452,55;452,55;1;1;4;3;0;0;-5614,58842766679;0,309215653687716;
452,6;452,6;1;1;4;3;0;0;-5614,58842766679;0,308677963912487;
452,65;452,65;1;1;4;3;0;0;-5614,58842766679;0,308152996003628;
452,7;452,7;1;1;4;3;0;0;-5614,58842766679;0,307791400700808;
452,75;452,75;1;1;4;3;0;0;-5614,58842766679;0,307326186448336;
452,8;452,8;1;1;4;3;0;0;-5614,58842766679;0,30692221596837;
452,85;452,85;1;1;4;3;0;0;-5614,58842766679;0,306547209620476;
452,9;452,9;1;1;4;3;0;0;-5614,58842766679;0,306262653321028;
452,95;452,95;1;1;4;3;0;0;-5614,58842766679;0,305952746421099;
453;453;1;1;4;3;0;0;-5614,58842766679;0,305568557232618;
453,05;453,05;1;1;4;3;0;0;-5614,58842766679;0,305244456976652;
453,1;453,1;1;1;4;3;0;0;-5614,58842766679;0,304787270724773;
453,15;453,15;1;1;4;3;0;0;-5614,58842766679;0,304496493190527;
453,2;453,2;1;1;4;3;0;0;-5614,58842766679;0,304174534976482;
453,25;453,25;1;1;4;3;0;0;-5614,58842766679;0,303739383816719;
453,3;453,3;1;1;4;3;0;0;-5614,58842766679;0,303449090570211;
453,35;453,35;1;1;4;3;0;0;-5614,58842766679;0,303155425935984;
453,4;453,4;1;1;4;3;0;0;-5614,58842766679;0,302687659859657;
453,45;453,45;1;1;4;3;0;0;-5614,58842766679;0,302287954837084;
453,5;453,5;1;1;4;3;0;0;-5614,58842766679;0,302093774080276;
453,55;453,55;1;1;4;3;0;0;-5614,58842766679;0,301760621368885;
453,6;453,6;1;1;4;3;0;0;-5614,58842766679;0,301411356776953;
453,65;453,65;1;1;4;3;0;0;-5614,58842766679;0,301050115376711;
453,7;453,7;1;1;4;3;0;0;-5614,58842766679;0,300732869654894;
453,75;453,75;1;1;4;3;0;0;-5614,58842766679;0,300495941191912;
453,8;453,8;1;1;4;3;0;0;-5614,58842766679;0,300173219293356;
453,85;453,85;1;1;4;3;0;0;-5614,58842766679;0,299854949116707;
453,9;453,9;1;1;4;3;0;0;-5614,55624115936;0,29961122199893;
453,95;453,95;1;1;4;3;0;0;-5614,44448245302;0,299244541674852;
454;454;1;1;4;3;0;0;-5614,3331707815;0,298863183706999;
454,05;454,05;1;1;4;3;0;0;-5614,22141207515;0,298602189868689;
454,1;454,1;1;1;4;3;0;0;-5614,20934213487;0,298119615763426;
454,15;454,15;1;1;4;3;0;0;-5614,32110084121;0,298004429787397;
454,2;454,2;1;1;4;3;0;0;-5614,43241251273;0,297616608440876;
454,25;454,25;1;1;4;3;0;0;-5614,4565523933;0,297269504517317;
454,3;454,3;1;1;4;3;0;0;-5614,34524072178;0,296958107501268;
454,35;454,35;1;1;4;3;0;0;-5614,23348201544;0,296543538570404;
454,4;454,4;1;1;4;3;0;0;-5614,12172330909;0,296121183782816;
454,45;454,45;1;1;4;3;0;0;-5614,01577605547;0,295851118862629;
454,5;454,5;1;1;4;3;0;0;-5614,01577605547;0,295602679252625;
454,55;454,55;1;1;4;3;0;0;-5614,01577605547;0,295119341462851;
454,6;454,6;1;1;4;3;0;0;-5614,01577605547;0,294854771345854;
454,65;454,65;1;1;4;3;0;0;-5614,05198587633;0,294619612395763;
454,7;454,7;1;1;4;3;0;0;-5614,16329754785;0,294213611632586;
454,75;454,75;1;1;4;3;0;0;-5614,2750562542;0,294040888547897;
454,8;454,8;1;1;4;3;0;0;-5614,38636792572;0,293713770806789;
454,85;454,85;1;1;4;3;0;0;-5614,49812663206;0,29345354065299;
454,9;454,9;1;1;4;3;0;0;-5614,51556099025;0,293160174041986;
454,95;454,95;1;1;4;3;0;0;-5614,40380228391;0,292986743152142;
455;455;1;1;4;3;0;0;-5614,29249061239;0,292591173201799;
455,05;455,05;1;1;4;3;0;0;-5614,18296708017;0,292283296585083;
455,1;455,1;1;1;4;3;0;0;-5614,38994420432;0,292016696184874;
455,15;455,15;1;1;4;3;0;0;-5614,36893356753;0,291686356067657;
455,2;455,2;1;1;4;3;0;0;-5614,14541615484;0,291407555341721;
455,25;455,25;1;1;4;3;0;0;-5614,10384191608;0,291121229529381;
455,3;455,3;1;1;4;3;0;0;-5614,2151535876;0,290916841477156;
455,35;455,35;1;1;4;3;0;0;-5614,32691229394;0,290568452328444;
455,4;455,4;1;1;4;3;0;0;-5614,43822396546;0,290284566581249;
455,45;455,45;1;1;4;3;0;0;-5614,5146669206;0,290050432085991;
455,5;455,5;1;1;4;3;0;0;-5614,18609632395;0,289654545485973;
455,55;455,55;1;1;4;3;0;0;-5613,96436705056;0,289309471845627;
455,6;455,6;1;1;4;3;0;0;-5614,03544558779;0,288883298635483;
455,65;455,65;1;1;4;3;0;0;-5614,14675725931;0,288613922894001;
455,7;455,7;1;1;4;3;0;0;-5614,25851596566;0,288179367780685;
455,75;455,75;1;1;4;3;0;0;-5614,370274672;0,287994090467691;
455,8;455,8;1;1;4;3;0;0;-5614,48158634353;0,287646949291229;
455,85;455,85;1;1;4;3;0;0;-5614,59334504987;0,287286564707756;
455,9;455,9;1;1;4;3;0;0;-5614,61837900009;0,287080518901348;
455,95;455,95;1;1;4;3;0;0;-5614,61837900009;0,286756157875061;
456;456;1;1;4;3;0;0;-5614,61837900009;0,286512728780508;
456,05;456,05;1;1;4;3;0;0;-5614,61837900009;0,286341495811939;
456,1;456,1;1;1;4;3;0;0;-5614,61837900009;0,286041405051947;
456,15;456,15;1;1;4;3;0;0;-5614,61837900009;0,285662412643433;
456,2;456,2;1;1;4;3;0;0;-5614,61837900009;0,285414103418589;
456,25;456,25;1;1;4;3;0;0;-5614,61837900009;0,284988489001989;
456,3;456,3;1;1;4;3;0;0;-5614,61837900009;0,284926686435938;
456,35;456,35;1;1;4;3;0;0;-5614,61837900009;0,284382812678814;
456,4;456,4;1;1;4;3;0;0;-5614,61837900009;0,284228455275297;
456,45;456,45;1;1;4;3;0;0;-5614,61837900009;0,283867307007313;
456,5;456,5;1;1;4;3;0;0;-5614,61837900009;0,283486843109131;
456,55;456,55;1;1;4;3;0;0;-5614,61837900009;0,283301454037428;
456,6;456,6;1;1;4;3;0;0;-5614,61837900009;0,282957088202238;
456,65;456,65;1;1;4;3;0;0;-5614,61837900009;0,282693020999432;
456,7;456,7;1;1;4;3;0;0;-5614,61837900009;0,28230544179678;
456,75;456,75;1;1;4;3;0;0;-5614,61837900009;0,281988903880119;
456,8;456,8;1;1;4;3;0;0;-5614,61837900009;0,281842052936554;
456,85;456,85;1;1;4;3;0;0;-5614,61837900009;0,281619727611542;
456,9;456,9;1;1;4;3;0;0;-5614,61837900009;0,281274951994419;
456,95;456,95;1;1;4;3;0;0;-5614,61837900009;0,28105653822422;
457;457;1;1;4;3;0;0;-5614,61837900009;0,28090812265873;
457,05;457,05;1;1;4;3;0;0;-5614,61837900009;0,280537828803062;
457,1;457,1;1;1;4;3;0;0;-5614,61837900009;0,280360858887434;
457,15;457,15;1;1;4;3;0;0;-5614,61837900009;0,280079152435064;
457,2;457,2;1;1;4;3;0;0;-5614,61837900009;0,279809553176165;
457,25;457,25;1;1;4;3;0;0;-5614,61837900009;0,279487874358892;
457,3;457,3;1;1;4;3;0;0;-5614,61837900009;0,279344283044338;
457,35;457,35;1;1;4;3;0;0;-5614,61837900009;0,279048662632704;
457,4;457,4;1;1;4;3;0;0;-5614,61837900009;0,278725288808346;
457,45;457,45;1;1;4;3;0;0;-5614,61837900009;0,278437621891499;
457,5;457,5;1;1;4;3;0;0;-5614,61837900009;0,278070159256458;
457,55;457,55;1;1;4;3;0;0;-5614,61837900009;0,277969557791948;
457,6;457,6;1;1;4;3;0;0;-5614,61837900009;0,277775470167398;
457,65;457,65;1;1;4;3;0;0;-5614,61837900009;0,277272593230009;
457,7;457,7;1;1;4;3;0;0;-5614,61837900009;0,276980847120285;
457,75;457,75;1;1;4;3;0;0;-5614,61837900009;0,27680454775691;
457,8;457,8;1;1;4;3;0;0;-5614,61837900009;0,276631340384483;
457,85;457,85;1;1;4;3;0;0;-5614,61837900009;0,276245400309563;
457,9;457,9;1;1;4;3;0;0;-5614,61837900009;0,275973249226809;
457,95;457,95;1;1;4;3;0;0;-5614,61837900009;0,275853332132101;
458;458;1;1;4;3;0;0;-5614,61837900009;0,27562540024519;
458,05;458,05;1;1;4;3;0;0;-5614,61837900009;0,275379363447428;
458,1;458,1;1;1;4;3;0;0;-5614,61837900009;0,275044031441212;
458,15;458,15;1;1;4;3;0;0;-5614,61837900009;0,274821165949106;
458,2;458,2;1;1;4;3;0;0;-5614,61837900009;0,274545233696699;
458,25;458,25;1;1;4;3;0;0;-5614,61837900009;0,274448599666357;
458,3;458,3;1;1;4;3;0;0;-5614,61837900009;0,274190343916416;
458,35;458,35;1;1;4;3;0;0;-5614,61837900009;0,273975916206837;
458,4;458,4;1;1;4;3;0;0;-5614,61837900009;0,273624695837498;
458,45;458,45;1;1;4;3;0;0;-5614,61837900009;0,273322239518166;
458,5;458,5;1;1;4;3;0;0;-5614,61837900009;0,273102652281523;
458,55;458,55;1;1;4;3;0;0;-5614,61837900009;0,272932071238756;
458,6;458,6;1;1;4;3;0;0;-5614,61837900009;0,272728186100721;
458,65;458,65;1;1;4;3;0;0;-5614,61837900009;0,272394772619009;
458,7;458,7;1;1;4;3;0;0;-5614,61837900009;0,271998420357704;
458,75;458,75;1;1;4;3;0;0;-5614,61837900009;0,271676629781723;
458,8;458,8;1;1;4;3;0;0;-5614,61837900009;0,271550472825766;
458,85;458,85;1;1;4;3;0;0;-5614,61837900009;0,27136979624629;
458,9;458,9;1;1;4;3;0;0;-5614,61837900009;0,270973164588213;
458,95;458,95;1;1;4;3;0;0;-5614,61837900009;0,270704124122858;
459;459;1;1;4;3;0;0;-5614,61837900009;0,270416606217623;
459,05;459,05;1;1;4;3;0;0;-5614,61837900009;0,270217154175043;
459,1;459,1;1;1;4;3;0;0;-5614,61837900009;0,269936881959438;
459,15;459,15;1;1;4;3;0;0;-5614,61837900009;0,26970824226737;
459,2;459,2;1;1;4;3;0;0;-5614,61837900009;0,269556250423193;
459,25;459,25;1;1;4;3;0;0;-5614,61837900009;0,269325729459524;
459,3;459,3;1;1;4;3;0;0;-5614,61837900009;0,269071906805038;
459,35;459,35;1;1;4;3;0;0;-5614,61837900009;0,268753450363874;
459,4;459,4;1;1;4;3;0;0;-5614,61837900009;0,26863956823945;
459,45;459,45;1;1;4;3;0;0;-5614,61837900009;0,268333479762077;
459,5;459,5;1;1;4;3;0;0;-5614,61837900009;0,268080625683069;
459,55;459,55;1;1;4;3;0;0;-5614,61837900009;0,267893336713314;
459,6;459,6;1;1;4;3;0;0;-5614,61837900009;0,267590302973986;
459,65;459,65;1;1;4;3;0;0;-5614,61837900009;0,267319325357676;
459,7;459,7;1;1;4;3;0;0;-5614,61837900009;0,266991686075926;
459,75;459,75;1;1;4;3;0;0;-5614,61837900009;0,266746301203966;
459,8;459,8;1;1;4;3;0;0;-5614,61837900009;0,26668768376112;
459,85;459,85;1;1;4;3;0;0;-5614,61837900009;0,266607142984867;
459,9;459,9;1;1;4;3;0;0;-5614,61837900009;0,26627516373992;
459,95;459,95;1;1;4;3;0;0;-5614,61837900009;0,265843719244003;
460;460;1;1;4;3;0;0;-5614,61837900009;0,265665501356125;
460,05;460,05;1;1;4;3;0;0;-5614,61837900009;0,265465416014194;
460,1;460,1;1;1;4;3;0;0;-5614,61837900009;0,265210960060358;
460,15;460,15;1;1;4;3;0;0;-5614,61837900009;0,265108477324247;
460,2;460,2;1;1;4;3;0;0;-5614,61837900009;0,264801066368818;
460,25;460,25;1;1;4;3;0;0;-5614,61837900009;0,264614429324865;
460,3;460,3;1;1;4;3;0;0;-5614,61837900009;0,264400169253349;
460,35;460,35;1;1;4;3;0;0;-5614,61837900009;0,264074243605137;
460,4;460,4;1;1;4;3;0;0;-5614,61837900009;0,263906344771385;
460,45;460,45;1;1;4;3;0;0;-5614,61837900009;0,263721477240324;
460,5;460,5;1;1;4;3;0;0;-5614,61837900009;0,263479799032211;
460,55;460,55;1;1;4;3;0;0;-5614,61837900009;0,263397898525;
460,6;460,6;1;1;4;3;0;0;-5614,61837900009;0,26311818510294;
460,65;460,65;1;1;4;3;0;0;-5614,61837900009;0,262758545577526;
460,7;460,7;1;1;4;3;0;0;-5614,61837900009;0,262644942849875;
460,75;460,75;1;1;4;3;0;0;-5614,61837900009;0,262383576482534;
460,8;460,8;1;1;4;3;0;0;-5614,61837900009;0,262111909687519;
460,85;460,85;1;1;4;3;0;0;-5614,61837900009;0,261916052550077;
460,9;460,9;1;1;4;3;0;0;-5614,61837900009;0,261893924325705;
460,95;460,95;1;1;4;3;0;0;-5614,61837900009;0,261649936437607;
461;461;1;1;4;3;0;0;-5614,61837900009;0,261451564729214;
461,05;461,05;1;1;4;3;0;0;-5614,61837900009;0,261188112199306;
461,1;461,1;1;1;4;3;0;0;-5614,61837900009;0,260892193764448;
461,15;461,15;1;1;4;3;0;0;-5614,55624115936;0,260998774319887;
461,2;461,2;1;1;4;3;0;0;-5614,44448245302;0,260795429348946;
461,25;461,25;1;1;4;3;0;0;-5614,3331707815;0,260633174329996;
461,3;461,3;1;1;4;3;0;0;-5614,22141207515;0,260244458913803;
461,35;461,35;1;1;4;3;0;0;-5614,10965336881;0,260109212249517;
461,4;461,4;1;1;4;3;0;0;-5613,99834169728;0,259744990617037;
461,45;461,45;1;1;4;3;0;0;-5614,04170407535;0,259539503604174;
461,5;461,5;1;1;4;3;0;0;-5614,15301574687;0,259201806038618;
461,55;461,55;1;1;4;3;0;0;-5614,26477445321;0,259123630821705;
461,6;461,6;1;1;4;3;0;0;-5614,37653315956;0,258748438209295;
461,65;461,65;1;1;4;3;0;0;-5614,4176603635;0,258562937378883;
461,7;461,7;1;1;4;3;0;0;-5614,30634869197;0,258328970521688;
461,75;461,75;1;1;4;3;0;0;-5614,19458998563;0,258363541215658;
461,8;461,8;1;1;4;3;0;0;-5614,21425951795;0,258063785731792;
461,85;461,85;1;1;4;3;0;0;-5614,32601822429;0,257926061749458;
461,9;461,9;1;1;4;3;0;0;-5614,43732989581;0,257722567766905;
461,95;461,95;1;1;4;3;0;0;-5614,54908860216;0,257589779794216;
462;462;1;1;4;3;0;0;-5614,48560965695;0,257400590926409;
462,05;462,05;1;1;4;3;0;0;-5614,37429798543;0,257166773080826;
462,1;462,1;1;1;4;3;0;0;-5614,26253927909;0,257105454802513;
462,15;462,15;1;1;4;3;0;0;-5614,15972126925;0,25674881413579;
462,2;462,2;1;1;4;3;0;0;-5614,26924480147;0,25662612169981;
462,25;462,25;1;1;4;3;0;0;-5614,38100350781;0,256392974406481;
462,3;462,3;1;1;4;3;0;0;-5614,49231517933;0,256219487637281;
462,35;462,35;1;1;4;3;0;0;-5614,52941906984;0,256049018353224;
462,4;462,4;1;1;4;3;0;0;-5614,4176603635;0,255630426108837;
462,45;462,45;1;1;4;3;0;0;-5614,30634869197;0,255606826394796;
462,5;462,5;1;1;4;3;0;0;-5614,19458998563;0,25552399456501;
462,55;462,55;1;1;4;3;0;0;-5614,08327831411;0,255209766328335;
462,6;462,6;1;1;4;3;0;0;-5614,00147094106;0,255135856568813;
462,65;462,65;1;1;4;3;0;0;-5614,11278261258;0,254943296313286;
462,7;462,7;1;1;4;3;0;0;-5614,22454131893;0,254665743559599;
462,75;462,75;1;1;4;3;0;0;-5614,33630002528;0,25452995672822;
462,8;462,8;1;1;4;3;0;0;-5614,4476116968;0,254225712269545;
462,85;462,85;1;1;4;3;0;0;-5614,454764254;0,254063159227371;
462,9;462,9;1;1;4;3;0;0;-5614,34345258248;0,254011731594801;
462,95;462,95;1;1;4;3;0;0;-5614,23169387614;0,253813154995441;
463;463;1;1;4;3;0;0;-5614,16285051303;0,253493897616863;
463,05;463,05;1;1;4;3;0;0;-5614,27460921937;0,253274980932474;
463,1;463,1;1;1;4;3;0;0;-5614,38592089089;0,253132022917271;
463,15;463,15;1;1;4;3;0;0;-5614,46683419429;0,253139510750771;
463,2;463,2;1;1;4;3;0;0;-5614,35552252277;0,252887867391109;
463,25;463,25;1;1;4;3;0;0;-5614,24376381642;0,252697691321373;
463,3;463,3;1;1;4;3;0;0;-5614,13200511007;0,252523496747017;
463,35;463,35;1;1;4;3;0;0;-5614,17804969709;0,252404641360044;
463,4;463,4;1;1;4;3;0;0;-5614,28980840344;0,252040512859821;
463,45;463,45;1;1;4;3;0;0;-5614,40112007496;0,25195986032486;
463,5;463,5;1;1;4;3;0;0;-5614,42973030378;0,251808501780033;
463,55;463,55;1;1;4;3;0;0;-5614,31841863226;0,251807309687138;
463,6;463,6;1;1;4;3;0;0;-5614,20665992591;0,251613147556782;
463,65;463,65;1;1;4;3;0;0;-5614,24644602537;0,251324884593487;
463,7;463,7;1;1;4;3;0;0;-5614,35820473172;0,251268707215786;
463,75;463,75;1;1;4;3;0;0;-5614,39039123915;0,25088757276535;
463,8;463,8;1;1;4;3;0;0;-5614,27907956763;0,250815767794847;
463,85;463,85;1;1;4;3;0;0;-5614,17223824436;0,250533614307642;
463,9;463,9;1;1;4;3;0;0;-5614,27952660245;0,250441785901785;
463,95;463,95;1;1;4;3;0;0;-5614,39083827397;0,250402670353651;
464;464;1;1;4;3;0;0;-5614,26298631391;0,250181723386049;
464,05;464,05;1;1;4;3;0;0;-5614,09534825439;0,249993167817593;
464,1;464,1;1;1;4;3;0;0;-5614,31841863226;0,249819979071617;
464,15;464,15;1;1;4;3;0;0;-5614,52360761711;0,249650850892067;
464,2;464,2;1;1;4;3;0;0;-5614,41319001524;0,249402429908514;
464,25;464,25;1;1;4;3;0;0;-5614,30187834372;0,249225497245789;
464,3;464,3;1;1;4;3;0;0;-5614,19011963737;0,249131191521883;
464,35;464,35;1;1;4;3;0;0;-5614,18028487122;0,248889978975058;
464,4;464,4;1;1;4;3;0;0;-5614,18028487122;0,248679779469967;
464,45;464,45;1;1;4;3;0;0;-5614,18028487122;0,248532667756081;
464,5;464,5;1;1;4;3;0;0;-5614,18028487122;0,248551424592733;
464,55;464,55;1;1;4;3;0;0;-5614,18028487122;0,248267874121666;
464,6;464,6;1;1;4;3;0;0;-5614,18028487122;0,248090103268623;
464,65;464,65;1;1;4;3;0;0;-5614,18028487122;0,247904378920794;
464,7;464,7;1;1;4;3;0;0;-5614,18028487122;0,247762035578489;
464,75;464,75;1;1;4;3;0;0;-5614,18028487122;0,247636083513498;
464,8;464,8;1;1;4;3;0;0;-5614,18028487122;0,247413963079453;
464,85;464,85;1;1;4;3;0;0;-5614,18028487122;0,24724218994379;
464,9;464,9;1;1;4;3;0;0;-5614,18028487122;0,247149877250195;
464,95;464,95;1;1;4;3;0;0;-5614,18028487122;0,24692066013813;
465;465;1;1;4;3;0;0;-5614,18028487122;0,246772672981024;
465,05;465,05;1;1;4;3;0;0;-5614,18028487122;0,246503856033087;
465,1;465,1;1;1;4;3;0;0;-5614,18028487122;0,246534179896116;
465,15;465,15;1;1;4;3;0;0;-5614,18028487122;0,246247053146362;
465,2;465,2;1;1;4;3;0;0;-5614,18028487122;0,246029272675514;
465,25;465,25;1;1;4;3;0;0;-5614,18028487122;0,245939586311579;
465,3;465,3;1;1;4;3;0;0;-5614,18028487122;0,245706755667925;
465,35;465,35;1;1;4;3;0;0;-5614,18028487122;0,245592463761568;
465,4;465,4;1;1;4;3;0;0;-5614,18028487122;0,245371758937836;
465,45;465,45;1;1;4;3;0;0;-5614,18028487122;0,245196800678968;
465,5;465,5;1;1;4;3;0;0;-5614,18028487122;0,245128348469734;
465,55;465,55;1;1;4;3;0;0;-5614,18028487122;0,244959183037281;
465,6;465,6;1;1;4;3;0;0;-5614,18028487122;0,24458970874548;
465,65;465,65;1;1;4;3;0;0;-5614,18028487122;0,24444742128253;
465,7;465,7;1;1;4;3;0;0;-5614,18028487122;0,244324766099453;
465,75;465,75;1;1;4;3;0;0;-5614,18028487122;0,244272276759148;
465,8;465,8;1;1;4;3;0;0;-5614,18028487122;0,243983808904886;
465,85;465,85;1;1;4;3;0;0;-5614,18028487122;0,243722219020128;
465,9;465,9;1;1;4;3;0;0;-5614,18028487122;0,243498552590609;
465,95;465,95;1;1;4;3;0;0;-5614,18028487122;0,243304613977671;
466;466;1;1;4;3;0;0;-5614,18028487122;0,243160501122475;
466,05;466,05;1;1;4;3;0;0;-5614,18028487122;0,242977812886238;
466,1;466,1;1;1;4;3;0;0;-5614,18028487122;0,242913272231817;
466,15;466,15;1;1;4;3;0;0;-5614,18028487122;0,242874622344971;
466,2;466,2;1;1;4;3;0;0;-5614,18028487122;0,242525190114975;
466,25;466,25;1;1;4;3;0;0;-5614,18028487122;0,24247532710433;
466,3;466,3;1;1;4;3;0;0;-5614,18028487122;0,242292676120996;
466,35;466,35;1;1;4;3;0;0;-5614,18028487122;0,242099110037088;
466,4;466,4;1;1;4;3;0;0;-5614,18028487122;0,2419170178473;
466,45;466,45;1;1;4;3;0;0;-5614,18028487122;0,241834856569767;
466,5;466,5;1;1;4;3;0;0;-5614,18028487122;0,241431035101414;
466,55;466,55;1;1;4;3;0;0;-5614,18028487122;0,241388194262981;
466,6;466,6;1;1;4;3;0;0;-5614,18028487122;0,241144560277462;
466,65;466,65;1;1;4;3;0;0;-5614,18028487122;0,241033360362053;
466,7;466,7;1;1;4;3;0;0;-5614,18028487122;0,240778941661119;
466,75;466,75;1;1;4;3;0;0;-5614,18028487122;0,240508988499641;
466,8;466,8;1;1;4;3;0;0;-5614,18028487122;0,240488834679127;
466,85;466,85;1;1;4;3;0;0;-5614,18028487122;0,240408200770617;
466,9;466,9;1;1;4;3;0;0;-5614,18028487122;0,240176822990179;
466,95;466,95;1;1;4;3;0;0;-5614,18028487122;0,239982437342405;
467;467;1;1;4;3;0;0;-5614,18028487122;0,239805914461613;
467,05;467,05;1;1;4;3;0;0;-5614,18028487122;0,239655282348394;
467,1;467,1;1;1;4;3;0;0;-5614,18028487122;0,239402074366808;
467,15;467,15;1;1;4;3;0;0;-5614,18028487122;0,239177066832781;
467,2;467,2;1;1;4;3;0;0;-5614,18028487122;0,239037685096264;
467,25;467,25;1;1;4;3;0;0;-5614,18028487122;0,238823182880878;
467,3;467,3;1;1;4;3;0;0;-5614,18028487122;0,23863336071372;
467,35;467,35;1;1;4;3;0;0;-5614,18028487122;0,238320101052523;
467,4;467,4;1;1;4;3;0;0;-5614,18028487122;0,238176062703133;
467,45;467,45;1;1;4;3;0;0;-5614,18028487122;0,237885117530823;
467,5;467,5;1;1;4;3;0;0;-5614,18028487122;0,237948317080736;
467,55;467,55;1;1;4;3;0;0;-5614,18028487122;0,237671285867691;
467,6;467,6;1;1;4;3;0;0;-5614,18028487122;0,23739917203784;
467,65;467,65;1;1;4;3;0;0;-5614,18028487122;0,237274095416069;
467,7;467,7;1;1;4;3;0;0;-5614,18028487122;0,237098019570112;
467,75;467,75;1;1;4;3;0;0;-5614,18028487122;0,236996952444315;
467,8;467,8;1;1;4;3;0;0;-5614,18028487122;0,236801486462355;
467,85;467,85;1;1;4;3;0;0;-5614,18028487122;0,236649569123983;
467,9;467,9;1;1;4;3;0;0;-5614,18028487122;0,23633174598217;
467,95;467,95;1;1;4;3;0;0;-5614,18028487122;0,236256755888462;
468;468;1;1;4;3;0;0;-5614,18028487122;0,236163083463907;
468,05;468,05;1;1;4;3;0;0;-5614,18028487122;0,235944464802742;
468,1;468,1;1;1;4;3;0;0;-5614,18028487122;0,235754437744617;
468,15;468,15;1;1;4;3;0;0;-5614,18028487122;0,235629510134459;
468,2;468,2;1;1;4;3;0;0;-5614,18028487122;0,235432498157024;
468,25;468,25;1;1;4;3;0;0;-5614,18028487122;0,235156919807196;
468,3;468,3;1;1;4;3;0;0;-5614,18028487122;0,235077682882547;
468,35;468,35;1;1;4;3;0;0;-5614,18028487122;0,234836786985397;
468,4;468,4;1;1;4;3;0;0;-5614,18028487122;0,234700720757246;
468,45;468,45;1;1;4;3;0;0;-5614,18028487122;0,234458912163973;
468,5;468,5;1;1;4;3;0;0;-5614,18028487122;0,234405566006899;
468,55;468,55;1;1;4;3;0;0;-5614,18028487122;0,234127454459667;
468,6;468,6;1;1;4;3;0;0;-5614,18028487122;0,233992710709572;
468,65;468,65;1;1;4;3;0;0;-5614,18028487122;0,233913455158472;
468,7;468,7;1;1;4;3;0;0;-5614,18028487122;0,233801752328873;
468,75;468,75;1;1;4;3;0;0;-5614,18028487122;0,233504213392735;
468,8;468,8;1;1;4;3;0;0;-5614,18028487122;0,233163014054298;
468,85;468,85;1;1;4;3;0;0;-5614,18028487122;0,233249571174383;
468,9;468,9;1;1;4;3;0;0;-5614,18028487122;0,23293474689126;
468,95;468,95;1;1;4;3;0;0;-5614,18028487122;0,2326974645257;
469;469;1;1;4;3;0;0;-5614,18028487122;0,232466384768486;
469,05;469,05;1;1;4;3;0;0;-5614,18028487122;0,232226829975843;
469,1;469,1;1;1;4;3;0;0;-5614,18028487122;0,232171267271042;
469,15;469,15;1;1;4;3;0;0;-5614,18028487122;0,231800936162472;
469,2;469,2;1;1;4;3;0;0;-5614,18028487122;0,231698546558619;
469,25;469,25;1;1;4;3;0;0;-5614,18028487122;0,231658201664686;
469,3;469,3;1;1;4;3;0;0;-5614,18028487122;0,231351312249899;
469,35;469,35;1;1;4;3;0;0;-5614,18028487122;0,231180433183908;
469,4;469,4;1;1;4;3;0;0;-5614,18028487122;0,231061056256294;
469,45;469,45;1;1;4;3;0;0;-5614,23527015474;0,230854023247957;
469,5;469,5;1;1;4;3;0;0;-5614,34702886109;0,230607911944389;
469,55;469,55;1;1;4;3;0;0;-5614,45834053261;0,230500772595406;
469,6;469,6;1;1;4;3;0;0;-5614,37832129886;0,230327285826206;
469,65;469,65;1;1;4;3;0;0;-5614,26656259252;0,230182968080044;
469,7;469,7;1;1;4;3;0;0;-5614,35239327899;0,23001516237855;
469,75;469,75;1;1;4;3;0;0;-5614,42570699035;0,229730028659105;
469,8;469,8;1;1;4;3;0;0;-5614,20263661249;0,229460299015045;
469,85;469,85;1;1;4;3;0;0;-5614,36267507997;0,2294846996665;
469,9;469,9;1;1;4;3;0;0;-5614,57993400511;0,229232273995876;
469,95;469,95;1;1;4;3;0;0;-5614,46817529876;0,229145754128695;
470;470;1;1;4;3;0;0;-5614,35686362724;0,22896995767951;
470,05;470,05;1;1;4;3;0;0;-5614,2451049209;0,228940900415182;
470,1;470,1;1;1;4;3;0;0;-5614,1342402842;0,228757690638304;
470,15;470,15;1;1;4;3;0;0;-5614,23750532887;0,228521823883057;
470,2;470,2;1;1;4;3;0;0;-5614,34926403521;0,228403620421886;
470,25;470,25;1;1;4;3;0;0;-5614,46057570673;0,228217467665672;
470,3;470,3;1;1;4;3;0;0;-5614,37072170683;0,228115748614073;
470,35;470,35;1;1;4;3;0;0;-5614,25896300048;0,227937232702971;
470,4;470,4;1;1;4;3;0;0;-5614,14720429414;0,227831453084946;
470,45;470,45;1;1;4;3;0;0;-5614,21738876172;0,227684769779444;
470,5;470,5;1;1;4;3;0;0;-5614,32914746807;0,227514337748289;
470,55;470,55;1;1;4;3;0;0;-5614,44045913959;0,227277241647244;
470,6;470,6;1;1;4;3;0;0;-5614,55221784594;0,227127969264984;
470,65;470,65;1;1;4;3;0;0;-5614,65056550752;0,226895362138748;
470,7;470,7;1;1;4;3;0;0;-5614,65056550752;0,226975418627262;
470,75;470,75;1;1;4;3;0;0;-5614,65056550752;0,22678030654788;
470,8;470,8;1;1;1;4;0;0;-5614,65056550752;0,22666959092021;
470,8;470,8;1;1;1;4;0;0;-5614,65056550752;0,22666959092021;
470,85;470,85;1;1;1;4;0;0;-5614,65056550752;0,226205289363861;
470,9;470,9;1;1;1;4;0;0;-5614,65056550752;0,225898902863264;
470,95;470,95;1;1;1;4;0;0;-5614,65056550752;0,225708466023207;
471;471;1;1;1;4;0;0;-5614,65056550752;0,225171521306038;
471,05;471,05;1;1;1;4;0;0;-5614,65056550752;0,224248878657818;
471,1;471,1;1;1;1;4;0;0;-5614,65056550752;0,223266016691923;
471,15;471,15;1;1;1;4;0;0;-5614,72030294028;0,222492013126612;
471,2;471,2;1;1;1;4;0;0;-5616,14723810291;0,214008651673794;
471,25;471,25;1;1;1;4;0;0;-5619,56616044745;0,19900968298316;
471,3;471,3;1;1;1;4;0;0;-5621,54697175873;0,19024096429348;
471,35;471,35;1;1;1;4;0;0;-5623,22067014497;0,183733291924;
471,4;471,4;1;1;1;4;0;0;-5624,41291202427;0,178305190056562;
471,45;471,45;1;1;1;4;0;0;-5626,11924395276;0,168494842946529;
471,5;471,5;1;1;1;4;0;0;-5627,59624701583;0,16587495803833;
471,55;471,55;1;1;1;4;0;0;-5628,15414647791;0,161398518830538;
471,6;471,6;1;1;1;4;0;0;-5629,19439651658;0,15940647572279;
471,65;471,65;1;1;1;4;0;0;-5630,00218844605;0,156874731183052;
471,7;471,7;1;1;1;4;0;0;-5630,49705599775;0,154588259756565;
471,75;471,75;1;1;1;4;0;0;-5630,91860983809;0,152622945606709;
471,8;471,8;1;1;1;4;0;0;-5631,43761727036;0,148338507860899;
471,85;471,85;1;1;1;4;0;0;-5633,41440526822;0,142357954755425;
471,9;471,9;1;1;1;4;0;0;-5634,37776531692;0,137288793921471;
471,95;471,95;1;1;1;4;0;0;-5635,27004682839;0,132248159497976;
472;472;1;1;1;4;0;0;-5636,46586498629;0,127804894000292;
472,05;472,05;1;1;1;4;0;0;-5637,54634815925;0,12459241785109;
472,1;472,1;1;1;1;4;0;0;-5638,43907670554;0,119960093870759;
472,15;472,15;1;1;1;4;0;0;-5639,33180525183;0,116598485037684;
472,2;472,2;1;1;1;4;0;0;-5640,22453379812;0,112163051962852;
472,25;472,25;1;1;1;4;0;0;-5641,55446240364;0,10803421959281;
472,3;472,3;1;1;1;4;0;0;-5642,61259383533;0,104373879730701;
472,35;472,35;1;1;1;4;0;0;-5643,40339844143;0,100896954536438;
472,4;472,4;1;1;1;4;0;0;-5644,18436828138;0,0964789744466543;
472,45;472,45;1;1;1;4;0;0;-5645,04625142472;0,0928185135126114;
472,5;472,5;1;1;1;4;0;0;-5646,16205034888;0,0885892566293478;
472,55;472,55;1;1;1;4;0;0;-5647,27784927304;0,0845928490161896;
472,6;472,6;1;1;1;4;0;0;-5648,18667107305;0,0815935526043177;
472,65;472,65;1;1;1;4;0;0;-5648,967640913;0,077455504797399;
472,7;472,7;1;1;1;4;0;0;-5649,89166189707;0,0731688132509589;
472,75;472,75;1;1;1;4;0;0;-5650,99583791577;0,0713265035301447;
472,8;472,8;1;1;1;4;0;0;-5651,77859589501;0,06530093960464;
472,85;472,85;1;1;1;4;0;0;-5652,9864839932;0,0609178328886628;
472,9;472,9;1;1;1;4;0;0;-5654,26723876793;0,0569819286465645;
472,95;472,95;1;1;1;4;0;0;-5654,80010427979;0,0549831660464406;
473;473;1;1;1;4;0;0;-5655,64634120424;0,0500102061778307;
473,05;473,05;1;1;1;4;0;0;-5656,82248982983;0,0458112033084035;
473,1;473,1;1;1;1;4;0;0;-5658,05272966929;0,0421215873211622;
473,15;473,15;1;1;1;4;0;0;-5658,73937516108;0,0384587235748768;
473,2;473,2;1;1;1;4;0;0;-5659,84265711013;0,0339270802214742;
473,25;473,25;1;1;1;4;0;0;-5660,81898116877;0,0304150627925992;
473,3;473,3;1;1;1;4;0;0;-5661,62051461068;0,0255198171362281;
473,35;473,35;1;1;1;4;0;0;-5662,95893687788;0,0228887936100364;
473,4;473,4;1;1;1;4;0;0;-5663,59596150406;0,0188426300883293;
473,45;473,45;1;1;1;4;0;0;-5664,15386096614;0,0157809909433126;
473,5;473,5;1;1;1;4;0;0;-5665,72965872562;0,0118817109614611;
473,55;473,55;1;1;1;4;0;0;-5666,09935652621;0,00915012322366238;
473,6;473,6;1;1;1;4;0;0;-5666,9250298487;0,00464915297925472;
473,65;473,65;1;1;1;4;0;0;-5668,15303451403;0,00136008486151695;
473,7;473,7;1;1;1;4;0;0;-5668,86292581674;-0,00262884423136711;
473,75;473,75;1;1;1;4;0;0;-5669,97604253195;-0,00613769050687552;
473,8;473,8;1;1;1;4;0;0;-5671,09184145611;-0,0104630552232265;
473,85;473,85;1;1;1;4;0;0;-5672,1025871963;-0,0147355161607265;
473,9;473,9;1;1;1;4;0;0;-5672,99218649882;-0,0179794896394014;
473,95;473,95;1;1;1;4;0;0;-5673,66184466724;-0,021301032975316;
474;474;1;1;1;4;0;0;-5674,57066646725;-0,025545354001224;
474,05;474,05;1;1;1;4;0;0;-5675,57515371989;-0,0292874639853835;
474,1;474,1;1;1;1;4;0;0;-5676,5791939377;-0,0337345339357853;
474,15;474,15;1;1;1;4;0;0;-5677,58368119034;-0,0366042088717222;
474,2;474,2;1;1;1;4;0;0;-5678,58772140815;-0,0405071955174208;
474,25;474,25;1;1;1;4;0;0;-5679,59176162597;-0,0449761841446161;
474,3;474,3;1;1;1;4;0;0;-5680,59624887861;-0,0488034170120955;
474,35;474,35;1;1;1;4;0;0;-5681,47958969357;-0,0517851766198874;
474,4;474,4;1;1;1;4;0;0;-5682,0629701407;-0,0556815881282091;
474,45;474,45;1;1;1;4;0;0;-5683,37367624872;-0,0589553639292717;
474,5;474,5;1;1;1;4;0;0;-5684,17342155134;-0,0628745136782527;
474,55;474,55;1;1;1;4;0;0;-5685,13991084382;-0,0669842818751931;
474,6;474,6;1;1;1;4;0;0;-5686,29683697191;-0,0711070233955979;
474,65;474,65;1;1;1;4;0;0;-5687,18956551821;-0,0755594857037067;
474,7;474,7;1;1;1;4;0;0;-5688,0822940645;-0,0796939246356487;
474,75;474,75;1;1;1;4;0;0;-5688,97502261079;-0,0821048300713301;
474,8;474,8;1;1;1;4;0;0;-5689,63484601306;-0,083676390349865;
474,85;474,85;1;1;1;4;0;0;-5690,11630252;-0,0865821912884712;
474,9;474,9;1;1;1;4;0;0;-5690,89056683757;-0,0902450643479824;
474,95;474,95;1;1;1;4;0;0;-5691,62817429945;-0,092264274135232;
475;475;1;1;1;4;0;0;-5692,9639143577;-0,101184258237481;
475,05;475,05;1;1;1;4;0;0;-5694,96931258437;-0,107460347935557;
475,1;475,1;1;1;1;4;0;0;-5695,94518960819;-0,111368978396058;
475,15;475,15;1;1;1;4;0;0;-5696,72615944814;-0,117355277761817;
475,2;475,2;1;1;1;4;0;0;-5697,83793505887;-0,122336223721504;
475,25;475,25;1;1;1;4;0;0;-5699,06504565455;-0,125086521729827;
475,3;475,3;1;1;1;4;0;0;-5700,21884253887;-0,129807312041521;
475,35;475,35;1;1;1;4;0;0;-5701,10128928418;-0,134108643978834;
475,4;475,4;1;1;1;4;0;0;-5701,88225912412;-0,136924665421247;
475,45;475,45;1;1;1;4;0;0;-5702,66322896407;-0,141800791025162;
475,5;475,5;1;1;1;4;0;0;-5703,48845525173;-0,145261585712433;
475,55;475,55;1;1;1;4;0;0;-5704,49294250437;-0,149079281836748;
475,6;475,6;1;1;1;4;0;0;-5705,49698272218;-0,152651853859425;
475,65;475,65;1;1;1;4;0;0;-5706,3919464426;-0,155699923634529;
475,7;475,7;1;1;1;4;0;0;-5706,91542422313;-0,15835415571928;
475,75;475,75;1;1;1;4;0;0;-5707,71516952574;-0,16440860927105;
475,8;475,8;1;1;1;4;0;0;-5709,59405689683;-0,169574450701475;
475,85;475,85;1;1;1;4;0;0;-5710,1394393838;-0,172109771519899;
475,9;475,9;1;1;1;4;0;0;-5710,83457853727;-0,175957772880793;
475,95;475,95;1;1;1;4;0;0;-5711,83548951131;-0,180168580263853;
476;476;1;1;1;4;0;0;-5712,51721762002;-0,181588642299175;
476,05;476,05;1;1;1;4;0;0;-5713,08405777861;-0,183613207191229;
476,1;476,1;1;1;1;4;0;0;-5713,45464964885;-0,184087231755257;
476,15;476,15;1;1;1;4;0;0;-5713,67772002672;-0,185162909328938;
476,2;476,2;1;1;1;4;0;0;-5713,90079040459;-0,186643321067095;
476,25;476,25;1;1;1;4;0;0;-5714,41398638413;-0,189311262220144;
476,3;476,3;1;1;1;4;0;0;-5716,72739160549;-0,199699122458696;
476,35;476,35;1;1;1;4;0;0;-5718,21467646955;-0,208475720137358;
476,4;476,4;1;1;1;4;0;0;-5719,6648574431;-0,21498640999198;
476,45;476,45;1;1;1;4;0;0;-5721,01892592919;-0,220318995416164;
476,5;476,5;1;1;1;4;0;0;-5722,03593015694;-0,227160882204771;
476,55;476,55;1;1;1;4;0;0;-5723,48477002601;-0,23100208491087;
476,6;476,6;1;1;1;4;0;0;-5724,16292185612;-0,235255695879459;
476,65;476,65;1;1;1;4;0;0;-5725,53353063075;-0,240758657455444;
476,7;476,7;1;1;1;4;0;0;-5726,77718151497;-0,244841817766428;
476,75;476,75;1;1;1;4;0;0;-5727,53535257882;-0,249051470309496;
476,8;476,8;1;1;1;4;0;0;-5728,22959766264;-0,253980215638876;
476,85;476,85;1;1;1;4;0;0;-5729,44150907426;-0,258081052452326;
476,9;476,9;1;1;1;4;0;0;-5730,37670592896;-0,260293949395418;
476,95;476,95;1;1;1;4;0;0;-5730,8228466847;-0,264303181320429;
477;477;1;1;1;4;0;0;-5731,76519609661;-0,267385505139828;
477,05;477,05;1;1;1;4;0;0;-5732,76923631442;-0,271728429943323;
477,1;477,1;1;1;1;4;0;0;-5733,53858324891;-0,274797379970551;
477,15;477,15;1;1;1;4;0;0;-5734,41655964596;-0,279109925031662;
477,2;477,2;1;1;1;4;0;0;-5735,0987347895;-0,280776098370552;
477,25;477,25;1;1;1;4;0;0;-5735,32180516737;-0,281213894486427;
477,3;477,3;1;1;1;4;0;0;-5735,87657538567;-0,285690147429705;
477,35;477,35;1;1;1;4;0;0;-5737,79211961244;-0,292713474482298;
477,4;477,4;1;1;1;4;0;0;-5738,72552832785;-0,29875623062253;
477,45;477,45;1;1;1;4;0;0;-5739,81897551074;-0,303376261144876;
477,5;477,5;1;1;1;4;0;0;-5741,07469633524;-0,307337623089552;
477,55;477,55;1;1;1;4;0;0;-5741,85611321001;-0,312096495181322;
477,6;477,6;1;1;1;4;0;0;-5742,63708304996;-0,316650420427322;
477,65;477,65;1;1;1;4;0;0;-5743,82485458101;-0,320901274681091;
477,7;477,7;1;1;1;4;0;0;-5745,05196517669;-0,326256901025772;
477,75;477,75;1;1;1;4;0;0;-5746,17893997148;-0,330310165882111;
477,8;477,8;1;1;1;4;0;0;-5747,09089101527;-0,333968251943588;
477,85;477,85;1;1;1;4;0;0;-5747,80793487519;-0,338347814977169;
477,9;477,9;1;1;1;4;0;0;-5748,51559100377;-0,342770405113697;
477,95;477,95;1;1;1;4;0;0;-5749,62513144037;-0,347255133092403;
478;478;1;1;1;4;0;0;-5750,74093036453;-0,351341925561428;
478,05;478,05;1;1;1;4;0;0;-5751,80442621412;-0,355337522923946;
478,1;478,1;1;1;1;4;0;0;-5752,47408438255;-0,358783379197121;
478,15;478,15;1;1;1;4;0;0;-5753,42492745614;-0,362872593104839;
478,2;478,2;1;1;1;4;0;0;-5754,27161141542;-0,365735813975334;
478,25;478,25;1;1;1;4;0;0;-5754,71775217116;-0,368833690881729;
478,3;478,3;1;1;1;4;0;0;-5755,7521907571;-0,374737270176411;
478,35;478,35;1;1;1;4;0;0;-5757,79826915288;-0,381507724523544;
478,4;478,4;1;1;1;4;0;0;-5758,88590488304;-0,387094914913177;
478,45;478,45;1;1;1;4;0;0;-5759,88994510086;-0,39123497903347;
478,5;478,5;1;1;1;4;0;0;-5760,89398531867;-0,395420864224434;
478,55;478,55;1;1;1;4;0;0;-5761,70714166604;-0,398971401154995;
478,6;478,6;1;1;1;4;0;0;-5762,37679983447;-0,403634309768677;
478,65;478,65;1;1;1;4;0;0;-5763,21454309724;-0,407057330012321;
478,7;478,7;1;1;1;4;0;0;-5764,1859497728;-0,410097502171993;
478,75;478,75;1;1;1;4;0;0;-5764,86186642878;-0,413970313966274;
478,8;478,8;1;1;1;4;0;0;-5765,73447840793;-0,418909192085266;
478,85;478,85;1;1;1;4;0;0;-5766,78724542171;-0,424090325832367;
478,9;478,9;1;1;1;4;0;0;-5768,01480305222;-0,427674390375614;
478,95;478,95;1;1;1;4;0;0;-5768,92004857363;-0,431525968015194;
479;479;1;1;1;4;0;0;-5769,4779480357;-0,435160137712955;
479,05;479,05;1;1;1;4;0;0;-5770,68807130802;-0,439076274633408;
479,1;479,1;1;1;1;4;0;0;-5771,92099335643;-0,443785823881626;
479,15;479,15;1;1;1;4;0;0;-5772,67469407203;-0,447973720729351;
479,2;479,2;1;1;1;4;0;0;-5773,34435224046;-0,450620204210281;
479,25;479,25;1;1;1;4;0;0;-5774,11146400082;-0,456447005271912;
479,3;479,3;1;1;1;4;0;0;-5775,55628055646;-0,461414828896523;
479,35;479,35;1;1;1;4;0;0;-5776,23040907314;-0,462280549108982;
479,4;479,4;1;1;1;4;0;0;-5776,64838663487;-0,4646922275424;
479,45;479,45;1;1;1;4;0;0;-5776,98321571909;-0,466532744467258;
479,5;479,5;1;1;1;4;0;0;-5777,73334015608;-0,470871180295944;
479,55;479,55;1;1;1;4;0;0;-5778,89697180656;-0,472753010690212;
479,6;479,6;1;1;1;4;0;0;-5779,13613543814;-0,474105812609196;
479,65;479,65;1;1;1;4;0;0;-5779,44995388556;-0,477708838880062;
479,7;479,7;1;1;1;4;0;0;-5782,15183237018;-0,490551479160786;
479,75;479,75;1;1;1;4;0;0;-5783,93013690556;-0,497652217745781;
479,8;479,8;1;1;1;4;0;0;-5785,05621763071;-0,503624342381954;
479,85;479,85;1;1;1;4;0;0;-5785,95788687351;-0,507261231541634;
479,9;479,9;1;1;1;4;0;0;-5786,8506154198;-0,513199865818024;
479,95;479,95;1;1;1;4;0;0;-5787,96060289123;-0,518812388181686;
480;480;1;1;1;4;0;0;-5789,09651838253;-0,522892884910107;
480,05;480,05;1;1;1;4;0;0;-5790,28384287876;-0,527526773512363;
480,1;480,1;1;1;1;4;0;0;-5791,13320904699;-0,530330017209053;
480,15;480,15;1;1;1;4;0;0;-5792,03756049874;-0,535349398851395;
480,2;480,2;1;1;1;4;0;0;-5793,1533594229;-0,540162734687328;
480,25;480,25;1;1;1;4;0;0;-5794,2047853322;-0,54413553327322;
480,3;480,3;1;1;1;4;0;0;-5795,02420016714;-0,548730418086052;
480,35;480,35;1;1;1;4;0;0;-5795,80964035534;-0,552877001464367;
480,4;480,4;1;1;1;4;0;0;-5796,90934602578;-0,556613765656948;
480,45;480,45;1;1;1;4;0;0;-5798,02514494994;-0,562040284276009;
480,5;480,5;1;1;1;4;0;0;-5799,1409438741;-0,565340481698513;
480,55;480,55;1;1;1;4;0;0;-5799,8101550077;-0,569227412343025;
480,6;480,6;1;1;1;4;0;0;-5800,47444875822;-0,574207492172718;
480,65;480,65;1;1;1;4;0;0;-5801,7015593539;-0,576631240546703;
480,7;480,7;1;1;1;4;0;0;-5802,65150835785;-0,582581795752048;
480,75;480,75;1;1;1;4;0;0;-5803,66091299357;-0,587356500327587;
480,8;480,8;1;1;1;4;0;0;-5804,59119246519;-0,589991584420204;
480,85;480,85;1;1;1;4;0;0;-5805,14909192727;-0,592647008597851;
480,9;480,9;1;1;1;4;0;0;-5805,74051900125;-0,596813932061195;
480,95;480,95;1;1;1;4;0;0;-5806,95198337805;-0,601398423314095;
481;481;1;1;1;4;0;0;-5807,81341948656;-0,603648386895657;
481,05;481,05;1;1;1;4;0;0;-5808,14824857078;-0,605755038559437;
481,1;481,1;1;1;1;4;0;0;-5808,51928747585;-0,607293695211411;
481,15;481,15;1;1;1;4;0;0;-5809,18894564427;-0,609133914113045;
481,2;481,2;1;1;1;4;0;0;-5809,85815677787;-0,613910853862762;
481,25;481,25;1;1;1;4;0;0;-5810,67667754315;-0,617260001599789;
481,3;481,3;1;1;1;4;0;0;-5811,56895905462;-0,618431605398655;
481,35;481,35;1;1;1;4;0;0;-5811,88501267617;-0,620704181492329;
481,4;481,4;1;1;1;4;0;0;-5813,61816669418;-0,630272552371025;
481,45;481,45;1;1;1;4;0;0;-5815,47067901058;-0,637144595384598;
481,5;481,5;1;1;1;4;0;0;-5816,36340755687;-0,643289983272552;
481,55;481,55;1;1;1;4;0;0;-5817,35806004335;-0,648703053593636;
481,6;481,6;1;1;1;4;0;0;-5818,69692934538;-0,65332219004631;
481,65;481,65;1;1;1;4;0;0;-5819,86190210033;-0,657917857170105;
481,7;481,7;1;1;1;4;0;0;-5820,86594231814;-0,663346201181412;
481,75;481,75;1;1;1;4;0;0;-5821,86998253596;-0,668343007564545;
481,8;481,8;1;1;1;4;0;0;-5822,8744697886;-0,673270598053932;
481,85;481,85;1;1;1;4;0;0;-5823,98266912072;-0,678798779845238;
481,9;481,9;1;1;1;4;0;0;-5825,26923534818;-0,682162642478943;
481,95;481,95;1;1;1;4;0;0;-5826,05378146673;-0,687317475676537;
482;482;1;1;1;4;0;0;-5826,99344866969;-0,692582875490189;
482,05;482,05;1;1;1;4;0;0;-5828,2210063002;-0,696284621953964;
482,1;482,1;1;1;1;4;0;0;-5829,14860356287;-0,698884353041649;
482,15;482,15;1;1;1;4;0;0;-5829,69443308466;-0,703470781445503;
482,2;482,2;1;1;1;4;0;0;-5830,89159234704;-0,708567351102829;
482,25;482,25;1;1;1;4;0;0;-5831,55722720204;-0,709322765469551;
482,3;482,3;1;1;1;4;0;0;-5831,78029757991;-0,709515661001205;
482,35;482,35;1;1;1;4;0;0;-5832,6958249023;-0,717106238007545;
482,4;482,4;1;1;1;4;0;0;-5834,31453800501;-0,721147060394287;
482,45;482,45;1;1;1;4;0;0;-5834,92205833271;-0,727194547653198;
482,5;482,5;1;1;1;4;0;0;-5836,14961596322;-0,730960294604301;
482,55;482,55;1;1;1;4;0;0;-5837,18852489741;-0,735567286610603;
482,6;482,6;1;1;1;4;0;0;-5837,98111764282;-0,74030376970768;
482,65;482,65;1;1;1;4;0;0;-5839,1519018505;-0,74362114071846;
482,7;482,7;1;1;1;4;0;0;-5839,72678863595;-0,748670324683189;
482,75;482,75;1;1;1;4;0;0;-5840,77955564973;-0,752608329057693;
482,8;482,8;1;1;1;4;0;0;-5842,00711328023;-0,75749509036541;
482,85;482,85;1;1;1;4;0;0;-5843,06658581639;-0,762037262320518;
482,9;482,9;1;1;1;4;0;0;-5843,78854705939;-0,766269341111183;
482,95;482,95;1;1;1;4;0;0;-5844,67144083952;-0,770260393619537;
483;483;1;1;1;4;0;0;-5845,89899847003;-0,775595754384995;
483,05;483,05;1;1;1;4;0;0;-5846,94014257835;-0,777956694364548;
483,1;483,1;1;1;1;4;0;0;-5847,57269685627;-0,782541930675507;
483,15;483,15;1;1;1;4;0;0;-5848,48241272593;-0,786304920911789;
483,2;483,2;1;1;1;4;0;0;-5849,44398463533;-0,790028423070908;
483,25;483,25;1;1;1;4;0;0;-5850,14180599776;-0,795125216245651;
483,3;483,3;1;1;1;4;0;0;-5851,69748719009;-0,800501555204391;
483,35;483,35;1;1;1;4;0;0;-5852,72790246261;-0,804545879364014;
483,4;483,4;1;1;1;4;0;0;-5853,34257534751;-0,80770455300808;
483,45;483,45;1;1;1;4;0;0;-5853,80927970521;-0,808236598968506;
483,5;483,5;1;1;1;4;0;0;-5854,25542046095;-0,813312828540802;
483,55;483,55;1;1;1;4;0;0;-5855,12356209184;-0,816905349493027;
483,6;483,6;1;1;1;4;0;0;-5856,18392869765;-0,821554809808731;
483,65;483,65;1;1;1;4;0;0;-5857,95373957135;-0,828711166977882;
483,7;483,7;1;1;1;4;0;0;-5859,31987799773;-0,836171507835388;
483,75;483,75;1;1;1;4;0;0;-5860,4835096482;-0,839624851942062;
483,8;483,8;1;1;1;4;0;0;-5861,26447948815;-0,845390781760216;
483,85;483,85;1;1;1;4;0;0;-5862,14960844241;-0,850404798984528;
483,9;483,9;1;1;1;4;0;0;-5863,57296732644;-0,853524282574654;
483,95;483,95;1;1;1;4;0;0;-5864,13667824125;-0,85845410823822;
484;484;1;1;1;4;0;0;-5865,28555774249;-0,862383395433426;
484,05;484,05;1;1;1;4;0;0;-5866,42370840792;-0,86653932929039;
484,1;484,1;1;1;1;4;0;0;-5867,23194737221;-0,870465561747551;
484,15;484,15;1;1;1;4;0;0;-5868,01336424698;-0,873966440558434;
484,2;484,2;1;1;1;4;0;0;-5868,79433408693;-0,878143012523651;
484,25;484,25;1;1;1;4;0;0;-5869,57530392688;-0,882167592644691;
484,3;484,3;1;1;1;4;0;0;-5870,66159855256;-0,885438323020935;
484,35;484,35;1;1;1;4;0;0;-5871,56237372571;-0,889882668852806;
484,4;484,4;1;1;1;4;0;0;-5872,23158485931;-0,893856212496758;
484,45;484,45;1;1;1;4;0;0;-5873,04965858977;-0,899059548974037;
484,5;484,5;1;1;1;4;0;0;-5874,05414584241;-0,902200937271118;
484,55;484,55;1;1;1;4;0;0;-5875,05818606022;-0,906479433178902;
484,6;484,6;1;1;1;4;0;0;-5876,06267331286;-0,910609140992165;
484,65;484,65;1;1;1;4;0;0;-5876,8682300682;-0,913096219301224;
484,7;484,7;1;1;1;4;0;0;-5877,48692626653;-0,918025672435761;
484,75;484,75;1;1;1;4;0;0;-5878,71403686221;-0,92292420566082;
484,8;484,8;1;1;1;4;0;0;-5879,68723167708;-0,926208794116974;
484,85;484,85;1;1;1;4;0;0;-5880,30190456198;-0,930601879954338;
484,9;484,9;1;1;1;4;0;0;-5881,51873335668;-0,935215055942535;
484,95;484,95;1;1;1;4;0;0;-5882,61352164404;-0,938720554113388;
485;485;1;1;1;4;0;0;-5883,35247021041;-0,941594839096069;
485,05;485,05;1;1;1;4;0;0;-5884,01765803058;-0,943694487214088;
485,1;485,1;1;1;1;4;0;0;-5884,36455705508;-0,945883318781853;
485,15;485,15;1;1;1;4;0;0;-5884,66764666669;-0,946505814790726;
485,2;485,2;1;1;1;4;0;0;-5884,89071704455;-0,949092656373978;
485,25;485,25;1;1;1;4;0;0;-5886,63281175908;-0,95902793109417;
485,3;485,3;1;1;1;4;0;0;-5888,8644096074;-0,968455299735069;
485,35;485,35;1;1;1;4;0;0;-5890,52603805335;-0,976428613066673;
485,4;485,4;1;1;1;4;0;0;-5891,32444225149;-0,979964584112167;
485,45;485,45;1;1;1;4;0;0;-5892,27841456886;-0,986474752426147;
485,5;485,5;1;1;1;4;0;0;-5893,67763357231;-0,989833176136017;
485,55;485,55;1;1;1;4;0;0;-5894,45905044709;-0,994292944669724;
485,6;485,6;1;1;1;4;0;0;-5895,34641457547;-0,999005362391472;
485,65;485,65;1;1;1;4;0;0;-5896,46221349963;-1,00449860095978;
485,7;485,7;1;1;1;4;0;0;-5897,57801242379;-1,00840918719769;
485,75;485,75;1;1;1;4;0;0;-5898,69381134795;-1,01282969117165;
485,8;485,8;1;1;1;4;0;0;-5899,72914400354;-1,01632542908192;
485,85;485,85;1;1;1;4;0;0;-5900,45289338584;-1,02041617035866;
485,9;485,9;1;1;1;4;0;0;-5901,17887794227;-1,02676928043365;
485,95;485,95;1;1;1;4;0;0;-5902,60313089594;-1,0294733941555;
486;486;1;1;1;4;0;0;-5903,20528680574;-1,03212289512157;
486,05;486,05;1;1;1;4;0;0;-5903,76408033747;-1,03656254708767;
486,1;486,1;1;1;1;4;0;0;-5905,34211327107;-1,04471683502197;
486,15;486,15;1;1;1;4;0;0;-5906,76144884167;-1,04938827455044;
486,2;486,2;1;1;1;4;0;0;-5907,31800719927;-1,05141252279282;
486,25;486,25;1;1;1;4;0;0;-5907,84461422358;-1,05515845119953;
486,3;486,3;1;1;1;4;0;0;-5908,73689573504;-1,0573061555624;
486,35;486,35;1;1;1;4;0;0;-5909,56793347544;-1,0600271075964;
486,4;486,4;1;1;1;4;0;0;-5910,09677567386;-1,06323786079884;
486,45;486,45;1;1;1;4;0;0;-5911,12316763295;-1,06731340289116;
486,5;486,5;1;1;1;4;0;0;-5912,15358290546;-1,07240937650204;
486,55;486,55;1;1;1;4;0;0;-5912,86839159125;-1,07528083026409;
486,6;486,6;1;1;1;4;0;0;-5913,41556221752;-1,0767824202776;
486,65;486,65;1;1;1;4;0;0;-5913,86170297325;-1,0788868367672;
486,7;486,7;1;1;1;4;0;0;-5914,30784372899;-1,08133785426617;
486,75;486,75;1;1;1;4;0;0;-5914,75443151955;-1,08365967869759;
486,8;486,8;1;1;1;4;0;0;-5915,96902514012;-1,09090223908424;
486,85;486,85;1;1;1;4;0;0;-5918,07411213285;-1,09908685088158;
486,9;486,9;1;1;1;4;0;0;-5919,15191309686;-1,10450848937035;
486,95;486,95;1;1;1;4;0;0;-5920,15595331467;-1,10981769859791;
487;487;1;1;1;4;0;0;-5921,16044056731;-1,11541830003262;
487,05;487,05;1;1;1;4;0;0;-5922,23377118306;-1,12012811005116;
487,1;487,1;1;1;1;4;0;0;-5923,46088177874;-1,12369857728481;
487,15;487,15;1;1;1;4;0;0;-5924,21190028538;-1,12911462783813;
487,2;487,2;1;1;1;4;0;0;-5925,31160595583;-1,13373197615147;
487,25;487,25;1;1;1;4;0;0;-5926,47970795456;-1,13821819424629;
487,3;487,3;1;1;1;4;0;0;-5927,26067779451;-1,1431211233139;
487,35;487,35;1;1;1;4;0;0;-5928,27812905708;-1,14729143679142;
487,4;487,4;1;1;1;4;0;0;-5929,50568668759;-1,15251310169697;
487,45;487,45;1;1;1;4;0;0;-5930,69658746241;-1,15817941725254;
487,5;487,5;1;1;1;4;0;0;-5931,65771233699;-1,16121597588062;
487,55;487,55;1;1;1;4;0;0;-5932,44672880379;-1,16686441004276;
487,6;487,6;1;1;1;4;0;0;-5933,45211012608;-1,17112450301647;
487,65;487,65;1;1;1;4;0;0;-5934,67922072177;-1,1756132543087;
487,7;487,7;1;1;1;4;0;0;-5935,62916972571;-1,18048511445522;
487,75;487,75;1;1;1;4;0;0;-5936,41013956565;-1,18440866470337;
487,8;487,8;1;1;1;4;0;0;-5937,19602678868;-1,18909083306789;
487,85;487,85;1;1;1;4;0;0;-5938,47856970271;-1,19426369667053;
487,9;487,9;1;1;1;4;0;0;-5939,43745940316;-1,19596138596535;
487,95;487,95;1;1;1;4;0;0;-5939,88360015889;-1,19898356497288;
488;488;1;1;1;4;0;0;-5941,15094388886;-1,20506636798382;
488,05;488,05;1;1;1;4;0;0;-5942,26003729064;-1,21042333543301;
488,1;488,1;1;1;1;4;0;0;-5943,00658544903;-1,21135957539082;
488,15;488,15;1;1;1;4;0;0;-5943,2296558269;-1,21422298252583;
488,2;488,2;1;1;1;4;0;0;-5943,72675855272;-1,21724247932434;
488,25;488,25;1;1;1;4;0;0;-5944,50772839267;-1,22036062180996;
488,3;488,3;1;1;1;4;0;0;-5946,17516829136;-1,22644774615765;
488,35;488,35;1;1;1;4;0;0;-5946,7218918828;-1,23030140995979;
488,4;488,4;1;1;1;4;0;0;-5947,76214192147;-1,23486787080765;
488,45;488,45;1;1;1;4;0;0;-5949,21276992984;-1,24194234609604;
488,5;488,5;1;1;1;4;0;0;-5950,27984205804;-1,24486871063709;
488,55;488,55;1;1;1;4;0;0;-5950,91954889316;-1,24920003116131;
488,6;488,6;1;1;1;4;0;0;-5951,688001758;-1,25447154045105;
488,65;488,65;1;1;1;4;0;0;-5953,02687106003;-1,25871762633324;
488,7;488,7;1;1;1;4;0;0;-5954,21464259107;-1,26355916261673;
488,75;488,75;1;1;1;4;0;0;-5955,10737113737;-1,26772031188011;
488,8;488,8;1;1;1;4;0;0;-5956,00009968366;-1,27182200551033;
488,85;488,85;1;1;1;4;0;0;-5956,89238119513;-1,27568811178207;
488,9;488,9;1;1;1;4;0;0;-5957,78510974142;-1,28110200166702;
488,95;488,95;1;1;1;4;0;0;-5958,67783828771;-1,28558069467545;
489;489;1;1;1;4;0;0;-5959,66042083391;-1,28909051418304;
489,05;489,05;1;1;1;4;0;0;-5960,64568558906;-1,29359632730484;
489,1;489,1;1;1;1;4;0;0;-5961,53841413535;-1,29770219326019;
489,15;489,15;1;1;1;4;0;0;-5962,43069564682;-1,30247056484222;
489,2;489,2;1;1;1;4;0;0;-5963,32342419311;-1,30627945065498;
489,25;489,25;1;1;1;4;0;0;-5964,2161527394;-1,31117686629295;
489,3;489,3;1;1;1;4;0;0;-5965,1088812857;-1,31551519036293;
489,35;489,35;1;1;1;4;0;0;-5966,03379633942;-1,32005155086517;
489,4;489,4;1;1;1;4;0;0;-5967,26001286545;-1,32456436753273;
489,45;489,45;1;1;1;4;0;0;-5968,41515085424;-1,32790595293045;
489,5;489,5;1;1;1;4;0;0;-5969,15141721165;-1,33034139871597;
489,55;489,55;1;1;1;4;0;0;-5969,91048234515;-1,33703112602234;
489,6;489,6;1;1;1;4;0;0;-5971,1299933488;-1,34121879935265;
489,65;489,65;1;1;1;4;0;0;-5971,69638647256;-1,34589359164238;
489,7;489,7;1;1;1;4;0;0;-5973,29721818227;-1,35141208767891;
489,75;489,75;1;1;1;4;0;0;-5974,38932426068;-1,35568395256996;
489,8;489,8;1;1;1;4;0;0;-5975,17029410063;-1,36048883199692;
489,85;489,85;1;1;1;4;0;0;-5975,95126394057;-1,36469677090645;
489,9;489,9;1;1;1;4;0;0;-5977,10148454629;-1,36935979127884;
489,95;489,95;1;1;1;4;0;0;-5978,2163894008;-1,37290328741074;
490;490;1;1;1;4;0;0;-5978,94505616618;-1,37671455740929;
490,05;490,05;1;1;1;4;0;0;-5979,6147143346;-1,38073161244392;
490,1;490,1;1;1;1;4;0;0;-5980,59327356737;-1,38555109500885;
490,15;490,15;1;1;1;4;0;0;-5981,59776082001;-1,38892009854317;
490,2;490,2;1;1;1;4;0;0;-5982,60180103782;-1,39464005827904;
490,25;490,25;1;1;1;4;0;0;-5983,60584125563;-1,39796078205109;
490,3;490,3;1;1;1;4;0;0;-5984,61032850827;-1,40261262655258;
490,35;490,35;1;1;1;4;0;0;-5985,48115234812;-1,40676811337471;
490,4;490,4;1;1;1;4;0;0;-5986,26212218807;-1,41161069273949;
490,45;490,45;1;1;1;4;0;0;-5987,33187652522;-1,41581624746323;
490,5;490,5;1;1;1;4;0;0;-5988,3935842355;-1,42048418521881;
490,55;490,55;1;1;1;4;0;0;-5989,2863127818;-1,42378568649292;
490,6;490,6;1;1;1;4;0;0;-5990,16294807438;-1,42827019095421;
490,65;490,65;1;1;1;4;0;0;-5990,94391791432;-1,43286287784576;
490,7;490,7;1;1;1;4;0;0;-5991,92650046052;-1,43765702843666;
490,75;490,75;1;1;1;4;0;0;-5993,04229938468;-1,4409676194191;
490,8;490,8;1;1;1;4;0;0;-5993,88183078675;-1,44553333520889;
490,85;490,85;1;1;1;4;0;0;-5994,69945748238;-1,45010590553284;
490,9;490,9;1;1;1;4;0;0;-5995,92656807806;-1,45583018660545;
490,95;490,95;1;1;1;4;0;0;-5996,90602138048;-1,45731046795845;
491;491;1;1;1;4;0;0;-5997,35216213621;-1,45888134837151;
491,05;491,05;1;1;1;4;0;0;-5997,69056749903;-1,46216198801994;
491,1;491,1;1;1;1;4;0;0;-5998,62039993583;-1,46618068218231;
491,15;491,15;1;1;1;4;0;0;-5999,6360630591;-1,46856963634491;
491,2;491,2;1;1;1;4;0;0;-5999,85913343697;-1,46920949220657;
491,25;491,25;1;1;1;4;0;0;-6000,08220381484;-1,47285833954811;
491,3;491,3;1;1;1;4;0;0;-6001,96377339488;-1,4845335483551;
491,35;491,35;1;1;1;4;0;0;-6004,29684814856;-1,49277895689011;
491,4;491,4;1;1;1;4;0;0;-6005,46539718212;-1,49818569421768;
491,45;491,45;1;1;1;4;0;0;-6006,46943739993;-1,503015011549;
491,5;491,5;1;1;1;4;0;0;-6007,47392465257;-1,50866910815239;
491,55;491,55;1;1;1;4;0;0;-6008,47796487038;-1,51432707905769;
491,6;491,6;1;1;1;4;0;0;-6009,48245212302;-1,5176385641098;
491,65;491,65;1;1;1;4;0;0;-6010,48649234084;-1,52217388153076;
491,7;491,7;1;1;1;4;0;0;-6011,49053255865;-1,5275114774704;
491,75;491,75;1;1;1;4;0;0;-6012,49501981129;-1,53169721364975;
491,8;491,8;1;1;1;4;0;0;-6013,4990600291;-1,53532162308693;
491,85;491,85;1;1;1;4;0;0;-6014,49058327181;-1,54066860675812;
491,9;491,9;1;1;1;4;0;0;-6015,38286478328;-1,54469415545464;
491,95;491,95;1;1;1;4;0;0;-6016,27559332957;-1,5490397810936;
492;492;1;1;1;4;0;0;-6017,16832187586;-1,55270338058472;
492,05;492,05;1;1;1;4;0;0;-6018,08608437238;-1,55775472521782;
492,1;492,1;1;1;1;4;0;0;-6019,29307840091;-1,56269535422325;
492,15;492,15;1;1;1;4;0;0;-6020,07985969359;-1,56628683209419;
492,2;492,2;1;1;1;4;0;0;-6020,86127656836;-1,56888827681541;
492,25;492,25;1;1;1;4;0;0;-6021,64224640831;-1,57279402017593;
492,3;492,3;1;1;1;4;0;0;-6022,42321624826;-1,57748773694038;
492,35;492,35;1;1;1;4;0;0;-6023,68385445584;-1,58110707998276;
492,4;492,4;1;1;1;4;0;0;-6024,38167581827;-1,58312410116196;
492,45;492,45;1;1;1;4;0;0;-6024,827816574;-1,5858282148838;
492,5;492,5;1;1;1;4;0;0;-6025,33207185704;-1,58924669027328;
492,55;492,55;1;1;1;4;0;0;-6026,22345929885;-1,59131228923798;
492,6;492,6;1;1;1;4;0;0;-6026,69865731824;-1,59337386488914;
492,65;492,65;1;1;1;4;0;0;-6027,14479807397;-1,5961866080761;
492,7;492,7;1;1;1;4;0;0;-6027,77064682951;-1,59818559885025;
492,75;492,75;1;1;1;4;0;0;-6028,79256844034;-1,6057276725769;
492,8;492,8;1;1;1;4;0;0;-6030,9034668858;-1,61507055163383;
492,85;492,85;1;1;1;4;0;0;-6032,25082984951;-1,62034526467323;
492,9;492,9;1;1;1;4;0;0;-6033,14758170923;-1,62557885050774;
492,95;492,95;1;1;1;4;0;0;-6034,0398632207;-1,63022890686989;
493;493;1;1;1;4;0;0;-6035,30273660241;-1,63650676608086;
493,05;493,05;1;1;1;4;0;0;-6036,53565865083;-1,64078757166862;
493,1;493,1;1;1;1;4;0;0;-6037,26700762515;-1,64500638842583;
493,15;493,15;1;1;1;4;0;0;-6038,04350711685;-1,65035411715508;
493,2;493,2;1;1;1;4;0;0;-6039,74626276674;-1,65461331605911;
493,25;493,25;1;1;1;4;0;0;-6040,62468619862;-1,66035130620003;
493,3;493,3;1;1;1;4;0;0;-6041,40565603856;-1,66489630937576;
493,35;493,35;1;1;1;4;0;0;-6042,43607131108;-1,67007580399513;
493,4;493,4;1;1;1;4;0;0;-6043,63725388688;-1,67342349886894;
493,45;493,45;1;1;1;4;0;0;-6044,54831086102;-1,67994990944862;
493,5;493,5;1;1;1;4;0;0;-6045,55235107883;-1,6831162571907;
493,55;493,55;1;1;1;4;0;0;-6046,55639129665;-1,68869718909264;
493,6;493,6;1;1;1;4;0;0;-6047,56087854929;-1,69221773743629;
493,65;493,65;1;1;1;4;0;0;-6048,5649187671;-1,69758796691895;
493,7;493,7;1;1;1;4;0;0;-6049,56940601974;-1,70219913125038;
493,75;493,75;1;1;1;4;0;0;-6050,57344623755;-1,70691981911659;
493,8;493,8;1;1;1;4;0;0;-6051,42370647543;-1,7083166539669;
493,85;493,85;1;1;1;4;0;0;-6051,86984723117;-1,71379119157791;
493,9;493,9;1;1;1;4;0;0;-6053,12377991637;-1,71713754534721;
493,95;493,95;1;1;1;4;0;0;-6053,99862706965;-1,72210589051247;
494;494;1;1;1;4;0;0;-6054,66783820325;-1,72442063689232;
494,05;494,05;1;1;1;4;0;0;-6055,33749637168;-1,72752127051353;
494,1;494,1;1;1;1;4;0;0;-6056,00670750528;-1,73088744282722;
494,15;494,15;1;1;1;4;0;0;-6057,34289459835;-1,73543706536293;
494,2;494,2;1;1;1;4;0;0;-6057,99645951306;-1,73832416534424;
494,25;494,25;1;1;1;4;0;0;-6058,57179333333;-1,74437627196312;
494,3;494,3;1;1;1;4;0;0;-6059,87624095381;-1,7498454451561;
494,35;494,35;1;1;1;4;0;0;-6061,21511025583;-1,75505563616753;
494,4;494,4;1;1;1;4;0;0;-6062,44311492116;-1,76070034503937;
494,45;494,45;1;1;1;4;0;0;-6063,37920584552;-1,76405057311058;
494,5;494,5;1;1;1;4;0;0;-6064,16911638198;-1,7692819237709;
494,55;494,55;1;1;1;4;0;0;-6064,95008622192;-1,77254691720009;
494,6;494,6;1;1;1;4;0;0;-6065,76368960412;-1,77710995078087;
494,65;494,65;1;1;1;4;0;0;-6066,76817685676;-1,7824125289917;
494,7;494,7;1;1;1;4;0;0;-6067,86520031825;-1,78665354847908;
494,75;494,75;1;1;1;4;0;0;-6068,98099924241;-1,7904406785965;
494,8;494,8;1;1;1;4;0;0;-6069,94793556972;-1,79581791162491;
494,85;494,85;1;1;1;4;0;0;-6070,84066411601;-1,79978653788567;
494,9;494,9;1;1;1;4;0;0;-6071,73339266231;-1,80341422557831;
494,95;494,95;1;1;1;4;0;0;-6072,6261212086;-1,80803179740906;
495;495;1;1;1;4;0;0;-6073,91671074949;-1,81276306509972;
495,05;495,05;1;1;1;4;0;0;-6074,53943026125;-1,81690663099289;
495,1;495,1;1;1;1;4;0;0;-6075,29447208132;-1,82178020477295;
495,15;495,15;1;1;1;4;0;0;-6076,41027100548;-1,82554870843887;
495,2;495,2;1;1;1;4;0;0;-6077,52606992964;-1,82996347546577;
495,25;495,25;1;1;1;4;0;0;-6078,57213142104;-1,83519050478935;
495,3;495,3;1;1;1;4;0;0;-6079,46485996733;-1,83942198753357;
495,35;495,35;1;1;1;4;0;0;-6080,35758851363;-1,84413209557533;
495,4;495,4;1;1;1;4;0;0;-6081,25031705992;-1,84762313961983;
495,45;495,45;1;1;1;4;0;0;-6082,14304560621;-1,85253039002419;
495,5;495,5;1;1;1;4;0;0;-6083,03532711768;-1,85690388083458;
495,55;495,55;1;1;1;4;0;0;-6083,92805566398;-1,86154410243034;
495,6;495,6;1;1;1;4;0;0;-6084,98439895636;-1,86680182814598;
495,65;495,65;1;1;1;4;0;0;-6086,10019788052;-1,87035828828812;
495,7;495,7;1;1;1;4;0;0;-6087,14849454605;-1,87468826770782;
495,75;495,75;1;1;1;4;0;0;-6088,04077605751;-1,87920406460762;
495,8;495,8;1;1;1;4;0;0;-6088,93350460381;-1,88476726412773;
495,85;495,85;1;1;1;4;0;0;-6090,01622295089;-1,88891112804413;
495,9;495,9;1;1;1;4;0;0;-6091,24378058139;-1,89364865422249;
495,95;495,95;1;1;1;4;0;0;-6092,25497335641;-1,89955696463585;
496;496;1;1;1;4;0;0;-6093,14770190271;-1,90345942974091;
496,05;496,05;1;1;1;4;0;0;-6094,040430449;-1,90795049071312;
496,1;496,1;1;1;1;4;0;0;-6095,21479093529;-1,91229954361916;
496,15;496,15;1;1;1;4;0;0;-6096,20139679491;-1,91643103957176;
496,2;496,2;1;1;1;4;0;0;-6096,98236663486;-1,91994354128838;
496,25;496,25;1;1;1;4;0;0;-6097,7633364748;-1,92543029785156;
496,3;496,3;1;1;1;4;0;0;-6098,54475334958;-1,92876607179642;
496,35;496,35;1;1;1;4;0;0;-6099,69765616424;-1,93409278988838;
496,4;496,4;1;1;1;4;0;0;-6100,86397002367;-1,9377326965332;
496,45;496,45;1;1;1;4;0;0;-6101,57699057016;-1,94298893213272;
496,5;496,5;1;1;1;4;0;0;-6102,39417023096;-1,94734454154968;
496,55;496,55;1;1;1;4;0;0;-6103,50996915512;-1,95027992129326;
496,6;496,6;1;1;1;4;0;0;-6104,32759585075;-1,95271924138069;
496,65;496,65;1;1;1;4;0;0;-6104,84079183029;-1,95461764931679;
496,7;496,7;1;1;1;4;0;0;-6105,29229700393;-1,96031898260117;
496,75;496,75;1;1;1;4;0;0;-6106,5931683458;-1,96308746933937;
496,8;496,8;1;1;1;4;0;0;-6107,25120360877;-1,96897029876709;
496,85;496,85;1;1;1;4;0;0;-6108,27223114994;-1,97349831461906;
496,9;496,9;1;1;1;4;0;0;-6109,3880300741;-1,97910234332085;
496,95;496,95;1;1;1;4;0;0;-6110,50382899826;-1,98491036891937;
497;497;1;1;1;4;0;0;-6111,61962792242;-1,98753178119659;
497,05;497,05;1;1;1;4;0;0;-6112,73542684658;-1,99284508824348;
497,1;497,1;1;1;1;4;0;0;-6113,71935049726;-1,99715867638588;
497,15;497,15;1;1;1;4;0;0;-6114,43281807857;-2,00172528624535;
497,2;497,2;1;1;1;4;0;0;-6115,10694659525;-2,00661152601242;
497,25;497,25;1;1;1;4;0;0;-6116,40334758887;-2,01091438531876;
497,3;497,3;1;1;1;4;0;0;-6117,70556003521;-2,01573520898819;
497,35;497,35;1;1;1;4;0;0;-6118,59605340738;-2,02027171850204;
497,4;497,4;1;1;1;4;0;0;-6119,37702324732;-2,0241679251194;
497,45;497,45;1;1;1;4;0;0;-6120,15799308727;-2,02816411852837;
497,5;497,5;1;1;1;4;0;0;-6120,96980833017;-2,03397855162621;
497,55;497,55;1;1;1;4;0;0;-6122,18976636864;-2,03764602541924;
497,6;497,6;1;1;1;4;0;0;-6123,3565272629;-2,04234883189201;
497,65;497,65;1;1;1;4;0;0;-6124,24880877437;-2,04699337482452;
497,7;497,7;1;1;1;4;0;0;-6125,13438476345;-2,05122068524361;
497,75;497,75;1;1;1;4;0;0;-6125,80493700153;-2,0562881231308;
497,8;497,8;1;1;1;4;0;0;-6126,88676127896;-2,06015676259995;
497,85;497,85;1;1;1;4;0;0;-6128,00256020312;-2,064358741045;
497,9;497,9;1;1;1;4;0;0;-6128,93328670957;-2,06841051578522;
497,95;497,95;1;1;1;4;0;0;-6129,71425654952;-2,07288861274719;
498;498;1;1;1;4;0;0;-6130,6208431754;-2,07746148109436;
498,05;498,05;1;1;1;4;0;0;-6131,73664209956;-2,08215966820717;
498,1;498,1;1;1;1;4;0;0;-6132,78806800886;-2,08653092384338;
498,15;498,15;1;1;1;4;0;0;-6133,61597650547;-2,0909595489502;
498,2;498,2;1;1;1;4;0;0;-6134,39694634542;-2,09589436650276;
498,25;498,25;1;1;1;4;0;0;-6135,38489330952;-2,10019960999489;
498,3;498,3;1;1;1;4;0;0;-6136,38938056216;-2,10454419255257;
498,35;498,35;1;1;1;4;0;0;-6137,39342077997;-2,10972785949707;
498,4;498,4;1;1;1;4;0;0;-6138,39790803261;-2,11426496505737;
498,45;498,45;1;1;1;4;0;0;-6139,40194825043;-2,11811244487762;
498,5;498,5;1;1;1;4;0;0;-6140,40598846824;-2,12469637393951;
498,55;498,55;1;1;1;4;0;0;-6141,41047572088;-2,12850794196129;
498,6;498,6;1;1;1;4;0;0;-6142,4145159387;-2,13282853364944;
498,65;498,65;1;1;1;4;0;0;-6143,41855615651;-2,13616207242012;
498,7;498,7;1;1;1;4;0;0;-6144,14275257363;-2,13806629180908;
498,75;498,75;1;1;1;4;0;0;-6144,70065203571;-2,14363232254982;
498,8;498,8;1;1;1;4;0;0;-6145,88484728816;-2,14753225445747;
498,85;498,85;1;1;1;4;0;0;-6147,02210388393;-2,1523080766201;
498,9;498,9;1;1;1;4;0;0;-6147,85895307705;-2,15956747531891;
498,95;498,95;1;1;1;4;0;0;-6149,11780314534;-2,1615344285965;
499;499;1;1;1;4;0;0;-6149,57288459758;-2,16594964265823;
499,05;499,05;1;1;1;4;0;0;-6150,30423357191;-2,17004880309105;
499,1;499,1;1;1;1;4;0;0;-6151,50452207806;-2,17585206031799;
499,15;499,15;1;1;1;4;0;0;-6152,73207970857;-2,17945605516434;
499,2;499,2;1;1;1;4;0;0;-6153,58725732953;-2,18404620885849;
499,25;499,25;1;1;1;4;0;0;-6154,36822716948;-2,18736067414284;
499,3;499,3;1;1;1;4;0;0;-6155,16573729797;-2,19302088022232;
499,35;499,35;1;1;1;4;0;0;-6156,48404299803;-2,19715237617493;
499,4;499,4;1;1;1;4;0;0;-6157,50685867851;-2,20189660787582;
499,45;499,45;1;1;1;4;0;0;-6158,58734185146;-2,20831841230392;
499,5;499,5;1;1;1;4;0;0;-6159,26504664674;-2,21045598387718;
499,55;499,55;1;1;1;4;0;0;-6159,82205203917;-2,21478208899498;
499,6;499,6;1;1;1;4;0;0;-6161,04916263485;-2,21900776028633;
499,65;499,65;1;1;1;4;0;0;-6162,18150184755;-2,22373798489571;
499,7;499,7;1;1;1;4;0;0;-6162,9624716875;-2,22837820649147;
499,75;499,75;1;1;1;4;0;0;-6163,76534623389;-2,23254606127739;
499,8;499,8;1;1;1;4;0;0;-6164,87712184462;-2,23762676119804;
499,85;499,85;1;1;1;4;0;0;-6165,99292076878;-2,24238336086273;
499,9;499,9;1;1;1;4;0;0;-6167,02735935472;-2,24600702524185;
499,95;499,95;1;1;1;4;0;0;-6167,76228460765;-2,2507905960083;
500;500;1;1;1;4;0;0;-6168,47441108449;-2,2558656334877;
500,05;500,05;1;1;1;4;0;0;-6169,69258098366;-2,25943103432655;
500,1;500,1;1;1;1;4;0;0;-6170,81955577846;-2,26372867822647;
500,15;500,15;1;1;1;4;0;0;-6171,65729904123;-2,26849302649498;
500,2;500,2;1;1;1;4;0;0;-6172,43826888118;-2,2731015086174;
500,25;500,25;1;1;1;4;0;0;-6173,32563300957;-2,27767691016197;
500,3;500,3;1;1;1;4;0;0;-6174,55319064007;-2,28140354156494;
500,35;500,35;1;1;1;4;0;0;-6175,49732819128;-2,28591203689575;
500,4;500,4;1;1;1;4;0;0;-6176,18129147412;-2,29053422808647;
500,45;500,45;1;1;1;4;0;0;-6177,00875293591;-2,29579851031303;
500,5;500,5;1;1;1;4;0;0;-6178,23586353159;-2,29921072721481;
500,55;500,55;1;1;1;4;0;0;-6179,41648250543;-2,30390220880508;
500,6;500,6;1;1;1;4;0;0;-6180,27344826569;-2,3085543513298;
500,65;500,65;1;1;1;4;0;0;-6181,05441810564;-2,31268063187599;
500,7;500,7;1;1;1;4;0;0;-6181,83672905006;-2,31808036565781;
500,75;500,75;1;1;1;4;0;0;-6182,93196437225;-2,3220457136631;
500,8;500,8;1;1;1;4;0;0;-6184,04776329641;-2,32583746314049;
500,85;500,85;1;1;1;4;0;0;-6185,07639042962;-2,33094185590744;
500,9;500,9;1;1;1;4;0;0;-6185,8877586377;-2,33570441603661;
500,95;500,95;1;1;1;4;0;0;-6186,77020538301;-2,34056025743485;
501;501;1;1;1;4;0;0;-6187,99731597869;-2,34676882624626;
501,05;501,05;1;1;1;4;0;0;-6189,22487360919;-2,35069870948792;
501,1;501,1;1;1;1;4;0;0;-6190,12877802612;-2,35460475087166;
501,15;501,15;1;1;1;4;0;0;-6190,90974786607;-2,36034899950027;
501,2;501,2;1;1;1;4;0;0;-6191,69071770602;-2,3624624311924;
501,25;501,25;1;1;1;4;0;0;-6192,47168754596;-2,36685216426849;
501,3;501,3;1;1;1;4;0;0;-6193,25265738591;-2,37108692526817;
501,35;501,35;1;1;1;4;0;0;-6194,03407426068;-2,37532883882523;
501,4;501,4;1;1;1;4;0;0;-6194,90176885675;-2,37825006246567;
501,45;501,45;1;1;1;4;0;0;-6195,79405036822;-2,38331943750381;
501,5;501,5;1;1;1;4;0;0;-6196,8432411034;-2,38791510462761;
501,55;501,55;1;1;1;4;0;0;-6198,07035169908;-2,3930050432682;
501,6;501,6;1;1;1;4;0;0;-6199,21610195654;-2,39842399954796;
501,65;501,65;1;1;1;4;0;0;-6200,05161004518;-2,40133509039879;
501,7;501,7;1;1;1;4;0;0;-6200,83257988513;-2,40657985210419;
501,75;501,75;1;1;1;4;0;0;-6201,95106101824;-2,41085559129715;
501,8;501,8;1;1;1;4;0;0;-6203,0105335544;-2,41576015949249;
501,85;501,85;1;1;1;4;0;0;-6203,79195042918;-2,42006480693817;
501,9;501,9;1;1;1;4;0;0;-6204,8894209255;-2,42444649338722;
501,95;501,95;1;1;1;4;0;0;-6205,88317934233;-2,42870882153511;
502;502;1;1;1;4;0;0;-6206,60424651567;-2,43268415331841;
502,05;502,05;1;1;1;4;0;0;-6207,27345764927;-2,43743285536766;
502,1;502,1;1;1;1;4;0;0;-6208,43172488184;-2,44176641106606;
502,15;502,15;1;1;1;4;0;0;-6209,65928251235;-2,44734019041061;
502,2;502,2;1;1;1;4;0;0;-6210,74691824251;-2,45086491107941;
502,25;502,25;1;1;1;4;0;0;-6211,41612937611;-2,45520159602165;
502,3;502,3;1;1;1;4;0;0;-6212,10858632063;-2,46045708656311;
502,35;502,35;1;1;1;4;0;0;-6213,10905025984;-2,46505975723267;
502,4;502,4;1;1;1;4;0;0;-6214,11353751248;-2,46900141239166;
502,45;502,45;1;1;1;4;0;0;-6215,1175777303;-2,47411951422691;
502,5;502,5;1;1;1;4;0;0;-6216,12161794811;-2,47780084609985;
502,55;502,55;1;1;1;4;0;0;-6217,12610520075;-2,4824945628643;
502,6;502,6;1;1;1;4;0;0;-6218,13014541856;-2,48691573739052;
502,65;502,65;1;1;1;4;0;0;-6219,1346326712;-2,49178618192673;
502,7;502,7;1;1;1;4;0;0;-6219,98891622251;-2,4961394071579;
502,75;502,75;1;1;1;4;0;0;-6220,82621245046;-2,50071972608566;
502,8;502,8;1;1;1;4;0;0;-6221,94201137462;-2,50539869070053;
502,85;502,85;1;1;1;4;0;0;-6223,02338861722;-2,50968962907791;
502,9;502,9;1;1;1;4;0;0;-6223,94293925304;-2,51453995704651;
502,95;502,95;1;1;1;4;0;0;-6224,83566779933;-2,5186887383461;
503;503;1;1;1;4;0;0;-6225,72839634563;-2,52273559570313;
503,05;503,05;1;1;1;4;0;0;-6226,62112489192;-2,5274920463562;
503,1;503,1;1;1;1;4;0;0;-6227,51340640339;-2,53151446580887;
503,15;503,15;1;1;1;4;0;0;-6228,40613494968;-2,53715753555298;
503,2;503,2;1;1;1;4;0;0;-6229,31898006312;-2,54112124443054;
503,25;503,25;1;1;1;4;0;0;-6230,32302028093;-2,54443973302841;
503,3;503,3;1;1;1;4;0;0;-6231,32750753357;-2,54971742630005;
503,35;503,35;1;1;1;4;0;0;-6232,33154775138;-2,5541216135025;
503,4;503,4;1;1;1;4;0;0;-6233,34676383983;-2,5598207116127;
503,45;503,45;1;1;1;4;0;0;-6234,46256276399;-2,56481796503067;
503,5;503,5;1;1;1;4;0;0;-6235,57836168815;-2,569859623909;
503,55;503,55;1;1;1;4;0;0;-6236,62665835368;-2,57395029067993;
503,6;503,6;1;1;1;4;0;0;-6237,52028096962;-2,5783434510231;
503,65;503,65;1;1;1;4;0;0;-6238,41256248109;-2,58277088403702;
503,7;503,7;1;1;1;4;0;0;-6239,30529102738;-2,58709043264389;
503,75;503,75;1;1;1;4;0;0;-6240,19801957368;-2,58996158838272;
503,8;503,8;1;1;1;4;0;0;-6240,78631740388;-2,59462803602219;
503,85;503,85;1;1;1;4;0;0;-6241,79438093512;-2,59878873825073;
503,9;503,9;1;1;1;4;0;0;-6243,02193856563;-2,60436713695526;
503,95;503,95;1;1;1;4;0;0;-6243,93478367906;-2,60918319225311;
504;504;1;1;1;4;0;0;-6244,82751222536;-2,61276185512543;
504,05;504,05;1;1;1;4;0;0;-6245,72024077165;-2,61732161045074;
504,1;504,1;1;1;1;4;0;0;-6246,61296931794;-2,62142956256866;
504,15;504,15;1;1;1;4;0;0;-6247,50569786424;-2,6261904835701;
504,2;504,2;1;1;1;4;0;0;-6248,46637570399;-2,63197392225266;
504,25;504,25;1;1;1;4;0;0;-6249,6165963097;-2,63489991426468;
504,3;504,3;1;1;1;4;0;0;-6250,29161889603;-2,63933539390564;
504,35;504,35;1;1;1;4;0;0;-6251,07258873598;-2,64403820037842;
504,4;504,4;1;1;1;4;0;0;-6251,99839785935;-2,64918804168701;
504,45;504,45;1;1;1;4;0;0;-6253,11419678351;-2,65343993902206;
504,5;504,5;1;1;1;4;0;0;-6254,22954867285;-2,65782296657562;
504,55;504,55;1;1;1;4;0;0;-6255,31450219406;-2,66209721565247;
504,6;504,6;1;1;1;4;0;0;-6256,095472034;-2,66700476408005;
504,65;504,65;1;1;1;4;0;0;-6256,95377889874;-2,67155855894089;
504,7;504,7;1;1;1;4;0;0;-6257,95781911655;-2,67556548118591;
504,75;504,75;1;1;1;4;0;0;-6258,96185933437;-2,6804780960083;
504,8;504,8;1;1;1;4;0;0;-6259,91761979104;-2,6847180724144;
504,85;504,85;1;1;1;4;0;0;-6260,81034833733;-2,68971145153046;
504,9;504,9;1;1;1;4;0;0;-6261,70307688363;-2,69392043352127;
504,95;504,95;1;1;1;4;0;0;-6262,5953583951;-2,69885212182999;
505;505;1;1;1;4;0;0;-6263,48808694139;-2,70252257585526;
505,05;505,05;1;1;1;4;0;0;-6264,38081548768;-2,70750015974045;
505,1;505,1;1;1;1;4;0;0;-6265,27354403397;-2,71173804998398;
505,15;505,15;1;1;1;4;0;0;-6266,46936219188;-2,71596193313599;
505,2;505,2;1;1;1;4;0;0;-6267,69647278756;-2,7218234539032;
505,25;505,25;1;1;1;4;0;0;-6268,74789869686;-2,72519439458847;
505,3;505,3;1;1;1;4;0;0;-6269,48237691497;-2,72980719804764;
505,35;505,35;1;1;1;4;0;0;-6270,15158804857;-2,73445010185242;
505,4;505,4;1;1;1;4;0;0;-6271,04297549039;-2,73879677057266;
505,45;505,45;1;1;1;4;0;0;-6272,04746274303;-2,74404913187027;
505,5;505,5;1;1;1;4;0;0;-6273,13196922941;-2,74736285209656;
505,55;505,55;1;1;1;4;0;0;-6274,24776815357;-2,75253981351852;
505,6;505,6;1;1;1;4;0;0;-6275,31707545589;-2,75778830051422;
505,65;505,65;1;1;1;4;0;0;-6276,3211156737;-2,7609184384346;
505,7;505,7;1;1;1;4;0;0;-6276,9250597228;-2,76592195034027;
505,75;505,75;1;1;1;4;0;0;-6277,61975184145;-2,76967614889145;
505,8;505,8;1;1;1;4;0;0;-6278,62423909409;-2,77407914400101;
505,85;505,85;1;1;1;4;0;0;-6279,6282793119;-2,77978420257568;
505,9;505,9;1;1;1;4;0;0;-6280,63276656454;-2,7845174074173;
505,95;505,95;1;1;1;4;0;0;-6281,74811845387;-2,7888411283493;
506;506;1;1;1;4;0;0;-6282,86391737803;-2,79357999563217;
506,05;506,05;1;1;1;4;0;0;-6283,97971630219;-2,79883652925491;
506,1;506,1;1;1;1;4;0;0;-6285,04589436074;-2,80317187309265;
506,15;506,15;1;1;1;4;0;0;-6285,94935174284;-2,80819475650787;
506,2;506,2;1;1;1;4;0;0;-6286,84163325431;-2,81162470579147;
506,25;506,25;1;1;1;4;0;0;-6287,72855034787;-2,81638652086258;
506,3;506,3;1;1;1;4;0;0;-6288,55243553105;-2,82239437103271;
506,35;506,35;1;1;1;4;0;0;-6289,75317107204;-2,82482028007507;
506,4;506,4;1;1;1;4;0;0;-6290,42640551907;-2,82936006784439;
506,45;506,45;1;1;1;4;0;0;-6290,98430498115;-2,83299893140793;
506,5;506,5;1;1;1;4;0;0;-6292,22929696984;-2,83887147903442;
506,55;506,55;1;1;1;4;0;0;-6293,49932290876;-2,84269511699677;
506,6;506,6;1;1;1;4;0;0;-6294,22709560449;-2,84752011299133;
506,65;506,65;1;1;1;4;0;0;-6294,97453783253;-2,85265773534775;
506,7;506,7;1;1;1;4;0;0;-6296,29686684602;-2,85625368356705;
506,75;506,75;1;1;1;4;0;0;-6297,08498924317;-2,86117821931839;
506,8;506,8;1;1;1;4;0;0;-6297,8780290234;-2,86576062440872;
506,85;506,85;1;1;1;4;0;0;-6298,95359481328;-2,86918103694916;
506,9;506,9;1;1;1;4;0;0;-6299,51194131018;-2,87412256002426;
506,95;506,95;1;1;1;4;0;0;-6300,56202611501;-2,88001775741577;
507;507;1;1;1;4;0;0;-6301,78958374552;-2,88343995809555;
507,05;507,05;1;1;1;4;0;0;-6302,73059205295;-2,88729876279831;
507,1;507,1;1;1;1;4;0;0;-6303,337218311;-2,8924572467804;
507,15;507,15;1;1;1;4;0;0;-6304,84059642877;-2,89651721715927;
507,2;507,2;1;1;1;4;0;0;-6305,52724192056;-2,90190488100052;
507,25;507,25;1;1;1;4;0;0;-6306,3891250639;-2,90745258331299;
507,3;507,3;1;1;1;4;0;0;-6307,50894730149;-2,91091442108154;
507,35;507,35;1;1;1;4;0;0;-6308,01409665417;-2,91489243507385;
507,4;507,4;1;1;1;4;0;0;-6309,22824323992;-2,9191842675209;
507,45;507,45;1;1;1;4;0;0;-6310,45177755699;-2,92400687932968;
507,5;507,5;1;1;1;4;0;0;-6311,32260139684;-2,92927116155624;
507,55;507,55;1;1;1;4;0;0;-6312,10401827162;-2,93305426836014;
507,6;507,6;1;1;1;4;0;0;-6312,90555171353;-2,93867975473404;
507,65;507,65;1;1;1;4;0;0;-6313,79828025982;-2,94197559356689;
507,7;507,7;1;1;1;4;0;0;-6314,92436098497;-2,94772416353226;
507,75;507,75;1;1;1;4;0;0;-6316,21718569998;-2,95058190822601;
507,8;507,8;1;1;1;4;0;0;-6316,78670806752;-2,95550227165222;
507,85;507,85;1;1;1;4;0;0;-6317,44161408671;-2,96000987291336;
507,9;507,9;1;1;1;4;0;0;-6318,55607190639;-2,96403139829636;
507,95;507,95;1;1;1;4;0;0;-6319,67187083055;-2,96938091516495;
508;508;1;1;1;4;0;0;-6320,78766975471;-2,97465443611145;
508,05;508,05;1;1;1;4;0;0;-6321,87128217144;-2,97825068235397;
508,1;508,1;1;1;1;4;0;0;-6322,65225201139;-2,98261821269989;
508,15;508,15;1;1;1;4;0;0;-6323,43322185134;-2,98743456602097;
508,2;508,2;1;1;1;4;0;0;-6324,21553279576;-2,99199372529984;
508,25;508,25;1;1;1;4;0;0;-6325,20884417777;-2,99701452255249;
508,3;508,3;1;1;1;4;0;0;-6326,21288439558;-3,00162106752396;
508,35;508,35;1;1;1;4;0;0;-6327,21692461339;-3,00485640764236;
508,4;508,4;1;1;1;4;0;0;-6328,22141186603;-3,00913214683533;
508,45;508,45;1;1;1;4;0;0;-6329,22545208385;-3,01515579223633;
508,5;508,5;1;1;1;4;0;0;-6330,30370008267;-3,01913410425186;
508,55;508,55;1;1;1;4;0;0;-6331,147701833;-3,02311420440674;
508,6;508,6;1;1;1;4;0;0;-6331,83300622031;-3,02833884954453;
508,65;508,65;1;1;1;4;0;0;-6333,14371232834;-3,0333685874939;
508,7;508,7;1;1;1;4;0;0;-6334,46112395875;-3,03861111402512;
508,75;508,75;1;1;1;4;0;0;-6335,4235899378;-3,04334759712219;
508,8;508,8;1;1;1;4;0;0;-6336,3163184841;-3,04698407649994;
508,85;508,85;1;1;1;4;0;0;-6337,20859999557;-3,05129945278168;
508,9;508,9;1;1;1;4;0;0;-6338,10132854186;-3,05684506893158;
508,95;508,95;1;1;1;4;0;0;-6338,99405708815;-3,0601042509079;
509;509;1;1;1;4;0;0;-6339,88678563445;-3,0651980638504;
509,05;509,05;1;1;1;4;0;0;-6340,77951418074;-3,06967735290527;
509,1;509,1;1;1;1;4;0;0;-6341,67179569221;-3,07320594787598;
509,15;509,15;1;1;1;4;0;0;-6342,5645242385;-3,07866901159287;
509,2;509,2;1;1;1;4;0;0;-6343,45725278479;-3,08232843875885;
509,25;509,25;1;1;1;4;0;0;-6344,34998133108;-3,08728396892548;
509,3;509,3;1;1;1;4;0;0;-6345,24270987738;-3,09197157621384;
509,35;509,35;1;1;1;4;0;0;-6346,39740083135;-3,09683054685593;
509,4;509,4;1;1;1;4;0;0;-6347,52124638236;-3,10193240642548;
509,45;509,45;1;1;1;4;0;0;-6348,23784320745;-3,1050518155098;
509,5;509,5;1;1;1;4;0;0;-6348,92001835099;-3,11004459857941;
509,55;509,55;1;1;1;4;0;0;-6350,12611830988;-3,11433553695679;
509,6;509,6;1;1;1;4;0;0;-6351,35367594039;-3,12014698982239;
509,65;509,65;1;1;1;4;0;0;-6352,24729855633;-3,12364786863327;
509,7;509,7;1;1;1;4;0;0;-6353,0287154311;-3,12804996967316;
509,75;509,75;1;1;1;4;0;0;-6353,80968527105;-3,13288331031799;
509,8;509,8;1;1;1;4;0;0;-6354,590655111;-3,13713103532791;
509,85;509,85;1;1;1;4;0;0;-6355,71762990579;-3,14150094985962;
509,9;509,9;1;1;1;4;0;0;-6356,9451875363;-3,14689069986343;
509,95;509,95;1;1;1;4;0;0;-6358,04489320674;-3,15049678087235;
510;510;1;1;1;4;0;0;-6358,86564914615;-3,15584391355515;
510,05;510,05;1;1;1;4;0;0;-6359,64661898609;-3,16005080938339;
510,1;510,1;1;1;1;4;0;0;-6360,42758882604;-3,16467195749283;
510,15;510,15;1;1;1;4;0;0;-6361,57691536211;-3,16878825426102;
510,2;510,2;1;1;1;4;0;0;-6362,7602165449;-3,1735959649086;
510,25;510,25;1;1;1;4;0;0;-6363,58678393703;-3,17843109369278;
510,3;510,3;1;1;1;4;0;0;-6364,36775377698;-3,18282812833786;
510,35;510,35;1;1;1;4;0;0;-6365,14872361693;-3,18699657917023;
510,4;510,4;1;1;1;4;0;0;-6365,98914908865;-3,19226711988449;
510,45;510,45;1;1;1;4;0;0;-6367,42726012191;-3,19617211818695;
510,5;510,5;1;1;1;4;0;0;-6368,12195224056;-3,19937735795975;
510,55;510,55;1;1;1;4;0;0;-6368,61547868779;-3,20406824350357;
510,6;510,6;1;1;1;4;0;0;-6369,90606822867;-3,2107862830162;
510,65;510,65;1;1;1;4;0;0;-6371,23733793867;-3,21482479572296;
510,7;510,7;1;1;1;4;0;0;-6371,93739447522;-3,21956008672714;
510,75;510,75;1;1;1;4;0;0;-6372,60660560882;-3,22108745574951;
510,8;510,8;1;1;1;4;0;0;-6373,27626377725;-3,22473406791687;
510,85;510,85;1;1;1;4;0;0;-6373,94592194567;-3,22734534740448;
510,9;510,9;1;1;1;4;0;0;-6374,67235353692;-3,23279976844788;
510,95;510,95;1;1;1;4;0;0;-6376,83868430074;-3,24173420667648;
511;511;1;1;1;4;0;0;-6377,97325868756;-3,24767231941223;
511,05;511,05;1;1;1;4;0;0;-6378,86598723386;-3,25381934642792;
511,1;511,1;1;1;1;4;0;0;-6380,076557541;-3,26090306043625;
511,15;511,15;1;1;1;4;0;0;-6381,42749678331;-3,26374173164368;
511,2;511,2;1;1;1;4;0;0;-6382,16644534967;-3,26680719852448;
511,25;511,25;1;1;1;4;0;0;-6382,8361035181;-3,27256590127945;
511,3;511,3;1;1;1;4;0;0;-6383,69083410423;-3,27600836753845;
511,35;511,35;1;1;1;4;0;0;-6384,69487432205;-3,28071743249893;
511,4;511,4;1;1;1;4;0;0;-6385,69891453986;-3,28562408685684;
511,45;511,45;1;1;1;4;0;0;-6386,7034017925;-3,28938722610474;
511,5;511,5;1;1;1;4;0;0;-6387,5786959806;-3,29321682453156;
511,55;511,55;1;1;1;4;0;0;-6388,35966582055;-3,29726904630661;
511,6;511,6;1;1;1;4;0;0;-6389,1406356605;-3,30226004123688;
511,65;511,65;1;1;1;4;0;0;-6390,00520101279;-3,30689519643784;
511,7;511,7;1;1;1;4;0;0;-6391,0092412306;-3,31035912036896;
511,75;511,75;1;1;1;4;0;0;-6392,01372848324;-3,31509470939636;
511,8;511,8;1;1;1;4;0;0;-6393,01776870106;-3,31961542367935;
511,85;511,85;1;1;1;4;0;0;-6394,02180891887;-3,3240419626236;
511,9;511,9;1;1;1;4;0;0;-6394,97354606212;-3,3290421962738;
511,95;511,95;1;1;1;4;0;0;-6395,77776171298;-3,33362758159637;
512;512;1;1;1;4;0;0;-6396,57705998077;-3,33882093429565;
512,05;512,05;1;1;1;4;0;0;-6397,79880615855;-3,34232687950134;
512,1;512,1;1;1;1;4;0;0;-6398,53954286421;-3,34742605686188;
512,15;512,15;1;1;1;4;0;0;-6399,42958920155;-3,35269629955292;
512,2;512,2;1;1;1;4;0;0;-6400,54538812571;-3,35596799850464;
512,25;512,25;1;1;1;4;0;0;-6401,49131381622;-3,36095631122589;
512,3;512,3;1;1;1;4;0;0;-6402,27228365617;-3,36535215377808;
512,35;512,35;1;1;1;4;0;0;-6403,32013328687;-3,36982250213623;
512,4;512,4;1;1;1;4;0;0;-6404,43593221103;-3,37523639202118;
512,45;512,45;1;1;1;4;0;0;-6405,43863132437;-3,37813019752502;
512,5;512,5;1;1;1;4;0;0;-6406,22004819914;-3,38399767875671;
512,55;512,55;1;1;1;4;0;0;-6407,14943360112;-3,38885962963104;
512,6;512,6;1;1;1;4;0;0;-6408,37699123162;-3,39329421520233;
512,65;512,65;1;1;1;4;0;0;-6409,20713490236;-3,39773058891296;
512,7;512,7;1;1;1;4;0;0;-6409,88841597625;-3,4021332859993;
512,75;512,75;1;1;1;4;0;0;-6410,71766557734;-3,40726375579834;
512,8;512,8;1;1;1;4;0;0;-6412,05698191419;-3,41155290603638;
512,85;512,85;1;1;1;4;0;0;-6412,97072109727;-3,41654181480408;
512,9;512,9;1;1;1;4;0;0;-6413,74096210141;-3,42055201530457;
512,95;512,95;1;1;1;4;0;0;-6414,74500231923;-3,42490345239639;
513;513;1;1;1;4;0;0;-6415,73965480571;-3,42927396297455;
513,05;513,05;1;1;1;4;0;0;-6416,632383352;-3,43413710594177;
513,1;513,1;1;1;1;4;0;0;-6417,52511189829;-3,43904733657837;
513,15;513,15;1;1;1;4;0;0;-6418,41784044459;-3,44324171543121;
513,2;513,2;1;1;1;4;0;0;-6419,31056899088;-3,4478747844696;
513,25;513,25;1;1;1;4;0;0;-6420,28957525847;-3,45223277807236;
513,3;513,3;1;1;1;4;0;0;-6421,40537418263;-3,45710307359695;
513,35;513,35;1;1;1;4;0;0;-6422,41164957457;-3,46121728420258;
513,4;513,4;1;1;1;4;0;0;-6423,12914046931;-3,4658083319664;
513,45;513,45;1;1;1;4;0;0;-6423,9302268764;-3,47098171710968;
513,5;513,5;1;1;1;4;0;0;-6425,04602580056;-3,47559571266174;
513,55;513,55;1;1;1;4;0;0;-6426,16182472472;-3,48041176795959;
513,6;513,6;1;1;1;4;0;0;-6427,27762364888;-3,48530143499374;
513,65;513,65;1;1;1;4;0;0;-6428,18108103099;-3,48955750465393;
513,7;513,7;1;1;1;4;0;0;-6428,96205087093;-3,49345862865448;
513,75;513,75;1;1;1;4;0;0;-6429,74302071088;-3,49629163742065;
513,8;513,8;1;1;1;4;0;0;-6430,52399055083;-3,50204527378082;
513,85;513,85;1;1;1;4;0;0;-6431,72696126594;-3,50711286067963;
513,9;513,9;1;1;1;4;0;0;-6433,09488783161;-3,51352691650391;
513,95;513,95;1;1;1;4;0;0;-6434,21068675577;-3,51809054613113;
514;514;1;1;1;4;0;0;-6435,19326930197;-3,5230416059494;
514,05;514,05;1;1;1;4;0;0;-6435,99703791801;-3,52745085954666;
514,1;514,1;1;1;1;4;0;0;-6436,77800775796;-3,53256553411484;
514,15;514,15;1;1;1;4;0;0;-6437,5589775979;-3,53655129671097;
514,2;514,2;1;1;1;4;0;0;-6438,54871270131;-3,54161739349365;
514,25;514,25;1;1;1;4;0;0;-6439,55275291912;-3,54548782110214;
514,3;514,3;1;1;1;4;0;0;-6440,55679313693;-3,54950070381165;
514,35;514,35;1;1;1;4;0;0;-6441,34670367339;-3,55370253324509;
514,4;514,4;1;1;1;4;0;0;-6442,01636184181;-3,55793446302414;
514,45;514,45;1;1;1;4;0;0;-6443,12858448737;-3,56223165988922;
514,5;514,5;1;1;1;4;0;0;-6444,35614211788;-3,5676583647728;
514,55;514,55;1;1;1;4;0;0;-6445,37046413667;-3,57305437326431;
514,6;514,6;1;1;1;4;0;0;-6446,26319268297;-3,57614606618881;
514,65;514,65;1;1;1;4;0;0;-6446,94581486133;-3,58053475618362;
514,7;514,7;1;1;1;4;0;0;-6447,90291642248;-3,58632773160934;
514,75;514,75;1;1;1;4;0;0;-6449,26592560508;-3,59020203351974;
514,8;514,8;1;1;1;4;0;0;-6449,99906271871;-3,59519481658936;
514,85;514,85;1;1;1;4;0;0;-6450,66872088713;-3,59924465417862;
514,9;514,9;1;1;1;4;0;0;-6451,60794105527;-3,6038526892662;
514,95;514,95;1;1;1;4;0;0;-6452,61198127308;-3,60841482877731;
515;515;1;1;1;4;0;0;-6453,61602149089;-3,61278772354126;
515,05;515,05;1;1;1;4;0;0;-6454,62050874353;-3,61829102039337;
515,1;515,1;1;1;1;4;0;0;-6455,62454896135;-3,62247794866562;
515,15;515,15;1;1;1;4;0;0;-6456,62903621399;-3,62716883420944;
515,2;515,2;1;1;1;4;0;0;-6457,6330764318;-3,63238304853439;
515,25;515,25;1;1;1;4;0;0;-6458,62191746555;-3,63539576530457;
515,3;515,3;1;1;1;4;0;0;-6459,29783412153;-3,64084422588348;
515,35;515,35;1;1;1;4;0;0;-6460,46325391131;-3,64565342664719;
515,4;515,4;1;1;1;4;0;0;-6461,61794486528;-3,64999175071716;
515,45;515,45;1;1;1;4;0;0;-6462,41858423754;-3,65529596805573;
515,5;515,5;1;1;1;4;0;0;-6463,19955407749;-3,65867674350739;
515,55;515,55;1;1;1;4;0;0;-6463,98052391744;-3,66395950317383;
515,6;515,6;1;1;1;4;0;0;-6464,79278619516;-3,66811484098434;
515,65;515,65;1;1;1;4;0;0;-6465,7972734478;-3,6730107665062;
515,7;515,7;1;1;1;4;0;0;-6466,85227563571;-3,67777526378632;
515,75;515,75;1;1;1;4;0;0;-6467,96807455987;-3,68217617273331;
515,8;515,8;1;1;1;4;0;0;-6469,05615732485;-3,68675202131271;
515,85;515,85;1;1;1;4;0;0;-6469,98598976165;-3,69153887033463;
515,9;515,9;1;1;1;4;0;0;-6470,87827127312;-3,69687139987946;
515,95;515,95;1;1;1;4;0;0;-6471,77099981942;-3,70048046112061;
516;516;1;1;1;4;0;0;-6472,66372836571;-3,70475202798843;
516,05;516,05;1;1;1;4;0;0;-6473,556456912;-3,7101936340332;
516,1;516,1;1;1;1;4;0;0;-6474,44918545829;-3,7144148349762;
516,15;516,15;1;1;1;4;0;0;-6475,49927026312;-3,71912002563477;
516,2;516,2;1;1;1;4;0;0;-6476,70849946579;-3,72257500886917;
516,25;516,25;1;1;1;4;0;0;-6477,37815763421;-3,7281197309494;
516,3;516,3;1;1;1;4;0;0;-6478,05675649915;-3,73324483633041;
516,35;516,35;1;1;1;4;0;0;-6479,36120411962;-3,73787462711334;
516,4;516,4;1;1;1;4;0;0;-6480,4403461881;-3,74226659536362;
516,45;516,45;1;1;1;4;0;0;-6480,99824565018;-3,74650478363037;
516,5;516,5;1;1;1;4;0;0;-6481,90393820641;-3,75118136405945;
516,55;516,55;1;1;1;4;0;0;-6482,90797842422;-3,756123483181;
516,6;516,6;1;1;1;4;0;0;-6483,91246567686;-3,75988125801086;
516,65;516,65;1;1;1;4;0;0;-6484,91650589467;-3,76583218574524;
516,7;516,7;1;1;1;4;0;0;-6485,92054611249;-3,77122223377228;
516,75;516,75;1;1;1;4;0;0;-6486,92503336513;-3,77576798200607;
516,8;516,8;1;1;1;4;0;0;-6488,02742124453;-3,78077775239944;
516,85;516,85;1;1;1;4;0;0;-6489,25453184021;-3,78563582897186;
516,9;516,9;1;1;1;4;0;0;-6490,26795978935;-3,78925710916519;
516,95;516,95;1;1;1;4;0;0;-6490,98947399752;-3,79439920186996;
517;517;1;1;1;4;0;0;-6492,0632516481;-3,7987557053566;
517,05;517,05;1;1;1;4;0;0;-6492,91619409493;-3,80290746688843;
517,1;517,1;1;1;1;4;0;0;-6493,50628006444;-3,80559027194977;
517,15;517,15;1;1;1;4;0;0;-6494,33418856105;-3,81195813417435;
517,2;517,2;1;1;1;4;0;0;-6495,84114295742;-3,8176292181015;
517,25;517,25;1;1;1;4;0;0;-6496,77902202108;-3,82067054510117;
517,3;517,3;1;1;1;4;0;0;-6497,67175056737;-3,8247936964035;
517,35;517,35;1;1;1;4;0;0;-6498,56447911367;-3,82910817861557;
517,4;517,4;1;1;1;4;0;0;-6499,41965673463;-3,83395403623581;
517,45;517,45;1;1;1;4;0;0;-6500,20062657457;-3,83958280086517;
517,5;517,5;1;1;1;4;0;0;-6500,98159641452;-3,84333312511444;
517,55;517,55;1;1;1;4;0;0;-6501,95076791596;-3,84886413812637;
517,6;517,6;1;1;1;4;0;0;-6502,95480813377;-3,85264486074448;
517,65;517,65;1;1;1;4;0;0;-6503,95929538641;-3,85749012231827;
517,7;517,7;1;1;1;4;0;0;-6504,96333560422;-3,86192262172699;
517,75;517,75;1;1;1;4;0;0;-6505,96737582204;-3,86720091104507;
517,8;517,8;1;1;1;4;0;0;-6506,97186307468;-3,8711866736412;
517,85;517,85;1;1;1;4;0;0;-6507,96919777011;-3,87602776288986;
517,9;517,9;1;1;1;4;0;0;-6508,82795166967;-3,88065159320831;
517,95;517,95;1;1;1;4;0;0;-6509,60936854444;-3,88596028089523;
518;518;1;1;1;4;0;0;-6510,91113395596;-3,8894510269165;
518,05;518,05;1;1;1;4;0;0;-6511,54726451249;-3,89458537101746;
518,1;518,1;1;1;1;4;0;0;-6512,31750551662;-3,89877527952194;
518,15;518,15;1;1;1;4;0;0;-6513,43330444078;-3,90371114015579;
518,2;518,2;1;1;1;4;0;0;-6514,54910336495;-3,90855610370636;
518,25;518,25;1;1;1;4;0;0;-6515,65283234882;-3,9128839969635;
518,3;518,3;1;1;1;4;0;0;-6516,33366638788;-3,91773551702499;
518,35;518,35;1;1;1;4;0;0;-6517,255005163;-3,92214328050613;
518,4;518,4;1;1;1;4;0;0;-6518,48211575868;-3,92688006162643;
518,45;518,45;1;1;1;4;0;0;-6519,4369821457;-3,93190324306488;
518,5;518,5;1;1;1;4;0;0;-6520,21795198565;-3,93580675125122;
518,55;518,55;1;1;1;4;0;0;-6520,99892182559;-3,94107133150101;
518,6;518,6;1;1;1;4;0;0;-6521,99715059068;-3,9454984664917;
518,65;518,65;1;1;1;4;0;0;-6523,11294951484;-3,9501017332077;
518,7;518,7;1;1;1;4;0;0;-6523,92655289704;-3,95428538322449;
518,75;518,75;1;1;1;4;0;0;-6524,70752273698;-3,95716488361359;
518,8;518,8;1;1;1;4;0;0;-6525,33918294525;-3,95774960517883;
518,85;518,85;1;1;1;4;0;0;-6525,34052404973;-3,95726710557938;
518,9;518,9;1;1;1;4;0;0;-6525,22876534338;-3,95799279212952;
518,95;518,95;1;1;1;4;0;0;-6525,45317682573;-3,958640396595;
519;519;1;1;2;4;0;0;-6525,89976461629;-3,95932525396347;
519;519;1;1;2;4;0;0;-6525,89976461629;-3,95932525396347;
519,05;519,05;1;1;2;4;0;0;-6526,34590537202;-3,95977854728699;
519,1;519,1;1;1;2;4;0;0;-6526,55288249617;-3,9600744843483;
519,15;519,15;1;1;2;4;0;0;-6526,55288249617;-3,96143645048141;
519,2;519,2;1;1;2;4;0;0;-6526,8738535008;-3,96013557910919;
519,25;519,25;1;1;2;4;0;0;-6527,08217172943;-3,95924299955368;
519,3;519,3;1;1;2;4;0;0;-6526,99499993848;-3,95844519138336;
519,35;519,35;1;1;2;4;0;0;-6526,88324123213;-3,95747691392899;
519,4;519,4;1;1;2;4;0;0;-6526,77192956061;-3,95671427249908;
519,45;519,45;1;1;2;4;0;0;-6526,66017085426;-3,9559417963028;
519,5;519,5;1;1;2;4;0;0;-6526,54841214792;-3,95515650510788;
519,55;519,55;1;1;2;4;0;0;-6526,53544813798;-3,95395487546921;
519,6;519,6;1;1;2;4;0;0;-6526,6467598095;-3,95324796438217;
519,65;519,65;1;1;2;4;0;0;-6526,75851851585;-3,95265311002731;
519,7;519,7;1;1;2;4;0;0;-6526,68699294379;-3,95205795764923;
519,75;519,75;1;1;2;4;0;0;-6526,57523423744;-3,95146280527115;
519,8;519,8;1;1;2;4;0;0;-6526,46392256592;-3,95086765289307;
519,85;519,85;1;1;2;4;0;0;-6526,35216385957;-3,9505335688591;
519,9;519,9;1;1;2;4;0;0;-6526,31371886459;-3,94993841648102;
519,95;519,95;1;1;2;4;0;0;-6526,42547757094;-3,94900649785995;
520;520;1;1;2;4;0;0;-6526,53723627728;-3,94793152809143;
520,05;520,05;1;1;2;4;0;0;-6526,38882071526;-3,94748508930206;
520,1;520,1;1;1;2;4;0;0;-6526,16575033739;-3,94680231809616;
520,15;520,15;1;1;2;4;0;0;-6526,04236872558;-3,94594430923462;
520,2;520,2;1;1;2;4;0;0;-6526,04236872558;-3,94503206014633;
520,25;520,25;1;1;2;4;0;0;-6526,04236872558;-3,94456148147583;
520,3;520,3;1;1;2;4;0;0;-6526,04236872558;-3,94393473863602;
520,35;520,35;1;1;2;4;0;0;-6526,04236872558;-3,94359856843948;
520,4;520,4;1;1;2;4;0;0;-6526,04236872558;-3,94282311201096;
520,45;520,45;1;1;2;4;0;0;-6526,04236872558;-3,94165337085724;
520,5;520,5;1;1;2;4;0;0;-6526,04236872558;-3,94054412841797;
520,55;520,55;1;1;2;4;0;0;-6526,02314622809;-3,93975287675858;
520,6;520,6;1;1;2;4;0;0;-6525,80007585022;-3,93908351659775;
520,65;520,65;1;1;2;4;0;0;-6525,57700547236;-3,93826276063919;
520,7;520,7;1;1;2;4;0;0;-6525,54034861668;-3,93755704164505;
520,75;520,75;1;1;2;4;0;0;-6525,54034861668;-3,93641084432602;
520,8;520,8;1;1;2;4;0;0;-6525,54034861668;-3,93584817647934;
520,85;520,85;1;1;2;4;0;0;-6525,54034861668;-3,93577516078949;
520,9;520,9;1;1;2;4;0;0;-6525,54034861668;-3,93520712852478;
520,95;520,95;1;1;2;4;0;0;-6525,54034861668;-3,9346119761467;
521;521;1;1;2;4;0;0;-6525,54034861668;-3,93401950597763;
521,05;521,05;1;1;2;4;0;0;-6525,54034861668;-3,93339902162552;
521,1;521,1;1;1;2;4;0;0;-6525,54034861668;-3,9327135682106;
521,15;521,15;1;1;2;4;0;0;-6525,44289502474;-3,93131613731384;
521,2;521,2;1;1;2;4;0;0;-6525,33158335322;-3,92967075109482;
521,25;521,25;1;1;2;4;0;0;-6525,19523773148;-3,92814546823502;
521,3;521,3;1;1;2;4;0;0;-6524,97216735361;-3,9266574382782;
521,35;521,35;1;1;2;4;0;0;-6524,74909697574;-3,92556399106979;
521,4;521,4;1;1;2;4;0;0;-6524,52602659788;-3,92476439476013;
521,45;521,45;1;1;2;4;0;0;-6524,30295622001;-3,92389535903931;
521,5;521,5;1;1;2;4;0;0;-6524,07943880732;-3,92359286546707;
521,55;521,55;1;1;2;4;0;0;-6523,99673736462;-3,92310619354248;
521,6;521,6;1;1;2;4;0;0;-6523,99673736462;-3,9225435256958;
521,65;521,65;1;1;2;4;0;0;-6523,99673736462;-3,92192035913467;
521,7;521,7;1;1;2;4;0;0;-6523,99673736462;-3,92156511545181;
521,75;521,75;1;1;2;4;0;0;-6523,99673736462;-3,92088025808334;
521,8;521,8;1;1;2;4;0;0;-6523,99673736462;-3,92078399658203;
521,85;521,85;1;1;2;4;0;0;-6523,99673736462;-3,91978532075882;
521,9;521,9;1;1;2;4;0;0;-6523,99673736462;-3,91951709985733;
521,95;521,95;1;1;2;4;0;0;-6523,99673736462;-3,91944289207459;
522;522;1;1;2;4;0;0;-6523,99673736462;-3,91892701387405;
522,05;522,05;1;1;2;4;0;0;-6523,99673736462;-3,91878962516785;
522,1;522,1;1;1;2;4;0;0;-6523,99673736462;-3,91841769218445;
522,15;522,15;1;1;2;4;0;0;-6523,99673736462;-3,91804575920105;
522,2;522,2;1;1;2;4;0;0;-6523,99673736462;-3,91802400350571;
522,25;522,25;1;1;2;4;0;0;-6523,99673736462;-3,91758978366852;
522,3;522,3;1;1;2;4;0;0;-6523,99673736462;-3,91738504171371;
522,35;522,35;1;1;2;4;0;0;-6523,99673736462;-3,91714602708817;
522,4;522,4;1;1;2;4;0;0;-6523,99673736462;-3,91672134399414;
522,45;522,45;1;1;2;4;0;0;-6523,99673736462;-3,91648828983307;
522,5;522,5;1;1;2;4;0;0;-6523,99673736462;-3,91629278659821;
522,55;522,55;1;1;2;4;0;0;-6523,99673736462;-3,91578733921051;
522,6;522,6;1;1;2;4;0;0;-6523,99673736462;-3,91571938991547;
522,65;522,65;1;1;2;4;0;0;-6523,99673736462;-3,91533136367798;
522,7;522,7;1;1;2;4;0;0;-6523,99673736462;-3,91493320465088;
522,75;522,75;1;1;2;4;0;0;-6523,99673736462;-3,91461551189423;
522,8;522,8;1;1;2;4;0;0;-6523,99673736462;-3,9141058921814;
522,85;522,85;1;1;2;4;0;0;-6523,99673736462;-3,91396850347519;
522,9;522,9;1;1;2;4;0;0;-6523,99673736462;-3,91367316246033;
522,95;522,95;1;1;2;4;0;0;-6523,99673736462;-3,91312688589096;
523;523;1;1;2;4;0;0;-6523,99673736462;-3,91320168972015;
523,05;523,05;1;1;2;4;0;0;-6523,99673736462;-3,91270399093628;
523,1;523,1;1;1;2;4;0;0;-6523,99673736462;-3,91239196062088;
523,15;523,15;1;1;2;4;0;0;-6523,99673736462;-3,91201198101044;
523,2;523,2;1;1;2;4;0;0;-6523,99673736462;-3,9119416475296;
523,25;523,25;1;1;2;4;0;0;-6523,99673736462;-3,91156762838364;
523,3;523,3;1;1;2;4;0;0;-6523,99673736462;-3,91144096851349;
523,35;523,35;1;1;2;4;0;0;-6523,99673736462;-3,91099393367767;
523,4;523,4;1;1;2;4;0;0;-6523,99673736462;-3,91084432601929;
523,45;523,45;1;1;2;4;0;0;-6523,99673736462;-3,91051441431046;
523,5;523,5;1;1;2;4;0;0;-6523,99673736462;-3,91029685735703;
523,55;523,55;1;1;2;4;0;0;-6523,99673736462;-3,91008883714676;
523,6;523,6;1;1;2;4;0;0;-6523,99673736462;-3,90992760658264;
523,65;523,65;1;1;2;4;0;0;-6523,99673736462;-3,9094740152359;
523,7;523,7;1;1;2;4;0;0;-6523,99673736462;-3,90929579734802;
523,75;523,75;1;1;2;4;0;0;-6523,99673736462;-3,90895485877991;
523,8;523,8;1;1;2;4;0;0;-6523,99673736462;-3,90877306461334;
523,85;523,85;1;1;2;4;0;0;-6523,99673736462;-3,90862435102463;
523,9;523,9;1;1;2;4;0;0;-6523,99673736462;-3,90840440988541;
523,95;523,95;1;1;2;4;0;0;-6523,99673736462;-3,90810698270798;
524;524;1;1;2;4;0;0;-6523,99673736462;-3,90784054994583;
524,05;524,05;1;1;2;4;0;0;-6523,99673736462;-3,90761733055115;
524,1;524,1;1;1;2;4;0;0;-6523,99673736462;-3,90746265649796;
524,15;524,15;1;1;2;4;0;0;-6523,99673736462;-3,90720278024673;
524,2;524,2;1;1;2;4;0;0;-6523,99673736462;-3,90715748071671;
524,25;524,25;1;1;2;4;0;0;-6523,99673736462;-3,90674412250519;
524,3;524,3;1;1;2;4;0;0;-6523,99673736462;-3,9065209031105;
524,35;524,35;1;1;2;4;0;0;-6523,99673736462;-3,90631884336472;
524,4;524,4;1;1;2;4;0;0;-6523,99673736462;-3,90638142824173;
524,45;524,45;1;1;2;4;0;0;-6523,99673736462;-3,90586078166962;
524,5;524,5;1;1;2;4;0;0;-6523,99673736462;-3,90573680400848;
524,55;524,55;1;1;2;4;0;0;-6523,99673736462;-3,90536099672318;
524,6;524,6;1;1;2;4;0;0;-6523,99673736462;-3,90528678894043;
524,65;524,65;1;1;2;4;0;0;-6523,99673736462;-3,90491873025894;
524,7;524,7;1;1;2;4;0;0;-6523,99673736462;-3,90466809272766;
524,75;524,75;1;1;2;4;0;0;-6523,99673736462;-3,90461564064026;
524,8;524,8;1;1;2;4;0;0;-6523,99673736462;-3,90422105789185;
524,85;524,85;1;1;2;4;0;0;-6523,99673736462;-3,90431255102158;
524,9;524,9;1;1;2;4;0;0;-6523,99673736462;-3,90408933162689;
524,95;524,95;1;1;2;4;0;0;-6523,99673736462;-3,90386611223221;
525;525;1;1;2;4;0;0;-6523,99673736462;-3,90396505594254;
525,05;525,05;1;1;2;4;0;0;-6523,99673736462;-3,90355378389359;
525,1;525,1;1;1;2;4;0;0;-6523,99673736462;-3,90360802412033;
525,15;525,15;1;1;2;4;0;0;-6523,99673736462;-3,90335589647293;
525,2;525,2;1;1;2;4;0;0;-6523,99673736462;-3,9030584692955;
525,25;525,25;1;1;2;4;0;0;-6523,99673736462;-3,90298008918762;
525,3;525,3;1;1;2;4;0;0;-6523,99673736462;-3,90278577804565;
525,35;525,35;1;1;2;4;0;0;-6523,99673736462;-3,90258461236954;
525,4;525,4;1;1;2;4;0;0;-6523,99673736462;-3,90233546495438;
525,45;525,45;1;1;2;4;0;0;-6523,99673736462;-3,90224874019623;
525,5;525,5;1;1;2;4;0;0;-6523,99673736462;-3,9019513130188;
525,55;525,55;1;1;2;4;0;0;-6523,99673736462;-3,90165358781815;
525,6;525,6;1;1;2;4;0;0;-6523,99673736462;-3,90154510736465;
525,65;525,65;1;1;2;4;0;0;-6523,99673736462;-3,9013484120369;
525,7;525,7;1;1;2;4;0;0;-6523,99673736462;-3,90111982822418;
525,75;525,75;1;1;2;4;0;0;-6523,99673736462;-3,90090227127075;
525,8;525,8;1;1;2;4;0;0;-6523,99673736462;-3,90085071325302;
525,85;525,85;1;1;2;4;0;0;-6523,99673736462;-3,90062749385834;
525,9;525,9;1;1;2;4;0;0;-6523,99673736462;-3,90040427446365;
525,95;525,95;1;1;2;4;0;0;-6523,99673736462;-3,90018105506897;
526;526;1;1;2;4;0;0;-6523,99673736462;-3,89995813369751;
526,05;526,05;1;1;2;4;0;0;-6523,99673736462;-3,89975011348724;
526,1;526,1;1;1;2;4;0;0;-6523,99673736462;-3,89969438314438;
526,15;526,15;1;1;2;4;0;0;-6523,99673736462;-3,89932245016098;
526,2;526,2;1;1;2;4;0;0;-6523,99673736462;-3,89931917190552;
526,25;526,25;1;1;2;4;0;0;-6523,99673736462;-3,89904350042343;
526,3;526,3;1;1;2;4;0;0;-6523,99673736462;-3,89875471591949;
526,35;526,35;1;1;2;4;0;0;-6523,99673736462;-3,89875262975693;
526,4;526,4;1;1;2;4;0;0;-6523,99673736462;-3,89842212200165;
526,45;526,45;1;1;2;4;0;0;-6523,99673736462;-3,89818251132965;
526,5;526,5;1;1;2;4;0;0;-6523,99673736462;-3,89818251132965;
526,55;526,55;1;1;2;4;0;0;-6523,99673736462;-3,89787495136261;
526,6;526,6;1;1;2;4;0;0;-6523,99673736462;-3,89794260263443;
526,65;526,65;1;1;2;4;0;0;-6523,99673736462;-3,89757096767426;
526,7;526,7;1;1;2;4;0;0;-6523,99673736462;-3,89753788709641;
526,75;526,75;1;1;2;4;0;0;-6523,99673736462;-3,89721304178238;
526,8;526,8;1;1;2;4;0;0;-6523,99673736462;-3,89699876308441;
526,85;526,85;1;1;2;4;0;0;-6523,99673736462;-3,89684736728668;
526,9;526,9;1;1;2;4;0;0;-6523,99673736462;-3,8967826962471;
526,95;526,95;1;1;2;4;0;0;-6523,99673736462;-3,89634549617767;
527;527;1;1;2;4;0;0;-6523,99673736462;-3,89645755290985;
527,05;527,05;1;1;2;4;0;0;-6523,99673736462;-3,89608561992645;
527,1;527,1;1;1;2;4;0;0;-6523,99673736462;-3,89594286680222;
527,15;527,15;1;1;2;4;0;0;-6523,99673736462;-3,89584571123123;
527,2;527,2;1;1;2;4;0;0;-6523,99673736462;-3,89566957950592;
527,25;527,25;1;1;2;4;0;0;-6523,99673736462;-3,89562368392944;
527,3;527,3;1;1;2;4;0;0;-6523,99673736462;-3,89531046152115;
527,35;527,35;1;1;2;4;0;0;-6523,99673736462;-3,8951575756073;
527,4;527,4;1;1;2;4;0;0;-6523,99673736462;-3,89506697654724;
527,45;527,45;1;1;2;4;0;0;-6523,99673736462;-3,89491975307465;
527,5;527,5;1;1;2;4;0;0;-6523,99673736462;-3,89457046985626;
527,55;527,55;1;1;2;4;0;0;-6523,99673736462;-3,89464229345322;
527,6;527,6;1;1;2;4;0;0;-6523,99673736462;-3,89421671628952;
527,65;527,65;1;1;2;4;0;0;-6523,99673736462;-3,89429122209549;
527,7;527,7;1;1;2;4;0;0;-6523,99673736462;-3,89389008283615;
527,75;527,75;1;1;2;4;0;0;-6523,99673736462;-3,89385640621185;
527,8;527,8;1;1;2;4;0;0;-6523,99673736462;-3,89385640621185;
527,85;527,85;1;1;2;4;0;0;-6523,99673736462;-3,89349043369293;
527,9;527,9;1;1;2;4;0;0;-6523,99673736462;-3,89369130134583;
527,95;527,95;1;1;2;4;0;0;-6523,99673736462;-3,89335542917252;
528;528;1;1;2;4;0;0;-6523,99673736462;-3,89343738555908;
528,05;528,05;1;1;2;4;0;0;-6523,99673736462;-3,89322459697723;
528,1;528,1;1;1;2;4;0;0;-6523,99673736462;-3,89307618141174;
528,15;528,15;1;1;2;4;0;0;-6523,99673736462;-3,89292150735855;
528,2;528,2;1;1;2;4;0;0;-6523,99673736462;-3,89306992292404;
528,25;528,25;1;1;2;4;0;0;-6523,99673736462;-3,89261543750763;
528,3;528,3;1;1;2;4;0;0;-6523,99673736462;-3,89269381761551;
528,35;528,35;1;1;2;4;0;0;-6523,99673736462;-3,89229714870453;
528,4;528,4;1;1;2;4;0;0;-6523,99673736462;-3,89217555522919;
528,45;528,45;1;1;2;4;0;0;-6523,99673736462;-3,89217555522919;
528,5;528,5;1;1;2;4;0;0;-6523,99673736462;-3,89193385839462;
528,55;528,55;1;1;2;4;0;0;-6523,99673736462;-3,89166206121445;
528,6;528,6;1;1;2;4;0;0;-6523,99673736462;-3,8915878534317;
528,65;528,65;1;1;2;4;0;0;-6523,99673736462;-3,89151334762573;
528,7;528,7;1;1;2;4;0;0;-6523,99673736462;-3,89143884181976;
528,75;528,75;1;1;2;4;0;0;-6523,99673736462;-3,89094293117523;
528,8;528,8;1;1;2;4;0;0;-6523,99673736462;-3,89112025499344;
528,85;528,85;1;1;2;4;0;0;-6523,99673736462;-3,89075726270676;
528,9;528,9;1;1;2;4;0;0;-6523,99673736462;-3,89066517353058;
528,95;528,95;1;1;2;4;0;0;-6523,99673736462;-3,89058381319046;
529;529;1;1;2;4;0;0;-6523,99673736462;-3,89036625623703;
529,05;529,05;1;1;2;4;0;0;-6523,99673736462;-3,890241086483;
529,1;529,1;1;1;2;4;0;0;-6523,99673736462;-3,8900488615036;
529,15;529,15;1;1;2;4;0;0;-6523,99673736462;-3,8900488615036;
529,2;529,2;1;1;2;4;0;0;-6523,99673736462;-3,88975113630295;
529,25;529,25;1;1;2;4;0;0;-6523,99673736462;-3,88987690210342;
529,3;529,3;1;1;2;4;0;0;-6523,99673736462;-3,88972818851471;
529,35;529,35;1;1;2;4;0;0;-6523,99673736462;-3,88957917690277;
529,4;529,4;1;1;2;4;0;0;-6523,99673736462;-3,88943046331406;
529,45;529,45;1;1;2;4;0;0;-6523,99673736462;-3,88937294483185;
529,5;529,5;1;1;2;4;0;0;-6523,99673736462;-3,88923406600952;
529,55;529,55;1;1;2;4;0;0;-6523,99673736462;-3,88901084661484;
529,6;529,6;1;1;2;4;0;0;-6523,99673736462;-3,88879835605621;
529,65;529,65;1;1;2;4;0;0;-6523,99673736462;-3,88887703418732;
529,7;529,7;1;1;2;4;0;0;-6523,99673736462;-3,8887283205986;
529,75;529,75;1;1;2;4;0;0;-6523,99673736462;-3,88857960700989;
529,8;529,8;1;1;2;4;0;0;-6523,99673736462;-3,88851523399353;
529,85;529,85;1;1;2;4;0;0;-6523,99673736462;-3,88841837644577;
529,9;529,9;1;1;2;4;0;0;-6523,99673736462;-3,88823121786118;
529,95;529,95;1;1;2;4;0;0;-6523,99673736462;-3,88815671205521;
530;530;1;1;2;4;0;0;-6523,99673736462;-3,88795882463455;
530,05;530,05;1;1;2;4;0;0;-6523,99673736462;-3,88775080442429;
530,1;530,1;1;1;2;4;0;0;-6523,99673736462;-3,88775080442429;
530,15;530,15;1;1;2;4;0;0;-6523,99673736462;-3,88768911361694;
530,2;530,2;1;1;2;4;0;0;-6523,99673736462;-3,88746947050095;
530,25;530,25;1;1;2;4;0;0;-6523,99673736462;-3,88724625110626;
530,3;530,3;1;1;2;4;0;0;-6523,99673736462;-3,88710200786591;
530,35;530,35;1;1;2;4;0;0;-6523,99673736462;-3,88702750205994;
530,4;530,4;1;1;2;4;0;0;-6523,99673736462;-3,88695329427719;
530,45;530,45;1;1;2;4;0;0;-6523,99673736462;-3,88685166835785;
530,5;530,5;1;1;2;4;0;0;-6523,99673736462;-3,88654083013535;
530,55;530,55;1;1;2;4;0;0;-6523,99673736462;-3,88654083013535;
530,6;530,6;1;1;2;4;0;0;-6523,99673736462;-3,8863480091095;
530,65;530,65;1;1;2;4;0;0;-6523,99673736462;-3,88618588447571;
530,7;530,7;1;1;2;4;0;0;-6523,99673736462;-3,88608545064926;
530,75;530,75;1;1;2;4;0;0;-6523,99673736462;-3,88587772846222;
530,8;530,8;1;1;2;4;0;0;-6523,99673736462;-3,88586640357971;
530,85;530,85;1;1;2;4;0;0;-6523,99673736462;-3,88571530580521;
530,9;530,9;1;1;2;4;0;0;-6523,99673736462;-3,88567626476288;
530,95;530,95;1;1;2;4;0;0;-6523,99673736462;-3,88545334339142;
531;531;1;1;2;4;0;0;-6523,99673736462;-3,88523012399673;
531,05;531,05;1;1;2;4;0;0;-6523,99673736462;-3,88528347015381;
531,1;531,1;1;1;2;4;0;0;-6523,99673736462;-3,88513803482056;
531,15;531,15;1;1;2;4;0;0;-6523,99673736462;-3,8849151134491;
531,2;531,2;1;1;2;4;0;0;-6523,99673736462;-3,88485550880432;
531,25;531,25;1;1;2;4;0;0;-6523,99673736462;-3,88481587171555;
531,3;531,3;1;1;2;4;0;0;-6523,99673736462;-3,88451844453812;
531,35;531,35;1;1;2;4;0;0;-6523,99673736462;-3,884536921978;
531,4;531,4;1;1;2;4;0;0;-6523,99673736462;-3,88443410396576;
531,45;531,45;1;1;2;4;0;0;-6523,99673736462;-3,88430446386337;
531,5;531,5;1;1;2;4;0;0;-6523,99673736462;-3,88430386781693;
531,55;531,55;1;1;2;4;0;0;-6523,99673736462;-3,88389617204666;
531,6;531,6;1;1;2;4;0;0;-6523,99673736462;-3,88374745845795;
531,65;531,65;1;1;2;4;0;0;-6523,99673736462;-3,88384431600571;
531,7;531,7;1;1;2;4;0;0;-6523,99673736462;-3,88362139463425;
531,75;531,75;1;1;2;4;0;0;-6523,99673736462;-3,88339817523956;
531,8;531,8;1;1;2;4;0;0;-6523,99673736462;-3,88334184885025;
531,85;531,85;1;1;2;4;0;0;-6524,10223758341;-3,88324975967407;
531,9;531,9;1;1;2;4;0;0;-6524,21399628976;-3,88319164514542;
531,95;531,95;1;1;2;4;0;0;-6524,32530796128;-3,88296842575073;
532;532;1;1;2;4;0;0;-6524,34542452842;-3,88294786214828;
532,05;532,05;1;1;2;4;0;0;-6524,2341128569;-3,88270527124405;
532,1;532,1;1;1;2;4;0;0;-6524,12235415056;-3,8826310634613;
532,15;532,15;1;1;2;4;0;0;-6524,01104247904;-3,88255655765533;
532,2;532,2;1;1;2;4;0;0;-6523,89928377269;-3,88246923685074;
532,25;532,25;1;1;2;4;0;0;-6523,85592139463;-3,88225108385086;
532,3;532,3;1;1;2;4;0;0;-6523,85592139463;-3,88203829526901;
532,35;532,35;1;1;2;4;0;0;-6523,85592139463;-3,882075548172;
532,4;532,4;1;1;2;4;0;0;-6523,87693203142;-3,88176202774048;
532,45;532,45;1;1;2;4;0;0;-6523,98869073777;-3,88183623552322;
532,5;532,5;1;1;2;4;0;0;-6524,10000240929;-3,88148665428162;
532,55;532,55;1;1;2;4;0;0;-6524,21176111563;-3,88141214847565;
532,6;532,6;1;1;2;4;0;0;-6524,32307278715;-3,88133764266968;
532,65;532,65;1;1;2;4;0;0;-6524,4348314935;-3,88111501932144;
532,7;532,7;1;1;2;4;0;0;-6524,34900080703;-3,88100951910019;
532,75;532,75;1;1;2;4;0;0;-6524,23768913551;-3,88100951910019;
532,8;532,8;1;1;2;4;0;0;-6524,12593042916;-3,88076096773148;
532,85;532,85;1;1;2;4;0;0;-6524,30116808071;-3,88080030679703;
532,9;532,9;1;1;2;4;0;0;-6524,43572556315;-3,88072818517685;
532,95;532,95;1;1;2;4;0;0;-6524,3239668568;-3,88032078742981;
533;533;1;1;2;4;0;0;-6524,21265518528;-3,88032078742981;
533,05;533,05;1;1;2;4;0;0;-6524,10089647894;-3,88031631708145;
533,1;533,1;1;1;2;4;0;0;-6524,10536682719;-3,88011693954468;
533,15;533,15;1;1;2;4;0;0;-6524,21712553354;-3,87976050376892;
533,2;533,2;1;1;2;4;0;0;-6524,30250918519;-3,8798588514328;
533,25;533,25;1;1;2;4;0;0;-6524,19075047884;-3,87963563203812;
533,3;533,3;1;1;2;4;0;0;-6524,11296641922;-3,87964874505997;
533,35;533,35;1;1;2;4;0;0;-6524,22472512557;-3,87939244508743;
533,4;533,4;1;1;2;4;0;0;-6524,33603679709;-3,87935549020767;
533,45;533,45;1;1;2;4;0;0;-6524,39638649852;-3,87912482023239;
533,5;533,5;1;1;2;4;0;0;-6524,285074827;-3,87917190790176;
533,55;533,55;1;1;2;4;0;0;-6524,17331612065;-3,87879997491837;
533,6;533,6;1;1;2;4;0;0;-6524,15409362316;-3,87884169816971;
533,65;533,65;1;1;2;4;0;0;-6524,2658523295;-3,87867599725723;
533,7;533,7;1;1;2;4;0;0;-6524,37716400103;-3,8785645365715;
533,75;533,75;1;1;2;4;0;0;-6524,30116808071;-3,87834131717682;
533,8;533,8;1;1;2;4;0;0;-6524,18940937436;-3,87830823659897;
533,85;533,85;1;1;2;4;0;0;-6524,07765066802;-3,87814939022064;
533,9;533,9;1;1;2;4;0;0;-6524,07049811081;-3,87799918651581;
533,95;533,95;1;1;2;4;0;0;-6524,18225681716;-3,87807339429855;
534;534;1;1;2;4;0;0;-6524,2940155235;-3,87801617383957;
534,05;534,05;1;1;2;4;0;0;-6524,40532719502;-3,87772679328918;
534,1;534,1;1;1;2;4;0;0;-6524,51708590137;-3,87750238180161;
534,15;534,15;1;1;2;4;0;0;-6524,38744580201;-3,87742817401886;
534,2;534,2;1;1;2;4;0;0;-6524,16437542414;-3,87735366821289;
534,25;534,25;1;1;2;4;0;0;-6523,9417520811;-3,87727946043015;
534,3;534,3;1;1;2;4;0;0;-6524,03384125513;-3,87720495462418;
534,35;534,35;1;1;2;4;0;0;-6524,14559996148;-3,87692272663116;
534,4;534,4;1;1;2;4;0;0;-6524,25735866782;-3,87698829174042;
534,45;534,45;1;1;2;4;0;0;-6524,36867033934;-3,8767483830452;
534,5;534,5;1;1;2;4;0;0;-6524,48042904569;-3,87669295072556;
534,55;534,55;1;1;2;4;0;0;-6524,56402455804;-3,87645065784454;
534,6;534,6;1;1;2;4;0;0;-6524,49339305563;-3,87639194726944;
534,65;534,65;1;1;2;4;0;0;-6524,38163434928;-3,87627989053726;
534,7;534,7;1;1;2;4;0;0;-6524,27032267776;-3,87627989053726;
534,75;534,75;1;1;2;4;0;0;-6524,15856397141;-3,87626141309738;
534,8;534,8;1;1;2;4;0;0;-6524,04680526507;-3,87591540813446;
534,85;534,85;1;1;2;4;0;0;-6524,03607642926;-3,87606412172318;
534,9;534,9;1;1;2;4;0;0;-6524,1478351356;-3,87586861848831;
534,95;534,95;1;1;2;4;0;0;-6524,25959384195;-3,8757112622261;
535;535;1;1;2;4;0;0;-6524,37090551347;-3,87574225664139;
535,05;535,05;1;1;2;4;0;0;-6524,30921470757;-3,87555122375488;
535,1;535,1;1;1;2;4;0;0;-6524,19745600122;-3,8753280043602;
535,15;535,15;1;1;2;4;0;0;-6524,08569729487;-3,87514024972916;
535,2;535,2;1;1;2;4;0;0;-6524,01148951386;-3,87514024972916;
535,25;535,25;1;1;2;4;0;0;-6524,12280118538;-3,87514024972916;
535,3;535,3;1;1;2;4;0;0;-6524,23455989173;-3,87504935264587;
535,35;535,35;1;1;2;4;0;0;-6524,34587156325;-3,87475162744522;
535,4;535,4;1;1;2;4;0;0;-6524,34587156325;-3,87471854686737;
535,45;535,45;1;1;2;4;0;0;-6524,23455989173;-3,87457340955734;
535,5;535,5;1;1;2;4;0;0;-6524,12280118538;-3,87461721897125;
535,55;535,55;1;1;2;4;0;0;-6524,15632879728;-3,874431848526;
535,6;535,6;1;1;2;4;0;0;-6524,37939917515;-3,87423485517502;
535,65;535,65;1;1;2;4;0;0;-6524,36911737417;-3,87423485517502;
535,7;535,7;1;1;2;4;0;0;-6524,25780570265;-3,87422800064087;
535,75;535,75;1;1;2;4;0;0;-6524,1460469963;-3,87400597333908;
535,8;535,8;1;1;2;4;0;0;-6524,03428828995;-3,87378484010696;
535,85;535,85;1;1;2;4;0;0;-6524,10000240929;-3,87393265962601;
535,9;535,9;1;1;2;4;0;0;-6524,21176111563;-3,87370765209198;
535,95;535,95;1;1;2;4;0;0;-6524,32307278715;-3,87345373630524;
536;536;1;1;2;4;0;0;-6524,40398609055;-3,87356609106064;
536,05;536,05;1;1;2;4;0;0;-6524,29267441903;-3,87349128723145;
536,1;536,1;1;1;2;4;0;0;-6524,18091571268;-3,87312710285187;
536,15;536,15;1;1;2;4;0;0;-6524,06915700634;-3,87324750423431;
536,2;536,2;1;1;2;4;0;0;-6524,15722286694;-3,87295752763748;
536,25;536,25;1;1;2;4;0;0;-6524,26898157328;-3,87288302183151;
536,3;536,3;1;1;2;4;0;0;-6524,37448179207;-3,87280881404877;
536,35;536,35;1;1;2;4;0;0;-6524,26495825985;-3,8727343082428;
536,4;536,4;1;1;2;4;0;0;-6524,15319955351;-3,87266010046005;
536,45;536,45;1;1;2;4;0;0;-6524,04144084716;-3,8725546002388;
536,5;536,5;1;1;2;4;0;0;-6524,12324822021;-3,87233138084412;
536,55;536,55;1;1;2;4;0;0;-6524,23500692655;-3,87244641780853;
536,6;536,6;1;1;2;4;0;0;-6524,34631859807;-3,87219130992889;
536,65;536,65;1;1;2;4;0;0;-6524,25288831957;-3,87200891971588;
536,7;536,7;1;1;2;4;0;0;-6524,14112961322;-3,87175232172012;
536,75;536,75;1;1;2;4;0;0;-6524,0298179417;-3,87190520763397;
536,8;536,8;1;1;2;4;0;0;-6524,01283061834;-3,8719242811203;
536,85;536,85;1;1;2;4;0;0;-6524,12414228986;-3,87162655591965;
536,9;536,9;1;1;2;4;0;0;-6524,2359009962;-3,87158572673798;
536,95;536,95;1;1;2;4;0;0;-6524,34721266772;-3,87149780988693;
537;537;1;1;2;4;0;0;-6524,45897137407;-3,87127459049225;
537,05;537,05;1;1;2;4;0;0;-6524,54480206054;-3,87134045362473;
537,1;537,1;1;1;2;4;0;0;-6524,54480206054;-3,87122422456741;
537,15;537,15;1;1;2;4;0;0;-6524,54480206054;-3,8709345459938;
537,2;537,2;1;1;2;4;0;0;-6524,54480206054;-3,8710480928421;
537,25;537,25;1;1;2;4;0;0;-6524,54480206054;-3,87082487344742;
537,3;537,3;1;1;2;4;0;0;-6524,54480206054;-3,87066960334778;
537,35;537,35;1;1;2;4;0;0;-6524,54480206054;-3,87060403823853;
537,4;537,4;1;1;2;4;0;0;-6524,54480206054;-3,87060403823853;
537,45;537,45;1;1;2;4;0;0;-6524,54480206054;-3,87060403823853;
537,5;537,5;1;1;2;4;0;0;-6524,54480206054;-3,87030959129334;
537,55;537,55;1;1;2;4;0;0;-6524,54480206054;-3,87042194604874;
537,6;537,6;1;1;2;4;0;0;-6524,46031247855;-3,87010306119919;
537,65;537,65;1;1;2;4;0;0;-6524,3485537722;-3,87009799480438;
537,7;537,7;1;1;2;4;0;0;-6524,23724210068;-3,87002378702164;
537,75;537,75;1;1;2;4;0;0;-6524,12548339433;-3,86994928121567;
537,8;537,8;1;1;2;4;0;0;-6524,01417172281;-3,86987507343292;
537,85;537,85;1;1;2;4;0;0;-6523,90241301647;-3,86962622404099;
537,9;537,9;1;1;2;4;0;0;-6523,89928377269;-3,86973947286606;
537,95;537,95;1;1;2;4;0;0;-6523,89928377269;-3,8694241642952;
538;538;1;1;2;4;0;0;-6523,89928377269;-3,86942118406296;
538,05;538,05;1;1;2;4;0;0;-6523,89928377269;-3,86921048164368;
538,1;538,1;1;1;2;4;0;0;-6523,89928377269;-3,86928498744965;
538,15;538,15;1;1;2;4;0;0;-6523,89928377269;-3,86892765760422;
538,2;538,2;1;1;2;4;0;0;-6523,89928377269;-3,86905610561371;
538,25;538,25;1;1;2;4;0;0;-6523,89928377269;-3,86875867843628;
538,3;538,3;1;1;2;4;0;0;-6523,89928377269;-3,86881113052368;
538,35;538,35;1;1;2;4;0;0;-6523,89928377269;-3,86863440275192;
538,4;538,4;1;1;2;4;0;0;-6523,89928377269;-3,86863708496094;
538,45;538,45;1;1;2;4;0;0;-6523,89928377269;-3,86835753917694;
538,5;538,5;1;1;2;4;0;0;-6523,89928377269;-3,86835753917694;
538,55;538,55;1;1;2;4;0;0;-6523,89928377269;-3,86835753917694;
538,6;538,6;1;1;2;4;0;0;-6523,89928377269;-3,86807203292847;
538,65;538,65;1;1;2;4;0;0;-6523,89928377269;-3,8680225610733;
538,7;538,7;1;1;2;4;0;0;-6523,89928377269;-3,8680225610733;
538,75;538,75;1;1;2;4;0;0;-6523,89928377269;-3,86773705482483;
538,8;538,8;1;1;2;4;0;0;-6523,89928377269;-3,86776834726334;
538,85;538,85;1;1;2;4;0;0;-6523,89928377269;-3,86764943599701;
538,9;538,9;1;1;2;4;0;0;-6523,89928377269;-3,86755526065826;
538,95;538,95;1;1;2;4;0;0;-6523,93057621047;-3,86750787496567;
539;539;1;1;2;4;0;0;-6524,04188788199;-3,86737674474716;
539,05;539,05;1;1;2;4;0;0;-6524,15364658833;-3,86735916137695;
539,1;539,1;1;1;2;4;0;0;-6524,26540529468;-3,86719435453415;
539,15;539,15;1;1;2;4;0;0;-6524,3767169662;-3,8671749830246;
539,2;539,2;1;1;2;4;0;0;-6524,31592022995;-3,86687755584717;
539,25;539,25;1;1;2;4;0;0;-6524,20460855843;-3,86695086956024;
539,3;539,3;1;1;2;4;0;0;-6524,09284985208;-3,8668754696846;
539,35;539,35;1;1;2;4;0;0;-6523,98153818056;-3,86660724878311;
539,4;539,4;1;1;2;4;0;0;-6523,86977947421;-3,86668384075165;
539,45;539,45;1;1;2;4;0;0;-6523,84519255882;-3,86646002531052;
539,5;539,5;1;1;2;4;0;0;-6523,94711649901;-3,86658251285553;
539,55;539,55;1;1;2;4;0;0;-6524,17018687687;-3,86625438928604;
539,6;539,6;1;1;2;4;0;0;-6524,39325725474;-3,86632084846497;
539,65;539,65;1;1;2;4;0;0;-6524,33022534436;-3,86625707149506;
539,7;539,7;1;1;2;4;0;0;-6524,21891367284;-3,86618256568909;
539,75;539,75;1;1;2;4;0;0;-6524,10715496649;-3,86593401432037;
539,8;539,8;1;1;2;4;0;0;-6523,99584329497;-3,86597543954849;
539,85;539,85;1;1;2;4;0;0;-6523,88408458863;-3,86583387851715;
539,9;539,9;1;1;2;4;0;0;-6523,87514389212;-3,86571049690247;
539,95;539,95;1;1;2;4;0;0;-6523,87514389212;-3,86580348014832;
540;540;1;1;2;4;0;0;-6523,87514389212;-3,86553704738617;
540,05;540,05;1;1;2;4;0;0;-6523,87514389212;-3,8654625415802;
540,1;540,1;1;1;2;4;0;0;-6523,87514389212;-3,86538833379745;
540,15;540,15;1;1;2;4;0;0;-6523,87514389212;-3,86531382799149;
540,2;540,2;1;1;2;4;0;0;-6524,06692183221;-3,86523962020874;
540,25;540,25;1;1;2;4;0;0;-6524,2904392449;-3,86516511440277;
540,3;540,3;1;1;2;4;0;0;-6524,51350962277;-3,8650906085968;
540,35;540,35;1;1;2;4;0;0;-6524,43751370245;-3,86501640081406;
540,4;540,4;1;1;2;4;0;0;-6524,32575499611;-3,86494189500809;
540,45;540,45;1;1;2;4;0;0;-6524,21444332458;-3,86476904153824;
540,5;540,5;1;1;2;4;0;0;-6524,10268461824;-3,86477500200272;
540,55;540,55;1;1;2;4;0;0;-6523,99137294672;-3,86455178260803;
540,6;540,6;1;1;2;4;0;0;-6523,87961424037;-3,86453419923782;
540,65;540,65;1;1;2;4;0;0;-6523,85860360358;-3,86436522006989;
540,7;540,7;1;1;2;4;0;0;-6523,85860360358;-3,86443972587585;
540,75;540,75;1;1;2;4;0;0;-6523,85860360358;-3,86432856321335;
540,8;540,8;1;1;2;4;0;0;-6523,85860360358;-3,86410564184189;
540,85;540,85;1;1;2;4;0;0;-6523,85860360358;-3,86402249336243;
540,9;540,9;1;1;2;4;0;0;-6523,95873940447;-3,86415123939514;
540,95;540,95;1;1;2;4;0;0;-6524,07005107599;-3,86382877826691;
541;541;1;1;2;4;0;0;-6524,18180978233;-3,8640695810318;
541,05;541,05;1;1;2;4;0;0;-6524,29356848868;-3,86370956897736;
541,1;541,1;1;1;2;4;0;0;-6524,4048801602;-3,86376202106476;
541,15;541,15;1;1;2;4;0;0;-6524,40711533433;-3,86373937129974;
541,2;541,2;1;1;2;4;0;0;-6524,29580366281;-3,86366486549377;
541,25;541,25;1;1;2;4;0;0;-6524,18404495646;-3,86337101459503;
541,3;541,3;1;1;2;4;0;0;-6524,07228625011;-3,86352211236954;
541,35;541,35;1;1;2;4;0;0;-6524,09776723516;-3,86311501264572;
541,4;541,4;1;1;2;4;0;0;-6524,20952594151;-3,86310786008835;
541,45;541,45;1;1;2;4;0;0;-6524,32083761303;-3,86300444602966;
541,5;541,5;1;1;2;4;0;0;-6524,2904392449;-3,86300265789032;
541,55;541,55;1;1;2;4;0;0;-6524,17868053855;-3,86275231838226;
541,6;541,6;1;1;2;4;0;0;-6524,06692183221;-3,86297553777695;
541,65;541,65;1;1;2;4;0;0;-6523,95561016069;-3,86267960071564;
541,7;541,7;1;1;2;4;0;0;-6523,88050831002;-3,86269927024841;
541,75;541,75;1;1;2;4;0;0;-6523,88050831002;-3,86259406805038;
541,8;541,8;1;1;2;4;0;0;-6523,88050831002;-3,86235356330872;
541,85;541,85;1;1;2;4;0;0;-6523,88050831002;-3,86244684457779;
541,9;541,9;1;1;2;4;0;0;-6523,88050831002;-3,86222362518311;
541,95;541,95;1;1;2;4;0;0;-6523,88050831002;-3,86218756437302;
542;542;1;1;2;4;0;0;-6523,88050831002;-3,86218756437302;
542,05;542,05;1;1;2;4;0;0;-6523,88050831002;-3,86216372251511;
542,1;542,1;1;1;2;4;0;0;-6523,88050831002;-3,86196345090866;
542,15;542,15;1;1;2;4;0;0;-6523,88050831002;-3,8620126247406;
542,2;542,2;1;1;2;4;0;0;-6523,88050831002;-3,8617405295372;
542,25;542,25;1;1;2;4;0;0;-6523,88050831002;-3,8617330789566;
542,3;542,3;1;1;2;4;0;0;-6523,88050831002;-3,86166751384735;
542,35;542,35;1;1;2;4;0;0;-6523,88050831002;-3,86147737503052;
542,4;542,4;1;1;2;4;0;0;-6523,88050831002;-3,86154800653458;
542,45;542,45;1;1;2;4;0;0;-6523,88050831002;-3,86137276887894;
542,5;542,5;1;1;2;4;0;0;-6523,88050831002;-3,86138707399368;
542,55;542,55;1;1;2;4;0;0;-6523,88050831002;-3,86131286621094;
542,6;542,6;1;1;2;4;0;0;-6523,88050831002;-3,86109411716461;
542,65;542,65;1;1;2;4;0;0;-6523,88050831002;-3,86098355054855;
542,7;542,7;1;1;2;4;0;0;-6523,88050831002;-3,86102676391602;
542,75;542,75;1;1;2;4;0;0;-6523,88050831002;-3,86106997728348;
542,8;542,8;1;1;2;4;0;0;-6523,88050831002;-3,86089771986008;
542,85;542,85;1;1;2;4;0;0;-6523,88050831002;-3,86067450046539;
542,9;542,9;1;1;2;4;0;0;-6523,88050831002;-3,86072278022766;
542,95;542,95;1;1;2;4;0;0;-6523,88050831002;-3,86057406663895;
543;543;1;1;2;4;0;0;-6523,88050831002;-3,86042684316635;
543,05;543,05;1;1;2;4;0;0;-6523,88050831002;-3,86057555675507;
543,1;543,1;1;1;2;4;0;0;-6523,88050831002;-3,86040598154068;
543,15;543,15;1;1;2;4;0;0;-6523,88050831002;-3,8603749871254;
543,2;543,2;1;1;2;4;0;0;-6523,88050831002;-3,86012941598892;
543,25;543,25;1;1;2;4;0;0;-6523,88050831002;-3,86012941598892;
543,3;543,3;1;1;2;4;0;0;-6523,88050831002;-3,86012941598892;
543,35;543,35;1;1;2;4;0;0;-6523,88050831002;-3,86012017726898;
543,4;543,4;1;1;2;4;0;0;-6523,88050831002;-3,86002600193024;
543,45;543,45;1;1;2;4;0;0;-6523,88050831002;-3,85974735021591;
543,5;543,5;1;1;2;4;0;0;-6523,88050831002;-3,85974586009979;
543,55;543,55;1;1;2;4;0;0;-6523,88050831002;-3,85974586009979;
543,6;543,6;1;1;2;4;0;0;-6523,88050831002;-3,85971754789352;
543,65;543,65;1;1;2;4;0;0;-6523,88050831002;-3,85949432849884;
543,7;543,7;1;1;2;4;0;0;-6523,88050831002;-3,85938107967377;
543,75;543,75;1;1;2;4;0;0;-6523,88050831002;-3,85938048362732;
543,8;543,8;1;1;2;4;0;0;-6523,88050831002;-3,85938048362732;
543,85;543,85;1;1;2;4;0;0;-6523,88050831002;-3,85911196470261;
543,9;543,9;1;1;2;4;0;0;-6523,88050831002;-3,85925263166428;
543,95;543,95;1;1;2;4;0;0;-6523,88050831002;-3,85896414518356;
544;544;1;1;2;4;0;0;-6523,88050831002;-3,85888963937759;
544,05;544,05;1;1;2;4;0;0;-6523,88050831002;-3,85903835296631;
544,1;544,1;1;1;2;4;0;0;-6523,88050831002;-3,85885834693909;
544,15;544,15;1;1;2;4;0;0;-6523,88050831002;-3,85899752378464;
544,2;544,2;1;1;2;4;0;0;-6523,88050831002;-3,8587811589241;
544,25;544,25;1;1;2;4;0;0;-6523,88050831002;-3,85842263698578;
544,3;544,3;1;1;2;4;0;0;-6523,88050831002;-3,85861903429031;
544,35;544,35;1;1;2;4;0;0;-6523,88050831002;-3,85834455490112;
544,4;544,4;1;1;2;4;0;0;-6523,88050831002;-3,85849416255951;
544,45;544,45;1;1;2;4;0;0;-6523,88050831002;-3,8583043217659;
544,5;544,5;1;1;2;4;0;0;-6523,88050831002;-3,85820478200912;
544,55;544,55;1;1;2;4;0;0;-6523,88050831002;-3,8579922914505;
544,6;544,6;1;1;2;4;0;0;-6523,88050831002;-3,85819673538208;
544,65;544,65;1;1;2;4;0;0;-6523,88050831002;-3,85797381401062;
544,7;544,7;1;1;2;4;0;0;-6523,88050831002;-3,85775864124298;
544,75;544,75;1;1;2;4;0;0;-6523,88050831002;-3,85782718658447;
544,8;544,8;1;1;2;4;0;0;-6523,88050831002;-3,85784834623337;
544,85;544,85;1;1;2;4;0;0;-6523,88050831002;-3,85762542486191;
544,9;544,9;1;1;2;4;0;0;-6523,88050831002;-3,85768502950668;
544,95;544,95;1;1;2;4;0;0;-6523,88050831002;-3,85747492313385;
545;545;1;1;2;4;0;0;-6523,88050831002;-3,85733485221863;
545,05;545,05;1;1;2;4;0;0;-6523,88050831002;-3,85733485221863;
545,1;545,1;1;1;2;4;0;0;-6523,88050831002;-3,85731309652328;
545,15;545,15;1;1;2;4;0;0;-6523,88050831002;-3,85717183351517;
545,2;545,2;1;1;2;4;0;0;-6523,88050831002;-3,85719388723373;
545,25;545,25;1;1;2;4;0;0;-6523,88050831002;-3,85706782341003;
545,3;545,3;1;1;2;4;0;0;-6523,88050831002;-3,8569188117981;
545,35;545,35;1;1;2;4;0;0;-6523,88050831002;-3,85687857866287;
545,4;545,4;1;1;2;4;0;0;-6523,88050831002;-3,85680288076401;
545,45;545,45;1;1;2;4;0;0;-6523,88050831002;-3,85668754577637;
545,5;545,5;1;1;2;4;0;0;-6523,88050831002;-3,85682195425034;
545,55;545,55;1;1;2;4;0;0;-6523,88050831002;-3,85652422904968;
545,6;545,6;1;1;2;4;0;0;-6523,88050831002;-3,85644674301147;
545,65;545,65;1;1;2;4;0;0;-6523,88050831002;-3,8565120100975;
545,7;545,7;1;1;2;4;0;0;-6523,88050831002;-3,85647237300873;
545,75;545,75;1;1;2;4;0;0;-6523,88050831002;-3,85623246431351;
545,8;545,8;1;1;2;4;0;0;-6523,88050831002;-3,85626435279846;
545,85;545,85;1;1;2;4;0;0;-6523,88050831002;-3,85615915060043;
545,9;545,9;1;1;2;4;0;0;-6523,88050831002;-3,85622918605804;
545,95;545,95;1;1;2;4;0;0;-6523,88050831002;-3,85587304830551;
546;546;1;1;2;4;0;0;-6523,88050831002;-3,85597914457321;
546,05;546,05;1;1;2;4;0;0;-6523,88050831002;-3,85583937168121;
546,1;546,1;1;1;2;4;0;0;-6523,88050831002;-3,8556906580925;
546,15;546,15;1;1;2;4;0;0;-6523,88050831002;-3,85574728250504;
546,2;546,2;1;1;2;4;0;0;-6523,88050831002;-3,85571181774139;
546,25;546,25;1;1;2;4;0;0;-6523,88050831002;-3,85547161102295;
546,3;546,3;1;1;2;4;0;0;-6523,88050831002;-3,85547161102295;
546,35;546,35;1;1;2;4;0;0;-6523,88050831002;-3,85541439056396;
546,4;546,4;1;1;2;4;0;0;-6523,88050831002;-3,855200111866;
546,45;546,45;1;1;2;4;0;0;-6523,88050831002;-3,855200111866;
546,5;546,5;1;1;2;4;0;0;-6523,88050831002;-3,855200111866;
546,55;546,55;1;1;2;4;0;0;-6523,88050831002;-3,855200111866;
546,6;546,6;1;1;2;4;0;0;-6523,92118847913;-3,85516464710236;
546,65;546,65;1;1;2;4;0;0;-6524,03294718548;-3,85488986968994;
546,7;546,7;1;1;2;4;0;0;-6524,144258857;-3,85508477687836;
546,75;546,75;1;1;2;4;0;0;-6524,25601756335;-3,85478556156158;
546,8;546,8;1;1;2;4;0;0;-6524,36732923487;-3,85485976934433;
546,85;546,85;1;1;2;4;0;0;-6524,47908794121;-3,85471254587173;
546,9;546,9;1;1;2;4;0;0;-6524,54211985159;-3,85468244552612;
546,95;546,95;1;1;2;4;0;0;-6524,54211985159;-3,85474860668182;
547;547;1;1;2;4;0;0;-6524,54211985159;-3,85459989309311;
547,05;547,05;1;1;2;4;0;0;-6524,54211985159;-3,85445117950439;
547,1;547,1;1;1;2;4;0;0;-6524,54211985159;-3,85434180498123;
547,15;547,15;1;1;2;4;0;0;-6524,54211985159;-3,8544163107872;
547,2;547,2;1;1;2;4;0;0;-6524,54211985159;-3,85412395000458;
547,25;547,25;1;1;2;4;0;0;-6524,54211985159;-3,85423600673676;
547,3;547,3;1;1;2;4;0;0;-6524,54211985159;-3,85420083999634;
547,35;547,35;1;1;2;4;0;0;-6524,54211985159;-3,85397762060165;
547,4;547,4;1;1;2;4;0;0;-6524,54211985159;-3,85396033525467;
547,45;547,45;1;1;2;4;0;0;-6524,54211985159;-3,85403484106064;
547,5;547,5;1;1;2;4;0;0;-6524,54211985159;-3,85376006364822;
547,55;547,55;1;1;2;4;0;0;-6524,54211985159;-3,85378032922745;
547,6;547,6;1;1;2;4;0;0;-6524,54211985159;-3,85364413261414;
547,65;547,65;1;1;2;4;0;0;-6524,54211985159;-3,85364860296249;
547,7;547,7;1;1;2;4;0;0;-6524,54211985159;-3,8534739613533;
547,75;547,75;1;1;2;4;0;0;-6524,54211985159;-3,853639960289;
547,8;547,8;1;1;2;4;0;0;-6524,54211985159;-3,8532817363739;
547,85;547,85;1;1;2;4;0;0;-6524,54211985159;-3,85336965322495;
547,9;547,9;1;1;2;4;0;0;-6524,54211985159;-3,85343700647354;
547,95;547,95;1;1;2;4;0;0;-6524,54211985159;-3,85316699743271;
548;548;1;1;2;4;0;0;-6524,54211985159;-3,85324120521545;
548,05;548,05;1;1;2;4;0;0;-6524,54211985159;-3,85316908359528;
548,1;548,1;1;1;2;4;0;0;-6524,54211985159;-3,85302007198334;
548,15;548,15;1;1;2;4;0;0;-6524,54211985159;-3,85287165641785;
548,2;548,2;1;1;2;4;0;0;-6524,54211985159;-3,85301381349564;
548,25;548,25;1;1;2;4;0;0;-6524,49875747353;-3,85273039340973;
548,3;548,3;1;1;2;4;0;0;-6524,38699876718;-3,8526526093483;
548,35;548,35;1;1;2;4;0;0;-6524,27568709566;-3,85257840156555;
548,4;548,4;1;1;2;4;0;0;-6524,16392838932;-3,85263979434967;
548,45;548,45;1;1;2;4;0;0;-6524,05216968297;-3,85263621807098;
548,5;548,5;1;1;2;4;0;0;-6524,23947727481;-3,85248750448227;
548,55;548,55;1;1;2;4;0;0;-6524,46254765267;-3,85233879089355;
548,6;548,6;1;1;2;4;0;0;-6524,59039961273;-3,85248601436615;
548,65;548,65;1;1;2;4;0;0;-6524,53943764264;-3,85243922472;
548,7;548,7;1;1;2;4;0;0;-6524,42767893629;-3,85217070579529;
548,75;548,75;1;1;2;4;0;0;-6524,31592022995;-3,85224521160126;
548,8;548,8;1;1;2;4;0;0;-6524,20460855843;-3,85216861963272;
548,85;548,85;1;1;2;4;0;0;-6524,09284985208;-3,85218143463135;
548,9;548,9;1;1;2;4;0;0;-6524,15454065798;-3,85192722082138;
548,95;548,95;1;1;2;4;0;0;-6524,26629936433;-3,85200679302216;
549;549;1;1;2;4;0;0;-6524,37761103585;-3,85175436735153;
549,05;549,05;1;1;2;4;0;0;-6524,35257708563;-3,85175436735153;
549,1;549,1;1;1;2;4;0;0;-6524,24126541411;-3,85175436735153;
549,15;549,15;1;1;2;4;0;0;-6524,12950670776;-3,85175436735153;
549,2;549,2;1;1;2;4;0;0;-6524,0262416631;-3,851478099823;
549,25;549,25;1;1;2;4;0;0;-6524,13710629979;-3,85161399841309;
549,3;549,3;1;1;3;4;0;0;-6524,24886500614;-3,85150998830795;
549,3;549,3;1;1;3;4;0;0;-6524,24886500614;-3,85150998830795;
549,35;549,35;1;1;3;4;0;0;-6524,36017667766;-3,8510274887085;
549,4;549,4;1;1;3;4;0;0;-6524,47193538401;-3,85070562362671;
549,45;549,45;1;1;3;4;0;0;-6524,37582289655;-3,85040789842606;
549,5;549,5;1;1;3;4;0;0;-6524,26451122503;-3,85052174329758;
549,55;549,55;1;1;3;4;0;0;-6524,15275251868;-3,84953767061234;
549,6;549,6;1;1;3;4;0;0;-6524,04099381234;-3,84950280189514;
549,65;549,65;1;1;3;4;0;0;-6523,92968214082;-3,84791702032089;
549,7;549,7;1;1;3;4;0;0;-6523,7057176933;-3,84486526250839;
549,75;549,75;1;1;3;4;0;0;-6522,40976373451;-3,83703112602234;
549,8;549,8;1;1;3;4;0;0;-6519,40479563827;-3,81700724363327;
549,85;549,85;1;1;3;4;0;0;-6516,7637138899;-3,80427062511444;
549,9;549,9;1;1;3;4;0;0;-6514,98093900627;-3,79481852054596;
549,95;549,95;1;1;3;4;0;0;-6513,63447011221;-3,78629744052887;
550;550;1;1;3;4;0;0;-6512,4069124817;-3,77749234437943;
550,05;550,05;1;1;3;4;0;0;-6511,17980188602;-3,77220273017883;
550,1;550,1;1;1;3;4;0;0;-6509,95224425551;-3,76499563455582;
550,15;550,15;1;1;3;4;0;0;-6508,72468662501;-3,75896334648132;
550,2;550,2;1;1;3;4;0;0;-6507,49757602933;-3,7518846988678;
550,25;550,25;1;1;3;4;0;0;-6506,27001839882;-3,74649077653885;
550,3;550,3;1;1;3;4;0;0;-6505,41975816094;-3,74138504266739;
550,35;550,35;1;1;3;4;0;0;-6504,63878832099;-3,73581111431122;
550,4;550,4;1;1;3;4;0;0;-6503,85781848105;-3,73277306556702;
550,45;550,45;1;1;3;4;0;0;-6503,0768486411;-3,7261825799942;
550,5;550,5;1;1;3;4;0;0;-6501,24758213563;-3,71835708618164;
550,55;550,55;1;1;3;4;0;0;-6500,15100570896;-3,71167212724686;
550,6;550,6;1;1;3;4;0;0;-6499,25827716266;-3,70613753795624;
550,65;550,65;1;1;3;4;0;0;-6498,3659956512;-3,70151251554489;
550,7;550,7;1;1;3;4;0;0;-6497,4732671049;-3,69583338499069;
550,75;550,75;1;1;3;4;0;0;-6496,58053855861;-3,69146108627319;
550,8;550,8;1;1;3;4;0;0;-6495,68781001232;-3,68608504533768;
550,85;550,85;1;1;3;4;0;0;-6494,62789044133;-3,68148058652878;
550,9;550,9;1;1;3;4;0;0;-6493,55232465145;-3,67646038532257;
550,95;550,95;1;1;3;4;0;0;-6492,65959610516;-3,67155313491821;
551;551;1;1;3;4;0;0;-6491,76686755887;-3,66667330265045;
551,05;551,05;1;1;3;4;0;0;-6490,97025150003;-3,66184711456299;
551,1;551,1;1;1;3;4;0;0;-6490,18436427701;-3,65721791982651;
551,15;551,15;1;1;3;4;0;0;-6489,08465860656;-3,65112334489822;
551,2;551,2;1;1;3;4;0;0;-6487,98852921472;-3,64606589078903;
551,25;551,25;1;1;3;4;0;0;-6487,20577123547;-3,64065378904343;
551,3;551,3;1;1;3;4;0;0;-6486,15255718686;-3,63574236631393;
551,35;551,35;1;1;3;4;0;0;-6485,13242371533;-3,63116174936295;
551,4;551,4;1;1;3;4;0;0;-6484,39794549723;-3,62691313028336;
551,45;551,45;1;1;3;4;0;0;-6483,53919159766;-3,62304657697678;
551,5;551,5;1;1;3;4;0;0;-6482,72961152889;-3,62040847539902;
551,55;551,55;1;1;3;4;0;0;-6482,19495787773;-3,61769407987595;
551,6;551,6;1;1;3;4;0;0;-6481,77787438565;-3,61542671918869;
551,65;551,65;1;1;3;4;0;0;-6481,44304530144;-3,61342817544937;
551,7;551,7;1;1;3;4;0;0;-6481,14800231668;-3,61144334077835;
551,75;551,75;1;1;3;4;0;0;-6480,44079322292;-3,60488653182983;
551,8;551,8;1;1;3;4;0;0;-6478,21634793181;-3,59386473894119;
551,85;551,85;1;1;3;4;0;0;-6476,71341684887;-3,58624815940857;
551,9;551,9;1;1;3;4;0;0;-6475,59761792471;-3,57859045267105;
551,95;551,95;1;1;3;4;0;0;-6474,4281748215;-3,57134610414505;
552;552;1;1;3;4;0;0;-6472,97754681313;-3,56420665979385;
552,05;552,05;1;1;3;4;0;0;-6471,5751985659;-3,55794042348862;
552,1;552,1;1;1;3;4;0;0;-6470,71510356186;-3,55276316404343;
552,15;552,15;1;1;3;4;0;0;-6469,65831323465;-3,54726910591125;
552,2;552,2;1;1;3;4;0;0;-6468,44550775338;-3,54100197553635;
552,25;552,25;1;1;3;4;0;0;-6467,61536408264;-3,53765696287155;
552,3;552,3;1;1;3;4;0;0;-6466,83439424269;-3,53100806474686;
552,35;552,35;1;1;3;4;0;0;-6465,60951882114;-3,52614939212799;
552,4;552,4;1;1;3;4;0;0;-6464,54110558847;-3,52116137742996;
552,45;552,45;1;1;3;4;0;0;-6463,74359545998;-3,51653665304184;
552,5;552,5;1;1;3;4;0;0;-6462,96262562004;-3,51107776165009;
552,55;552,55;1;1;3;4;0;0;-6462,00775923301;-3,50618183612823;
552,6;552,6;1;1;3;4;0;0;-6460,78064863733;-3,50069642066956;
552,65;552,65;1;1;3;4;0;0;-6459,55309100683;-3,49592477083206;
552,7;552,7;1;1;3;4;0;0;-6458,9643461418;-3,49212139844894;
552,75;552,75;1;1;3;4;0;0;-6458,51820538606;-3,48809689283371;
552,8;552,8;1;1;3;4;0;0;-6457,77478647145;-3,4831365942955;
552,85;552,85;1;1;3;4;0;0;-6456,38987258241;-3,47688794136047;
552,9;552,9;1;1;3;4;0;0;-6455,12476402657;-3,47301721572876;
552,95;552,95;1;1;3;4;0;0;-6454,71930343994;-3,47179710865021;
553;553;1;1;3;4;0;0;-6454,60799176842;-3,47076088190079;
553,05;553,05;1;1;3;4;0;0;-6454,49623306208;-3,46951276063919;
553,1;553,1;1;1;3;4;0;0;-6454,21638926139;-3,466457426548;
553,15;553,15;1;1;3;4;0;0;-6452,39829862655;-3,45724284648895;
553,2;553,2;1;1;3;4;0;0;-6450,72236506618;-3,4491428732872;
553,25;553,25;1;1;3;4;0;0;-6449,71787781354;-3,44253420829773;
553,3;553,3;1;1;3;4;0;0;-6448,4509811184;-3,43763262033463;
553,35;553,35;1;1;3;4;0;0;-6447,94091438264;-3,43243598937988;
553,4;553,4;1;1;3;4;0;0;-6447,01331711996;-3,42652976512909;
553,45;553,45;1;1;3;4;0;0;-6445,78665355911;-3,4211590886116;
553,5;553,5;1;1;3;4;0;0;-6444,5590959286;-3,41615706682205;
553,55;553,55;1;1;3;4;0;0;-6443,52063402923;-3,41031730175018;
553,6;553,6;1;1;3;4;0;0;-6442,67707931373;-3,40540885925293;
553,65;553,65;1;1;3;4;0;0;-6441,67259206109;-3,40036600828171;
553,7;553,7;1;1;3;4;0;0;-6440,66855184328;-3,39458078145981;
553,75;553,75;1;1;3;4;0;0;-6439,66451162547;-3,39063555002213;
553,8;553,8;1;1;3;4;0;0;-6438,66002437283;-3,38487058877945;
553,85;553,85;1;1;3;4;0;0;-6437,77266024444;-3,3807647228241;
553,9;553,9;1;1;3;4;0;0;-6436,79007769824;-3,37475627660751;
553,95;553,95;1;1;3;4;0;0;-6435,69528941088;-3,36966454982758;
554;554;1;1;3;4;0;0;-6434,80256086458;-3,36552649736404;
554,05;554,05;1;1;3;4;0;0;-6433,90983231829;-3,36002290248871;
554,1;554,1;1;1;3;4;0;0;-6433,017103772;-3,35690528154373;
554,15;554,15;1;1;3;4;0;0;-6432,26206195192;-3,35418492555618;
554,2;554,2;1;1;3;4;0;0;-6431,73903120622;-3,34711223840714;
554,25;554,25;1;1;3;4;0;0;-6429,40953273114;-3,33749145269394;
554,3;554,3;1;1;3;4;0;0;-6428,92047663217;-3,33533525466919;
554,35;554,35;1;1;3;4;0;0;-6428,11491987683;-3,32947224378586;
554,4;554,4;1;1;3;4;0;0;-6426,7760505748;-3,32396000623703;
554,45;554,45;1;1;3;4;0;0;-6425,90656783943;-3,3190929889679;
554,5;554,5;1;1;3;4;0;0;-6425,236909671;-3,31455588340759;
554,55;554,55;1;1;3;4;0;0;-6424,39603716445;-3,3089205622673;
554,6;554,6;1;1;3;4;0;0;-6423,39199694664;-3,3063480257988;
554,65;554,65;1;1;3;4;0;0;-6422,56498251968;-3,30070346593857;
554,7;554,7;1;1;3;4;0;0;-6421,76121390364;-3,29600781202316;
554,75;554,75;1;1;3;4;0;0;-6420,64541497948;-3,29052150249481;
554,8;554,8;1;1;3;4;0;0;-6419,52961605532;-3,28682214021683;
554,85;554,85;1;1;3;4;0;0;-6418,51171775792;-3,28118026256561;
554,9;554,9;1;1;3;4;0;0;-6417,69006774886;-3,27694952487946;
554,95;554,95;1;1;3;4;0;0;-6416,90909790891;-3,27075034379959;
555;555;1;1;3;4;0;0;-6416,12812806897;-3,26659917831421;
555,05;555,05;1;1;3;4;0;0;-6415,32659462705;-3,26224982738495;
555,1;555,1;1;1;3;4;0;0;-6413,92871672807;-3,25872153043747;
555,15;555,15;1;1;3;4;0;0;-6413,45173056939;-3,25466156005859;
555,2;555,2;1;1;3;4;0;0;-6412,72842822192;-3,24935764074326;
555,25;555,25;1;1;3;4;0;0;-6411,38955891989;-3,24250221252441;
555,3;555,3;1;1;3;4;0;0;-6410,05068961786;-3,23761075735092;
555,35;555,35;1;1;3;4;0;0;-6409,35823267334;-3,23349386453629;
555,4;555,4;1;1;3;4;0;0;-6408,80033321126;-3,2304248213768;
555,45;555,45;1;1;3;4;0;0;-6408,04037400811;-3,22727918624878;
555,5;555,5;1;1;3;4;0;0;-6407,35909293422;-3,22416961193085;
555,55;555,55;1;1;3;4;0;0;-6407,02426385001;-3,22126984596252;
555,6;555,6;1;1;3;4;0;0;-6406,19412017927;-3,21724832057953;
555,65;555,65;1;1;3;4;0;0;-6405,19767955349;-3,21529895067215;
555,7;555,7;1;1;3;4;0;0;-6404,97237400149;-3,21253389120102;
555,75;555,75;1;1;3;4;0;0;-6403,02866658072;-3,20104092359543;
555,8;555,8;1;1;3;4;0;0;-6400,77650513043;-3,19008499383926;
555,85;555,85;1;1;3;4;0;0;-6399,79392258424;-3,18406373262405;
555,9;555,9;1;1;3;4;0;0;-6398,90119403794;-3,17815840244293;
555,95;555,95;1;1;3;4;0;0;-6397,7733251735;-3,17181468009949;
556;556;1;1;3;4;0;0;-6396,54889678677;-3,16760987043381;
556,05;556,05;1;1;3;4;0;0;-6395,64588643949;-3,16085934638977;
556,1;556,1;1;1;3;4;0;0;-6394,54662780387;-3,15504848957062;
556,15;556,15;1;1;3;4;0;0;-6393,43082887971;-3,15070569515228;
556,2;556,2;1;1;3;4;0;0;-6392,49429092053;-3,14411014318466;
556,25;556,25;1;1;3;4;0;0;-6391,3771508919;-3,14197421073914;
556,3;556,3;1;1;3;4;0;0;-6390,61629761909;-3,13477069139481;
556,35;556,35;1;1;3;4;0;0;-6389,4946872422;-3,13155651092529;
556,4;556,4;1;1;3;4;0;0;-6388,82502907377;-3,12632113695145;
556,45;556,45;1;1;3;4;0;0;-6387,69984241828;-3,1208872795105;
556,5;556,5;1;1;3;4;0;0;-6386,55498623047;-3,11664015054703;
556,55;556,55;1;1;3;4;0;0;-6385,71947814183;-3,11231195926666;
556,6;556,6;1;1;3;4;0;0;-6384,93850830188;-3,10853540897369;
556,65;556,65;1;1;3;4;0;0;-6383,59472161677;-3,10138523578644;
556,7;556,7;1;1;3;4;0;0;-6382,69484051328;-3,09731721878052;
556,75;556,75;1;1;3;4;0;0;-6382,16510424519;-3,09525728225708;
556,8;556,8;1;1;3;4;0;0;-6381,71896348946;-3,09058666229248;
556,85;556,85;1;1;3;4;0;0;-6381,17983949005;-3,08772683143616;
556,9;556,9;1;1;3;4;0;0;-6379,7050716011;-3,08149188756943;
556,95;556,95;1;1;3;4;0;0;-6378,82307189062;-3,07926118373871;
557;557;1;1;3;4;0;0;-6378,60000151275;-3,07682931423187;
557,05;557,05;1;1;3;4;0;0;-6378,21599859775;-3,07415187358856;
557,1;557,1;1;1;3;4;0;0;-6377,4350287578;-3,07289689779282;
557,15;557,15;1;1;3;4;0;0;-6377,04208514629;-3,07228475809097;
557,2;557,2;1;1;3;4;0;0;-6375,9875299932;-3,06234300136566;
557,25;557,25;1;1;3;4;0;0;-6374,0661743137;-3,05345773696899;
557,3;557,3;1;1;3;4;0;0;-6372,7013769918;-3,04566830396652;
557,35;557,35;1;1;3;4;0;0;-6371,64548073424;-3,04116010665894;
557,4;557,4;1;1;3;4;0;0;-6370,83902990925;-3,03622275590897;
557,45;557,45;1;1;3;4;0;0;-6369,85421218893;-3,03015977144241;
557,5;557,5;1;1;3;4;0;0;-6368,58418625001;-3,02552670240402;
557,55;557,55;1;1;3;4;0;0;-6367,69145770372;-3,01967591047287;
557,6;557,6;1;1;3;4;0;0;-6366,78174183406;-3,01450431346893;
557,65;557,65;1;1;3;4;0;0;-6365,6659429099;-3,00971359014511;
557,7;557,7;1;1;3;4;0;0;-6364,76874401535;-3,00468564033508;
557,75;557,75;1;1;3;4;0;0;-6363,83175902135;-2,99949616193771;
557,8;557,8;1;1;3;4;0;0;-6362,60420139084;-2,99496561288834;
557,85;557,85;1;1;3;4;0;0;-6361,74812970023;-2,99122124910355;
557,9;557,9;1;1;3;4;0;0;-6361,19023023815;-2,9858735203743;
557,95;557,95;1;1;3;4;0;0;-6360,12271107513;-2,98008620738983;
558;558;1;1;3;4;0;0;-6359,00691215097;-2,97393441200256;
558,05;558,05;1;1;3;4;0;0;-6357,89111322681;-2,96941816806793;
558,1;558,1;1;1;3;4;0;0;-6356,77531430265;-2,9647371172905;
558,15;558,15;1;1;3;4;0;0;-6355,65951537849;-2,95960128307343;
558,2;558,2;1;1;3;4;0;0;-6354,7967381655;-2,95562326908112;
558,25;558,25;1;1;3;4;0;0;-6354,01576832555;-2,94865220785141;
558,3;558,3;1;1;3;4;0;0;-6352,66214687429;-2,94528782367706;
558,35;558,35;1;1;3;4;0;0;-6352,39884336214;-2,94218569993973;
558,4;558,4;1;1;3;4;0;0;-6351,55931196006;-2,93639659881592;
558,45;558,45;1;1;3;4;0;0;-6349,9222704295;-2,93196499347687;
558,5;558,5;1;1;3;4;0;0;-6349,40639224101;-2,92845666408539;
558,55;558,55;1;1;3;4;0;0;-6348,8672682416;-2,92287647724152;
558,6;558,6;1;1;3;4;0;0;-6347,5377866709;-2,91816860437393;
558,65;558,65;1;1;3;4;0;0;-6346,53732273169;-2,91223138570786;
558,7;558,7;1;1;3;4;0;0;-6345,75635289174;-2,90841907262802;
558,75;558,75;1;1;3;4;0;0;-6344,40004923153;-2,90230989456177;
558,8;558,8;1;1;3;4;0;0;-6343,65975956069;-2,89887607097626;
558,85;558,85;1;1;3;4;0;0;-6342,9977009843;-2,893967628479;
558,9;558,9;1;1;3;4;0;0;-6341,88190206014;-2,88956224918365;
558,95;558,95;1;1;3;4;0;0;-6340,76610313598;-2,88347214460373;
559;559;1;1;3;4;0;0;-6339,65030421182;-2,87909179925919;
559,05;559,05;1;1;3;4;0;0;-6338,80764356597;-2,87479996681213;
559,1;559,1;1;1;3;4;0;0;-6338,13798539754;-2,87034541368485;
559,15;559,15;1;1;3;4;0;0;-6337,10444088125;-2,86566615104675;
559,2;559,2;1;1;3;4;0;0;-6335,94259737008;-2,85934805870056;
559,25;559,25;1;1;3;4;0;0;-6335,00516534124;-2,85575449466705;
559,3;559,3;1;1;3;4;0;0;-6334,11288382978;-2,8509858250618;
559,35;559,35;1;1;3;4;0;0;-6333,22015528348;-2,84467071294785;
559,4;559,4;1;1;3;4;0;0;-6332,32742673719;-2,84097820520401;
559,45;559,45;1;1;3;4;0;0;-6331,4346981909;-2,83614784479141;
559,5;559,5;1;1;3;4;0;0;-6330,5419696446;-2,83336490392685;
559,55;559,55;1;1;3;4;0;0;-6329,71540225247;-2,8298282623291;
559,6;559,6;1;1;3;4;0;0;-6329,08821239245;-2,82593041658401;
559,65;559,65;1;1;3;4;0;0;-6327,82042162766;-2,81896501779556;
559,7;559,7;1;1;3;4;0;0;-6327,18876141939;-2,81709969043732;
559,75;559,75;1;1;3;4;0;0;-6326,85437937001;-2,81485915184021;
559,8;559,8;1;1;3;4;0;0;-6326,48557563907;-2,81123578548431;
559,85;559,85;1;1;3;4;0;0;-6324,90664863581;-2,80233651399612;
559,9;559,9;1;1;3;4;0;0;-6322,89946226983;-2,79464155435562;
559,95;559,95;1;1;3;4;0;0;-6321,56193407228;-2,78619647026062;
560;560;1;1;3;4;0;0;-6320,44747625259;-2,78229355812073;
560,05;560,05;1;1;3;4;0;0;-6319,66605937782;-2,77543753385544;
560,1;560,1;1;1;3;4;0;0;-6318,88285436375;-2,77087837457657;
560,15;560,15;1;1;3;4;0;0;-6317,27934044509;-2,76623249053955;
560,2;560,2;1;1;3;4;0;0;-6316,51625199816;-2,76125073432922;
560,25;560,25;1;1;3;4;0;0;-6315,84659382974;-2,75672137737274;
560,3;560,3;1;1;3;4;0;0;-6314,78265094532;-2,75108188390732;
560,35;560,35;1;1;3;4;0;0;-6313,66685202116;-2,74762243032455;
560,4;560,4;1;1;3;4;0;0;-6312,64940075859;-2,74180144071579;
560,45;560,45;1;1;3;4;0;0;-6311,64491350595;-2,73699939250946;
560,5;560,5;1;1;3;4;0;0;-6310,70390519851;-2,73278325796127;
560,55;560,55;1;1;3;4;0;0;-6309,92248832374;-2,7287569642067;
560,6;560,6;1;1;3;4;0;0;-6309,14151848379;-2,72417932748795;
560,65;560,65;1;1;3;4;0;0;-6308,36054864385;-2,71984666585922;
560,7;560,7;1;1;3;4;0;0;-6307,56169741088;-2,71533578634262;
560,75;560,75;1;1;3;4;0;0;-6306,66896886459;-2,71170109510422;
560,8;560,8;1;1;3;4;0;0;-6305,7762403183;-2,70642906427383;
560,85;560,85;1;1;3;4;0;0;-6304,88395880683;-2,70219653844833;
560,9;560,9;1;1;3;4;0;0;-6303,98094845955;-2,69733935594559;
560,95;560,95;1;1;3;4;0;0;-6302,66040758537;-2,69324600696564;
561;561;1;1;3;4;0;0;-6301,72655183514;-2,68820345401764;
561,05;561,05;1;1;3;4;0;0;-6300,94558199519;-2,6839292049408;
561,1;561,1;1;1;3;4;0;0;-6300,16461215524;-2,68170148134232;
561,15;561,15;1;1;3;4;0;0;-6299,7587045338;-2,67744779586792;
561,2;561,2;1;1;3;4;0;0;-6298,73767699262;-2,67344236373901;
561,25;561,25;1;1;3;4;0;0;-6297,68312183953;-2,67019003629684;
561,3;561,3;1;1;3;4;0;0;-6297,56689278493;-2,66773849725723;
561,35;561,35;1;1;3;4;0;0;-6296,82794421857;-2,66442120075226;
561,4;561,4;1;1;3;4;0;0;-6295,93566270711;-2,66197711229324;
561,45;561,45;1;1;3;4;0;0;-6295,70856901581;-2,66207724809647;
561,5;561,5;1;1;3;4;0;0;-6294,6517786886;-2,65223383903503;
561,55;561,55;1;1;3;4;0;0;-6292,82787660103;-2,64321208000183;
561,6;561,6;1;1;3;4;0;0;-6291,489007299;-2,63663709163666;
561,65;561,65;1;1;3;4;0;0;-6290,23999199688;-2,63004004955292;
561,7;561,7;1;1;3;4;0;0;-6289,21583521192;-2,6228255033493;
561,75;561,75;1;1;3;4;0;0;-6287,58281699479;-2,61730879545212;
561,8;561,8;1;1;3;4;0;0;-6286,56491869739;-2,6112225651741;
561,85;561,85;1;1;3;4;0;0;-6285,56087847958;-2,60550886392593;
561,9;561,9;1;1;3;4;0;0;-6284,55683826176;-2,6000303030014;
561,95;561,95;1;1;3;4;0;0;-6283,55235100913;-2,59508907794952;
562;562;1;1;3;4;0;0;-6282,54831079131;-2,59096145629883;
562,05;562,05;1;1;3;4;0;0;-6281,54382353867;-2,58551001548767;
562,1;562,1;1;1;3;4;0;0;-6280,53978332086;-2,58018463850021;
562,15;562,15;1;1;3;4;0;0;-6279,36989318283;-2,57561475038528;
562,2;562,2;1;1;3;4;0;0;-6278,80439412872;-2,57276087999344;
562,25;562,25;1;1;3;4;0;0;-6277,7932013537;-2,56641030311584;
562,3;562,3;1;1;3;4;0;0;-6276,37431281793;-2,5621509552002;
562,35;562,35;1;1;3;4;0;0;-6275,91789026121;-2,55866795778275;
562,4;562,4;1;1;3;4;0;0;-6275,47130247065;-2,55759000778198;
562,45;562,45;1;1;3;4;0;0;-6275,02516171491;-2,55424618721008;
562,5;562,5;1;1;3;4;0;0;-6274,41764138722;-2,55036354064941;
562,55;562,55;1;1;3;4;0;0;-6272,7971401452;-2,54287242889404;
562,6;562,6;1;1;3;4;0;0;-6271,27588063441;-2,53744065761566;
562,65;562,65;1;1;3;4;0;0;-6270,88740737115;-2,53619760274887;
562,7;562,7;1;1;3;4;0;0;-6270,66388995846;-2,5334757566452;
562,75;562,75;1;1;3;4;0;0;-6269,94818720302;-2,52845823764801;
562,8;562,8;1;1;3;4;0;0;-6267,78275050886;-2,51781046390533;
562,85;562,85;1;1;3;4;0;0;-6267,06525961412;-2,51534253358841;
562,9;562,9;1;1;3;4;0;0;-6266,54804032115;-2,51120567321777;
562,95;562,95;1;1;3;4;0;0;-6265,22392316836;-2,50506192445755;
563;563;1;1;3;4;0;0;-6263,88505386633;-2,49969035387039;
563,05;563,05;1;1;3;4;0;0;-6262,87028481271;-2,49421894550323;
563,1;563,1;1;1;3;4;0;0;-6261,97800330124;-2,49062865972519;
563,15;563,15;1;1;3;4;0;0;-6261,08527475495;-2,4855637550354;
563,2;563,2;1;1;3;4;0;0;-6260,19254620865;-2,48049557209015;
563,25;563,25;1;1;3;4;0;0;-6259,29981766236;-2,47603967785835;
563,3;563,3;1;1;3;4;0;0;-6258,40708911607;-2,4714820086956;
563,35;563,35;1;1;3;4;0;0;-6257,23451676908;-2,46511310338974;
563,4;563,4;1;1;3;4;0;0;-6256,10798900911;-2,46187001466751;
563,45;563,45;1;1;3;4;0;0;-6255,43833084069;-2,45652347803116;
563,5;563,5;1;1;3;4;0;0;-6254,76464935883;-2,45218098163605;
563,55;563,55;1;1;3;4;0;0;-6253,77357315096;-2,447579652071;
563,6;563,6;1;1;3;4;0;0;-6252,76953293314;-2,4426357448101;
563,65;563,65;1;1;3;4;0;0;-6251,7650456805;-2,43729948997498;
563,7;563,7;1;1;3;4;0;0;-6250,76100546269;-2,43227824568748;
563,75;563,75;1;1;3;4;0;0;-6249,75696524487;-2,42843702435493;
563,8;563,8;1;1;3;4;0;0;-6248,75247799224;-2,4241329729557;
563,85;563,85;1;1;3;4;0;0;-6247,74843777442;-2,41924121975899;
563,9;563,9;1;1;3;4;0;0;-6246,76406708892;-2,41517916321754;
563,95;563,95;1;1;3;4;0;0;-6245,87178557746;-2,40995839238167;
564;564;1;1;3;4;0;0;-6244,92988320037;-2,40486845374107;
564,05;564,05;1;1;3;4;0;0;-6243,92584298256;-2,39892140030861;
564,1;564,1;1;1;3;4;0;0;-6242,92135572992;-2,39364042878151;
564,15;564,15;1;1;3;4;0;0;-6241,9173155121;-2,38952696323395;
564,2;564,2;1;1;3;4;0;0;-6240,91282825946;-2,38439038395882;
564,25;564,25;1;1;3;4;0;0;-6239,90878804165;-2,38086849451065;
564,3;564,3;1;1;3;4;0;0;-6239,04288158488;-2,37666383385658;
564,35;564,35;1;1;3;4;0;0;-6238,26191174493;-2,37074941396713;
564,4;564,4;1;1;3;4;0;0;-6237,28379954699;-2,36682713031769;
564,45;564,45;1;1;3;4;0;0;-6236,34904972711;-2,3631340265274;
564,5;564,5;1;1;3;4;0;0;-6235,4576622853;-2,35736146569252;
564,55;564,55;1;1;3;4;0;0;-6234,36421510241;-2,35383957624435;
564,6;564,6;1;1;3;4;0;0;-6233,65655897382;-2,34781175851822;
564,65;564,65;1;1;3;4;0;0;-6232,4428594229;-2,34490498900414;
564,7;564,7;1;1;3;4;0;0;-6231,65831330435;-2,33964800834656;
564,75;564,75;1;1;3;4;0;0;-6230,87689642958;-2,33461394906044;
564,8;564,8;1;1;3;4;0;0;-6229,90370161472;-2,32998952269554;
564,85;564,85;1;1;3;4;0;0;-6228,89921436208;-2,3247966170311;
564,9;564,9;1;1;3;4;0;0;-6227,89517414427;-2,32098668813705;
564,95;564,95;1;1;3;4;0;0;-6226,89113392645;-2,31642514467239;
565;565;1;1;3;4;0;0;-6225,88664667381;-2,31179177761078;
565,05;565,05;1;1;3;4;0;0;-6224,88662976943;-2,30705320835114;
565,1;565,1;1;1;3;4;0;0;-6223,99390122313;-2,30230316519737;
565,15;565,15;1;1;3;4;0;0;-6223,10117267684;-2,29758143424988;
565,2;565,2;1;1;3;4;0;0;-6222,20889116537;-2,29229941964149;
565,25;565,25;1;1;3;4;0;0;-6221,31616261908;-2,28908494114876;
565,3;565,3;1;1;3;4;0;0;-6220,42343407279;-2,28252694010735;
565,35;565,35;1;1;3;4;0;0;-6219,24057992482;-2,27830216288567;
565,4;565,4;1;1;3;4;0;0;-6218,22491680155;-2,27414175868034;
565,45;565,45;1;1;3;4;0;0;-6217,55525863312;-2,2696028649807;
565,5;565,5;1;1;3;4;0;0;-6216,633919858;-2,26528361439705;
565,55;565,55;1;1;3;4;0;0;-6215,52169721244;-2,25957155227661;
565,6;565,6;1;1;3;4;0;0;-6214,29413958194;-2,25492849946022;
565,65;565,65;1;1;3;4;0;0;-6213,53596851809;-2,25195795297623;
565,7;565,7;1;1;3;4;0;0;-6212,81758355369;-2,24605530500412;
565,75;565,75;1;1;3;4;0;0;-6211,47871425167;-2,24200218915939;
565,8;565,8;1;1;3;4;0;0;-6210,83900741654;-2,23706141114235;
565,85;565,85;1;1;3;4;0;0;-6209,91230422352;-2,23111987113953;
565,9;565,9;1;1;3;4;0;0;-6208,48894533949;-2,22647175192833;
565,95;565,95;1;1;3;4;0;0;-6207,81794606659;-2,22414165735245;
566;566;1;1;3;4;0;0;-6206,85905636614;-2,21708461642265;
566,05;566,05;1;1;3;4;0;0;-6205,86887422791;-2,21497789025307;
566,1;566,1;1;1;3;4;0;0;-6204,76603931369;-2,20795214176178;
566,15;566,15;1;1;3;4;0;0;-6204,07000609057;-2,2063159942627;
566,2;566,2;1;1;3;4;0;0;-6203,90192099622;-2,20246076583862;
566,25;566,25;1;1;3;4;0;0;-6203,04003785288;-2,1976637840271;
566,3;566,3;1;1;3;4;0;0;-6201,02793410382;-2,18675911426544;
566,35;566,35;1;1;3;4;0;0;-6199,64078504066;-2,18310490250587;
566,4;566,4;1;1;3;4;0;0;-6198,89557798674;-2,18004211783409;
566,45;566,45;1;1;3;4;0;0;-6198,22636685314;-2,17416614294052;
566,5;566,5;1;1;3;4;0;0;-6197,28044116262;-2,16959193348885;
566,55;566,55;1;1;3;4;0;0;-6196,16464223847;-2,16501027345657;
566,6;566,6;1;1;3;4;0;0;-6195,05778401081;-2,16124162077904;
566,65;566,65;1;1;3;4;0;0;-6194,26385016093;-2,15604290366173;
566,7;566,7;1;1;3;4;0;0;-6193,48288032098;-2,15240806341171;
566,75;566,75;1;1;3;4;0;0;-6192,70146344621;-2,14778631925583;
566,8;566,8;1;1;3;4;0;0;-6191,92049360626;-2,14375048875809;
566,85;566,85;1;1;3;4;0;0;-6191,0036251794;-2,13863477110863;
566,9;566,9;1;1;3;4;0;0;-6189,77606754889;-2,13438287377357;
566,95;566,95;1;1;3;4;0;0;-6188,57712014721;-2,12932527065277;
567;567;1;1;3;4;0;0;-6187,62225376019;-2,12505698204041;
567,05;567,05;1;1;3;4;0;0;-6186,8792818804;-2,12043195962906;
567,1;567,1;1;1;3;4;0;0;-6186,10054721458;-2,11558327078819;
567,15;567,15;1;1;3;4;0;0;-6185,09650699677;-2,11095809936523;
567,2;567,2;1;1;3;4;0;0;-6184,09201974413;-2,10669219493866;
567,25;567,25;1;1;3;4;0;0;-6183,26724049129;-2,10174635052681;
567,3;567,3;1;1;3;4;0;0;-6182,04772948764;-2,09733486175537;
567,35;567,35;1;1;3;4;0;0;-6181,21177436417;-2,09235444664955;
567,4;567,4;1;1;3;4;0;0;-6180,41605237499;-2,08744749426842;
567,45;567,45;1;1;3;4;0;0;-6179,18849474448;-2,08348289132118;
567,5;567,5;1;1;3;4;0;0;-6178,16791423813;-2,07871958613396;
567,55;567,55;1;1;3;4;0;0;-6177,38068591063;-2,07387939095497;
567,6;567,6;1;1;3;4;0;0;-6176,59926903586;-2,06909313797951;
567,65;567,65;1;1;3;4;0;0;-6175,65200224087;-2,06529930233955;
567,7;567,7;1;1;3;4;0;0;-6174,58090679925;-2,06025660037994;
567,75;567,75;1;1;3;4;0;0;-6173,68817825295;-2,05530688166618;
567,8;567,8;1;1;3;4;0;0;-6172,79544970666;-2,05297857522964;
567,85;567,85;1;1;3;4;0;0;-6172,0565011403;-2,04682976007462;
567,9;567,9;1;1;3;4;0;0;-6170,69483306218;-2,04141438007355;
567,95;567,95;1;1;3;4;0;0;-6169,87944154068;-2,03888297080994;
568;568;1;1;3;4;0;0;-6169,33987050644;-2,03615292906761;
568,05;568,05;1;1;3;4;0;0;-6168,8937297507;-2,03333243727684;
568,1;568,1;1;1;3;4;0;0;-6168,35862906472;-2,02918022871017;
568,15;568,15;1;1;3;4;0;0;-6167,01484237961;-2,02641159296036;
568,2;568,2;1;1;3;4;0;0;-6166,64380347454;-2,02086701989174;
568,25;568,25;1;1;3;4;0;0;-6164,56732671063;-2,01056733727455;
568,3;568,3;1;1;3;4;0;0;-6162,88245245375;-2,00388044118881;
568,35;568,35;1;1;3;4;0;0;-6161,98972390746;-1,9977605342865;
568,4;568,4;1;1;3;4;0;0;-6161,09699536117;-1,9925944507122;
568,45;568,45;1;1;3;4;0;0;-6160,10189583986;-1,98871329426765;
568,5;568,5;1;1;3;4;0;0;-6159,09740858722;-1,98309928178787;
568,55;568,55;1;1;3;4;0;0;-6158,09336836941;-1,97857767343521;
568,6;568,6;1;1;3;4;0;0;-6157,08888111677;-1,97321608662605;
568,65;568,65;1;1;3;4;0;0;-6156,08484089896;-1,96865871548653;
568,7;568,7;1;1;3;4;0;0;-6155,08080068114;-1,96459025144577;
568,75;568,75;1;1;3;4;0;0;-6154,0763134285;-1,95987492799759;
568,8;568,8;1;1;3;4;0;0;-6153,07227321069;-1,95542961359024;
568,85;568,85;1;1;3;4;0;0;-6152,28102156976;-1,95095837116241;
568,9;568,9;1;1;3;4;0;0;-6151,72133396838;-1,94699451327324;
568,95;568,95;1;1;3;4;0;0;-6150,69494200929;-1,94220170378685;
569;569;1;1;3;4;0;0;-6149,55008582148;-1,93887427449226;
569,05;569,05;1;1;3;4;0;0;-6149,09902768267;-1,93561211228371;
569,1;569,1;1;1;3;4;0;0;-6147,76418169407;-1,93055674433708;
569,15;569,15;1;1;3;4;0;0;-6146,67878113804;-1,92546382546425;
569,2;569,2;1;1;3;4;0;0;-6145,88529432298;-1,92148044705391;
569,25;569,25;1;1;3;4;0;0;-6145,10387744821;-1,91694378852844;
569,3;569,3;1;1;3;4;0;0;-6144,32290760826;-1,91144973039627;
569,35;569,35;1;1;3;4;0;0;-6143,19772095277;-1,90802469849586;
569,4;569,4;1;1;3;4;0;0;-6142,21469137175;-1,90379545092583;
569,45;569,45;1;1;3;4;0;0;-6141,4337215318;-1,89837858080864;
569,5;569,5;1;1;3;4;0;0;-6140,46902037862;-1,89427226781845;
569,55;569,55;1;1;3;4;0;0;-6139,35322145446;-1,88924580812454;
569,6;569,6;1;1;3;4;0;0;-6138,41131907738;-1,88496559858322;
569,65;569,65;1;1;3;4;0;0;-6137,63034923743;-1,87992408871651;
569,7;569,7;1;1;3;4;0;0;-6136,80244074082;-1,87574788928032;
569,75;569,75;1;1;3;4;0;0;-6135,798400523;-1,87072992324829;
569,8;569,8;1;1;3;4;0;0;-6134,79391327036;-1,86721667647362;
569,85;569,85;1;1;3;4;0;0;-6133,84217612712;-1,86310768127441;
569,9;569,9;1;1;3;4;0;0;-6133,00487989917;-1,85811713337898;
569,95;569,95;1;1;3;4;0;0;-6132,00039264653;-1,85199767351151;
570;570;1;1;3;4;0;0;-6130,99635242872;-1,84842884540558;
570,05;570,05;1;1;3;4;0;0;-6129,99231221091;-1,84375286102295;
570,1;570,1;1;1;3;4;0;0;-6128,98782495827;-1,83938413858414;
570,15;570,15;1;1;3;4;0;0;-6127,98378474045;-1,83421641588211;
570,2;570,2;1;1;3;4;0;0;-6126,97974452264;-1,82905092835426;
570,25;570,25;1;1;3;4;0;0;-6126,0069967426;-1,82564690709114;
570,3;570,3;1;1;3;4;0;0;-6125,44283879297;-1,82017266750336;
570,35;570,35;1;1;3;4;0;0;-6124,44550409753;-1,81576251983643;
570,4;570,4;1;1;3;4;0;0;-6123,3565272629;-1,81191295385361;
570,45;570,45;1;1;3;4;0;0;-6122,28319664715;-1,80749595165253;
570,5;570,5;1;1;3;4;0;0;-6121,62918469761;-1,80372059345245;
570,55;570,55;1;1;3;4;0;0;-6121,05519198182;-1,79909646511078;
570,6;570,6;1;1;3;4;0;0;-6120,06232763464;-1,7968662083149;
570,65;570,65;1;1;3;4;0;0;-6118,69618920826;-1,79064452648163;
570,7;570,7;1;1;3;4;0;0;-6118,09135108952;-1,78473025560379;
570,75;570,75;1;1;3;4;0;0;-6116,65413412591;-1,78124263882637;
570,8;570,8;1;1;3;4;0;0;-6116,19949970849;-1,77818924188614;
570,85;570,85;1;1;3;4;0;0;-6115,58885013701;-1,77276432514191;
570,9;570,9;1;1;3;4;0;0;-6113,40955536326;-1,76183015108109;
570,95;570,95;1;1;3;4;0;0;-6112,12656541441;-1,75826907157898;
571;571;1;1;3;4;0;0;-6111,78860708642;-1,7550952732563;
571,05;571,05;1;1;3;4;0;0;-6110,95086382365;-1,74950182437897;
571,1;571,1;1;1;3;4;0;0;-6109,38892414376;-1,74484223127365;
571,15;571,15;1;1;3;4;0;0;-6108,3929305528;-1,73893660306931;
571,2;571,2;1;1;3;4;0;0;-6107,60704332977;-1,73529952764511;
571,25;571,25;1;1;3;4;0;0;-6106,82607348983;-1,73158407211304;
571,3;571,3;1;1;3;4;0;0;-6106,04510364988;-1,72716304659843;
571,35;571,35;1;1;3;4;0;0;-6105,26413380993;-1,72323435544968;
571,4;571,4;1;1;3;4;0;0;-6104,12643017933;-1,7177015542984;
571,45;571,45;1;1;3;4;0;0;-6102,94581120549;-1,71504318714142;
571,5;571,5;1;1;3;4;0;0;-6102,38791174341;-1,7101763188839;
571,55;571,55;1;1;3;4;0;0;-6101,62079998305;-1,70494601130486;
571,6;571,6;1;1;3;4;0;0;-6100,20772290001;-1,70151904225349;
571,65;571,65;1;1;3;4;0;0;-6099,7338659851;-1,69739678502083;
571,7;571,7;1;1;3;4;0;0;-6098,84784296119;-1,69277712702751;
571,75;571,75;1;1;3;4;0;0;-6097,73204403703;-1,68639004230499;
571,8;571,8;1;1;3;4;0;0;-6096,5129800682;-1,68304920196533;
571,85;571,85;1;1;3;4;0;0;-6095,71815214867;-1,67910158634186;
571,9;571,9;1;1;3;4;0;0;-6095,04849398024;-1,67393282055855;
571,95;571,95;1;1;3;4;0;0;-6093,79322019056;-1,66910335421562;
572;572;1;1;3;4;0;0;-6092,75475829119;-1,66394546627998;
572,05;572,05;1;1;3;4;0;0;-6091,94607229207;-1,65912240743637;
572,1;572,1;1;1;3;4;0;0;-6090,85396621366;-1,65700748562813;
572,15;572,15;1;1;3;4;0;0;-6090,08104300057;-1,65053367614746;
572,2;572,2;1;1;3;4;0;0;-6088,91830541974;-1,64642378687859;
572,25;572,25;1;1;3;4;0;0;-6088,24909428614;-1,64213448762894;
572,3;572,3;1;1;3;4;0;0;-6087,40777474477;-1,63814961910248;
572,35;572,35;1;1;3;4;0;0;-6086,29197582061;-1,63275808095932;
572,4;572,4;1;1;3;4;0;0;-6085,25261985159;-1,62863001227379;
572,45;572,45;1;1;3;4;0;0;-6084,36033834012;-1,62361219525337;
572,5;572,5;1;1;3;4;0;0;-6083,46760979383;-1,61921828985214;
572,55;572,55;1;1;3;4;0;0;-6082,57488124753;-1,6157802939415;
572,6;572,6;1;1;3;4;0;0;-6081,68215270124;-1,60942330956459;
572,65;572,65;1;1;3;4;0;0;-6080,48633454334;-1,60613864660263;
572,7;572,7;1;1;3;4;0;0;-6079,83634590723;-1,60224735736847;
572,75;572,75;1;1;3;4;0;0;-6078,6664557692;-1,59700185060501;
572,8;572,8;1;1;3;4;0;0;-6077,58373742212;-1,59101769328117;
572,85;572,85;1;1;3;4;0;0;-6076,69100887582;-1,58794566988945;
572,9;572,9;1;1;3;4;0;0;-6075,79828032953;-1,58323913812637;
572,95;572,95;1;1;3;4;0;0;-6074,90599881806;-1,57881513237953;
573;573;1;1;3;4;0;0;-6074,01327027177;-1,57463893294334;
573,05;573,05;1;1;3;4;0;0;-6073,12054172548;-1,57075941562653;
573,1;573,1;1;1;3;4;0;0;-6072,22781317918;-1,56670778989792;
573,15;573,15;1;1;3;4;0;0;-6071,33508463289;-1,56185358762741;
573,2;573,2;1;1;3;4;0;0;-6070,09009264419;-1,55567109584808;
573,25;573,25;1;1;3;4;0;0;-6068,91394401861;-1,5506075322628;
573,3;573,3;1;1;3;4;0;0;-6068,11017540257;-1,54554069042206;
573,35;573,35;1;1;3;4;0;0;-6067,32920556262;-1,54296278953552;
573,4;573,4;1;1;3;4;0;0;-6066,63630158327;-1,53903394937515;
573,45;573,45;1;1;3;4;0;0;-6065,26345763452;-1,53069168329239;
573,5;573,5;1;1;3;4;0;0;-6063,88748444198;-1,52655184268951;
573,55;573,55;1;1;3;4;0;0;-6063,06628146775;-1,52146324515343;
573,6;573,6;1;1;3;4;0;0;-6062,2853116278;-1,51757553219795;
573,65;573,65;1;1;3;4;0;0;-6061,50434178786;-1,51317596435547;
573,7;573,7;1;1;3;4;0;0;-6060,53785249537;-1,50917962193489;
573,75;573,75;1;1;3;4;0;0;-6059,42205357122;-1,5035904943943;
573,8;573,8;1;1;3;4;0;0;-6058,36839248778;-1,49974763393402;
573,85;573,85;1;1;3;4;0;0;-6057,80959895605;-1,49729579687119;
573,9;573,9;1;1;3;4;0;0;-6056,94995098684;-1,49210318922997;
573,95;573,95;1;1;3;4;0;0;-6055,72239335633;-1,48737564682961;
574;574;1;1;3;4;0;0;-6054,69734250173;-1,48293718695641;
574,05;574,05;1;1;3;4;0;0;-6053,90653789562;-1,47846132516861;
574,1;574,1;1;1;3;4;0;0;-6053,12556805567;-1,47364318370819;
574,15;574,15;1;1;3;4;0;0;-6052,24759165862;-1,4691473543644;
574,2;574,2;1;1;3;4;0;0;-6051,13179273446;-1,4650671184063;
574,25;574,25;1;1;3;4;0;0;-6050,09824821817;-1,46116718649864;
574,3;574,3;1;1;3;4;0;0;-6049,27346896533;-1,45590275526047;
574,35;574,35;1;1;3;4;0;0;-6048,15767004117;-1,45136594772339;
574,4;574,4;1;1;3;4;0;0;-6047,12367849006;-1,44744113087654;
574,45;574,45;1;1;3;4;0;0;-6046,39724689881;-1,44306823611259;
574,5;574,5;1;1;3;4;0;0;-6045,72758873038;-1,43804252147675;
574,55;574,55;1;1;3;4;0;0;-6044,50986586604;-1,4332190155983;
574,6;574,6;1;1;3;4;0;0;-6043,24520434502;-1,42934083938599;
574,65;574,65;1;1;3;4;0;0;-6042,40433183847;-1,42379179596901;
574,7;574,7;1;1;3;4;0;0;-6041,62336199853;-1,419468075037;
574,75;574,75;1;1;3;4;0;0;-6040,84239215858;-1,41507476568222;
574,8;574,8;1;1;3;4;0;0;-6039,94921657746;-1,411252617836;
574,85;574,85;1;1;3;4;0;0;-6038,94517635965;-1,40633106231689;
574,9;574,9;1;1;3;4;0;0;-6037,94068910701;-1,40205934643745;
574,95;574,95;1;1;3;4;0;0;-6036,93664888919;-1,39784663915634;
575;575;1;1;3;4;0;0;-6036,03319150709;-1,39320850372314;
575,05;575,05;1;1;3;4;0;0;-6035,03898605544;-1,3875812292099;
575,1;575,1;1;1;3;4;0;0;-6033,81142842493;-1,38344720005989;
575,15;575,15;1;1;3;4;0;0;-6032,94015755026;-1,37875005602837;
575,2;575,2;1;1;3;4;0;0;-6032,15918771031;-1,37407779693604;
575,25;575,25;1;1;3;4;0;0;-6031,37821787036;-1,37026429176331;
575,3;575,3;1;1;3;4;0;0;-6030,38803573214;-1,3658931851387;
575,35;575,35;1;1;3;4;0;0;-6029,38399551432;-1,36125087738037;
575,4;575,4;1;1;3;4;0;0;-6028,37995529651;-1,35706067085266;
575,45;575,45;1;1;3;4;0;0;-6027,37546804387;-1,35203763842583;
575,5;575,5;1;1;3;4;0;0;-6026,37142782605;-1,34740099310875;
575,55;575,55;1;1;3;4;0;0;-6025,39018638434;-1,34363204240799;
575,6;575,6;1;1;3;4;0;0;-6024,60474619613;-1,33789241313934;
575,65;575,65;1;1;3;4;0;0;-6023,49028837645;-1,33481174707413;
575,7;575,7;1;1;3;4;0;0;-6022,37448945229;-1,3296639919281;
575,75;575,75;1;1;3;4;0;0;-6021,75892249774;-1,32539570331573;
575,8;575,8;1;1;3;4;0;0;-6020,72269577249;-1,32101953029633;
575,85;575,85;1;1;3;4;0;0;-6019,60421463938;-1,31491020321846;
575,9;575,9;1;1;3;4;0;0;-6018,60017442157;-1,31051018834114;
575,95;575,95;1;1;3;4;0;0;-6017,59568716893;-1,3059076666832;
576;576;1;1;3;4;0;0;-6016,64529113016;-1,30085438489914;
576,05;576,05;1;1;3;4;0;0;-6015,75256258387;-1,29752174019814;
576,1;576,1;1;1;3;4;0;0;-6014,85983403757;-1,29144892096519;
576,15;576,15;1;1;3;4;0;0;-6013,96710549128;-1,28710091114044;
576,2;576,2;1;1;3;4;0;0;-6012,93087876604;-1,28408491611481;
576,25;576,25;1;1;3;4;0;0;-6011,81507984188;-1,27918675541878;
576,3;576,3;1;1;3;4;0;0;-6011,26746218078;-1,27538338303566;
576,35;576,35;1;1;3;4;0;0;-6010,51018518658;-1,27042099833488;
576,4;576,4;1;1;3;4;0;0;-6009,12035391446;-1,26743867993355;
576,45;576,45;1;1;3;4;0;0;-6008,65543769606;-1,26246452331543;
576,5;576,5;1;1;3;4;0;0;-6007,5695901052;-1,25691428780556;
576,55;576,55;1;1;3;4;0;0;-6006,25039033549;-1,2525175511837;
576,6;576,6;1;1;3;4;0;0;-6005,31385237631;-1,24945431947708;
576,65;576,65;1;1;3;4;0;0;-6004,61111363081;-1,24488428235054;
576,7;576,7;1;1;3;4;0;0;-6003,83729634807;-1,23963885009289;
576,75;576,75;1;1;3;4;0;0;-6002,60973871756;-1,23511128127575;
576,8;576,8;1;1;3;4;0;0;-6001,51673856949;-1,23035751283169;
576,85;576,85;1;1;3;4;0;0;-6000,70268815247;-1,22628383338451;
576,9;576,9;1;1;3;4;0;0;-5999,92171831252;-1,22153922915459;
576,95;576,95;1;1;3;4;0;0;-5999,14074847258;-1,21733397245407;
577;577;1;1;3;4;0;0;-5998,16353034428;-1,21249347925186;
577,05;577,05;1;1;3;4;0;0;-5997,15949012647;-1,20783813297749;
577,1;577,1;1;1;3;4;0;0;-5996,15500287383;-1,20351910591125;
577,15;577,15;1;1;3;4;0;0;-5995,15096265602;-1,19958229362965;
577,2;577,2;1;1;3;4;0;0;-5994,1469224382;-1,19523584842682;
577,25;577,25;1;1;3;4;0;0;-5993,23184215064;-1,1897949129343;
577,3;577,3;1;1;3;4;0;0;-5992,33911360435;-1,18624947965145;
577,35;577,35;1;1;3;4;0;0;-5991,44638505806;-1,18120662868023;
577,4;577,4;1;1;3;4;0;0;-5990,55365651176;-1,17750763893127;
577,45;577,45;1;1;3;4;0;0;-5989,62293000531;-1,17212489247322;
577,5;577,5;1;1;3;4;0;0;-5988,61844275267;-1,16791598498821;
577,55;577,55;1;1;3;4;0;0;-5987,61440253486;-1,16370104253292;
577,6;577,6;1;1;3;4;0;0;-5986,61036231704;-1,15863621234894;
577,65;577,65;1;1;3;4;0;0;-5985,60587506441;-1,15442492067814;
577,7;577,7;1;1;3;4;0;0;-5984,60183484659;-1,15022249519825;
577,75;577,75;1;1;3;4;0;0;-5983,66306171328;-1,14606380462646;
577,8;577,8;1;1;3;4;0;0;-5982,83783542562;-1,14075563848019;
577,85;577,85;1;1;3;4;0;0;-5981,72203650146;-1,13640062510967;
577,9;577,9;1;1;3;4;0;0;-5980,90664497996;-1,13204464316368;
577,95;577,95;1;1;3;4;0;0;-5980,12567514002;-1,12863540649414;
578;578;1;1;3;4;0;0;-5978,97858377808;-1,12246863543987;
578,05;578,05;1;1;3;4;0;0;-5977,81629323208;-1,11942544579506;
578,1;578,1;1;1;3;4;0;0;-5977,09209681496;-1,11419104039669;
578,15;578,15;1;1;3;4;0;0;-5975,898960866;-1,11037574708462;
578,2;578,2;1;1;3;4;0;0;-5975,22215014037;-1,10445201396942;
578,25;578,25;1;1;3;4;0;0;-5973,91680845025;-1,10013730823994;
578,3;578,3;1;1;3;4;0;0;-5972,84258376485;-1,095360070467;
578,35;578,35;1;1;3;4;0;0;-5972,0598257856;-1,09080769121647;
578,4;578,4;1;1;3;4;0;0;-5971,27885594565;-1,08519442379475;
578,45;578,45;1;1;3;4;0;0;-5970,10807173797;-1,08247227966785;
578,5;578,5;1;1;3;4;0;0;-5969,50546879335;-1,07786566019058;
578,55;578,55;1;1;3;4;0;0;-5968,56267234662;-1,07437081634998;
578,6;578,6;1;1;3;4;0;0;-5967,36908936284;-1,06881342828274;
578,65;578,65;1;1;3;4;0;0;-5966,37711908531;-1,06559172272682;
578,7;578,7;1;1;3;4;0;0;-5965,64577011098;-1,05885669589043;
578,75;578,75;1;1;3;4;0;0;-5964,42938835111;-1,05652421712875;
578,8;578,8;1;1;3;4;0;0;-5963,90546353576;-1,05209097266197;
578,85;578,85;1;1;3;4;0;0;-5962,7896646116;-1,0474669188261;
578,9;578,9;1;1;3;4;0;0;-5961,67386568744;-1,0431270301342;
578,95;578,95;1;1;3;4;0;0;-5960,92150607632;-1,03744603693485;
579;579;1;1;3;4;0;0;-5959,68232554035;-1,03484094142914;
579,05;579,05;1;1;3;4;0;0;-5959,45523184906;-1,03055156767368;
579,1;579,1;1;1;3;4;0;0;-5958,10786888535;-1,02539636194706;
579,15;579,15;1;1;3;4;0;0;-5956,8955104389;-1,02153465151787;
579,2;579,2;1;1;3;4;0;0;-5956,31794144451;-1,01545751094818;
579,25;579,25;1;1;3;4;0;0;-5955,22136501784;-1,01156286895275;
579,3;579,3;1;1;3;4;0;0;-5954,18066794434;-1,00812904536724;
579,35;579,35;1;1;3;4;0;0;-5953,37779339795;-1,00248895585537;
579,4;579,4;1;1;3;4;0;0;-5952,26959406582;-0,998725518584251;
579,45;579,45;1;1;3;4;0;0;-5951,5999358974;-0,995263010263443;
579,5;579,5;1;1;3;4;0;0;-5950,75548711225;-0,989940389990807;
579,55;579,55;1;1;3;4;0;0;-5949,86320560078;-0,985564962029457;
579,6;579,6;1;1;3;4;0;0;-5948,85693020884;-0,980581045150757;
579,65;579,65;1;1;3;4;0;0;-5947,51806090681;-0,975668728351593;
579,7;579,7;1;1;3;4;0;0;-5946,4067323309;-0,971563160419464;
579,75;579,75;1;1;3;4;0;0;-5945,60519888899;-0,96775084733963;
579,8;579,8;1;1;3;4;0;0;-5944,82422904904;-0,963608771562576;
579,85;579,85;1;1;3;4;0;0;-5944,0432592091;-0,958475321531296;
579,9;579,9;1;1;3;4;0;0;-5942,86398133973;-0,954594984650612;
579,95;579,95;1;1;3;4;0;0;-5941,75309979865;-0,949375331401825;
580;580;1;1;3;4;0;0;-5940,95469560051;-0,94547376036644;
580,05;580,05;1;1;3;4;0;0;-5940,17327872574;-0,941404029726982;
580,1;580,1;1;1;3;4;0;0;-5939,16029781142;-0,935803055763245;
580,15;580,15;1;1;3;4;0;0;-5937,80712339498;-0,931407660245895;
580,2;580,2;1;1;3;4;0;0;-5937,03151797294;-0,927677527070045;
580,25;580,25;1;1;3;4;0;0;-5936,36185980451;-0,923743024468422;
580,3;580,3;1;1;3;4;0;0;-5935,38374760657;-0,91811865568161;
580,35;580,35;1;1;3;4;0;0;-5934,15618997606;-0,914958193898201;
580,4;580,4;1;1;3;4;0;0;-5933,4100888525;-0,909496620297432;
580,45;580,45;1;1;3;4;0;0;-5932,5683222763;-0,905482992529869;
580,5;580,5;1;1;3;4;0;0;-5931,38367998903;-0,900360271334648;
580,55;580,55;1;1;3;4;0;0;-5930,2736925176;-0,895695835351944;
580,6;580,6;1;1;3;4;0;0;-5929,49272267765;-0,891558900475502;
580,65;580,65;1;1;3;4;0;0;-5928,64737982285;-0,887011513113976;
580,7;580,7;1;1;3;4;0;0;-5927,75465127656;-0,882257074117661;
580,75;580,75;1;1;3;4;0;0;-5926,71618937719;-0,877333804965019;
580,8;580,8;1;1;3;4;0;0;-5925,37732007516;-0,872443541884422;
580,85;580,85;1;1;3;4;0;0;-5924,36791543944;-0,868682786822319;
580,9;580,9;1;1;3;4;0;0;-5923,74430185803;-0,866477340459824;
580,95;580,95;1;1;3;4;0;0;-5923,1855083263;-0,86201936006546;
581;581;1;1;3;4;0;0;-5922,10055480509;-0,857739821076393;
581,05;581,05;1;1;3;4;0;0;-5920,98475588093;-0,852643325924873;
581,1;581,1;1;1;3;4;0;0;-5919,98965635963;-0,847969949245453;
581,15;581,15;1;1;3;4;0;0;-5919,20868651968;-0,84428608417511;
581,2;581,2;1;1;3;4;0;0;-5918,22833914761;-0,839176923036575;
581,25;581,25;1;1;3;4;0;0;-5917,2242989298;-0,834946185350418;
581,3;581,3;1;1;3;4;0;0;-5916,21981167716;-0,830760449171066;
581,35;581,35;1;1;3;4;0;0;-5915,28997924036;-0,82619771361351;
581,4;581,4;1;1;3;4;0;0;-5914,39725069406;-0,822112113237381;
581,45;581,45;1;1;3;4;0;0;-5913,50452214777;-0,817655101418495;
581,5;581,5;1;1;3;4;0;0;-5912,61179360148;-0,813358053565025;
581,55;581,55;1;1;3;4;0;0;-5910,74318803137;-0,804064348340034;
581,6;581,6;1;1;3;4;0;0;-5910,20629920608;-0,804382190108299;
581,65;581,65;1;1;3;4;0;0;-5909,87147012187;-0,802145898342133;
581,7;581,7;1;1;3;4;0;0;-5908,44453495924;-0,794341936707497;
581,75;581,75;1;1;3;4;0;0;-5907,61796756711;-0,791646838188171;
581,8;581,8;1;1;3;4;0;0;-5907,06006810503;-0,786909759044647;
581,85;581,85;1;1;3;4;0;0;-5905,61256934043;-0,781673565506935;
581,9;581,9;1;1;3;4;0;0;-5904,78868415725;-0,777769610285759;
581,95;581,95;1;1;3;4;0;0;-5904,11902598882;-0,774039030075073;
582;582;1;1;3;4;0;0;-5902,65006955261;-0,769246816635132;
582,05;582,05;1;1;3;4;0;0;-5902,16682490637;-0,765183940529823;
582,1;582,1;1;1;3;4;0;0;-5901,18603049947;-0,760982036590576;
582,15;582,15;1;1;3;4;0;0;-5900,05547942608;-0,755542293190956;
582,2;582,2;1;1;3;4;0;0;-5899,2740625513;-0,751553028821945;
582,25;582,25;1;1;3;4;0;0;-5898,41486161691;-0,746090561151505;
582,3;582,3;1;1;3;4;0;0;-5897,29727455345;-0,743676871061325;
582,35;582,35;1;1;3;4;0;0;-5896,51675174833;-0,738013535737991;
582,4;582,4;1;1;3;4;0;0;-5895,28964115265;-0,733552053570747;
582,45;582,45;1;1;3;4;0;0;-5894,24760297468;-0,730636268854141;
582,5;582,5;1;1;3;4;0;0;-5893,52698283616;-0,724888294935226;
582,55;582,55;1;1;3;4;0;0;-5892,56854017053;-0,720250532031059;
582,6;582,6;1;1;3;4;0;0;-5891,37003980368;-0,71660503745079;
582,65;582,65;1;1;3;4;0;0;-5890,58370554583;-0,712292119860649;
582,7;582,7;1;1;3;4;0;0;-5889,73255123829;-0,70759043097496;
582,75;582,75;1;1;3;4;0;0;-5888,59171836391;-0,701065510511398;
582,8;582,8;1;1;3;4;0;0;-5887,63193459381;-0,6991346180439;
582,85;582,85;1;1;3;4;0;0;-5887,07984658446;-0,69437600672245;
582,9;582,9;1;1;3;4;0;0;-5885,4146418599;-0,688967406749725;
582,95;582,95;1;1;3;4;0;0;-5884,64708306472;-0,685401558876038;
583;583;1;1;3;4;0;0;-5883,85449031931;-0,678960308432579;
583,05;583,05;1;1;3;4;0;0;-5882,31400831104;-0,674504041671753;
583,1;583,1;1;1;3;4;0;0;-5881,69039472963;-0,669027417898178;
583,15;583,15;1;1;3;4;0;0;-5880,37074792509;-0,664548799395561;
583,2;583,2;1;1;3;4;0;0;-5879,32602753817;-0,659527331590652;
583,25;583,25;1;1;3;4;0;0;-5878,37965481283;-0,656983405351639;
583,3;583,3;1;1;3;4;0;0;-5877,72027844538;-0,653608590364456;
583,35;583,35;1;1;3;4;0;0;-5877,09353562019;-0,647840574383736;
583,4;583,4;1;1;3;4;0;0;-5875,87447165137;-0,642196387052536;
583,45;583,45;1;1;3;4;0;0;-5874,55348374236;-0,637371391057968;
583,5;583,5;1;1;3;4;0;0;-5873,62409834038;-0,633891224861145;
583,55;583,55;1;1;3;4;0;0;-5873,0661988783;-0,631165057420731;
583,6;583,6;1;1;3;4;0;0;-5872,50829941622;-0,629824995994568;
583,65;583,65;1;1;3;4;0;0;-5871,95039995414;-0,627708286046982;
583,7;583,7;1;1;3;4;0;0;-5871,39250049206;-0,623968690633774;
583,75;583,75;1;1;3;4;0;0;-5870,64327012472;-0,621159337460995;
583,8;583,8;1;1;3;4;0;0;-5869,75054157843;-0,618773996829987;
583,85;583,85;1;1;3;4;0;0;-5868,85826006696;-0,612996779382229;
583,9;583,9;1;1;3;4;0;0;-5867,68121737172;-0,606391057372093;
583,95;583,95;1;1;3;4;0;0;-5866,34234806969;-0,60069415718317;
584;584;1;1;3;4;0;0;-5865,11076712576;-0,597252510488033;
584,05;584,05;1;1;3;4;0;0;-5864,44110895733;-0,590284094214439;
584,1;584,1;1;1;3;4;0;0;-5863,37895421222;-0,585273988544941;
584,15;584,15;1;1;3;4;0;0;-5862,26315528806;-0,582844689488411;
584,2;584,2;1;1;3;4;0;0;-5861,39233144821;-0,578092560172081;
584,25;584,25;1;1;3;4;0;0;-5860,34090553891;-0,572934858500957;
584,3;584,3;1;1;3;4;0;0;-5859,39632095287;-0,5683658644557;
584,35;584,35;1;1;3;4;0;0;-5858,40032736191;-0,562308058142662;
584,4;584,4;1;1;3;4;0;0;-5857,17321676623;-0,559938810765743;
584,45;584,45;1;1;3;4;0;0;-5856,61531730415;-0,556648001074791;
584,5;584,5;1;1;3;4;0;0;-5855,88575646912;-0,551014766097069;
584,55;584,55;1;1;3;4;0;0;-5854,43512846075;-0,546525083482265;
584,6;584,6;1;1;3;4;0;0;-5853,36403301913;-0,542081780731678;
584,65;584,65;1;1;3;4;0;0;-5852,56786399512;-0,538254901766777;
584,7;584,7;1;1;3;4;0;0;-5851,78689415517;-0,533362440764904;
584,75;584,75;1;1;3;4;0;0;-5850,77257213637;-0,5290162935853;
584,8;584,8;1;1;3;4;0;0;-5849,69924152063;-0,5245565995574;
584,85;584,85;1;1;3;4;0;0;-5848,88742627773;-0,52096638828516;
584,9;584,9;1;1;3;4;0;0;-5848,09662167162;-0,515447109937668;
584,95;584,95;1;1;3;4;0;0;-5846,8757695635;-0,511553026735783;
585;585;1;1;3;4;0;0;-5846,01925083806;-0,507206171751022;
585,05;585,05;1;1;3;4;0;0;-5845,1640732171;-0,503446087241173;
585,1;585,1;1;1;3;4;0;0;-5844,15958596446;-0,498473383486271;
585,15;585,15;1;1;3;4;0;0;-5843,15554574664;-0,493460260331631;
585,2;585,2;1;1;3;4;0;0;-5841,89088422563;-0,488590225577354;
585,25;585,25;1;1;3;4;0;0;-5840,6575151424;-0,484732538461685;
585,3;585,3;1;1;3;4;0;0;-5839,85017024775;-0,480679832398891;
585,35;585,35;1;1;3;4;0;0;-5839,15324295498;-0,475572384893894;
585,4;585,4;1;1;3;4;0;0;-5837,71647302619;-0,470684096217155;
585,45;585,45;1;1;3;4;0;0;-5836,92835062904;-0,465278103947639;
585,5;585,5;1;1;3;4;0;0;-5836,23008223179;-0,462326109409332;
585,55;585,55;1;1;3;4;0;0;-5835,26135776518;-0,460754968225956;
585,6;585,6;1;1;3;4;0;0;-5835,01414750674;-0,456317253410816;
585,65;585,65;1;1;3;4;0;0;-5833,95378090093;-0,454667247831821;
585,7;585,7;1;1;3;4;0;0;-5833,07848671283;-0,448172986507416;
585,75;585,75;1;1;3;4;0;0;-5831,90099698276;-0,44166274368763;
585,8;585,8;1;1;3;4;0;0;-5830,3801845068;-0,437605865299702;
585,85;585,85;1;1;3;4;0;0;-5830,08290634792;-0,43400701135397;
585,9;585,9;1;1;3;4;0;0;-5828,74224890659;-0,431526564061642;
585,95;585,95;1;1;3;4;0;0;-5828,23173513601;-0,426257140934467;
586;586;1;1;3;4;0;0;-5827,02921145572;-0,42248897254467;
586,05;586,05;1;1;3;4;0;0;-5826,13648290943;-0,416793189942837;
586,1;586,1;1;1;3;4;0;0;-5825,24375436313;-0,413256473839283;
586,15;586,15;1;1;3;4;0;0;-5824,32554483179;-0,408302731812;
586,2;586,2;1;1;3;4;0;0;-5822,8498828732;-0,404357798397541;
586,25;586,25;1;1;3;4;0;0;-5822,27007870468;-0,400897487998009;
586,3;586,3;1;1;3;4;0;0;-5821,7121792426;-0,395905487239361;
586,35;586,35;1;1;3;4;0;0;-5820,54318317422;-0,390427336096764;
586,4;586,4;1;1;3;4;0;0;-5819,31562554371;-0,387674756348133;
586,45;586,45;1;1;3;4;0;0;-5818,08851494803;-0,381577052175999;
586,5;586,5;1;1;3;4;0;0;-5817,35314266027;-0,379489101469517;
586,55;586,55;1;1;3;4;0;0;-5816,79524319819;-0,374304428696632;
586,6;586,6;1;1;3;4;0;0;-5815,70224305012;-0,36972638219595;
586,65;586,65;1;1;3;4;0;0;-5814,4849672206;-0,365894958376884;
586,7;586,7;1;1;3;4;0;0;-5813,69192744037;-0,361117161810398;
586,75;586,75;1;1;3;4;0;0;-5812,9105105656;-0,35696879029274;
586,8;586,8;1;1;3;4;0;0;-5812,09824828787;-0,352487303316593;
586,85;586,85;1;1;3;4;0;0;-5811,09420807006;-0,348626524209976;
586,9;586,9;1;1;3;4;0;0;-5810,09016785225;-0,344068557024002;
586,95;586,95;1;1;3;4;0;0;-5809,08568059961;-0,339543297886848;
587;587;1;1;3;4;0;0;-5808,08164038179;-0,336370021104813;
587,05;587,05;1;1;3;4;0;0;-5807,07715312915;-0,331954024732113;
587,1;587,1;1;1;3;4;0;0;-5806,07311291134;-0,327643603086472;
587,15;587,15;1;1;3;4;0;0;-5805,06907269353;-0,323027595877647;
587,2;587,2;1;1;3;4;0;0;-5804,06458544089;-0,31842827796936;
587,25;587,25;1;1;3;4;0;0;-5803,06054522307;-0,314052067697048;
587,3;587,3;1;1;3;4;0;0;-5802,05605797044;-0,309511702507734;
587,35;587,35;1;1;3;4;0;0;-5801,12756663811;-0,304894372820854;
587,4;587,4;1;1;3;4;0;0;-5800,23483809182;-0,300690662115812;
587,45;587,45;1;1;3;4;0;0;-5799,23169194365;-0,294724944978952;
587,5;587,5;1;1;3;4;0;0;-5797,98804105943;-0,292156841605902;
587,55;587,55;1;1;3;4;0;0;-5797,3376053885;-0,285574737936258;
587,6;587,6;1;1;3;4;0;0;-5795,99873608647;-0,280513614416122;
587,65;587,65;1;1;3;4;0;0;-5794,72245166;-0,276838485151529;
587,7;587,7;1;1;3;4;0;0;-5794,00451373043;-0,274185296148062;
587,75;587,75;1;1;3;4;0;0;-5793,30535126353;-0,268775336444378;
587,8;587,8;1;1;3;4;0;0;-5792,41262271724;-0,264813303947449;
587,85;587,85;1;1;3;4;0;0;-5791,0576601615;-0,25943461805582;
587,9;587,9;1;1;3;4;0;0;-5790,40364821196;-0,257094223052263;
587,95;587,95;1;1;3;4;0;0;-5789,22884069085;-0,250157881528139;
588;588;1;1;3;4;0;0;-5788,38170969674;-0,247244872152805;
588,05;588,05;1;1;3;4;0;0;-5787,69193496118;-0,243219509720802;
588,1;588,1;1;1;3;4;0;0;-5786,57613603702;-0,239389799535275;
588,15;588,15;1;1;3;4;0;0;-5785,81036538113;-0,236328635364771;
588,2;588,2;1;1;3;4;0;0;-5785,05666466553;-0,233076624572277;
588,25;588,25;1;1;3;4;0;0;-5784,00076840798;-0,228746328502893;
588,3;588,3;1;1;3;4;0;0;-5783,33155727437;-0,225491933524609;
588,35;588,35;1;1;3;4;0;0;-5782,66189910595;-0,22259434685111;
588,4;588,4;1;1;3;4;0;0;-5781,99268797235;-0,218490697443485;
588,45;588,45;1;1;3;4;0;0;-5781,04318600323;-0,217177160084248;
588,5;588,5;1;1;3;4;0;0;-5780,43834788448;-0,216178838163614;
588,55;588,55;1;1;3;4;0;0;-5780,17057402408;-0,211290773004293;
588,6;588,6;1;1;3;4;0;0;-5778,62785684168;-0,203872676938772;
588,65;588,65;1;1;3;4;0;0;-5777,06547012696;-0,197301339358091;
588,7;588,7;1;1;3;4;0;0;-5775,78963273531;-0,193124786019325;
588,75;588,75;1;1;3;4;0;0;-5774,96306534318;-0,188551098108292;
588,8;588,8;1;1;3;4;0;0;-5774,18209550323;-0,183837171643972;
588,85;588,85;1;1;3;4;0;0;-5773,12172889742;-0,179365575313568;
588,9;588,9;1;1;3;4;0;0;-5772,00592997325;-0,174417495727539;
588,95;588,95;1;1;3;4;0;0;-5770,97506766592;-0,170598030090332;
589;589;1;1;3;4;0;0;-5770,15252358721;-0,165876299142838;
589,05;589,05;1;1;3;4;0;0;-5769,17709359822;-0,1616788841784;
589,1;589,1;1;1;3;4;0;0;-5768,17260634558;-0,158301126211882;
589,15;589,15;1;1;3;4;0;0;-5767,16856612777;-0,153399398550391;
589,2;589,2;1;1;3;4;0;0;-5766,17257253681;-0,149335116147995;
589,25;589,25;1;1;3;4;0;0;-5765,28029102534;-0,144327310845256;
589,3;589,3;1;1;3;4;0;0;-5764,35001155372;-0,140484729781747;
589,35;589,35;1;1;3;4;0;0;-5763,3459713359;-0,136736966669559;
589,4;589,4;1;1;3;4;0;0;-5762,34148408327;-0,132342102006078;
589,45;589,45;1;1;3;4;0;0;-5761,33744386545;-0,128284879028797;
589,5;589,5;1;1;3;4;0;0;-5760,4366686923;-0,123627111315727;
589,55;589,55;1;1;3;4;0;0;-5759,65569885235;-0,119592631235719;
589,6;589,6;1;1;3;4;0;0;-5758,40891872436;-0,114358738064766;
589,65;589,65;1;1;3;4;0;0;-5757,19387806896;-0,109636578708887;
589,7;589,7;1;1;3;4;0;0;-5756,28371516448;-0,104857552796602;
589,75;589,75;1;1;3;4;0;0;-5755,39098661818;-0,100722806528211;
589,8;589,8;1;1;3;4;0;0;-5754,49825807189;-0,0962443090975285;
589,85;589,85;1;1;3;4;0;0;-5753,49153564513;-0,0906931608915329;
589,9;589,9;1;1;3;4;0;0;-5752,37573672097;-0,0868076737970114;
589,95;589,95;1;1;3;4;0;0;-5751,25993779681;-0,0830121245235205;
590;590;1;1;3;4;0;0;-5750,39850168829;-0,0783623289316893;
590,05;590,05;1;1;3;4;0;0;-5749,61753184834;-0,0761031126603484;
590,1;590,1;1;1;3;4;0;0;-5748,8365620084;-0,072061070241034;
590,15;590,15;1;1;3;4;0;0;-5748,05514513362;-0,0706056784838438;
590,2;590,2;1;1;3;4;0;0;-5747,43376672634;-0,0669104279950261;
590,25;590,25;1;1;3;4;0;0;-5746,47755923484;-0,0611084187403321;
590,3;590,3;1;1;3;4;0;0;-5745,25000160434;-0,0583595642820001;
590,35;590,35;1;1;3;4;0;0;-5744,303628879;-0,0515925558283925;
590,4;590,4;1;1;3;4;0;0;-5742,76135873142;-0,0462375627830625;
590,45;590,45;1;1;3;4;0;0;-5741,78816391656;-0,0431705778464675;
590,5;590,5;1;1;3;4;0;0;-5741,54229476259;-0,0406164024025202;
590,55;590,55;1;1;3;4;0;0;-5740,4752226344;-0,0371796265244484;
590,6;590,6;1;1;3;4;0;0;-5739,71079308299;-0,0341309607028961;
590,65;590,65;1;1;3;4;0;0;-5739,15289362091;-0,0301697663962841;
590,7;590,7;1;1;3;4;0;0;-5738,59499415883;-0,0297285988926888;
590,75;590,75;1;1;3;4;0;0;-5737,58603655794;-0,0230694841593504;
590,8;590,8;1;1;3;4;0;0;-5735,91278520653;-0,0175738846883178;
590,85;590,85;1;1;3;4;0;0;-5735,1514848989;-0,012338743545115;
590,9;590,9;1;1;3;4;0;0;-5734,06340213391;-0,0088555971160531;
590,95;590,95;1;1;3;4;0;0;-5732,72408579706;-0,00345115084201097;
591;591;1;1;3;4;0;0;-5732,03028774806;0,00136118847876787;
591,05;591,05;1;1;3;4;0;0;-5731,43617846512;0,00360453967005014;
591,1;591,1;1;1;3;4;0;0;-5730,37000040658;0,00945867039263248;
591,15;591,15;1;1;3;4;0;0;-5729,06108243786;0,0120080122724175;
591,2;591,2;1;1;3;4;0;0;-5728,48261937381;0,0169488973915577;
591,25;591,25;1;1;3;4;0;0;-5727,1933709374;0,0217309826985002;
591,3;591,3;1;1;3;4;0;0;-5726,14596834152;0,0253426562994719;
591,35;591,35;1;1;3;4;0;0;-5725,44010035224;0,029849661514163;
591,4;591,4;1;1;3;4;0;0;-5724,45975298017;0,0350344832986593;
591,45;591,45;1;1;3;4;0;0;-5723,34395405601;0,0373375602066517;
591,5;591,5;1;1;3;4;0;0;-5722,41680382817;0,0425265822559595;
591,55;591,55;1;1;3;4;0;0;-5721,63538695339;0,0464110961183906;
591,6;591,6;1;1;3;4;0;0;-5720,72924736234;0,0503948330879211;
591,65;591,65;1;1;3;4;0;0;-5719,7247601097;0,0542935309931636;
591,7;591,7;1;1;3;4;0;0;-5718,72071989189;0,0585462199524045;
591,75;591,75;1;1;3;4;0;0;-5717,71623263925;0,0629775272682309;
591,8;591,8;1;1;3;4;0;0;-5716,71219242143;0,0677907466888428;
591,85;591,85;1;1;3;4;0;0;-5715,70815220362;0,0718636251986027;
591,9;591,9;1;1;3;4;0;0;-5714,70366495098;0,0763470027595758;
591,95;591,95;1;1;3;4;0;0;-5713,69962473316;0,0817226059734821;
592;592;1;1;3;4;0;0;-5712,59947202789;0,0865079089999199;
592,05;592,05;1;1;3;4;0;0;-5711,32542277555;0,0905955489724875;
592,1;592,1;1;1;3;4;0;0;-5710,41838911484;0,0949955731630325;
592,15;592,15;1;1;3;4;0;0;-5709,52566056855;0,0994213856756687;
592,2;592,2;1;1;3;4;0;0;-5708,63293202226;0,103601375594735;
592,25;592,25;1;1;3;4;0;0;-5707,74020347596;0,107124233618379;
592,3;592,3;1;1;3;4;0;0;-5706,84747492967;0,111785624176264;
592,35;592,35;1;1;3;4;0;0;-5705,73793449307;0,11571841314435;
592,4;592,4;1;1;3;4;0;0;-5704,51350610634;0,119227170944214;
592,45;592,45;1;1;3;4;0;0;-5703,71018452512;0,124989729374647;
592,5;592,5;1;1;3;4;0;0;-5702,92876765035;0,128109445795417;
592,55;592,55;1;1;3;4;0;0;-5702,1477978104;0,13126140460372;
592,6;592,6;1;1;3;4;0;0;-5701,24389339347;0,134734772145748;
592,65;592,65;1;1;3;4;0;0;-5700,12809446931;0,140632083639503;
592,7;592,7;1;1;3;4;0;0;-5699,01229554515;0,144235920161009;
592,75;592,75;1;1;3;4;0;0;-5697,90811952645;0,147529225796461;
592,8;592,8;1;1;3;4;0;0;-5697,22773252222;0,149992471560836;
592,85;592,85;1;1;3;4;0;0;-5696,45480930913;0,156642217189074;
592,9;592,9;1;1;3;4;0;0;-5695,262120395;0,157736204564571;
592,95;592,95;1;1;3;4;0;0;-5694,80569783828;0,162838157266378;
593;593;1;1;3;4;0;0;-5693,61792630724;0,165922027081251;
593,05;593,05;1;1;3;4;0;0;-5692,39036867673;0,172778163105249;
593,1;593,1;1;1;3;4;0;0;-5691,16325808105;0,176432523876429;
593,15;593,15;1;1;3;4;0;0;-5690,53204490761;0,181367490440607;
593,2;593,2;1;1;3;4;0;0;-5689,08141689923;0,186683181673288;
593,25;593,25;1;1;3;4;0;0;-5688,01568587552;0,189225133508444;
593,3;593,3;1;1;3;4;0;0;-5687,48103222436;0,192165970802307;
593,35;593,35;1;1;3;4;0;0;-5687,0344444338;0,194954853504896;
593,4;593,4;1;1;3;4;0;0;-5686,0746606637;0,198324657976627;
593,45;593,45;1;1;3;4;0;0;-5685,10191288366;0,200269352644682;
593,5;593,5;1;1;3;4;0;0;-5684,55384818774;0,202224776148796;
593,55;593,55;1;1;3;4;0;0;-5684,13631766083;0,202534776180983;
593,6;593,6;1;1;3;4;0;0;-5683,91324728296;0,203975718468428;
593,65;593,65;1;1;3;4;0;0;-5683,6901769051;0,205297041684389;
593,7;593,7;1;1;3;4;0;0;-5682,93960543327;0,20908297970891;
593,75;593,75;1;1;3;4;0;0;-5682,08308670784;0,211177486926317;
593,8;593,8;1;1;3;4;0;0;-5680,93733645038;0,218765940517187;
593,85;593,85;1;1;3;4;0;0;-5679,39551333762;0,225388780236244;
593,9;593,9;1;1;3;4;0;0;-5678,04949147839;0,232408698648214;
593,95;593,95;1;1;3;4;0;0;-5676,76605449471;0,236751809716225;
594;594;1;1;3;4;0;0;-5675,86840856534;0,24244574829936;
594,05;594,05;1;1;3;4;0;0;-5674,53937402947;0,247156340628862;
594,1;594,1;1;1;3;4;0;0;-5673,20050472745;0,253347679972649;
594,15;594,15;1;1;3;4;0;0;-5671,87459943535;0,256863925606012;
594,2;594,2;1;1;3;4;0;0;-5671,07664227204;0,262723471969366;
594,25;594,25;1;1;3;4;0;0;-5669,98855950706;0,266867596656084;
594,3;594,3;1;1;3;4;0;0;-5668,81375198595;0,270906761288643;
594,35;594,35;1;1;3;4;0;0;-5667,77841933036;0,276575367897749;
594,4;594,4;1;1;3;4;0;0;-5666,44580851588;0,281542427837849;
594,45;594,45;1;1;3;4;0;0;-5665,71445954155;0,282623451203108;
594,5;594,5;1;1;3;4;0;0;-5665,15656007947;0,286835487931967;
594,55;594,55;1;1;3;4;0;0;-5664,1744245681;0,291837137192488;
594,6;594,6;1;1;3;4;0;0;-5662,83510823125;0,29685327783227;
594,65;594,65;1;1;3;4;0;0;-5661,65225408328;0,300126653164625;
594,7;594,7;1;1;3;4;0;0;-5660,87262534781;0,303301811218262;
594,75;594,75;1;1;3;4;0;0;-5660,20296717939;0,30728779733181;
594,8;594,8;1;1;3;4;0;0;-5659,36701205592;0,311629045754671;
594,85;594,85;1;1;3;4;0;0;-5658,07284623643;0,315009467303753;
594,9;594,9;1;1;3;4;0;0;-5657,29142936166;0,320169143378735;
594,95;594,95;1;1;3;4;0;0;-5656,46575603917;0,323011465370655;
595;595;1;1;3;4;0;0;-5655,46171582136;0,326603800058365;
595,05;595,05;1;1;3;4;0;0;-5654,45767560354;0,331689193844795;
595,1;595,1;1;1;3;4;0;0;-5653,45318835091;0,334464870393276;
595,15;595,15;1;1;3;4;0;0;-5652,44914813309;0,33809769898653;
595,2;595,2;1;1;3;4;0;0;-5651,44466088045;0,342569388449192;
595,25;595,25;1;1;3;4;0;0;-5650,43033886165;0,34828145056963;
595,3;595,3;1;1;3;4;0;0;-5649,34225609667;0,350121520459652;
595,35;595,35;1;1;3;4;0;0;-5648,89611534093;0,354292839765549;
595,4;595,4;1;1;3;4;0;0;-5648,05613690404;0,35707101225853;
595,45;595,45;1;1;3;4;0;0;-5647,09098871603;0,361812226474285;
595,5;595,5;1;1;3;4;0;0;-5645,97518979187;0,365160293877125;
595,55;595,55;1;1;3;4;0;0;-5644,85939086771;0,368184447288513;
595,6;595,6;1;1;3;4;0;0;-5644,1812390376;0,369536876678467;
595,65;595,65;1;1;3;4;0;0;-5643,71185247095;0,37465825676918;
595,7;595,7;1;1;3;4;0;0;-5642,3796886913;0,378495678305626;
595,75;595,75;1;1;3;4;0;0;-5641,62464687123;0,38033701479435;
595,8;595,8;1;1;3;4;0;0;-5641,14453146877;0,383095853030682;
595,85;595,85;1;1;3;4;0;0;-5640,66218089218;0,385952070355415;
595,9;595,9;1;1;3;4;0;0;-5639,46770383875;0,391403436660767;
595,95;595,95;1;1;3;4;0;0;-5637,96074944238;0,395178534090519;
596;596;1;1;3;4;0;0;-5637,71353918394;0,395588353276253;
596,05;596,05;1;1;3;4;0;0;-5637,45068270661;0,397974587976933;
596,1;596,1;1;1;3;4;0;0;-5636,57851776229;0,401883162558079;
596,15;596,15;1;1;3;4;0;0;-5635,2561887488;0,405838824808598;
596,2;596,2;1;1;3;4;0;0;-5634,30847491898;0,407972447574139;
596,25;596,25;1;1;3;4;0;0;-5633,97364583477;0,409581288695335;
596,3;596,3;1;1;3;4;0;0;-5633,67815581519;0,411231592297554;
596,35;596,35;1;1;3;4;0;0;-5631,66873427509;0,421070531010628;
596,4;596,4;1;1;3;4;0;0;-5629,80862236666;0,429634414613247;
596,45;596,45;1;1;3;4;0;0;-5628,24668268677;0,4358971118927;
596,5;596,5;1;1;3;4;0;0;-5626,68429597205;0,443542897701263;
596,55;596,55;1;1;3;4;0;0;-5625,87382183363;0,445183515548706;
596,6;596,6;1;1;3;4;0;0;-5625,28194772482;0,447465479373932;
596,65;596,65;1;1;3;4;0;0;-5624,72404826274;0,450385622680187;
596,7;596,7;1;1;3;4;0;0;-5623,10354702072;0,455871261656284;
596,75;596,75;1;1;3;4;0;0;-5621,99579472342;0,460401065647602;
596,8;596,8;1;1;3;4;0;0;-5621,16386291337;0,464203283190727;
596,85;596,85;1;1;3;4;0;0;-5620,38289307343;0,46876423060894;
596,9;596,9;1;1;3;4;0;0;-5619,5125162684;0,471711605787277;
596,95;596,95;1;1;3;4;0;0;-5618,61978772211;0,47496173530817;
597;597;1;1;3;4;0;0;-5617,49817734522;0,480337031185627;
597,05;597,05;1;1;3;4;0;0;-5616,19864710783;0,482765436172485;
597,1;597,1;1;1;3;4;0;0;-5615,75250635209;0,485972762107849;
597,15;597,15;1;1;3;4;0;0;-5614,80836880088;0,48964437097311;
597,2;597,2;1;1;3;4;0;0;-5613,69256987672;0,494033694267273;
597,25;597,25;1;1;3;4;0;0;-5612,96882049442;0,492983423173428;
597,3;597,3;1;1;3;4;0;0;-5612,96882049442;0,493093729019165;
597,35;597,35;1;1;3;4;0;0;-5612,96882049442;0,492430962622166;
597,4;597,4;1;1;3;4;0;0;-5612,9402102656;0,490641631186008;
597,45;597,45;1;1;3;4;0;0;-5612,71669285291;0,488911047577858;
597,5;597,5;1;1;4;4;0;0;-5612,68629448478;0,487526170909405;
597,5;597,5;1;1;4;4;0;0;-5612,68629448478;0,487526170909405;
597,55;597,55;1;1;4;4;0;0;-5612,90936486265;0,486221723258495;
597,6;597,6;1;1;4;4;0;0;-5613,0582274595;0,484744124114513;
597,65;597,65;1;1;4;4;0;0;-5612,94691578798;0,48348780721426;
597,7;597,7;1;1;4;4;0;0;-5612,83515708163;0,482073873281479;
597,75;597,75;1;1;4;4;0;0;-5612,72339837529;0,480988621711731;
597,8;597,8;1;1;4;4;0;0;-5612,69747035542;0,479722917079926;
597,85;597,85;1;1;4;4;0;0;-5612,80878202694;0,478660352528095;
597,9;597,9;1;1;4;4;0;0;-5612,92054073328;0,477450527250767;
597,95;597,95;1;1;4;4;0;0;-5612,88611905173;0,476275868713856;
598;598;1;1;4;4;0;0;-5612,77436034538;0,475342608988285;
598,05;598,05;1;1;4;4;0;0;-5612,71713988773;0,47400675714016;
598,1;598,1;1;1;4;4;0;0;-5612,71713988773;0,472293235361576;
598,15;598,15;1;1;4;4;0;0;-5612,71713988773;0,471309125423431;
598,2;598,2;1;1;4;4;0;0;-5612,71713988773;0,470174923539162;
598,25;598,25;1;1;4;4;0;0;-5612,71713988773;0,468689538538456;
598,3;598,3;1;1;4;4;0;0;-5612,71713988773;0,467685274779797;
598,35;598,35;1;1;4;4;0;0;-5612,8221930717;0,466567613184452;
598,4;598,4;1;1;4;4;0;0;-5613,04526344957;0,465896762907505;
598,45;598,45;1;1;4;4;0;0;-5613,26878086226;0,464963689446449;
598,5;598,5;1;1;4;4;0;0;-5613,28353301149;0,464173555374146;
598,55;598,55;1;1;4;4;0;0;-5613,17222133997;0,462977439165115;
598,6;598,6;1;1;4;4;0;0;-5613,06046263363;0,4622633010149;
598,65;598,65;1;1;4;4;0;0;-5612,96032683274;0,461379289627075;
598,7;598,7;1;1;4;4;0;0;-5612,96032683274;0,460365563631058;
598,75;598,75;1;1;4;4;0;0;-5612,96032683274;0,459459498524666;
598,8;598,8;1;1;4;4;0;0;-5612,96032683274;0,458568409085274;
598,85;598,85;1;1;4;4;0;0;-5612,96032683274;0,457641556859016;
598,9;598,9;1;1;4;4;0;0;-5612,96032683274;0,456420294940472;
598,95;598,95;1;1;4;4;0;0;-5612,96032683274;0,455284900963306;
599;599;1;1;4;4;0;0;-5612,96032683274;0,454105474054813;
599,05;599,05;1;1;4;4;0;0;-5612,96032683274;0,453338250517845;
599,1;599,1;1;1;4;4;0;0;-5612,96032683274;0,452348068356514;
599,15;599,15;1;1;4;4;0;0;-5612,96032683274;0,45150313526392;
599,2;599,2;1;1;4;4;0;0;-5612,96032683274;0,450646169483662;
599,25;599,25;1;1;4;4;0;0;-5612,96032683274;0,449931062757969;
599,3;599,3;1;1;4;4;0;0;-5612,96032683274;0,44897947460413;
599,35;599,35;1;1;4;4;0;0;-5612,96032683274;0,448371917009354;
599,4;599,4;1;1;4;4;0;0;-5613,02201763864;0,447358265519142;
599,45;599,45;1;1;4;4;0;0;-5613,13377634499;0,446655638515949;
599,5;599,5;1;1;4;4;0;0;-5613,24553505134;0,445808582007885;
599,55;599,55;1;1;4;4;0;0;-5613,35684672286;0,444832928478718;
599,6;599,6;1;1;4;4;0;0;-5613,4686054292;0,443389900028706;
599,65;599,65;1;1;4;4;0;0;-5613,57991710072;0,441951453685761;
599,7;599,7;1;1;4;4;0;0;-5613,69167580707;0,440786108374596;
599,75;599,75;1;1;4;4;0;0;-5613,80343451342;0,439239181578159;
599,8;599,8;1;1;4;4;0;0;-5613,91474618494;0,437696874141693;
599,85;599,85;1;1;4;4;0;0;-5614,02650489128;0,435953363776207;
599,9;599,9;1;1;4;4;0;0;-5614,1378165628;0,434812754392624;
599,95;599,95;1;1;4;4;0;0;-5614,24957526915;0,434148870408535;
600;600;1;1;4;4;0;0;-5614,3613339755;0,432736240327358;
600,05;600,05;1;1;4;4;0;0;-5614,47264564702;0,430420860648155;
600,1;600,1;1;1;4;4;0;0;-5614,58440435336;0,429760329425335;
600,15;600,15;1;1;4;4;0;0;-5614,69571602488;0,429185777902603;
600,2;600,2;1;1;4;4;0;0;-5614,80747473123;0,428648516535759;
600,25;600,25;1;1;4;4;0;0;-5614,7100211393;0,427979603409767;
600,3;600,3;1;1;4;4;0;0;-5614,59870946778;0,427496284246445;
600,35;600,35;1;1;4;4;0;0;-5614,48695076143;0,426865294575691;
600,4;600,4;1;1;4;4;0;0;-5614,44492948784;0,426193214952946;
600,45;600,45;1;1;4;4;0;0;-5614,55668819419;0,425377227365971;
600,5;600,5;1;1;4;4;0;0;-5614,66799986571;0,424876436591148;
600,55;600,55;1;1;4;4;0;0;-5614,62866080108;0,424192287027836;
600,6;600,6;1;1;4;4;0;0;-5614,51690209473;0,423446223139763;
600,65;600,65;1;1;4;4;0;0;-5614,40514338839;0,422684252262115;
600,7;600,7;1;1;4;4;0;0;-5614,29383171686;0,422106496989727;
600,75;600,75;1;1;4;4;0;0;-5614,19637812493;0,421413332223892;
600,8;600,8;1;1;4;4;0;0;-5614,19637812493;0,420706644654274;
600,85;600,85;1;1;4;4;0;0;-5614,19637812493;0,420127436518669;
600,9;600,9;1;1;4;4;0;0;-5614,19637812493;0,419341288506985;
600,95;600,95;1;1;4;4;0;0;-5614,19637812493;0,418602265417576;
601;601;1;1;4;4;0;0;-5614,19637812493;0,418084412813187;
601,05;601,05;1;1;4;4;0;0;-5614,19637812493;0,417215079069138;
601,1;601,1;1;1;4;4;0;0;-5614,19637812493;0,416388586163521;
601,15;601,15;1;1;4;4;0;0;-5614,19637812493;0,415914691984653;
601,2;601,2;1;1;4;4;0;0;-5614,19637812493;0,415155850350857;
601,25;601,25;1;1;4;4;0;0;-5614,19637812493;0,414472632110119;
601,3;601,3;1;1;4;4;0;0;-5614,29964316959;0,413737446069717;
601,35;601,35;1;1;4;4;0;0;-5614,41095484111;0,413009487092495;
601,4;601,4;1;1;4;4;0;0;-5614,52271354746;0,412351489067078;
601,45;601,45;1;1;4;4;0;0;-5614,60720312946;0,411551631987095;
601,5;601,5;1;1;4;4;0;0;-5614,60720312946;0,410856381058693;
601,55;601,55;1;1;4;4;0;0;-5614,60720312946;0,410182476043701;
601,6;601,6;1;1;4;4;0;0;-5614,60720312946;0,409368872642517;
601,65;601,65;1;1;4;4;0;0;-5614,60720312946;0,408697500824928;
601,7;601,7;1;1;4;4;0;0;-5614,60720312946;0,407916083931923;
601,75;601,75;1;1;4;4;0;0;-5614,60720312946;0,40734026581049;
601,8;601,8;1;1;4;4;0;0;-5614,60720312946;0,406484268605709;
601,85;601,85;1;1;4;4;0;0;-5614,60720312946;0,406124591827393;
601,9;601,9;1;1;4;4;0;0;-5614,60720312946;0,405283123254776;
601,95;601,95;1;1;4;4;0;0;-5614,60720312946;0,404344759881496;
602;602;1;1;4;4;0;0;-5614,60720312946;0,403751358389854;
602,05;602,05;1;1;4;4;0;0;-5614,60720312946;0,403089411556721;
602,1;602,1;1;1;4;4;0;0;-5614,60720312946;0,402503348886967;
602,15;602,15;1;1;4;4;0;0;-5614,60720312946;0,401714183390141;
602,2;602,2;1;1;4;4;0;0;-5614,60720312946;0,400996841490269;
602,25;602,25;1;1;4;4;0;0;-5614,60720312946;0,400339029729366;
602,3;602,3;1;1;4;4;0;0;-5614,60720312946;0,399731211364269;
602,35;602,35;1;1;4;4;0;0;-5614,60720312946;0,399153009057045;
602,4;602,4;1;1;4;4;0;0;-5614,60720312946;0,398265682160854;
602,45;602,45;1;1;4;4;0;0;-5614,60720312946;0,397676452994347;
602,5;602,5;1;1;4;4;0;0;-5614,60720312946;0,396941676735878;
602,55;602,55;1;1;4;4;0;0;-5614,60720312946;0,396072305738926;
602,6;602,6;1;1;4;4;0;0;-5614,60720312946;0,395333841443062;
602,65;602,65;1;1;4;4;0;0;-5614,60720312946;0,394689776003361;
602,7;602,7;1;1;4;4;0;0;-5614,60720312946;0,3938914462924;
602,75;602,75;1;1;4;4;0;0;-5614,60720312946;0,393151044845581;
602,8;602,8;1;1;4;4;0;0;-5614,60720312946;0,392445735633373;
602,85;602,85;1;1;4;4;0;0;-5614,60720312946;0,391695946455002;
602,9;602,9;1;1;4;4;0;0;-5614,60720312946;0,391267538070679;
602,95;602,95;1;1;4;4;0;0;-5614,60720312946;0,390555672347546;
603;603;1;1;4;4;0;0;-5614,60720312946;0,389813184738159;
603,05;603,05;1;1;4;4;0;0;-5614,60720312946;0,389149971306324;
603,1;603,1;1;1;4;4;0;0;-5614,60720312946;0,388553328812122;
603,15;603,15;1;1;4;4;0;0;-5614,60720312946;0,388038754463196;
603,2;603,2;1;1;4;4;0;0;-5614,60720312946;0,387335494160652;
603,25;603,25;1;1;4;4;0;0;-5614,60720312946;0,38674782961607;
603,3;603,3;1;1;4;4;0;0;-5614,60720312946;0,386050306260586;
603,35;603,35;1;1;4;4;0;0;-5614,51958430368;0,385236032307148;
603,4;603,4;1;1;4;4;0;0;-5614,40782559734;0,384683534502983;
603,45;603,45;1;1;4;4;0;0;-5614,32601822429;0,38407851010561;
603,5;603,5;1;1;4;4;0;0;-5614,32601822429;0,383626483380795;
603,55;603,55;1;1;4;4;0;0;-5614,32601822429;0,383018478751183;
603,6;603,6;1;1;4;4;0;0;-5614,32601822429;0,382290594279766;
603,65;603,65;1;1;4;4;0;0;-5614,32601822429;0,381871573626995;
603,7;603,7;1;1;4;4;0;0;-5614,32601822429;0,381333231925964;
603,75;603,75;1;1;4;4;0;0;-5614,32601822429;0,380616821348667;
603,8;603,8;1;1;4;4;0;0;-5614,32601822429;0,380067974328995;
603,85;603,85;1;1;4;4;0;0;-5614,32601822429;0,379390716552734;
603,9;603,9;1;1;4;4;0;0;-5614,32601822429;0,378629676997662;
603,95;603,95;1;1;4;4;0;0;-5614,32601822429;0,37815947085619;
604;604;1;1;4;4;0;0;-5614,32601822429;0,377482511103153;
604,05;604,05;1;1;4;4;0;0;-5614,32601822429;0,376966632902622;
604,1;604,1;1;1;4;4;0;0;-5614,32601822429;0,376390852034092;
604,15;604,15;1;1;4;4;0;0;-5614,32601822429;0,375831760466099;
604,2;604,2;1;1;4;4;0;0;-5614,32601822429;0,375177934765816;
604,25;604,25;1;1;4;4;0;0;-5614,32601822429;0,374557077884674;
604,3;604,3;1;1;4;4;0;0;-5614,32601822429;0,373787917196751;
604,35;604,35;1;1;4;4;0;0;-5614,32601822429;0,373365841805935;
604,4;604,4;1;1;4;4;0;0;-5614,32601822429;0,372478775680065;
604,45;604,45;1;1;4;4;0;0;-5614,32601822429;0,37176713347435;
604,5;604,5;1;1;4;4;0;0;-5614,32601822429;0,371271595358849;
604,55;604,55;1;1;4;4;0;0;-5614,32601822429;0,370684154331684;
604,6;604,6;1;1;4;4;0;0;-5614,32601822429;0,370174907147884;
604,65;604,65;1;1;4;4;0;0;-5614,32601822429;0,369600541889668;
604,7;604,7;1;1;4;4;0;0;-5614,32601822429;0,369141697883606;
604,75;604,75;1;1;4;4;0;0;-5614,32601822429;0,368512608110905;
604,8;604,8;1;1;4;4;0;0;-5614,32601822429;0,367970652878284;
604,85;604,85;1;1;4;4;0;0;-5614,32601822429;0,367422141134739;
604,9;604,9;1;1;4;4;0;0;-5614,32601822429;0,366843491792679;
604,95;604,95;1;1;4;4;0;0;-5614,32601822429;0,366453491151333;
605;605;1;1;4;4;0;0;-5614,32601822429;0,365865230560303;
605,05;605,05;1;1;4;4;0;0;-5614,32601822429;0,365274101495743;
605,1;605,1;1;1;4;4;0;0;-5614,32601822429;0,36478366702795;
605,15;605,15;1;1;4;4;0;0;-5614,32601822429;0,364188700914383;
605,2;605,2;1;1;4;4;0;0;-5614,32601822429;0,36357581615448;
605,25;605,25;1;1;4;4;0;0;-5614,32601822429;0,362963080406189;
605,3;605,3;1;1;4;4;0;0;-5614,32601822429;0,36238968372345;
605,35;605,35;1;1;4;4;0;0;-5614,32601822429;0,36186758428812;
605,4;605,4;1;1;4;4;0;0;-5614,32601822429;0,361166037619114;
605,45;605,45;1;1;4;4;0;0;-5614,32601822429;0,360614992678165;
605,5;605,5;1;1;4;4;0;0;-5614,32601822429;0,359979346394539;
605,55;605,55;1;1;4;4;0;0;-5614,32601822429;0,359302051365376;
605,6;605,6;1;1;4;4;0;0;-5614,32601822429;0,358500778675079;
605,65;605,65;1;1;4;4;0;0;-5614,32601822429;0,357725732028484;
605,7;605,7;1;1;4;4;0;0;-5614,32601822429;0,356957465410233;
605,75;605,75;1;1;4;4;0;0;-5614,32601822429;0,356306508183479;
605,8;605,8;1;1;4;4;0;0;-5614,32601822429;0,355669893324375;
605,85;605,85;1;1;4;4;0;0;-5614,32601822429;0,355030857026577;
605,9;605,9;1;1;4;4;0;0;-5614,32601822429;0,354364775121212;
605,95;605,95;1;1;4;4;0;0;-5614,32601822429;0,353722609579563;
606;606;1;1;4;4;0;0;-5614,32601822429;0,353166088461876;
606,05;606,05;1;1;4;4;0;0;-5614,32601822429;0,352671556174755;
606,1;606,1;1;1;4;4;0;0;-5614,32601822429;0,352102480828762;
606,15;606,15;1;1;4;4;0;0;-5614,32601822429;0,351243577897549;
606,2;606,2;1;1;4;4;0;0;-5614,32601822429;0,350642167031765;
606,25;606,25;1;1;4;4;0;0;-5614,32601822429;0,349794290959835;
606,3;606,3;1;1;4;4;0;0;-5614,32601822429;0,349040552973747;
606,35;606,35;1;1;4;4;0;0;-5614,32601822429;0,348537303507328;
606,4;606,4;1;1;4;4;0;0;-5614,32601822429;0,347911231219769;
606,45;606,45;1;1;4;4;0;0;-5614,32601822429;0,347202308475971;
606,5;606,5;1;1;4;4;0;0;-5614,32601822429;0,34647386521101;
606,55;606,55;1;1;4;4;0;0;-5614,32601822429;0,345957726240158;
606,6;606,6;1;1;4;4;0;0;-5614,32601822429;0,34569077193737;
606,65;606,65;1;1;4;4;0;0;-5614,32601822429;0,344990156590939;
606,7;606,7;1;1;4;4;0;0;-5614,32601822429;0,344297029078007;
606,75;606,75;1;1;4;4;0;0;-5614,32601822429;0,343698039650917;
606,8;606,8;1;1;4;4;0;0;-5614,32601822429;0,343029014766216;
606,85;606,85;1;1;4;4;0;0;-5614,32601822429;0,342440232634544;
606,9;606,9;1;1;4;4;0;0;-5614,32601822429;0,341773219406605;
606,95;606,95;1;1;4;4;0;0;-5614,32601822429;0,341272503137589;
607;607;1;1;4;4;0;0;-5614,32601822429;0,340584814548492;
607,05;607,05;1;1;4;4;0;0;-5614,32601822429;0,340005308389664;
607,1;607,1;1;1;4;4;0;0;-5614,32601822429;0,339308567345142;
607,15;607,15;1;1;4;4;0;0;-5614,32601822429;0,338757522404194;
607,2;607,2;1;1;4;4;0;0;-5614,32601822429;0,338134206831455;
607,25;607,25;1;1;4;4;0;0;-5614,32601822429;0,337717980146408;
607,3;607,3;1;1;4;4;0;0;-5614,32601822429;0,3372997418046;
607,35;607,35;1;1;4;4;0;0;-5614,32601822429;0,336754471063614;
607,4;607,4;1;1;4;4;0;0;-5614,32601822429;0,336459316313267;
607,45;607,45;1;1;4;4;0;0;-5614,32601822429;0,335911065340042;
607,5;607,5;1;1;4;4;0;0;-5614,32601822429;0,335392095148563;
607,55;607,55;1;1;4;4;0;0;-5614,32601822429;0,335196703672409;
607,6;607,6;1;1;4;4;0;0;-5614,32601822429;0,334584377706051;
607,65;607,65;1;1;4;4;0;0;-5614,32601822429;0,334121994674206;
607,7;607,7;1;1;4;4;0;0;-5614,32601822429;0,333654843270779;
607,75;607,75;1;1;4;4;0;0;-5614,32601822429;0,333141684532166;
607,8;607,8;1;1;4;4;0;0;-5614,32601822429;0,332616195082664;
607,85;607,85;1;1;4;4;0;0;-5614,32601822429;0,332246012985706;
607,9;607,9;1;1;4;4;0;0;-5614,32601822429;0,331822969019413;
607,95;607,95;1;1;4;4;0;0;-5614,32601822429;0,331352204084396;
608;608;1;1;4;4;0;0;-5614,32601822429;0,330837890505791;
608,05;608,05;1;1;4;4;0;0;-5614,32601822429;0,33040601760149;
608,1;608,1;1;1;4;4;0;0;-5614,32601822429;0,329984165728092;
608,15;608,15;1;1;4;4;0;0;-5614,32601822429;0,32955102622509;
608,2;608,2;1;1;4;4;0;0;-5614,32601822429;0,329056084156036;
608,25;608,25;1;1;4;4;0;0;-5614,32601822429;0,328666493296623;
608,3;608,3;1;1;4;4;0;0;-5614,32601822429;0,328382924199104;
608,35;608,35;1;1;4;4;0;0;-5614,32601822429;0,327751599252224;
608,4;608,4;1;1;4;4;0;0;-5614,32601822429;0,327302366495132;
608,45;608,45;1;1;4;4;0;0;-5614,32601822429;0,326905995607376;
608,5;608,5;1;1;4;4;0;0;-5614,32601822429;0,326337888836861;
608,55;608,55;1;1;4;4;0;0;-5614,32601822429;0,325886495411396;
608,6;608,6;1;1;4;4;0;0;-5614,32601822429;0,325337573885918;
608,65;608,65;1;1;4;4;0;0;-5614,32601822429;0,324816145002842;
608,7;608,7;1;1;4;4;0;0;-5614,32601822429;0,324493423104286;
608,75;608,75;1;1;4;4;0;0;-5614,32601822429;0,324036926031113;
608,8;608,8;1;1;4;4;0;0;-5614,32601822429;0,32363124191761;
608,85;608,85;1;1;4;4;0;0;-5614,32601822429;0,323056876659393;
608,9;608,9;1;1;4;4;0;0;-5614,32601822429;0,322766341269016;
608,95;608,95;1;1;4;4;0;0;-5614,32601822429;0,322378017008305;
609;609;1;1;4;4;0;0;-5614,32601822429;0,321873351931572;
609,05;609,05;1;1;4;4;0;0;-5614,32601822429;0,321417823433876;
609,1;609,1;1;1;4;4;0;0;-5614,32601822429;0,320929735898972;
609,15;609,15;1;1;4;4;0;0;-5614,32601822429;0,320383012294769;
609,2;609,2;1;1;4;4;0;0;-5614,32601822429;0,319967530667782;
609,25;609,25;1;1;4;4;0;0;-5614,32601822429;0,319583676755428;
609,3;609,3;1;1;4;4;0;0;-5614,32601822429;0,319103710353374;
609,35;609,35;1;1;4;4;0;0;-5614,32601822429;0,318729653954506;
609,4;609,4;1;1;4;4;0;0;-5614,32601822429;0,318170972168446;
609,45;609,45;1;1;4;4;0;0;-5614,32601822429;0,317641235888004;
609,5;609,5;1;1;4;4;0;0;-5614,32601822429;0,317125543951988;
609,55;609,55;1;1;4;4;0;0;-5614,32601822429;0,316369570791721;
609,6;609,6;1;1;4;4;0;0;-5614,32601822429;0,315916277468205;
609,65;609,65;1;1;4;4;0;0;-5614,32601822429;0,315513834357262;
609,7;609,7;1;1;4;4;0;0;-5614,32601822429;0,315084643661976;
609,75;609,75;1;1;4;4;0;0;-5614,32601822429;0,314749665558338;
609,8;609,8;1;1;4;4;0;0;-5614,32601822429;0,314156524837017;
609,85;609,85;1;1;4;4;0;0;-5614,32601822429;0,313683860003948;
609,9;609,9;1;1;4;4;0;0;-5614,32601822429;0,313232019543648;
609,95;609,95;1;1;4;4;0;0;-5614,32601822429;0,312854014337063;
610;610;1;1;4;4;0;0;-5614,32601822429;0,312389153987169;
610,05;610,05;1;1;4;4;0;0;-5614,32601822429;0,312040243297815;
610,1;610,1;1;1;4;4;0;0;-5614,32601822429;0,311573650687933;
610,15;610,15;1;1;4;4;0;0;-5614,32601822429;0,31133484095335;
610,2;610,2;1;1;4;4;0;0;-5614,32601822429;0,311022456735373;
610,25;610,25;1;1;4;4;0;0;-5614,32601822429;0,310527253895998;
610,3;610,3;1;1;4;4;0;0;-5614,32601822429;0,310237444937229;
610,35;610,35;1;1;4;4;0;0;-5614,32601822429;0,309827923774719;
610,4;610,4;1;1;4;4;0;0;-5614,32601822429;0,309467036277056;
610,45;610,45;1;1;4;4;0;0;-5614,32601822429;0,308918189257383;
610,5;610,5;1;1;4;4;0;0;-5614,32601822429;0,308720786124468;
610,55;610,55;1;1;4;4;0;0;-5614,32601822429;0,308260787278414;
610,6;610,6;1;1;4;4;0;0;-5614,32601822429;0,307938475161791;
610,65;610,65;1;1;4;4;0;0;-5614,32601822429;0,307484716176987;
610,7;610,7;1;1;4;4;0;0;-5614,32601822429;0,307124797254801;
610,75;610,75;1;1;4;4;0;0;-5614,32601822429;0,306919422000647;
610,8;610,8;1;1;4;4;0;0;-5614,32601822429;0,306640267372131;
610,85;610,85;1;1;4;4;0;0;-5614,32601822429;0,306239780038595;
610,9;610,9;1;1;4;4;0;0;-5614,32601822429;0,30593940988183;
610,95;610,95;1;1;4;4;0;0;-5614,32601822429;0,305453334003687;
611;611;1;1;4;4;0;0;-5614,32601822429;0,305194836109877;
611,05;611,05;1;1;4;4;0;0;-5614,32601822429;0,304912235587835;
611,1;611,1;1;1;4;4;0;0;-5614,32601822429;0,304709114134312;
611,15;611,15;1;1;4;4;0;0;-5614,32601822429;0,304218921810389;
611,2;611,2;1;1;4;4;0;0;-5614,32601822429;0,303755290806293;
611,25;611,25;1;1;4;4;0;0;-5614,32601822429;0,303478911519051;
611,3;611,3;1;1;4;4;0;0;-5614,32601822429;0,303350798785686;
611,35;611,35;1;1;4;4;0;0;-5614,32601822429;0,30294593423605;
611,4;611,4;1;1;4;4;0;0;-5614,32601822429;0,302530620247126;
611,45;611,45;1;1;4;4;0;0;-5614,32601822429;0,302085001021624;
611,5;611,5;1;1;4;4;0;0;-5614,32601822429;0,301805511116982;
611,55;611,55;1;1;4;4;0;0;-5614,32601822429;0,30161926522851;
611,6;611,6;1;1;4;4;0;0;-5614,32601822429;0,301212184131145;
611,65;611,65;1;1;4;4;0;0;-5614,32601822429;0,30096523463726;
611,7;611,7;1;1;4;4;0;0;-5614,32601822429;0,300677083432674;
611,75;611,75;1;1;4;4;0;0;-5614,32601822429;0,300321280956268;
611,8;611,8;1;1;4;4;0;0;-5614,32601822429;0,300002098083496;
611,85;611,85;1;1;4;4;0;0;-5614,32601822429;0,2996557764709;
611,9;611,9;1;1;4;4;0;0;-5614,32601822429;0,299361702054739;
611,95;611,95;1;1;4;4;0;0;-5614,32601822429;0,299051366746426;
612;612;1;1;4;4;0;0;-5614,32601822429;0,298628006130457;
612,05;612,05;1;1;4;4;0;0;-5614,32601822429;0,298087522387505;
612,1;612,1;1;1;4;4;0;0;-5614,32601822429;0,297878812998533;
612,15;612,15;1;1;4;4;0;0;-5614,32601822429;0,297424886375666;
612,2;612,2;1;1;4;4;0;0;-5614,32601822429;0,297206342220306;
612,25;612,25;1;1;4;4;0;0;-5614,32601822429;0,296890512108803;
612,3;612,3;1;1;4;4;0;0;-5614,32601822429;0,2966015227139;
612,35;612,35;1;1;4;4;0;0;-5614,32601822429;0,296469610184431;
612,4;612,4;1;1;4;4;0;0;-5614,32601822429;0,295914690941572;
612,45;612,45;1;1;4;4;0;0;-5614,32601822429;0,295713990926743;
612,5;612,5;1;1;4;4;0;0;-5614,32601822429;0,295252986252308;
612,55;612,55;1;1;4;4;0;0;-5614,32601822429;0,294922962784767;
612,6;612,6;1;1;4;4;0;0;-5614,32601822429;0,294607244431973;
612,65;612,65;1;1;4;4;0;0;-5614,32601822429;0,294463522732258;
612,7;612,7;1;1;4;4;0;0;-5614,32601822429;0,293991006910801;
612,75;612,75;1;1;4;4;0;0;-5614,32601822429;0,293838828802109;
612,8;612,8;1;1;4;4;0;0;-5614,32601822429;0,293562561273575;
612,85;612,85;1;1;4;4;0;0;-5614,32601822429;0,293178539723158;
612,9;612,9;1;1;4;4;0;0;-5614,32601822429;0,292992573231459;
612,95;612,95;1;1;4;4;0;0;-5614,32601822429;0,292479619383812;
613;613;1;1;4;4;0;0;-5614,32601822429;0,292399134486914;
613,05;613,05;1;1;4;4;0;0;-5614,32601822429;0,292012393474579;
613,1;613,1;1;1;4;4;0;0;-5614,32601822429;0,291678383946419;
613,15;613,15;1;1;4;4;0;0;-5614,32601822429;0,291382968425751;
613,2;613,2;1;1;4;4;0;0;-5614,32601822429;0,291053466498852;
613,25;613,25;1;1;4;4;0;0;-5614,32601822429;0,290680974721909;
613,3;613,3;1;1;4;4;0;0;-5614,32601822429;0,290354434400797;
613,35;613,35;1;1;4;4;0;0;-5614,32601822429;0,290188994258642;
613,4;613,4;1;1;4;4;0;0;-5614,32601822429;0,289913322776556;
613,45;613,45;1;1;4;4;0;0;-5614,32601822429;0,289651583880186;
613,5;613,5;1;1;4;4;0;0;-5614,32601822429;0,289447419345379;
613,55;613,55;1;1;4;4;0;0;-5614,32601822429;0,289001371711493;
613,6;613,6;1;1;4;4;0;0;-5614,32601822429;0,288859009742737;
613,65;613,65;1;1;4;4;0;0;-5614,32601822429;0,288409851491451;
613,7;613,7;1;1;4;4;0;0;-5614,32601822429;0,288257207721472;
613,75;613,75;1;1;4;4;0;0;-5614,32601822429;0,287969242781401;
613,8;613,8;1;1;4;4;0;0;-5614,32601822429;0,287757124751806;
613,85;613,85;1;1;4;4;0;0;-5614,32601822429;0,287279542535543;
613,9;613,9;1;1;4;4;0;0;-5614,32601822429;0,287245623767376;
613,95;613,95;1;1;4;4;0;0;-5614,32601822429;0,286909211426973;
614;614;1;1;4;4;0;0;-5614,32601822429;0,286666955798864;
614,05;614,05;1;1;4;4;0;0;-5614,32601822429;0,286428034305573;
614,1;614,1;1;1;4;4;0;0;-5614,32601822429;0,286228414624929;
614,15;614,15;1;1;4;4;0;0;-5614,32601822429;0,285964086651802;
614,2;614,2;1;1;4;4;0;0;-5614,32601822429;0,285679940134287;
614,25;614,25;1;1;4;4;0;0;-5614,32601822429;0,28549287468195;
614,3;614,3;1;1;4;4;0;0;-5614,32601822429;0,285400170832872;
614,35;614,35;1;1;4;4;0;0;-5614,32601822429;0,284815542399883;
614,4;614,4;1;1;4;4;0;0;-5614,32601822429;0,284744501113892;
614,45;614,45;1;1;4;4;0;0;-5614,32601822429;0,284625552594662;
614,5;614,5;1;1;4;4;0;0;-5614,32601822429;0,28418492525816;
614,55;614,55;1;1;4;4;0;0;-5614,32601822429;0,283886604011059;
614,6;614,6;1;1;4;4;0;0;-5614,32601822429;0,283610187470913;
614,65;614,65;1;1;4;4;0;0;-5614,32601822429;0,283371414989233;
614,7;614,7;1;1;4;4;0;0;-5614,32601822429;0,283032674342394;
614,75;614,75;1;1;4;4;0;0;-5614,32601822429;0,282846428453922;
614,8;614,8;1;1;4;4;0;0;-5614,32601822429;0,282554663717747;
614,85;614,85;1;1;4;4;0;0;-5614,32601822429;0,282314140349627;
614,9;614,9;1;1;4;4;0;0;-5614,32601822429;0,281935818493366;
614,95;614,95;1;1;4;4;0;0;-5614,32601822429;0,281693879514933;
615;615;1;1;4;4;0;0;-5614,32601822429;0,281499978154898;
615,05;615,05;1;1;4;4;0;0;-5614,32601822429;0,281217079609632;
615,1;615,1;1;1;4;4;0;0;-5614,32601822429;0,280980933457613;
615,15;615,15;1;1;4;4;0;0;-5614,32601822429;0,280708782374859;
615,2;615,2;1;1;4;4;0;0;-5614,32601822429;0,280390419065952;
615,25;615,25;1;1;4;4;0;0;-5614,32601822429;0,280268844217062;
615,3;615,3;1;1;4;4;0;0;-5614,32601822429;0,279971119016409;
615,35;615,35;1;1;4;4;0;0;-5614,32601822429;0,279828161001205;
615,4;615,4;1;1;4;4;0;0;-5614,32601822429;0,279523432254791;
615,45;615,45;1;1;4;4;0;0;-5614,32601822429;0,279218982905149;
615,5;615,5;1;1;4;4;0;0;-5614,32601822429;0,278889313340187;
615,55;615,55;1;1;4;4;0;0;-5614,32601822429;0,278785061091185;
615,6;615,6;1;1;4;4;0;0;-5614,32601822429;0,278532281517982;
615,65;615,65;1;1;4;4;0;0;-5614,32601822429;0,278379488736391;
615,7;615,7;1;1;4;4;0;0;-5614,32601822429;0,278037153184414;
615,75;615,75;1;1;4;4;0;0;-5614,32601822429;0,277747586369514;
615,8;615,8;1;1;4;4;0;0;-5614,32601822429;0,277512446045876;
615,85;615,85;1;1;4;4;0;0;-5614,32601822429;0,277279727160931;
615,9;615,9;1;1;4;4;0;0;-5614,32601822429;0,276873782277107;
615,95;615,95;1;1;4;4;0;0;-5614,32601822429;0,276869721710682;
616;616;1;1;4;4;0;0;-5614,32601822429;0,27653256431222;
616,05;616,05;1;1;4;4;0;0;-5614,32601822429;0,276078470051289;
616,1;616,1;1;1;4;4;0;0;-5614,32601822429;0,275868698954582;
616,15;616,15;1;1;4;4;0;0;-5614,32601822429;0,275475736707449;
616,2;616,2;1;1;4;4;0;0;-5614,32601822429;0,275320205837488;
616,25;616,25;1;1;4;4;0;0;-5614,32601822429;0,2750807069242;
616,3;616,3;1;1;4;4;0;0;-5614,32601822429;0,274968855082989;
616,35;616,35;1;1;4;4;0;0;-5614,32601822429;0,27453787624836;
616,4;616,4;1;1;4;4;0;0;-5614,32601822429;0,274302624166012;
616,45;616,45;1;1;4;4;0;0;-5614,32601822429;0,274055209010839;
616,5;616,5;1;1;4;4;0;0;-5614,32601822429;0,273941773921251;
616,55;616,55;1;1;4;4;0;0;-5614,32601822429;0,273646414279938;
616,6;616,6;1;1;4;4;0;0;-5614,32601822429;0,273350700736046;
616,65;616,65;1;1;4;4;0;0;-5614,32601822429;0,273114163428545;
616,7;616,7;1;1;4;4;0;0;-5614,32601822429;0,272858589887619;
616,75;616,75;1;1;4;4;0;0;-5614,32601822429;0,272717904299498;
616,8;616,8;1;1;4;4;0;0;-5614,32601822429;0,272595323622227;
616,85;616,85;1;1;4;4;0;0;-5614,32601822429;0,272337384521961;
616,9;616,9;1;1;4;4;0;0;-5614,32601822429;0,272034052759409;
616,95;616,95;1;1;4;4;0;0;-5614,32601822429;0,271901953965425;
617;617;1;1;4;4;0;0;-5614,32601822429;0,27157861739397;
617,05;617,05;1;1;4;4;0;0;-5614,32601822429;0,271427426487207;
617,1;617,1;1;1;4;4;0;0;-5614,32601822429;0,271272771060467;
617,15;617,15;1;1;4;4;0;0;-5614,32601822429;0,270940307527781;
617,2;617,2;1;1;4;4;0;0;-5614,32601822429;0,270769316703081;
617,25;617,25;1;1;4;4;0;0;-5614,32601822429;0,270441267639399;
617,3;617,3;1;1;4;4;0;0;-5614,32601822429;0,270088911056519;
617,35;617,35;1;1;4;4;0;0;-5614,32601822429;0,270025953650475;
617,4;617,4;1;1;4;4;0;0;-5614,32601822429;0,269828569144011;
617,45;617,45;1;1;4;4;0;0;-5614,32601822429;0,269706901162863;
617,5;617,5;1;1;4;4;0;0;-5614,32601822429;0,269380062818527;
617,55;617,55;1;1;4;4;0;0;-5614,32601822429;0,269112084060907;
617,6;617,6;1;1;4;4;0;0;-5614,32601822429;0,269010439515114;
617,65;617,65;1;1;4;4;0;0;-5614,32601822429;0,268672052770853;
617,7;617,7;1;1;4;4;0;0;-5614,32601822429;0,26836646720767;
617,75;617,75;1;1;4;4;0;0;-5614,32601822429;0,268165580928326;
617,8;617,8;1;1;4;4;0;0;-5614,32601822429;0,268079936504364;
617,85;617,85;1;1;4;4;0;0;-5614,32601822429;0,267805736511946;
617,9;617,9;1;1;4;4;0;0;-5614,32601822429;0,267450511455536;
617,95;617,95;1;1;4;4;0;0;-5614,32601822429;0,267323907464743;
618;618;1;1;4;4;0;0;-5614,32601822429;0,267086755484343;
618,05;618,05;1;1;4;4;0;0;-5614,32601822429;0,266794227063656;
618,1;618,1;1;1;4;4;0;0;-5614,32601822429;0,266583543270826;
618,15;618,15;1;1;4;4;0;0;-5614,32601822429;0,26640061289072;
618,2;618,2;1;1;4;4;0;0;-5614,32601822429;0,266328528523445;
618,25;618,25;1;1;4;4;0;0;-5614,32601822429;0,266087055206299;
618,3;618,3;1;1;4;4;0;0;-5614,32601822429;0,265810359269381;
618,35;618,35;1;1;4;4;0;0;-5614,32601822429;0,265499372035265;
618,4;618,4;1;1;4;4;0;0;-5614,32601822429;0,265354476869106;
618,45;618,45;1;1;4;4;0;0;-5614,32601822429;0,265286713838577;
618,5;618,5;1;1;4;4;0;0;-5614,32601822429;0,264934208244085;
618,55;618,55;1;1;4;4;0;0;-5614,32601822429;0,264730211347342;
618,6;618,6;1;1;4;4;0;0;-5614,32601822429;0,264535248279572;
618,65;618,65;1;1;4;4;0;0;-5614,32601822429;0,264307111501694;
618,7;618,7;1;1;4;4;0;0;-5614,32601822429;0,264123827219009;
618,75;618,75;1;1;4;4;0;0;-5614,32601822429;0,263967346400023;
618,8;618,8;1;1;4;4;0;0;-5614,32601822429;0,263691414147615;
618,85;618,85;1;1;4;4;0;0;-5614,32601822429;0,263618174940348;
618,9;618,9;1;1;4;4;0;0;-5614,32601822429;0,263436324894428;
618,95;618,95;1;1;4;4;0;0;-5614,32601822429;0,263160653412342;
619;619;1;1;4;4;0;0;-5614,32601822429;0,262979455292225;
619,05;619,05;1;1;4;4;0;0;-5614,32601822429;0,262844488024712;
619,1;619,1;1;1;4;4;0;0;-5614,32601822429;0,262593906372786;
619,15;619,15;1;1;4;4;0;0;-5614,32601822429;0,262520238757133;
619,2;619,2;1;1;4;4;0;0;-5614,32601822429;0,262268651276827;
619,25;619,25;1;1;4;4;0;0;-5614,32601822429;0,262202490121126;
619,3;619,3;1;1;4;4;0;0;-5614,32601822429;0,261943358927965;
619,35;619,35;1;1;4;4;0;0;-5614,32601822429;0,261704977601767;
619,4;619,4;1;1;4;4;0;0;-5614,32601822429;0,261606331914663;
619,45;619,45;1;1;4;4;0;0;-5614,32601822429;0,261445622891188;
619,5;619,5;1;1;4;4;0;0;-5614,32601822429;0,261226091533899;
619,55;619,55;1;1;4;4;0;0;-5614,32601822429;0,261013153940439;
619,6;619,6;1;1;4;4;0;0;-5614,32601822429;0,26084691286087;
619,65;619,65;1;1;4;4;0;0;-5614,32601822429;0,260555353015661;
619,7;619,7;1;1;4;4;0;0;-5614,32601822429;0,260376129299402;
619,75;619,75;1;1;4;4;0;0;-5614,32601822429;0,260119717568159;
619,8;619,8;1;1;4;4;0;0;-5614,32601822429;0,260243937373161;
619,85;619,85;1;1;4;4;0;0;-5614,32601822429;0,260030440986156;
619,9;619,9;1;1;4;4;0;0;-5614,32601822429;0,259702578186989;
619,95;619,95;1;1;4;4;0;0;-5614,32601822429;0,259690191596746;
620;620;1;1;4;4;0;0;-5614,32601822429;0,259372554719448;
620,05;620,05;1;1;4;4;0;0;-5614,32601822429;0,259191207587719;
620,1;620,1;1;1;4;4;0;0;-5614,32601822429;0,258893556892872;
620,15;620,15;1;1;4;4;0;0;-5614,32601822429;0,258963126689196;
620,2;620,2;1;1;4;4;0;0;-5614,32601822429;0,2586480230093;
620,25;620,25;1;1;4;4;0;0;-5614,32601822429;0,258483663201332;
620,3;620,3;1;1;4;4;0;0;-5614,32601822429;0,25833448395133;
620,35;620,35;1;1;4;4;0;0;-5614,32601822429;0,258116833865643;
620,4;620,4;1;1;4;4;0;0;-5614,32601822429;0,25792021304369;
620,45;620,45;1;1;4;4;0;0;-5614,32601822429;0,257905386388302;
620,5;620,5;1;1;4;4;0;0;-5614,32601822429;0,257695913314819;
620,55;620,55;1;1;4;4;0;0;-5614,32601822429;0,257696975022554;
620,6;620,6;1;1;4;4;0;0;-5614,32601822429;0,257530491799116;
620,65;620,65;1;1;4;4;0;0;-5614,32601822429;0,257416050881147;
620,7;620,7;1;1;4;4;0;0;-5614,32601822429;0,257301665842533;
620,75;620,75;1;1;4;4;0;0;-5614,32601822429;0,256900116801262;
620,8;620,8;1;1;4;4;0;0;-5614,32601822429;0,256751533597708;
620,85;620,85;1;1;4;4;0;0;-5614,32601822429;0,25667367503047;
620,9;620,9;1;1;4;4;0;0;-5614,32601822429;0,256338100880384;
620,95;620,95;1;1;4;4;0;0;-5614,32601822429;0,256171189248562;
621;621;1;1;4;4;0;0;-5614,32601822429;0,256013628095388;
621,05;621,05;1;1;4;4;0;0;-5614,32601822429;0,255844481289387;
621,1;621,1;1;1;4;4;0;0;-5614,32601822429;0,255674496293068;
621,15;621,15;1;1;4;4;0;0;-5614,32601822429;0,255426373332739;
621,2;621,2;1;1;4;4;0;0;-5614,32601822429;0,255319345742464;
621,25;621,25;1;1;4;4;0;0;-5614,32601822429;0,255216527730227;
621,3;621,3;1;1;4;4;0;0;-5614,32601822429;0,254841968417168;
621,35;621,35;1;1;4;4;0;0;-5614,32601822429;0,254657845944166;
621,4;621,4;1;1;4;4;0;0;-5614,32601822429;0,254538077861071;
621,45;621,45;1;1;4;4;0;0;-5614,32601822429;0,254270508885384;
621,5;621,5;1;1;4;4;0;0;-5614,32601822429;0,254157297313213;
621,55;621,55;1;1;4;4;0;0;-5614,32601822429;0,253945793956518;
621,6;621,6;1;1;4;4;0;0;-5614,32601822429;0,253818966448307;
621,65;621,65;1;1;4;4;0;0;-5614,32601822429;0,253804828971624;
621,7;621,7;1;1;4;4;0;0;-5614,32601822429;0,253432467579842;
621,75;621,75;1;1;4;4;0;0;-5614,32601822429;0,253399964421988;
621,8;621,8;1;1;4;4;0;0;-5614,32601822429;0,253092423081398;
621,85;621,85;1;1;4;4;0;0;-5614,32601822429;0,253040548413992;
621,9;621,9;1;1;4;4;0;0;-5614,32601822429;0,2528808824718;
621,95;621,95;1;1;4;4;0;0;-5614,32601822429;0,252627432346344;
622;622;1;1;4;4;0;0;-5614,32601822429;0,252440981566906;
622,05;622,05;1;1;4;4;0;0;-5614,32601822429;0,252244267612696;
622,1;622,1;1;1;4;4;0;0;-5614,32601822429;0,252107419073582;
622,15;622,15;1;1;4;4;0;0;-5614,32601822429;0,251938365399837;
622,2;622,2;1;1;4;4;0;0;-5614,32601822429;0,251848101615906;
622,25;622,25;1;1;4;4;0;0;-5614,32601822429;0,251624714583158;
622,3;622,3;1;1;4;4;0;0;-5614,32601822429;0,25143951177597;
622,35;622,35;1;1;4;4;0;0;-5614,32601822429;0,251310728490353;
622,4;622,4;1;1;4;4;0;0;-5614,32601822429;0,25102611631155;
622,45;622,45;1;1;4;4;0;0;-5614,32601822429;0,250893868505955;
622,5;622,5;1;1;4;4;0;0;-5614,32601822429;0,250603128224611;
622,55;622,55;1;1;4;4;0;0;-5614,32601822429;0,250382088124752;
622,6;622,6;1;1;4;4;0;0;-5614,32601822429;0,250298008322716;
622,65;622,65;1;1;4;4;0;0;-5614,32601822429;0,250165183097124;
622,7;622,7;1;1;4;4;0;0;-5614,32601822429;0,250059869140387;
622,75;622,75;1;1;4;4;0;0;-5614,32601822429;0,249746274203062;
622,8;622,8;1;1;4;4;0;0;-5614,32601822429;0,249592736363411;
622,85;622,85;1;1;4;4;0;0;-5614,32601822429;0,249382983893156;
622,9;622,9;1;1;4;4;0;0;-5614,32601822429;0,249328352510929;
622,95;622,95;1;1;4;4;0;0;-5614,32601822429;0,249077975749969;
623;623;1;1;4;4;0;0;-5614,32601822429;0,249055847525597;
623,05;623,05;1;1;4;4;0;0;-5614,32601822429;0,248709935694933;
623,1;623,1;1;1;4;4;0;0;-5614,32601822429;0,248545277863741;
623,15;623,15;1;1;4;4;0;0;-5614,32601822429;0,248272716999054;
623,2;623,2;1;1;4;4;0;0;-5614,32601822429;0,248251557350159;
623,25;623,25;1;1;4;4;0;0;-5614,32601822429;0,247999560087919;
623,3;623,3;1;1;4;4;0;0;-5614,32601822429;0,247837360948324;
623,35;623,35;1;1;4;4;0;0;-5614,32601822429;0,247812736779451;
623,4;623,4;1;1;4;4;0;0;-5614,32601822429;0,247576292604208;
623,45;623,45;1;1;4;4;0;0;-5614,32601822429;0,24747533723712;
623,5;623,5;1;1;4;4;0;0;-5614,32601822429;0,247239731252193;
623,55;623,55;1;1;4;4;0;0;-5614,32601822429;0,246891807764769;
623,6;623,6;1;1;4;4;0;0;-5614,32601822429;0,246951729059219;
623,65;623,65;1;1;4;4;0;0;-5614,32601822429;0,246816594153643;
623,7;623,7;1;1;4;4;0;0;-5614,32601822429;0,246613025665283;
623,75;623,75;1;1;4;4;0;0;-5614,32601822429;0,246274061501026;
623,8;623,8;1;1;4;4;0;0;-5614,32601822429;0,24627860635519;
623,85;623,85;1;1;4;4;0;0;-5614,32601822429;0,246035605669022;
623,9;623,9;1;1;4;4;0;0;-5614,32601822429;0,245994627475739;
623,95;623,95;1;1;4;4;0;0;-5614,32601822429;0,245717335492373;
624;624;1;1;4;4;0;0;-5614,32601822429;0,24551147595048;
624,05;624,05;1;1;4;4;0;0;-5614,32601822429;0,245520807802677;
624,1;624,1;1;1;4;4;0;0;-5614,32601822429;0,245298407971859;
624,15;624,15;1;1;4;4;0;0;-5614,32601822429;0,245039761066437;
624,2;624,2;1;1;4;4;0;0;-5614,32601822429;0,245012659579515;
624,25;624,25;1;1;4;4;0;0;-5614,32601822429;0,244815591722727;
624,3;624,3;1;1;4;4;0;0;-5614,32601822429;0,244746636599302;
624,35;624,35;1;1;4;4;0;0;-5614,32601822429;0,24426655843854;
624,4;624,4;1;1;4;4;0;0;-5614,32601822429;0,244107246398926;
624,45;624,45;1;1;4;4;0;0;-5614,32601822429;0,24408932775259;
624,5;624,5;1;1;4;4;0;0;-5614,32601822429;0,243831034749746;
624,55;624,55;1;1;4;4;0;0;-5614,32601822429;0,24353975430131;
624,6;624,6;1;1;4;4;0;0;-5614,32601822429;0,243498217314482;
624,65;624,65;1;1;4;4;0;0;-5614,32601822429;0,243333745747805;
624,7;624,7;1;1;4;4;0;0;-5614,32601822429;0,24300966411829;
624,75;624,75;1;1;4;4;0;0;-5614,32601822429;0,242669247090816;
624,8;624,8;1;1;4;4;0;0;-5614,32601822429;0,24276977404952;
624,85;624,85;1;1;4;4;0;0;-5614,32601822429;0,242528263479471;
624,9;624,9;1;1;4;4;0;0;-5614,32601822429;0,2423095703125;
624,95;624,95;1;1;4;4;0;0;-5614,32601822429;0,242010746151209;
625;625;1;1;4;4;0;0;-5614,32601822429;0,241712834686041;
625,05;625,05;1;1;4;4;0;0;-5614,32601822429;0,241682287305593;
625,1;625,1;1;1;4;4;0;0;-5614,32601822429;0,241436026990414;
625,15;625,15;1;1;4;4;0;0;-5614,32601822429;0,241285692900419;
625,2;625,2;1;1;4;4;0;0;-5614,32601822429;0,241121686995029;
625,25;625,25;1;1;4;4;0;0;-5614,32601822429;0,241046156734228;
625,3;625,3;1;1;4;4;0;0;-5614,32601822429;0,240821670740843;
625,35;625,35;1;1;4;4;0;0;-5614,32601822429;0,240611508488655;
625,4;625,4;1;1;4;4;0;0;-5614,32601822429;0,240521486848593;
625,45;625,45;1;1;4;4;0;0;-5614,32601822429;0,240348782390356;
625,5;625,5;1;1;4;4;0;0;-5614,32601822429;0,240074992179871;
625,55;625,55;1;1;4;4;0;0;-5614,32601822429;0,239925570785999;
625,6;625,6;1;1;4;4;0;0;-5614,32601822429;0,239704139530659;
625,65;625,65;1;1;4;4;0;0;-5614,32601822429;0,239595174789429;
625,7;625,7;1;1;4;4;0;0;-5614,32601822429;0,239527355879545;
625,75;625,75;1;1;4;4;0;0;-5614,32601822429;0,239246804267168;
625,8;625,8;1;1;4;4;0;0;-5614,32601822429;0,239169728010893;
625,85;625,85;1;1;4;4;0;0;-5614,32601822429;0,238998159766197;
625,9;625,9;1;1;4;4;0;0;-5614,32601822429;0,238793641328812;
625,95;625,95;1;1;4;4;0;0;-5614,32601822429;0,238598864525557;
626;626;1;1;4;4;0;0;-5614,32601822429;0,238525867462158;
626,05;626,05;1;1;4;4;0;0;-5614,32601822429;0,238334964960814;
626,1;626,1;1;1;4;4;0;0;-5614,32601822429;0,237986631691456;
626,15;626,15;1;1;4;4;0;0;-5614,32601822429;0,237917825579643;
626,2;626,2;1;1;4;4;0;0;-5614,32601822429;0,237612891942263;
626,25;626,25;1;1;4;4;0;0;-5614,32601822429;0,237611047923565;
626,3;626,3;1;1;4;4;0;0;-5614,32601822429;0,237393882125616;
626,35;626,35;1;1;4;4;0;0;-5614,32601822429;0,237186104059219;
626,4;626,4;1;1;4;4;0;0;-5614,32601822429;0,237244069576263;
626,45;626,45;1;1;4;4;0;0;-5614,32601822429;0,236904658377171;
626,5;626,5;1;1;4;4;0;0;-5614,32601822429;0,236658807843924;
626,55;626,55;1;1;4;4;0;0;-5614,32601822429;0,236569568514824;
626,6;626,6;1;1;4;4;0;0;-5614,32601822429;0,236447788774967;
626,65;626,65;1;1;4;4;0;0;-5614,32601822429;0,236339997500181;
626,7;626,7;1;1;4;4;0;0;-5614,32601822429;0,236107762902975;
626,75;626,75;1;1;4;4;0;0;-5614,32601822429;0,23598276078701;
626,8;626,8;1;1;4;4;0;0;-5614,32601822429;0,235917642712593;
626,85;626,85;1;1;4;4;0;0;-5614,32601822429;0,235624052584171;
626,9;626,9;1;1;4;4;0;0;-5614,32601822429;0,235551744699478;
626,95;626,95;1;1;4;4;0;0;-5614,32601822429;0,235318373888731;
627;627;1;1;4;4;0;0;-5614,32601822429;0,235248040407896;
627,05;627,05;1;1;4;4;0;0;-5614,32601822429;0,2350521273911;
627,1;627,1;1;1;4;4;0;0;-5614,32601822429;0,234881341457367;
627,15;627,15;1;1;4;4;0;0;-5614,32601822429;0,234761293977499;
627,2;627,2;1;1;4;4;0;0;-5614,32601822429;0,234633535146713;
627,25;627,25;1;1;4;4;0;0;-5614,32601822429;0,23443691432476;
627,3;627,3;1;1;4;4;0;0;-5614,32601822429;0,234284475445747;
627,35;627,35;1;1;4;4;0;0;-5614,32601822429;0,233894735574722;
627,4;627,4;1;1;4;4;0;0;-5614,32601822429;0,233881771564484;
627,45;627,45;1;1;4;4;0;0;-5614,32601822429;0,233825631439686;
627,5;627,5;1;1;4;4;0;0;-5614,32601822429;0,233589708805084;
627,55;627,55;1;1;4;4;0;0;-5614,32601822429;0,233516208827496;
627,6;627,6;1;1;4;4;0;0;-5614,32601822429;0,233253370970488;
627,65;627,65;1;1;4;4;0;0;-5614,32601822429;0,233432594686747;
627,7;627,7;1;1;0;0;0;0;-5614,32601822429;0,233087316155434;
