"Temps total (s)";"Temps de cycle écoulé (s)";"Nombre total de cycles";"Cycles écoulés";"Etape";"Boucle 1";"Nombre total de cycles(Forme d'onde Linear)";"Nombre total de cycles(Forme d'onde Rotary)";"Pos (µm)";"Effort_5N (N)";
0;0;1;1;1;1;0;0;-18001,1590095231;-0,0469232350587845;
0,05;0,05;1;1;1;1;0;0;-18001,1590095231;-0,0470350030809641;
0,1;0,1;1;1;1;1;0;0;-18001,1590095231;-0,0469795754179358;
0,15;0,15;1;1;1;1;0;0;-18001,1590095231;-0,0470537692308426;
0,2;0,2;1;1;1;1;0;0;-18001,1590095231;-0,0472276005893946;
0,25;0,25;1;1;1;1;0;0;-18001,5273662192;-0,0473465817049146;
0,3;0,3;1;1;1;1;0;0;-18001,9744010446;-0,047601736150682;
0,35;0,35;1;1;1;1;0;0;-18002,9560895212;-0,0498600024729967;
0,4;0,4;1;1;1;1;0;0;-18010,7094615326;-0,058046574704349;
0,45;0,45;1;1;1;1;0;0;-18014,0783159767;-0,0661395117640495;
0,5;0,5;1;1;1;1;0;0;-18019,6948615229;-0,0701740104705095;
0,55;0,55;1;1;1;1;0;0;-18021,7315521873;-0,0763571774587035;
0,6;0,6;1;1;1;1;0;0;-18026,5201892368;-0,0830912962555885;
0,65;0,65;1;1;1;1;0;0;-18031,2909448933;-0,0866629648953676;
0,7;0,7;1;1;1;1;0;0;-18032,789405628;-0,090361163020134;
0,75;0,75;1;1;1;1;0;0;-18035,1604783419;-0,0975543912500143;
0,8;0,8;1;1;1;1;0;0;-18039,6236740385;-0,103211803361773;
0,85;0,85;1;1;1;1;0;0;-18044,0868697352;-0,108902370557189;
0,9;0,9;1;1;1;1;0;0;-18048,3766159195;-0,113654993474483;
0,95;0,95;1;1;1;1;0;0;-18051,2322743841;-0,118898199871182;
1;1;1;1;1;1;0;0;-18053,5783131477;-0,123565904796124;
1,05;1,05;1;1;1;1;0;0;-18055,809910996;-0,128477457910776;
1,1;1,1;1;1;1;1;0;0;-18058,0415088444;-0,133256139233708;
1,15;1,15;1;1;1;1;0;0;-18060,2731066927;-0,138119962066412;
1,2;1,2;1;1;1;1;0;0;-18062,6459675458;-0,142627777531743;
1,25;1,25;1;1;1;1;0;0;-18065,3228120802;-0,147797269746661;
1,3;1,3;1;1;1;1;0;0;-18068,0014447539;-0,152310440316796;
1,35;1,35;1;1;1;1;0;0;-18070,6782892883;-0,155545137822628;
1,4;1,4;1;1;1;1;0;0;-18073,356921962;-0,159614365547895;
1,45;1,45;1;1;1;1;0;0;-18076,0355546357;-0,164304748177528;
1,5;1,5;1;1;1;1;0;0;-18078,7123991701;-0,169045887887478;
1,55;1,55;1;1;1;1;0;0;-18081,3016248788;-0,175735242664814;
1,6;1,6;1;1;1;1;0;0;-18083,5332227271;-0,181815680116415;
1,65;1,65;1;1;1;1;0;0;-18086,3870930523;-0,186937432736158;
1,7;1,7;1;1;1;1;0;0;-18089,9580072375;-0,192623268812895;
1,75;1,75;1;1;1;1;0;0;-18093,5289214227;-0,198126528412104;
1,8;1,8;1;1;1;1;0;0;-18096,0966894597;-0,204188488423824;
1,85;1,85;1;1;1;1;0;0;-18097,9885408407;-0,209961757063866;
1,9;1,9;1;1;1;1;0;0;-18099,7731038637;-0,214214473962784;
1,95;1,95;1;1;1;1;0;0;-18101,9331761399;-0,219723116606474;
2;2;1;1;1;1;0;0;-18104,6118088136;-0,225893352180719;
2,05;2,05;1;1;1;1;0;0;-18107,288653348;-0,231648366898298;
2,1;2,1;1;1;1;1;0;0;-18109,9672860217;-0,237248595803976;
2,15;2,15;1;1;1;1;0;0;-18112,6459186954;-0,242472589015961;
2,2;2,2;1;1;1;1;0;0;-18115,3227632298;-0,248284675180912;
2,25;2,25;1;1;1;1;0;0;-18118,0013959035;-0,254105869680643;
2,3;2,3;1;1;1;1;0;0;-18120,6782404379;-0,259986203163862;
2,35;2,35;1;1;1;1;0;0;-18123,3568731117;-0,265983510762453;
2,4;2,4;1;1;1;1;0;0;-18126,0355057854;-0,27157336473465;
2,45;2,45;1;1;1;1;0;0;-18128,7123503198;-0,277611371129751;
2,5;2,5;1;1;1;1;0;0;-18131,3909829935;-0,283681564033031;
2,55;2,55;1;1;1;1;0;0;-18134,0678275279;-0,289971344172955;
2,6;2,6;1;1;1;1;0;0;-18136,7464602016;-0,295546632260084;
2,65;2,65;1;1;1;1;0;0;-18139,4250928753;-0,301592610776424;
2,7;2,7;1;1;1;1;0;0;-18142,1019374097;-0,308066494762897;
2,75;2,75;1;1;1;1;0;0;-18144,7805700834;-0,314713157713413;
2,8;2,8;1;1;1;1;0;0;-18147,4574146178;-0,320787727832794;
2,85;2,85;1;1;1;1;0;0;-18150,1360472915;-0,327791534364223;
2,9;2,9;1;1;1;1;0;0;-18152,8146799652;-0,333729200065136;
2,95;2,95;1;1;1;1;0;0;-18155,4915244996;-0,340172313153744;
3;3;1;1;1;1;0;0;-18158,1701571733;-0,346725806593895;
3,05;3,05;1;1;1;1;0;0;-18160,8470017077;-0,352999605238438;
3,1;3,1;1;1;1;1;0;0;-18163,5256343814;-0,359696373343468;
3,15;3,15;1;1;1;1;0;0;-18166,2042670551;-0,366717502474785;
3,2;3,2;1;1;1;1;0;0;-18168,8811115895;-0,373328067362309;
3,25;3,25;1;1;1;1;0;0;-18171,5597442632;-0,380305349826813;
3,3;3,3;1;1;1;1;0;0;-18174,2365887976;-0,387573204934597;
3,35;3,35;1;1;1;1;0;0;-18176,9152214713;-0,394915565848351;
3,4;3,4;1;1;1;1;0;0;-18179,593854145;-0,401471443474293;
3,45;3,45;1;1;1;1;0;0;-18182,2706986794;-0,408398434519768;
3,5;3,5;1;1;1;1;0;0;-18184,9493313531;-0,41552159935236;
3,55;3,55;1;1;1;1;0;0;-18187,6261758875;-0,422697775065899;
3,6;3,6;1;1;1;1;0;0;-18190,3048085613;-0,429537743330002;
3,65;3,65;1;1;1;1;0;0;-18192,983441235;-0,436631105840206;
3,7;3,7;1;1;1;1;0;0;-18195,6602857694;-0,44423621147871;
3,75;3,75;1;1;1;1;0;0;-18198,3389184431;-0,451571270823479;
3,8;3,8;1;1;1;1;0;0;-18201,0157629775;-0,459059290587902;
3,85;3,85;1;1;1;1;0;0;-18203,6943956512;-0,466669015586376;
3,9;3,9;1;1;1;1;0;0;-18206,3712401856;-0,47401238232851;
3,95;3,95;1;1;1;1;0;0;-18208,9783472872;-0,481923334300518;
4;4;1;1;1;1;0;0;-18211,2099451355;-0,489540621638298;
4,05;4,05;1;1;1;1;0;0;-18213,4415429839;-0,497270822525024;
4,1;4,1;1;1;1;1;0;0;-18215,6731408322;-0,505466423928738;
4,15;4,15;1;1;1;1;0;0;-18217,9047386805;-0,513125769793987;
4,2;4,2;1;1;1;1;0;0;-18220,1363365288;-0,521197877824306;
4,25;4,25;1;1;1;1;0;0;-18222,3679343771;-0,529036968946457;
4,3;4,3;1;1;1;1;0;0;-18225,0090161255;-0,536915436387062;
4,35;4,35;1;1;1;1;0;0;-18228,1328954853;-0,54521769285202;
4,4;4,4;1;1;1;1;0;0;-18231,2567748451;-0,553034245967865;
4,45;4,45;1;1;1;1;0;0;-18234,3806542049;-0,560941696166992;
4,5;4,5;1;1;1;1;0;0;-18236,9198120131;-0,569302998483181;
4,55;4,55;1;1;1;1;0;0;-18238,9421975631;-0,576989203691483;
4,6;4,6;1;1;1;1;0;0;-18240,7285487253;-0,585423968732357;
4,65;4,65;1;1;1;1;0;0;-18242,5131117483;-0,593815967440605;
4,7;4,7;1;1;1;1;0;0;-18245,4295669491;-0,601887851953506;
4,75;4,75;1;1;1;1;0;0;-18248,5552344482;-0,61053242534399;
4,8;4,8;1;1;1;1;0;0;-18251,679113808;-0,61864111572504;
4,85;4,85;1;1;1;1;0;0;-18254,8029931677;-0,627115741372108;
4,9;4,9;1;1;1;1;0;0;-18257,9268725275;-0,635767430067062;
4,95;4,95;1;1;1;1;0;0;-18260,3927166244;-0,644274801015854;
5;5;1;1;1;1;0;0;-18262,2416526621;-0,652946159243584;
5,05;5,05;1;1;1;1;0;0;-18264,0280038244;-0,661836639046669;
5,1;5,1;1;1;1;1;0;0;-18265,8125668473;-0,670396983623505;
5,15;5,15;1;1;1;1;0;0;-18268,6431913617;-0,679176673293114;
5,2;5,2;1;1;1;1;0;0;-18271,7670707214;-0,688485205173492;
5,25;5,25;1;1;1;1;0;0;-18274,8909500812;-0,697752311825752;
5,3;5,3;1;1;1;1;0;0;-18278,014829441;-0,70656880736351;
5,35;5,35;1;1;1;1;0;0;-18281,1387088008;-0,715720131993294;
5,4;5,4;1;1;1;1;0;0;-18283,6993242806;-0,724911391735077;
5,45;5,45;1;1;1;1;0;0;-18285,6394554228;-0,734201595187187;
5,5;5,5;1;1;1;1;0;0;-18287,425806585;-0,743174403905869;
5,55;5,55;1;1;1;1;0;0;-18289,210369608;-0,75245201587677;
5,6;5,6;1;1;1;1;0;0;-18291,7352223017;-0,76200544834137;
5,65;5,65;1;1;1;1;0;0;-18294,4120668361;-0,771310403943062;
5,7;5,7;1;1;1;1;0;0;-18297,0906995098;-0,781227275729179;
5,75;5,75;1;1;1;1;0;0;-18299,7693321835;-0,790832936763763;
5,8;5,8;1;1;1;1;0;0;-18302,4461767179;-0,800001323223114;
5,85;5,85;1;1;1;1;0;0;-18305,1248093916;-0,809381678700447;
5,9;5,9;1;1;1;1;0;0;-18307,801653926;-0,818911716341972;
5,95;5,95;1;1;1;1;0;0;-18310,4802865997;-0,828747376799583;
6;6;1;1;1;1;0;0;-18313,1589192735;-0,837846621870995;
6,05;6,05;1;1;1;1;0;0;-18315,8357638079;-0,847836285829544;
6,1;6,1;1;1;1;1;0;0;-18318,5143964816;-0,857935100793839;
6,15;6,15;1;1;1;1;0;0;-18321,191241016;-0,867516621947289;
6,2;6,2;1;1;1;1;0;0;-18323,8698736897;-0,877038836479187;
6,25;6,25;1;1;1;1;0;0;-18326,5485063634;-0,886604711413383;
6,3;6,3;1;1;1;1;0;0;-18329,2253508978;-0,896342247724533;
6,35;6,35;1;1;1;1;0;0;-18331,9039835715;-0,906561985611916;
6,4;6,4;1;1;1;1;0;0;-18334,5808281059;-0,916543826460838;
6,45;6,45;1;1;1;1;0;0;-18337,2594607796;-0,926331505179405;
6,5;6,5;1;1;1;1;0;0;-18339,9380934533;-0,936633571982384;
6,55;6,55;1;1;1;1;0;0;-18342,6149379877;-0,94661258161068;
6,6;6,6;1;1;1;1;0;0;-18345,2935706614;-0,956749022006989;
6,65;6,65;1;1;1;1;0;0;-18347,9704151958;-0,966840013861656;
6,7;6,7;1;1;1;1;0;0;-18350,6490478695;-0,977398604154587;
6,75;6,75;1;1;1;1;0;0;-18353,3276805432;-0,987451002001762;
6,8;6,8;1;1;1;1;0;0;-18356,0045250776;-0,997658893465996;
6,85;6,85;1;1;1;1;0;0;-18358,6831577513;-1,0079775005579;
6,9;6,9;1;1;1;1;0;0;-18361,3600022857;-1,01827844977379;
6,95;6,95;1;1;1;1;0;0;-18364,0386349594;-1,02931536734104;
7;7;1;1;1;1;0;0;-18366,7172676331;-1,03908188641071;
7,05;7,05;1;1;1;1;0;0;-18369,3941121675;-1,0492917150259;
7,1;7,1;1;1;1;1;0;0;-18372,0727448412;-1,06031872332096;
7,15;7,15;1;1;1;1;0;0;-18374,7495893756;-1,07103884220123;
7,2;7,2;1;1;1;1;0;0;-18377,4282220493;-1,08165115118027;
7,25;7,25;1;1;1;1;0;0;-18380,1068547231;-1,09224863350391;
7,3;7,3;1;1;1;1;0;0;-18382,7836992575;-1,10287860035896;
7,35;7,35;1;1;1;1;0;0;-18385,4623319312;-1,11351616680622;
7,4;7,4;1;1;1;1;0;0;-18388,1391764656;-1,12440161406994;
7,45;7,45;1;1;1;1;0;0;-18390,8178091393;-1,13524302840233;
7,5;7,5;1;1;1;1;0;0;-18393,4946536737;-1,14608757197857;
7,55;7,55;1;1;1;1;0;0;-18396,1732863474;-1,15666277706623;
7,6;7,6;1;1;1;1;0;0;-18398,5890625438;-1,16775639355183;
7,65;7,65;1;1;1;1;0;0;-18400,8206603921;-1,17852114140987;
7,7;7,7;1;1;1;1;0;0;-18403,0522582404;-1,18920810520649;
7,75;7,75;1;1;1;1;0;0;-18405,2838560887;-1,20065174996853;
7,8;7,8;1;1;1;1;0;0;-18407,592343927;-1,21181063354015;
7,85;7,85;1;1;1;1;0;0;-18410,2691884614;-1,2225104868412;
7,9;7,9;1;1;1;1;0;0;-18412,9478211351;-1,23393036425114;
7,95;7,95;1;1;1;1;0;0;-18415,6264538088;-1,24568060040474;
8;8;1;1;1;1;0;0;-18418,3032983432;-1,25706806778908;
8,05;8,05;1;1;1;1;0;0;-18420,9819310169;-1,26817315816879;
8,1;8,1;1;1;1;1;0;0;-18423,6587755513;-1,27925187349319;
8,15;8,15;1;1;1;1;0;0;-18426,337408225;-1,29055753350258;
8,2;8,2;1;1;1;1;0;0;-18429,0160408987;-1,30223631858826;
8,25;8,25;1;1;1;1;0;0;-18431,3924780305;-1,31346046924591;
8,3;8,3;1;1;1;1;0;0;-18433,6240758788;-1,32571518421173;
8,35;8,35;1;1;1;1;0;0;-18435,8753432594;-1,33729323744774;
8,4;8,4;1;1;1;1;0;0;-18439,4015539621;-1,34829565882683;
8,45;8,45;1;1;1;1;0;0;-18442,8669679285;-1,36035174131393;
8,5;8,5;1;1;1;1;0;0;-18445,0180995082;-1,37185707688332;
8,55;8,55;1;1;1;1;0;0;-18446,8044506704;-1,3834622502327;
8,6;8,6;1;1;1;1;0;0;-18448,5890136934;-1,39506712555885;
8,65;8,65;1;1;1;1;0;0;-18450,4236446168;-1,40581503510475;
8,7;8,7;1;1;1;1;0;0;-18453,1022772905;-1,41825437545776;
8,75;8,75;1;1;1;1;0;0;-18456,0240969092;-1,43153846263885;
8,8;8,8;1;1;1;1;0;0;-18459,1497644083;-1,44292503595352;
8,85;8,85;1;1;1;1;0;0;-18462,273643768;-1,45480185747147;
8,9;8,9;1;1;1;1;0;0;-18465,3975231278;-1,4659583568573;
8,95;8,95;1;1;1;1;0;0;-18468,5214024876;-1,47850275039673;
9;9;1;1;1;1;0;0;-18471,6452818474;-1,49022981524467;
9,05;9,05;1;1;1;1;0;0;-18474,1200666407;-1,50216951966286;
9,1;9,1;1;1;1;1;0;0;-18475,942180589;-1,51384443044662;
9,15;9,15;1;1;1;1;0;0;-18477,7285317512;-1,52661010622978;
9,2;9,2;1;1;1;1;0;0;-18479,5130947742;-1,53876632452011;
9,25;9,25;1;1;1;1;0;0;-18481,9360235278;-1,5502855181694;
9,3;9,3;1;1;1;1;0;0;-18484,6146562015;-1,56313687562943;
9,35;9,35;1;1;1;1;0;0;-18487,2915007359;-1,5759040415287;
9,4;9,4;1;1;1;1;0;0;-18489,9701334096;-1,5874770283699;
9,45;9,45;1;1;1;1;0;0;-18492,646977944;-1,60004034638405;
9,5;9,5;1;1;1;1;0;0;-18495,3256106177;-1,61144122481346;
9,55;9,55;1;1;1;1;0;0;-18498,0042432914;-1,6246785223484;
9,6;9,6;1;1;1;1;0;0;-18500,6810878258;-1,63609579205513;
9,65;9,65;1;1;1;1;0;0;-18503,3597204995;-1,6491773724556;
9,7;9,7;1;1;1;1;0;0;-18506,0365650339;-1,6617451608181;
9,75;9,75;1;1;1;1;0;0;-18508,7151977076;-1,67219638824463;
9,8;9,8;1;1;1;1;0;0;-18511,3938303813;-1,68511956930161;
9,85;9,85;1;1;1;1;0;0;-18514,0706749157;-1,70117542147636;
9,9;9,9;1;1;1;1;0;0;-18516,7493075894;-1,71263709664345;
9,95;9,95;1;1;1;1;0;0;-18519,4261521238;-1,72420218586922;
10;10;1;1;1;1;0;0;-18522,1047847975;-1,73711553215981;
10,05;10,05;1;1;1;1;0;0;-18524,7834174712;-1,75039783120155;
10,1;10,1;1;1;1;1;0;0;-18527,4602620056;-1,76239460706711;
10,15;10,15;1;1;1;1;0;0;-18530,1388946793;-1,77592381834984;
10,2;10,2;1;1;1;1;0;0;-18532,8157392137;-1,78834840655327;
10,25;10,25;1;1;1;1;0;0;-18535,4943718874;-1,79928839206696;
10,3;10,3;1;1;1;1;0;0;-18538,1730045612;-1,81277200579643;
10,35;10,35;1;1;1;1;0;0;-18540,8498490956;-1,82694554328918;
10,4;10,4;1;1;1;1;0;0;-18543,5284817693;-1,84038326144218;
10,45;10,45;1;1;1;1;0;0;-18546,2053263037;-1,85311481356621;
10,5;10,5;1;1;1;1;0;0;-18548,8839589774;-1,86533540487289;
10,55;10,55;1;1;1;1;0;0;-18551,5625916511;-1,87781170010567;
10,6;10,6;1;1;1;1;0;0;-18554,2394361855;-1,89165711402893;
10,65;10,65;1;1;1;1;0;0;-18556,9180688592;-1,90332159399986;
10,7;10,7;1;1;1;1;0;0;-18559,5949133936;-1,91845327615738;
10,75;10,75;1;1;1;1;0;0;-18562,2735460673;-1,93041324615479;
10,8;10,8;1;1;1;1;0;0;-18564,952178741;-1,94308057427406;
10,85;10,85;1;1;1;1;0;0;-18567,6290232754;-1,95577517151833;
10,9;10,9;1;1;1;1;0;0;-18570,2075201482;-1,96555390954018;
10,95;10,95;1;1;1;1;0;0;-18571,9920831711;-1,97488650679588;
11;11;1;1;1;1;0;0;-18573,5316711098;-1,9833068549633;
11,05;11,05;1;1;1;1;0;0;-18574,8709874466;-1,99888840317726;
11,1;11,1;1;1;1;1;0;0;-18576,8826441609;-2,01615929603577;
11,15;11,15;1;1;1;1;0;0;-18580,4195836993;-2,03158676624298;
11,2;11,2;1;1;1;1;0;0;-18583,9887097452;-2,04529374837875;
11,25;11,25;1;1;1;1;0;0;-18587,5596239303;-2,05976977944374;
11,3;11,3;1;1;1;1;0;0;-18591,1269618369;-2,07424059510231;
11,35;11,35;1;1;1;1;0;0;-18593,8181114857;-2,08607241511345;
11,4;11,4;1;1;1;1;0;0;-18596,049709334;-2,09990441799164;
11,45;11,45;1;1;1;1;0;0;-18598,2813071824;-2,11412489414215;
11,5;11,5;1;1;1;1;0;0;-18600,5129050307;-2,12732747197151;
11,55;11,55;1;1;1;1;0;0;-18602,744502879;-2,14118912816048;
11,6;11,6;1;1;1;1;0;0;-18605,2514741798;-2,15445250272751;
11,65;11,65;1;1;1;1;0;0;-18607,9301068535;-2,16777309775352;
11,7;11,7;1;1;1;1;0;0;-18610,6087395272;-2,18167275190353;
11,75;11,75;1;1;1;1;0;0;-18613,2855840616;-2,19505429267883;
11,8;11,8;1;1;1;1;0;0;-18615,9642167353;-2,20798015594482;
11,85;11,85;1;1;1;1;0;0;-18618,6410612697;-2,22165152430534;
11,9;11,9;1;1;1;1;0;0;-18621,3196939434;-2,23536550998688;
11,95;11,95;1;1;1;1;0;0;-18623,9983266171;-2,24836364388466;
12;12;1;1;1;1;0;0;-18626,6751711515;-2,26244524121284;
12,05;12,05;1;1;1;1;0;0;-18629,3538038252;-2,27561578154564;
12,1;12,1;1;1;1;1;0;0;-18632,0306483596;-2,28933662176132;
12,15;12,15;1;1;1;1;0;0;-18634,7092810333;-2,30297118425369;
12,2;12,2;1;1;1;1;0;0;-18637,387913707;-2,31649249792099;
12,25;12,25;1;1;1;1;0;0;-18640,0647582414;-2,33037203550339;
12,3;12,3;1;1;1;1;0;0;-18642,7433909151;-2,34385952353477;
12,35;12,35;1;1;1;1;0;0;-18645,0590313106;-2,35787957906723;
12,4;12,4;1;1;1;1;0;0;-18646,8596875873;-2,37099170684814;
12,45;12,45;1;1;1;1;0;0;-18648,6442506102;-2,38527685403824;
12,5;12,5;1;1;1;1;0;0;-18651,0707556424;-2,39896446466446;
12,55;12,55;1;1;1;1;0;0;-18653,7493883161;-2,4122628569603;
12,6;12,6;1;1;1;1;0;0;-18656,4262328505;-2,42660716176033;
12,65;12,65;1;1;1;1;0;0;-18659,1048655242;-2,43976697325706;
12,7;12,7;1;1;1;1;0;0;-18661,7834981979;-2,45385020971298;
12,75;12,75;1;1;1;1;0;0;-18664,4603427323;-2,46726989746094;
12,8;12,8;1;1;1;1;0;0;-18667,138975406;-2,48049810528755;
12,85;12,85;1;1;1;1;0;0;-18669,8158199404;-2,49443471431732;
12,9;12,9;1;1;1;1;0;0;-18672,4944526141;-2,5090828537941;
12,95;12,95;1;1;1;1;0;0;-18675,1730852878;-2,52226978540421;
13;13;1;1;1;1;0;0;-18677,8499298222;-2,53630846738815;
13,05;13,05;1;1;1;1;0;0;-18680,5285624959;-2,55026757717133;
13,1;13,1;1;1;1;1;0;0;-18683,2054070303;-2,56360441446304;
13,15;13,15;1;1;1;1;0;0;-18685,884039704;-2,57726967334747;
13,2;13,2;1;1;1;1;0;0;-18688,5626723777;-2,59136319160461;
13,25;13,25;1;1;1;1;0;0;-18691,2395169121;-2,60484367609024;
13,3;13,3;1;1;1;1;0;0;-18693,9181495858;-2,61835873126984;
13,35;13,35;1;1;1;1;0;0;-18696,5949941203;-2,63266205787659;
13,4;13,4;1;1;1;1;0;0;-18699,273626794;-2,64599680900574;
13,45;13,45;1;1;1;1;0;0;-18701,9522594677;-2,66085416078568;
13,5;13,5;1;1;1;1;0;0;-18704,6291040021;-2,67437785863876;
13,55;13,55;1;1;1;1;0;0;-18707,3077366758;-2,68785834312439;
13,6;13,6;1;1;1;1;0;0;-18709,9845812102;-2,70239859819412;
13,65;13,65;1;1;1;1;0;0;-18712,6632138839;-2,71599024534225;
13,7;13,7;1;1;1;1;0;0;-18715,3418465576;-2,7293872833252;
13,75;13,75;1;1;1;1;0;0;-18718,018691092;-2,74398118257523;
13,8;13,8;1;1;1;1;0;0;-18720,6973237657;-2,75772422552109;
13,85;13,85;1;1;1;1;0;0;-18723,3741683001;-2,77201265096664;
13,9;13,9;1;1;1;1;0;0;-18726,0528009738;-2,78581231832504;
13,95;13,95;1;1;1;1;0;0;-18728,7296455082;-2,79970228672028;
14;14;1;1;1;1;0;0;-18731,4082781819;-2,81401306390762;
14,05;14,05;1;1;1;1;0;0;-18734,0869108556;-2,82805681228638;
14,1;14,1;1;1;1;1;0;0;-18736,76375539;-2,84140646457672;
14,15;14,15;1;1;1;1;0;0;-18739,4423880637;-2,85621374845505;
14,2;14,2;1;1;1;1;0;0;-18742,1192325981;-2,8705957531929;
14,25;14,25;1;1;1;1;0;0;-18744,7978652718;-2,88443207740784;
14,3;14,3;1;1;1;1;0;0;-18747,4764979455;-2,89857536554337;
14,35;14,35;1;1;1;1;0;0;-18750,1533424799;-2,91220784187317;
14,4;14,4;1;1;1;1;0;0;-18752,8319751536;-2,92638570070267;
14,45;14,45;1;1;1;1;0;0;-18755,508819688;-2,94110029935837;
14,5;14,5;1;1;1;1;0;0;-18757,9657230884;-2,95477211475372;
14,55;14,55;1;1;1;1;0;0;-18760,1973209367;-2,96941310167313;
14,6;14,6;1;1;1;1;0;0;-18762,428918785;-2,98300206661224;
14,65;14,65;1;1;1;1;0;0;-18764,6605166333;-2,9972243309021;
14,7;14,7;1;1;1;1;0;0;-18766,9278772677;-3,01122426986694;
14,75;14,75;1;1;1;1;0;0;-18769,6065099414;-3,02528411149979;
14,8;14,8;1;1;1;1;0;0;-18772,2833544758;-3,03986549377441;
14,85;14,85;1;1;1;1;0;0;-18774,9619871495;-3,0539271235466;
14,9;14,9;1;1;1;1;0;0;-18777,6406198232;-3,06820154190063;
14,95;14,95;1;1;1;1;0;0;-18780,1350741488;-3,08211386203766;
15;15;1;1;1;1;0;0;-18782,3666719971;-3,09664487838745;
15,05;15,05;1;1;1;1;0;0;-18784,5982698455;-3,10710817575455;
15,1;15,1;1;1;1;1;0;0;-18786,8298676938;-3,11040133237839;
15,15;15,15;1;1;1;1;0;0;-18787,8258612847;-3,11341941356659;
15,2;15,2;1;1;1;1;0;0;-18788,2728961101;-3,11532735824585;
15,25;15,25;1;1;2;1;0;0;-18788,6001256023;-3,11491400003433;
15,25;15,25;1;1;2;1;0;0;-18788,6001256023;-3,11491400003433;
15,3;15,3;1;1;2;1;0;0;-18788,6001256023;-3,11388075351715;
15,35;15,35;1;1;2;1;0;0;-18788,6001256023;-3,11349809169769;
15,4;15,4;1;1;2;1;0;0;-18788,6001256023;-3,11253130435944;
15,45;15,45;1;1;2;1;0;0;-18788,6001256023;-3,11150848865509;
15,5;15,5;1;1;2;1;0;0;-18788,6001256023;-3,11061918735504;
15,55;15,55;1;1;2;1;0;0;-18788,6001256023;-3,10976058244705;
15,6;15,6;1;1;2;1;0;0;-18788,6001256023;-3,1087738275528;
15,65;15,65;1;1;2;1;0;0;-18788,6001256023;-3,10817867517471;
15,7;15,7;1;1;2;1;0;0;-18788,6001256023;-3,10735017061234;
15,75;15,75;1;1;2;1;0;0;-18788,6001256023;-3,1063637137413;
15,8;15,8;1;1;2;1;0;0;-18788,6001256023;-3,10588002204895;
15,85;15,85;1;1;2;1;0;0;-18788,6001256023;-3,10501873493195;
15,9;15,9;1;1;2;1;0;0;-18788,6001256023;-3,10424149036407;
15,95;15,95;1;1;2;1;0;0;-18788,6001256023;-3,10370057821274;
16;16;1;1;2;1;0;0;-18788,6001256023;-3,1032332777977;
16,05;16,05;1;1;2;1;0;0;-18788,6001256023;-3,10251235961914;
16,1;16,1;1;1;2;1;0;0;-18788,6001256023;-3,10158461332321;
16,15;16,15;1;1;2;1;0;0;-18788,6001256023;-3,10110628604889;
16,2;16,2;1;1;2;1;0;0;-18788,6001256023;-3,100426197052;
16,25;16,25;1;1;2;1;0;0;-18788,6001256023;-3,09989362955093;
16,3;16,3;1;1;2;1;0;0;-18788,6001256023;-3,09895306825638;
16,35;16,35;1;1;2;1;0;0;-18788,6001256023;-3,09870451688766;
16,4;16,4;1;1;2;1;0;0;-18788,4284642294;-3,09804052114487;
16,45;16,45;1;1;2;1;0;0;-18787,981429404;-3,09708654880524;
16,5;16,5;1;1;2;1;0;0;-18787,5361827179;-3,09669345617294;
16,55;16,55;1;1;2;1;0;0;-18787,0891478925;-3,09632152318954;
16,6;16,6;1;1;2;1;0;0;-18786,6421130671;-3,09569597244263;
16,65;16,65;1;1;2;1;0;0;-18786,196866381;-3,09493005275726;
16,7;16,7;1;1;2;1;0;0;-18785,7498315557;-3,09431046247482;
16,75;16,75;1;1;2;1;0;0;-18785,3045848696;-3,09405416250229;
16,8;16,8;1;1;2;1;0;0;-18785,111465825;-3,09340238571167;
16,85;16,85;1;1;2;1;0;0;-18785,111465825;-3,09275984764099;
16,9;16,9;1;1;2;1;0;0;-18785,111465825;-3,09214562177658;
16,95;16,95;1;1;2;1;0;0;-18785,111465825;-3,09153348207474;
17;17;1;1;2;1;0;0;-18785,111465825;-3,09116005897522;
17,05;17,05;1;1;2;1;0;0;-18785,111465825;-3,09024512767792;
17,1;17,1;1;1;2;1;0;0;-18785,111465825;-3,08988362550735;
17,15;17,15;1;1;2;1;0;0;-18785,111465825;-3,08936953544617;
17,2;17,2;1;1;2;1;0;0;-18785,111465825;-3,08877974748611;
17,25;17,25;1;1;2;1;0;0;-18785,111465825;-3,08775544166565;
17,3;17,3;1;1;2;1;0;0;-18785,111465825;-3,08730900287628;
17,35;17,35;1;1;2;1;0;0;-18785,111465825;-3,08672577142715;
17,4;17,4;1;1;2;1;0;0;-18785,111465825;-3,08625847101212;
17,45;17,45;1;1;2;1;0;0;-18785,111465825;-3,08555513620377;
17,5;17,5;1;1;2;1;0;0;-18785,111465825;-3,08447003364563;
17,55;17,55;1;1;2;1;0;0;-18785,111465825;-3,08348536491394;
17,6;17,6;1;1;2;1;0;0;-18785,111465825;-3,08309108018875;
17,65;17,65;1;1;2;1;0;0;-18785,111465825;-3,08222323656082;
17,7;17,7;1;1;2;1;0;0;-18785,111465825;-3,08157801628113;
17,75;17,75;1;1;2;1;0;0;-18785,111465825;-3,07956963777542;
17,8;17,8;1;1;2;1;0;0;-18785,111465825;-3,07800024747849;
17,85;17,85;1;1;2;1;0;0;-18785,111465825;-3,07688444852829;
17,9;17,9;1;1;2;1;0;0;-18785,111465825;-3,07559758424759;
17,95;17,95;1;1;2;1;0;0;-18785,111465825;-3,07420670986176;
18;18;1;1;2;1;0;0;-18785,111465825;-3,07346135377884;
18,05;18,05;1;1;2;1;0;0;-18785,111465825;-3,07249277830124;
18,1;18,1;1;1;2;1;0;0;-18784,850397487;-3,07133227586746;
18,15;18,15;1;1;2;1;0;0;-18784,4051508009;-3,0702206492424;
18,2;18,2;1;1;2;1;0;0;-18783,9581159755;-3,06897282600403;
18,25;18,25;1;1;2;1;0;0;-18783,5110811501;-3,06861788034439;
18,3;18,3;1;1;2;1;0;0;-18783,065834464;-3,06758105754852;
18,35;18,35;1;1;2;1;0;0;-18782,6813845142;-3,06690692901611;
18,4;18,4;1;1;2;1;0;0;-18782,6813845142;-3,06645542383194;
18,45;18,45;1;1;2;1;0;0;-18782,6813845142;-3,06508481502533;
18,5;18,5;1;1;2;1;0;0;-18782,6813845142;-3,06378602981567;
18,55;18,55;1;1;2;1;0;0;-18782,6813845142;-3,06328743696213;
18,6;18,6;1;1;2;1;0;0;-18782,6813845142;-3,06223779916763;
18,65;18,65;1;1;2;1;0;0;-18782,6813845142;-3,06158393621445;
18,7;18,7;1;1;2;1;0;0;-18782,6813845142;-3,06042313575745;
18,75;18,75;1;1;2;1;0;0;-18782,6813845142;-3,05967688560486;
18,8;18,8;1;1;2;1;0;0;-18782,6813845142;-3,05887252092361;
18,85;18,85;1;1;2;1;0;0;-18782,6813845142;-3,05846095085144;
18,9;18,9;1;1;2;1;0;0;-18782,6813845142;-3,05809527635574;
18,95;18,95;1;1;2;1;0;0;-18782,6813845142;-3,05754393339157;
19;19;1;1;2;1;0;0;-18782,6813845142;-3,05694878101349;
19,05;19,05;1;1;2;1;0;0;-18782,6813845142;-3,0566194653511;
19,1;19,1;1;1;2;1;0;0;-18782,6813845142;-3,05616140365601;
19,15;19,15;1;1;2;1;0;0;-18782,6813845142;-3,05541753768921;
19,2;19,2;1;1;2;1;0;0;-18782,6813845142;-3,05508702993393;
19,25;19,25;1;1;2;1;0;0;-18782,6813845142;-3,05501252412796;
19,3;19,3;1;1;2;1;0;0;-18782,6813845142;-3,05493831634521;
19,35;19,35;1;1;2;1;0;0;-18782,6813845142;-3,05458009243011;
19,4;19,4;1;1;2;1;0;0;-18782,6813845142;-3,05440157651901;
19,45;19,45;1;1;2;1;0;0;-18782,6813845142;-3,05407822132111;
19,5;19,5;1;1;2;1;0;0;-18782,6813845142;-3,05408298969269;
19,55;19,55;1;1;2;1;0;0;-18782,6813845142;-3,05371344089508;
19,6;19,6;1;1;2;1;0;0;-18782,6813845142;-3,05345356464386;
19,65;19,65;1;1;2;1;0;0;-18782,6813845142;-3,05336534976959;
19,7;19,7;1;1;2;1;0;0;-18782,6813845142;-3,05318415164948;
19,75;19,75;1;1;2;1;0;0;-18782,6813845142;-3,05275529623032;
19,8;19,8;1;1;2;1;0;0;-18782,6813845142;-3,05260539054871;
19,85;19,85;1;1;2;1;0;0;-18782,6813845142;-3,05245667695999;
19,9;19,9;1;1;2;1;0;0;-18782,6813845142;-3,05230796337128;
19,95;19,95;1;1;2;1;0;0;-18782,6813845142;-3,05234760046005;
20;20;1;1;2;1;0;0;-18782,6813845142;-3,05206418037415;
20,05;20,05;1;1;2;1;0;0;-18782,6813845142;-3,05188626050949;
20,1;20,1;1;1;2;1;0;0;-18782,6813845142;-3,05181205272675;
20,15;20,15;1;1;2;1;0;0;-18782,6813845142;-3,0514669418335;
20,2;20,2;1;1;2;1;0;0;-18782,6813845142;-3,05131793022156;
20,25;20,25;1;1;2;1;0;0;-18782,6813845142;-3,05116921663284;
20,3;20,3;1;1;2;1;0;0;-18782,6813845142;-3,05102050304413;
20,35;20,35;1;1;2;1;0;0;-18782,6813845142;-3,05087178945541;
20,4;20,4;1;1;2;1;0;0;-18782,6813845142;-3,0507230758667;
20,45;20,45;1;1;2;1;0;0;-18782,6813845142;-3,05056720972061;
20,5;20,5;1;1;2;1;0;0;-18782,6813845142;-3,05032849311829;
20,55;20,55;1;1;2;1;0;0;-18782,6813845142;-3,05009245872498;
20,6;20,6;1;1;2;1;0;0;-18782,6813845142;-3,05011957883835;
20,65;20,65;1;1;2;1;0;0;-18782,6813845142;-3,05009961128235;
20,7;20,7;1;1;2;1;0;0;-18782,6813845142;-3,04988384246826;
20,75;20,75;1;1;2;1;0;0;-18782,6813845142;-3,04987251758575;
20,8;20,8;1;1;2;1;0;0;-18782,6813845142;-3,049635887146;
20,85;20,85;1;1;2;1;0;0;-18782,6813845142;-3,04937601089478;
20,9;20,9;1;1;2;1;0;0;-18782,6813845142;-3,04920852184296;
20,95;20,95;1;1;2;1;0;0;-18782,6813845142;-3,04918259382248;
21;21;1;1;2;1;0;0;-18782,6813845142;-3,0489593744278;
21,05;21,05;1;1;2;1;0;0;-18782,6813845142;-3,04876148700714;
21,1;21,1;1;1;2;1;0;0;-18782,6813845142;-3,04864287376404;
21,15;21,15;1;1;2;1;0;0;-18782,6813845142;-3,04859697818756;
21,2;21,2;1;1;2;1;0;0;-18782,6813845142;-3,04837375879288;
21,25;21,25;1;1;2;1;0;0;-18782,6813845142;-3,04820895195007;
21,3;21,3;1;1;2;1;0;0;-18782,6813845142;-3,0481344461441;
21,35;21,35;1;1;2;1;0;0;-18782,6813845142;-3,04806023836136;
21,4;21,4;1;1;2;1;0;0;-18782,6813845142;-3,04794877767563;
21,45;21,45;1;1;2;1;0;0;-18782,6813845142;-3,04795801639557;
21,5;21,5;1;1;2;1;0;0;-18782,6813845142;-3,04766058921814;
21,55;21,55;1;1;2;1;0;0;-18782,6813845142;-3,04753541946411;
21,6;21,6;1;1;2;1;0;0;-18782,6813845142;-3,04746776819229;
21,65;21,65;1;1;2;1;0;0;-18782,6813845142;-3,04755449295044;
21,7;21,7;1;1;2;1;0;0;-18782,6813845142;-3,04722338914871;
21,75;21,75;1;1;2;1;0;0;-18782,6813845142;-3,04722338914871;
21,8;21,8;1;1;2;1;0;0;-18782,6813845142;-3,0469799041748;
21,85;21,85;1;1;2;1;0;0;-18782,6813845142;-3,04683208465576;
21,9;21,9;1;1;2;1;0;0;-18782,6813845142;-3,04677963256836;
21,95;21,95;1;1;2;1;0;0;-18782,6813845142;-3,04656594991684;
22;22;1;1;2;1;0;0;-18782,6813845142;-3,04637461900711;
22,05;22,05;1;1;2;1;0;0;-18782,6813845142;-3,04625660181046;
22,1;22,1;1;1;2;1;0;0;-18782,6813845142;-3,04609060287476;
22,15;22,15;1;1;2;1;0;0;-18782,6813845142;-3,04580271244049;
22,2;22,2;1;1;2;1;0;0;-18782,6813845142;-3,04595142602921;
22,25;22,25;1;1;2;1;0;0;-18782,6813845142;-3,04587364196777;
22,3;22,3;1;1;2;1;0;0;-18782,6813845142;-3,04587662220001;
22,35;22,35;1;1;2;1;0;0;-18782,6813845142;-3,0456617474556;
22,4;22,4;1;1;2;1;0;0;-18782,6813845142;-3,04542720317841;
22,45;22,45;1;1;2;1;0;0;-18782,6813845142;-3,04535269737244;
22,5;22,5;1;1;2;1;0;0;-18782,6813845142;-3,04527848958969;
22,55;22,55;1;1;2;1;0;0;-18782,6813845142;-3,0451563000679;
22,6;22,6;1;1;2;1;0;0;-18782,6813845142;-3,04493308067322;
22,65;22,65;1;1;2;1;0;0;-18782,6813845142;-3,04485291242599;
22,7;22,7;1;1;2;1;0;0;-18782,6813845142;-3,0447393655777;
22,75;22,75;1;1;2;1;0;0;-18782,6813845142;-3,04445326328278;
22,8;22,8;1;1;2;1;0;0;-18782,6813845142;-3,04451882839203;
22,85;22,85;1;1;2;1;0;0;-18782,6813845142;-3,04427891969681;
22,9;22,9;1;1;2;1;0;0;-18782,6813845142;-3,04403096437454;
22,95;22,95;1;1;2;1;0;0;-18782,6813845142;-3,04419100284576;
23;23;1;1;2;1;0;0;-18782,6813845142;-3,04386287927628;
23,05;23,05;1;1;2;1;0;0;-18782,6813845142;-3,04408937692642;
23,1;23,1;1;1;2;1;0;0;-18782,6813845142;-3,0439168214798;
23,15;23,15;1;1;2;1;0;0;-18782,6813845142;-3,04390519857407;
23,2;23,2;1;1;2;1;0;0;-18782,6813845142;-3,04365158081055;
23,25;23,25;1;1;2;1;0;0;-18782,6813845142;-3,04369747638702;
23,3;23,3;1;1;2;1;0;0;-18782,6813845142;-3,0436909198761;
23,35;23,35;1;1;2;1;0;0;-18782,6813845142;-3,04340004920959;
23,4;23,4;1;1;2;1;0;0;-18782,6813845142;-3,0434775352478;
23,45;23,45;1;1;2;1;0;0;-18782,6813845142;-3,04332196712494;
23,5;23,5;1;1;2;1;0;0;-18782,6813845142;-3,04316699504852;
23,55;23,55;1;1;2;1;0;0;-18782,6813845142;-3,04302752017975;
23,6;23,6;1;1;2;1;0;0;-18782,6813845142;-3,04300099611282;
23,65;23,65;1;1;2;1;0;0;-18782,6813845142;-3,04285228252411;
23,7;23,7;1;1;2;1;0;0;-18782,6813845142;-3,04270356893539;
23,75;23,75;1;1;2;1;0;0;-18782,6813845142;-3,04255485534668;
23,8;23,8;1;1;2;1;0;0;-18782,6813845142;-3,04240584373474;
23,85;23,85;1;1;2;1;0;0;-18782,6813845142;-3,04249167442322;
23,9;23,9;1;1;2;1;0;0;-18782,6813845142;-3,04221868515015;
23,95;23,95;1;1;2;1;0;0;-18782,6813845142;-3,04215729236603;
24;24;1;1;2;1;0;0;-18782,6813845142;-3,04215729236603;
24,05;24,05;1;1;2;1;0;0;-18782,6813845142;-3,04215729236603;
24,1;24,1;1;1;2;1;0;0;-18782,6813845142;-3,04215729236603;
24,15;24,15;1;1;2;1;0;0;-18782,6813845142;-3,04215729236603;
24,2;24,2;1;1;2;1;0;0;-18782,6813845142;-3,04206669330597;
24,25;24,25;1;1;2;1;0;0;-18782,6813845142;-3,04191797971725;
24,3;24,3;1;1;2;1;0;0;-18782,6813845142;-3,04176926612854;
24,35;24,35;1;1;2;1;0;0;-18782,6813845142;-3,04166674613953;
24,4;24,4;1;1;2;1;0;0;-18782,6813845142;-3,04159253835678;
24,45;24,45;1;1;2;1;0;0;-18782,6813845142;-3,04151803255081;
24,5;24,5;1;1;2;1;0;0;-18782,6813845142;-3,04144382476807;
24,55;24,55;1;1;2;1;0;0;-18782,6813845142;-3,0413693189621;
24,6;24,6;1;1;2;1;0;0;-18782,6813845142;-3,04129481315613;
24,65;24,65;1;1;2;1;0;0;-18782,6813845142;-3,0411833524704;
24,7;24,7;1;1;2;1;0;0;-18782,6813845142;-3,04096013307571;
24,75;24,75;1;1;2;1;0;0;-18782,6813845142;-3,04091483354568;
24,8;24,8;1;1;2;1;0;0;-18782,6813845142;-3,04091483354568;
24,85;24,85;1;1;2;1;0;0;-18782,6813845142;-3,04067045450211;
24,9;24,9;1;1;2;1;0;0;-18782,6813845142;-3,04068893194199;
24,95;24,95;1;1;2;1;0;0;-18782,6813845142;-3,0404657125473;
25;25;1;1;2;1;0;0;-18782,6813845142;-3,04045617580414;
25,05;25,05;1;1;2;1;0;0;-18782,6813845142;-3,04045617580414;
25,1;25,1;1;1;2;1;0;0;-18782,6813845142;-3,04045617580414;
25,15;25,15;1;1;2;1;0;0;-18782,6813845142;-3,04045617580414;
25,2;25,2;1;1;2;1;0;0;-18782,6813845142;-3,04045617580414;
25,25;25,25;1;1;2;1;0;0;-18782,6813845142;-3,04045617580414;
25,3;25,3;1;1;2;1;0;0;-18782,6813845142;-3,04026752710342;
25,35;25,35;1;1;2;1;0;0;-18782,6813845142;-3,04005086421967;
25,4;25,4;1;1;2;1;0;0;-18782,6813845142;-3,04000020027161;
25,45;25,45;1;1;2;1;0;0;-18782,6813845142;-3,04004520177841;
25,5;25,5;1;1;2;1;0;0;-18782,6813845142;-3,04008990526199;
25,55;25,55;1;1;2;1;0;0;-18782,6813845142;-3,03981721401215;
25,6;25,6;1;1;2;1;0;0;-18782,6813845142;-3,03981721401215;
25,65;25,65;1;1;2;1;0;0;-18782,6813845142;-3,03981721401215;
25,7;25,7;1;1;2;1;0;0;-18782,6813845142;-3,03970605134964;
25,75;25,75;1;1;2;1;0;0;-18782,6813845142;-3,03948283195496;
25,8;25,8;1;1;2;1;0;0;-18782,6813845142;-3,03946286439896;
25,85;25,85;1;1;2;1;0;0;-18782,6813845142;-3,03938776254654;
25,9;25,9;1;1;2;1;0;0;-18782,6813845142;-3,03922176361084;
25,95;25,95;1;1;2;1;0;0;-18782,6813845142;-3,03922176361084;
26;26;1;1;2;1;0;0;-18782,6813845142;-3,03922176361084;
26,05;26,05;1;1;2;1;0;0;-18782,6813845142;-3,03890407085419;
26,1;26,1;1;1;2;1;0;0;-18782,6813845142;-3,03897351026535;
26,15;26,15;1;1;2;1;0;0;-18782,6813845142;-3,0387681722641;
26,2;26,2;1;1;2;1;0;0;-18782,6813845142;-3,03876429796219;
26,25;26,25;1;1;2;1;0;0;-18782,6813845142;-3,03876429796219;
26,3;26,3;1;1;2;1;0;0;-18782,6813845142;-3,03842425346375;
26,35;26,35;1;1;2;1;0;0;-18782,6813845142;-3,03860008716583;
26,4;26,4;1;1;2;1;0;0;-18782,6813845142;-3,03852558135986;
26,45;26,45;1;1;2;1;0;0;-18782,6813845142;-3,03845137357712;
26,5;26,5;1;1;2;1;0;0;-18782,6813845142;-3,03849160671234;
26,55;26,55;1;1;2;1;0;0;-18782,6813845142;-3,03864061832428;
26,6;26,6;1;1;2;1;0;0;-18782,6813845142;-3,03840398788452;
26,65;26,65;1;1;2;1;0;0;-18782,6813845142;-3,03843080997467;
26,7;26,7;1;1;2;1;0;0;-18782,6813845142;-3,03844958543777;
26,75;26,75;1;1;2;1;0;0;-18782,6813845142;-3,03825974464417;
26,8;26,8;1;1;2;1;0;0;-18782,6813845142;-3,03828805685043;
26,85;26,85;1;1;2;1;0;0;-18782,6813845142;-3,03816378116608;
26,9;26,9;1;1;2;1;0;0;-18782,6813845142;-3,03816378116608;
26,95;26,95;1;1;2;1;0;0;-18782,6813845142;-3,03806513547897;
27;27;1;1;2;1;0;0;-18782,6813845142;-3,03803652524948;
27,05;27,05;1;1;2;1;0;0;-18782,6813845142;-3,03781241178513;
27,1;27,1;1;1;2;1;0;0;-18782,6813845142;-3,03793877363205;
27,15;27,15;1;1;2;1;0;0;-18782,6813845142;-3,03772747516632;
27,2;27,2;1;1;2;1;0;0;-18782,6813845142;-3,03793787956238;
27,25;27,25;1;1;2;1;0;0;-18782,6813845142;-3,03771883249283;
27,3;27,3;1;1;2;1;0;0;-18782,6813845142;-3,03769141435623;
27,35;27,35;1;1;2;1;0;0;-18782,6813845142;-3,03750902414322;
27,4;27,4;1;1;2;1;0;0;-18782,6813845142;-3,03743451833725;
27,45;27,45;1;1;2;1;0;0;-18782,6813845142;-3,0374276638031;
27,5;27,5;1;1;2;1;0;0;-18782,6813845142;-3,03735762834549;
27,55;27,55;1;1;2;1;0;0;-18782,6813845142;-3,0371829867363;
27,6;27,6;1;1;2;1;0;0;-18782,6813845142;-3,03724378347397;
27,65;27,65;1;1;2;1;0;0;-18782,6813845142;-3,03716957569122;
27,7;27,7;1;1;2;1;0;0;-18782,6813845142;-3,03709506988525;
27,75;27,75;1;1;2;1;0;0;-18782,6813845142;-3,03702056407928;
27,8;27,8;1;1;2;1;0;0;-18782,6813845142;-3,03694635629654;
27,85;27,85;1;1;2;1;0;0;-18782,6813845142;-3,03687185049057;
27,9;27,9;1;1;2;1;0;0;-18782,6813845142;-3,03679764270782;
27,95;27,95;1;1;2;1;0;0;-18782,6813845142;-3,03672313690186;
28;28;1;1;2;1;0;0;-18782,6813845142;-3,03664863109589;
28,05;28,05;1;1;2;1;0;0;-18782,6813845142;-3,03657442331314;
28,1;28,1;1;1;2;1;0;0;-18782,6813845142;-3,03649991750717;
28,15;28,15;1;1;2;1;0;0;-18782,6813845142;-3,03642570972443;
28,2;28,2;1;1;2;1;0;0;-18782,6813845142;-3,03635120391846;
28,25;28,25;1;1;2;1;0;0;-18782,6813845142;-3,03627669811249;
28,3;28,3;1;1;2;1;0;0;-18782,6813845142;-3,03620904684067;
28,35;28,35;1;1;2;1;0;0;-18782,6813845142;-3,03620904684067;
28,4;28,4;1;1;2;1;0;0;-18782,6813845142;-3,0363056063652;
28,45;28,45;1;1;2;1;0;0;-18782,6813845142;-3,03652882575989;
28,5;28,5;1;1;2;1;0;0;-18782,6813845142;-3,03623974323273;
28,55;28,55;1;1;2;1;0;0;-18782,6813845142;-3,03640782833099;
28,6;28,6;1;1;2;1;0;0;-18782,6813845142;-3,03619831800461;
28,65;28,65;1;1;2;1;0;0;-18782,6813845142;-3,0363205075264;
28,7;28,7;1;1;2;1;0;0;-18782,6813845142;-3,03607821464539;
28,75;28,75;1;1;2;1;0;0;-18782,6813845142;-3,03622633218765;
28,8;28,8;1;1;2;1;0;0;-18782,6813845142;-3,03601264953613;
28,85;28,85;1;1;2;1;0;0;-18782,6813845142;-3,03588062524796;
28,9;28,9;1;1;2;1;0;0;-18782,6813845142;-3,03588062524796;
28,95;28,95;1;1;2;1;0;0;-18782,6813845142;-3,03588062524796;
29;29;1;1;2;1;0;0;-18782,6813845142;-3,03561687469482;
29,05;29,05;1;1;2;1;0;0;-18782,6813845142;-3,0356377363205;
29,1;29,1;1;1;2;1;0;0;-18782,6813845142;-3,03564608097076;
29,15;29,15;1;1;2;1;0;0;-18782,6813845142;-3,03549289703369;
29,2;29,2;1;1;2;1;0;0;-18782,6813845142;-3,03549289703369;
29,25;29,25;1;1;2;1;0;0;-18782,6813845142;-3,03529411554337;
29,3;29,3;1;1;2;1;0;0;-18782,6813845142;-3,03540110588074;
29,35;29,35;1;1;2;1;0;0;-18782,6813845142;-3,03515017032623;
29,4;29,4;1;1;2;1;0;0;-18782,6813845142;-3,03529679775238;
29,45;29,45;1;1;2;1;0;0;-18782,6813845142;-3,03517729043961;
29,5;29,5;1;1;2;1;0;0;-18782,6813845142;-3,03495407104492;
29,55;29,55;1;1;2;1;0;0;-18782,6813845142;-3,0349412560463;
29,6;29,6;1;1;2;1;0;0;-18782,6813845142;-3,03495913743973;
29,65;29,65;1;1;2;1;0;0;-18782,6813845142;-3,03468585014343;
29,7;29,7;1;1;2;1;0;0;-18782,6813845142;-3,03467214107513;
29,75;29,75;1;1;2;1;0;0;-18782,6813845142;-3,0347466468811;
29,8;29,8;1;1;2;1;0;0;-18782,6813845142;-3,03455531597137;
29,85;29,85;1;1;2;1;0;0;-18782,6813845142;-3,03458273410797;
29,9;29,9;1;1;2;1;0;0;-18782,6813845142;-3,03441435098648;
29,95;29,95;1;1;2;1;0;0;-18782,6813845142;-3,03436368703842;
30;30;1;1;2;1;0;0;-18782,6813845142;-3,03441077470779;
30,05;30,05;1;1;2;1;0;0;-18782,6813845142;-3,03419649600983;
30,1;30,1;1;1;2;1;0;0;-18782,6813845142;-3,03417652845383;
30,15;30,15;1;1;2;1;0;0;-18782,6813845142;-3,03409963846207;
30,2;30,2;1;1;2;1;0;0;-18782,6813845142;-3,03409963846207;
30,25;30,25;1;1;2;1;0;0;-18782,6813845142;-3,03406536579132;
30,3;30,3;1;1;2;1;0;0;-18782,6813845142;-3,03396910429001;
30,35;30,35;1;1;2;1;0;0;-18782,6813845142;-3,03401976823807;
30,4;30,4;1;1;2;1;0;0;-18782,6813845142;-3,03370594978333;
30,45;30,45;1;1;2;1;0;0;-18782,6813845142;-3,03372472524643;
30,5;30,5;1;1;2;1;0;0;-18782,6813845142;-3,0337980389595;
30,55;30,55;1;1;2;1;0;0;-18782,6813845142;-3,0335009098053;
30,6;30,6;1;1;2;1;0;0;-18782,6813845142;-3,03346574306488;
30,65;30,65;1;1;2;1;0;0;-18782,6813845142;-3,03346574306488;
30,7;30,7;1;1;2;1;0;0;-18782,6813845142;-3,03346574306488;
30,75;30,75;1;1;2;1;0;0;-18782,6813845142;-3,03325325250626;
30,8;30,8;1;1;2;1;0;0;-18782,6813845142;-3,03333818912506;
30,85;30,85;1;1;2;1;0;0;-18782,6813845142;-3,03306639194489;
30,9;30,9;1;1;2;1;0;0;-18782,6813845142;-3,03306639194489;
30,95;30,95;1;1;2;1;0;0;-18782,6813845142;-3,03306639194489;
31;31;1;1;2;1;0;0;-18782,6813845142;-3,03306639194489;
31,05;31,05;1;1;2;1;0;0;-18782,6813845142;-3,03306639194489;
31,1;31,1;1;1;2;1;0;0;-18782,6813845142;-3,0329641699791;
31,15;31,15;1;1;2;1;0;0;-18782,6813845142;-3,03276538848877;
31,2;31,2;1;1;2;1;0;0;-18782,6813845142;-3,03269118070602;
31,25;31,25;1;1;2;1;0;0;-18782,6813845142;-3,03284108638763;
31,3;31,3;1;1;2;1;0;0;-18782,6813845142;-3,0326983332634;
31,35;31,35;1;1;2;1;0;0;-18782,6813845142;-3,03256660699844;
31,4;31,4;1;1;2;1;0;0;-18782,6813845142;-3,03246527910233;
31,45;31,45;1;1;2;1;0;0;-18782,6813845142;-3,03251564502716;
31,5;31,5;1;1;2;1;0;0;-18782,6813845142;-3,03254067897797;
31,55;31,55;1;1;2;1;0;0;-18782,6813845142;-3,03229779005051;
31,6;31,6;1;1;2;1;0;0;-18782,6813845142;-3,03243637084961;
31,65;31,65;1;1;2;1;0;0;-18782,6813845142;-3,03229063749313;
31,7;31,7;1;1;2;1;0;0;-18782,6813845142;-3,03214192390442;
31,75;31,75;1;1;2;1;0;0;-18782,6813845142;-3,03220927715302;
31,8;31,8;1;1;2;1;0;0;-18782,6813845142;-3,03204029798508;
31,85;31,85;1;1;2;1;0;0;-18782,6813845142;-3,03210020065308;
31,9;31,9;1;1;2;1;0;0;-18782,6813845142;-3,03211122751236;
31,95;31,95;1;1;2;1;0;0;-18782,6813845142;-3,03196996450424;
32;32;1;1;2;1;0;0;-18782,6813845142;-3,03196251392365;
32,05;32,05;1;1;2;1;0;0;-18782,6813845142;-3,03210109472275;
32,1;32,1;1;1;2;1;0;0;-18782,6813845142;-3,03187787532806;
32,15;32,15;1;1;2;1;0;0;-18782,6813845142;-3,03188472986221;
32,2;32,2;1;1;2;1;0;0;-18782,6813845142;-3,03195923566818;
32,25;32,25;1;1;2;1;0;0;-18782,6813845142;-3,03183108568192;
32,3;32,3;1;1;2;1;0;0;-18782,6813845142;-3,03190886974335;
32,35;32,35;1;1;2;1;0;0;-18782,6813845142;-3,03190886974335;
32,4;32,4;1;1;2;1;0;0;-18782,6813845142;-3,03176015615463;
32,45;32,45;1;1;2;1;0;0;-18782,6813845142;-3,03174048662186;
32,5;32,5;1;1;2;1;0;0;-18782,6813845142;-3,03185313940048;
32,55;32,55;1;1;2;1;0;0;-18782,6813845142;-3,03177893161774;
32,6;32,6;1;1;2;1;0;0;-18782,6813845142;-3,03170442581177;
32,65;32,65;1;1;2;1;0;0;-18782,6813845142;-3,0316299200058;
32,7;32,7;1;1;2;1;0;0;-18782,6813845142;-3,03155571222305;
32,75;32,75;1;1;2;1;0;0;-18782,6813845142;-3,03152829408646;
32,8;32,8;1;1;2;1;0;0;-18782,6813845142;-3,03160279989243;
32,85;32,85;1;1;2;1;0;0;-18782,6813845142;-3,03161352872849;
32,9;32,9;1;1;2;1;0;0;-18782,6813845142;-3,03139060735703;
32,95;32,95;1;1;2;1;0;0;-18782,6813845142;-3,03151875734329;
33;33;1;1;2;1;0;0;-18782,6813845142;-3,03133636713028;
33,05;33,05;1;1;2;1;0;0;-18782,6813845142;-3,03133577108383;
33,1;33,1;1;1;2;1;0;0;-18782,6813845142;-3,03137421607971;
33,15;33,15;1;1;2;1;0;0;-18782,6813845142;-3,03129971027374;
33,2;33,2;1;1;2;1;0;0;-18782,6813845142;-3,031225502491;
33,25;33,25;1;1;2;1;0;0;-18782,6813845142;-3,03115099668503;
33,3;33,3;1;1;2;1;0;0;-18782,6813845142;-3,03107649087906;
33,35;33,35;1;1;2;1;0;0;-18782,6813845142;-3,03100228309631;
33,4;33,4;1;1;2;1;0;0;-18782,6813845142;-3,03092777729034;
33,45;33,45;1;1;2;1;0;0;-18782,6813845142;-3,03101032972336;
33,5;33,5;1;1;2;1;0;0;-18782,6813845142;-3,03099244832993;
33,55;33,55;1;1;2;1;0;0;-18782,6813845142;-3,03108096122742;
33,6;33,6;1;1;2;1;0;0;-18782,6813845142;-3,03106874227524;
33,65;33,65;1;1;2;1;0;0;-18782,6813845142;-3,03092002868652;
33,7;33,7;1;1;2;1;0;0;-18782,6813845142;-3,0308273434639;
33,75;33,75;1;1;2;1;0;0;-18782,6813845142;-3,03099483251572;
33,8;33,8;1;1;2;1;0;0;-18782,6813845142;-3,03065121173859;
33,85;33,85;1;1;2;1;0;0;-18782,6813845142;-3,0307999253273;
33,9;33,9;1;1;2;1;0;0;-18782,6813845142;-3,03074896335602;
33,95;33,95;1;1;2;1;0;0;-18782,6813845142;-3,0305290222168;
34;34;1;1;2;1;0;0;-18782,6813845142;-3,03073048591614;
34,05;34,05;1;1;2;1;0;0;-18782,6813845142;-3,03039491176605;
34,1;34,1;1;1;2;1;0;0;-18782,6813845142;-3,03039491176605;
34,15;34,15;1;1;2;1;0;0;-18782,6813845142;-3,03039491176605;
34,2;34,2;1;1;2;1;0;0;-18782,6813845142;-3,03038984537125;
34,25;34,25;1;1;2;1;0;0;-18782,6813845142;-3,03031533956528;
34,3;34,3;1;1;2;1;0;0;-18782,6813845142;-3,03024113178253;
34,35;34,35;1;1;2;1;0;0;-18782,6813845142;-3,03016662597656;
34,4;34,4;1;1;2;1;0;0;-18782,6813845142;-3,03009241819382;
34,45;34,45;1;1;2;1;0;0;-18782,6813845142;-3,03001791238785;
34,5;34,5;1;1;2;1;0;0;-18782,6813845142;-3,02998900413513;
34,55;34,55;1;1;2;1;0;0;-18782,6813845142;-3,02998900413513;
34,6;34,6;1;1;2;1;0;0;-18782,6813845142;-3,02991360425949;
34,65;34,65;1;1;2;1;0;0;-18782,6813845142;-3,02976459264755;
34,7;34,7;1;1;2;1;0;0;-18782,6813845142;-3,02969485521317;
34,75;34,75;1;1;2;1;0;0;-18782,6813845142;-3,02985846996307;
34,8;34,8;1;1;2;1;0;0;-18782,6813845142;-3,02962332963943;
34,85;34,85;1;1;2;1;0;0;-18782,6813845142;-3,02954912185669;
34,9;34,9;1;1;2;1;0;0;-18782,6813845142;-3,02947461605072;
34,95;34,95;1;1;2;1;0;0;-18782,6813845142;-3,02957713603973;
35;35;1;1;2;1;0;0;-18782,6813845142;-3,02942305803299;
35,05;35,05;1;1;2;1;0;0;-18782,6813845142;-3,02957266569138;
35,1;35,1;1;1;2;1;0;0;-18782,6813845142;-3,02931547164917;
35,15;35,15;1;1;2;1;0;0;-18782,6813845142;-3,0293333530426;
35,2;35,2;1;1;2;1;0;0;-18782,6813845142;-3,02909404039383;
35,25;35,25;1;1;2;1;0;0;-18782,6813845142;-3,0293083190918;
35,3;35,3;1;1;2;1;0;0;-18782,6813845142;-3,02904486656189;
35,35;35,35;1;1;2;1;0;0;-18782,6813845142;-3,02923202514648;
35,4;35,4;1;1;2;1;0;0;-18782,6813845142;-3,02913844585419;
35,45;35,45;1;1;2;1;0;0;-18782,6813845142;-3,02898973226547;
35,5;35,5;1;1;2;1;0;0;-18782,6813845142;-3,02884072065353;
35,55;35,55;1;1;2;1;0;0;-18782,6813845142;-3,02876353263855;
35,6;35,6;1;1;2;1;0;0;-18782,6813845142;-3,02876353263855;
35,65;35,65;1;1;2;1;0;0;-18782,6813845142;-3,02876353263855;
35,7;35,7;1;1;2;1;0;0;-18782,6813845142;-3,02876353263855;
35,75;35,75;1;1;2;1;0;0;-18782,6813845142;-3,02876353263855;
35,8;35,8;1;1;2;1;0;0;-18782,6813845142;-3,02860289812088;
35,85;35,85;1;1;2;1;0;0;-18782,6813845142;-3,02851051092148;
35,9;35,9;1;1;2;1;0;0;-18782,6813845142;-3,02858501672745;
35,95;35,95;1;1;2;1;0;0;-18782,6813845142;-3,02853286266327;
36;36;1;1;2;1;0;0;-18782,6813845142;-3,02830964326859;
36,05;36,05;1;1;2;1;0;0;-18782,6813845142;-3,02836716175079;
36,1;36,1;1;1;2;1;0;0;-18782,6813845142;-3,02830874919891;
36,15;36,15;1;1;2;1;0;0;-18782,6813845142;-3,02823275327683;
36,2;36,2;1;1;2;1;0;0;-18782,6813845142;-3,02830696105957;
36,25;36,25;1;1;2;1;0;0;-18782,6813845142;-3,02808254957199;
36,3;36,3;1;1;2;1;0;0;-18782,6813845142;-3,02802532911301;
36,35;36,35;1;1;2;1;0;0;-18782,6813845142;-3,02802532911301;
36,4;36,4;1;1;2;1;0;0;-18782,6813845142;-3,02802532911301;
36,45;36,45;1;1;2;1;0;0;-18782,6813845142;-3,02802532911301;
36,5;36,5;1;1;2;1;0;0;-18782,6813845142;-3,02802532911301;
36,55;36,55;1;1;2;1;0;0;-18782,6813845142;-3,02800536155701;
36,6;36,6;1;1;2;1;0;0;-18782,6813845142;-3,02791744470596;
36,65;36,65;1;1;2;1;0;0;-18782,6813845142;-3,02776873111725;
36,7;36,7;1;1;2;1;0;0;-18782,6813845142;-3,02762061357498;
36,75;36,75;1;1;2;1;0;0;-18782,6813845142;-3,02765816450119;
36,8;36,8;1;1;2;1;0;0;-18782,6813845142;-3,02769660949707;
36,85;36,85;1;1;2;1;0;0;-18782,6813845142;-3,02767544984818;
36,9;36,9;1;1;2;1;0;0;-18782,6813845142;-3,02745223045349;
36,95;36,95;1;1;2;1;0;0;-18782,6813845142;-3,02752137184143;
37;37;1;1;2;1;0;0;-18782,6813845142;-3,02737712860107;
37,05;37,05;1;1;2;1;0;0;-18782,6813845142;-3,02737057209015;
37,1;37,1;1;1;2;1;0;0;-18782,6813845142;-3,0273824930191;
37,15;37,15;1;1;2;1;0;0;-18782,6813845142;-3,02733272314072;
37,2;37,2;1;1;2;1;0;0;-18782,6813845142;-3,02712708711624;
37,25;37,25;1;1;2;1;0;0;-18782,6813845142;-3,02719712257385;
37,3;37,3;1;1;2;1;0;0;-18782,6813845142;-3,02720069885254;
37,35;37,35;1;1;2;1;0;0;-18782,6813845142;-3,02704423666;
37,4;37,4;1;1;2;1;0;0;-18782,6813845142;-3,02710443735123;
37,45;37,45;1;1;2;1;0;0;-18782,6813845142;-3,02690535783768;
37,5;37,5;1;1;2;1;0;0;-18782,6813845142;-3,02686899900436;
37,55;37,55;1;1;2;1;0;0;-18782,6813845142;-3,02687674760818;
37,6;37,6;1;1;2;1;0;0;-18782,6813845142;-3,02695125341415;
37,65;37,65;1;1;2;1;0;0;-18782,6813845142;-3,02682816982269;
37,7;37,7;1;1;2;1;0;0;-18782,6813845142;-3,02662581205368;
37,75;37,75;1;1;2;1;0;0;-18782,6813845142;-3,02670031785965;
37,8;37,8;1;1;2;1;0;0;-18782,6813845142;-3,02677482366562;
37,85;37,85;1;1;2;1;0;0;-18782,6813845142;-3,02659451961517;
37,9;37,9;1;1;2;1;0;0;-18782,6813845142;-3,02659094333649;
37,95;37,95;1;1;2;1;0;0;-18782,6813845142;-3,02651584148407;
38;38;1;1;2;1;0;0;-18782,6813845142;-3,02648276090622;
38,05;38,05;1;1;2;1;0;0;-18782,6813845142;-3,02644431591034;
38,1;38,1;1;1;2;1;0;0;-18782,6813845142;-3,02631020545959;
38,15;38,15;1;1;2;1;0;0;-18782,6813845142;-3,02644491195679;
38,2;38,2;1;1;2;1;0;0;-18782,6813845142;-3,02616000175476;
38,25;38,25;1;1;2;1;0;0;-18782,6813845142;-3,02633136510849;
38,3;38,3;1;1;2;1;0;0;-18782,6813845142;-3,02609741687775;
38,35;38,35;1;1;2;1;0;0;-18782,6813845142;-3,02623122930527;
38,4;38,4;1;1;2;1;0;0;-18782,6813845142;-3,02608251571655;
38,45;38,45;1;1;2;1;0;0;-18782,6813845142;-3,02599459886551;
38,5;38,5;1;1;2;1;0;0;-18782,6813845142;-3,02599459886551;
38,55;38,55;1;1;2;1;0;0;-18782,6813845142;-3,02599459886551;
38,6;38,6;1;1;2;1;0;0;-18782,6813845142;-3,02599459886551;
38,65;38,65;1;1;2;1;0;0;-18782,6813845142;-3,02598923444748;
38,7;38,7;1;1;2;1;0;0;-18782,6813845142;-3,02584052085876;
38,75;38,75;1;1;2;1;0;0;-18782,6813845142;-3,0257323384285;
38,8;38,8;1;1;2;1;0;0;-18782,6813845142;-3,02592694759369;
38,85;38,85;1;1;2;1;0;0;-18782,6813845142;-3,0256575345993;
38,9;38,9;1;1;2;1;0;0;-18782,6813845142;-3,02566081285477;
38,95;38,95;1;1;2;1;0;0;-18782,6813845142;-3,02573025226593;
39;39;1;1;2;1;0;0;-18782,6813845142;-3,02567213773727;
39,05;39,05;1;1;2;1;0;0;-18782,6813845142;-3,02559792995453;
39,1;39,1;1;1;2;1;0;0;-18782,6813845142;-3,02552342414856;
39,15;39,15;1;1;2;1;0;0;-18782,6813845142;-3,02544921636581;
39,2;39,2;1;1;2;1;0;0;-18782,6813845142;-3,02537471055985;
39,25;39,25;1;1;2;1;0;0;-18782,6813845142;-3,02530020475388;
39,3;39,3;1;1;2;1;0;0;-18782,6813845142;-3,02538990974426;
39,35;39,35;1;1;2;1;0;0;-18782,6813845142;-3,02533000707626;
39,4;39,4;1;1;2;1;0;0;-18782,6813845142;-3,02518546581268;
39,45;39,45;1;1;2;1;0;0;-18782,6813845142;-3,02532166242599;
39,5;39,5;1;1;2;1;0;0;-18782,6813845142;-3,02515774965286;
39,55;39,55;1;1;2;1;0;0;-18782,6813845142;-3,02523225545883;
39,6;39,6;1;1;2;1;0;0;-18782,6813845142;-3,02501291036606;
39,65;39,65;1;1;2;1;0;0;-18782,6813845142;-3,02507549524307;
39,7;39,7;1;1;2;1;0;0;-18782,6813845142;-3,02486181259155;
39,75;39,75;1;1;2;1;0;0;-18782,6813845142;-3,02500158548355;
39,8;39,8;1;1;2;1;0;0;-18782,6813845142;-3,02494138479233;
39,85;39,85;1;1;2;1;0;0;-18782,6813845142;-3,02479267120361;
39,9;39,9;1;1;2;1;0;0;-18782,6813845142;-3,02491188049316;
39,95;39,95;1;1;2;1;0;0;-18782,6813845142;-3,02482336759567;
40;40;1;1;2;1;0;0;-18782,6813845142;-3,02469938993454;
40,05;40,05;1;1;2;1;0;0;-18782,6813845142;-3,02477031946182;
40,1;40,1;1;1;2;1;0;0;-18782,6813845142;-3,02457928657532;
40,15;40,15;1;1;2;1;0;0;-18782,6813845142;-3,02469909191132;
40,2;40,2;1;1;2;1;0;0;-18782,6813845142;-3,02450656890869;
40,25;40,25;1;1;2;1;0;0;-18782,6813845142;-3,02454084157944;
40,3;40,3;1;1;2;1;0;0;-18782,6813845142;-3,02451252937317;
40,35;40,35;1;1;2;1;0;0;-18782,6813845142;-3,0244380235672;
40,4;40,4;1;1;2;1;0;0;-18782,6813845142;-3,02436381578445;
40,45;40,45;1;1;2;1;0;0;-18782,6813845142;-3,02435845136642;
40,5;40,5;1;1;2;1;0;0;-18782,6813845142;-3,02434593439102;
40,55;40,55;1;1;2;1;0;0;-18782,6813845142;-3,02423000335693;
40,6;40,6;1;1;2;1;0;0;-18782,6813845142;-3,02423000335693;
40,65;40,65;1;1;2;1;0;0;-18782,6813845142;-3,02423000335693;
40,7;40,7;1;1;2;1;0;0;-18782,6813845142;-3,02423000335693;
40,75;40,75;1;1;2;1;0;0;-18782,6813845142;-3,02423000335693;
40,8;40,8;1;1;2;1;0;0;-18782,6813845142;-3,02419871091843;
40,85;40,85;1;1;2;1;0;0;-18782,6813845142;-3,02412450313568;
40,9;40,9;1;1;2;1;0;0;-18782,6813845142;-3,02404999732971;
40,95;40,95;1;1;2;1;0;0;-18782,6813845142;-3,02397578954697;
41;41;1;1;2;1;0;0;-18782,6813845142;-3,023901283741;
41,05;41,05;1;1;2;1;0;0;-18782,6813845142;-3,02382677793503;
41,1;41,1;1;1;2;1;0;0;-18782,6813845142;-3,02375257015228;
41,15;41,15;1;1;2;1;0;0;-18782,6813845142;-3,02367806434631;
41,2;41,2;1;1;2;1;0;0;-18782,6813845142;-3,02383542060852;
41,25;41,25;1;1;2;1;0;0;-18782,6813845142;-3,02370756864548;
41,3;41,3;1;1;2;1;0;0;-18782,6813845142;-3,02383899688721;
41,35;41,35;1;1;2;1;0;0;-18782,6813845142;-3,02356004714966;
41,4;41,4;1;1;2;1;0;0;-18782,6813845142;-3,02356004714966;
41,45;41,45;1;1;2;1;0;0;-18782,6813845142;-3,02356004714966;
41,5;41,5;1;1;2;1;0;0;-18782,6813845142;-3,02356004714966;
41,55;41,55;1;1;2;1;0;0;-18782,6813845142;-3,02356004714966;
41,6;41,6;1;1;2;1;0;0;-18782,6813845142;-3,02331537008286;
41,65;41,65;1;1;2;1;0;0;-18782,6813845142;-3,02343517541885;
41,7;41,7;1;1;2;1;0;0;-18782,6813845142;-3,02337229251862;
41,75;41,75;1;1;2;1;0;0;-18782,6813845142;-3,02324414253235;
41,8;41,8;1;1;2;1;0;0;-18782,6813845142;-3,02322328090668;
41,85;41,85;1;1;2;1;0;0;-18782,6813845142;-3,02334725856781;
41,9;41,9;1;1;2;1;0;0;-18782,6813845142;-3,02331000566483;
41,95;41,95;1;1;2;1;0;0;-18782,6813845142;-3,02307844161987;
42;42;1;1;2;1;0;0;-18782,6813845142;-3,02315294742584;
42,05;42,05;1;1;2;1;0;0;-18782,6813845142;-3,02309989929199;
42,1;42,1;1;1;2;1;0;0;-18782,6813845142;-3,02295118570328;
42,15;42,15;1;1;2;1;0;0;-18782,6813845142;-3,02296936511993;
42,2;42,2;1;1;2;1;0;0;-18782,6813845142;-3,0230438709259;
42,25;42,25;1;1;2;1;0;0;-18782,6813845142;-3,02299022674561;
42,3;42,3;1;1;2;1;0;0;-18782,6813845142;-3,02291572093964;
42,35;42,35;1;1;2;1;0;0;-18782,6813845142;-3,02284151315689;
42,4;42,4;1;1;2;1;0;0;-18782,6813845142;-3,02276700735092;
42,45;42,45;1;1;2;1;0;0;-18782,6813845142;-3,02270978689194;
42,5;42,5;1;1;2;1;0;0;-18782,6813845142;-3,02278399467468;
42,55;42,55;1;1;2;1;0;0;-18782,6813845142;-3,02284777164459;
42,6;42,6;1;1;2;1;0;0;-18782,6813845142;-3,02282184362412;
42,65;42,65;1;1;2;1;0;0;-18782,6813845142;-3,02267342805862;
42,7;42,7;1;1;2;1;0;0;-18782,6813845142;-3,02255719900131;
42,75;42,75;1;1;2;1;0;0;-18782,6813845142;-3,02260398864746;
42,8;42,8;1;1;2;1;0;0;-18782,6813845142;-3,02269577980042;
42,85;42,85;1;1;2;1;0;0;-18782,6813845142;-3,0224347114563;
42,9;42,9;1;1;2;1;0;0;-18782,6813845142;-3,02261918783188;
42,95;42,95;1;1;2;1;0;0;-18782,6813845142;-3,02246153354645;
43;43;1;1;2;1;0;0;-18782,6813845142;-3,02239805459976;
43,05;43,05;1;1;2;1;0;0;-18782,6813845142;-3,02247256040573;
43,1;43,1;1;1;2;1;0;0;-18782,6813845142;-3,02230775356293;
43,15;43,15;1;1;2;1;0;0;-18782,6813845142;-3,02227348089218;
43,2;43,2;1;1;2;1;0;0;-18782,6813845142;-3,02224040031433;
43,25;43,25;1;1;2;1;0;0;-18782,6813845142;-3,02230656147003;
43,3;43,3;1;1;2;1;0;0;-18782,6813845142;-3,02215754985809;
43,35;43,35;1;1;2;1;0;0;-18782,6813845142;-3,02212446928024;
43,4;43,4;1;1;2;1;0;0;-18782,6813845142;-3,02215307950974;
43,45;43,45;1;1;2;1;0;0;-18782,6813845142;-3,02194714546204;
43,5;43,5;1;1;2;1;0;0;-18782,6813845142;-3,02214026451111;
43,55;43,55;1;1;2;1;0;0;-18782,6813845142;-3,02200525999069;
43,6;43,6;1;1;2;1;0;0;-18782,6813845142;-3,0218967795372;
43,65;43,65;1;1;2;1;0;0;-18782,6813845142;-3,02202522754669;
43,7;43,7;1;1;2;1;0;0;-18782,6813845142;-3,02184462547302;
43,75;43,75;1;1;2;1;0;0;-18782,6813845142;-3,02194207906723;
43,8;43,8;1;1;2;1;0;0;-18782,6813845142;-3,02170157432556;
43,85;43,85;1;1;2;1;0;0;-18782,6813845142;-3,02190452814102;
43,9;43,9;1;1;2;1;0;0;-18782,6813845142;-3,02175581455231;
43,95;43,95;1;1;2;1;0;0;-18782,6813845142;-3,02165418863297;
44;44;1;1;2;1;0;0;-18782,6813845142;-3,02181363105774;
44,05;44,05;1;1;2;1;0;0;-18782,6813845142;-3,0215722322464;
44,1;44,1;1;1;2;1;0;0;-18782,6813845142;-3,02164822816849;
44,15;44,15;1;1;2;1;0;0;-18782,6813845142;-3,02143573760986;
44,2;44,2;1;1;2;1;0;0;-18782,6813845142;-3,02142202854156;
44,25;44,25;1;1;2;1;0;0;-18782,6813845142;-3,02142202854156;
44,3;44,3;1;1;2;1;0;0;-18782,6813845142;-3,02142202854156;
44,35;44,35;1;1;2;1;0;0;-18782,6813845142;-3,02142202854156;
44,4;44,4;1;1;2;1;0;0;-18782,6813845142;-3,02142202854156;
44,45;44,45;1;1;2;1;0;0;-18782,6813845142;-3,02142202854156;
44,5;44,5;1;1;2;1;0;0;-18782,6813845142;-3,02142202854156;
44,55;44,55;1;1;2;1;0;0;-18782,6813845142;-3,02133470773697;
44,6;44,6;1;1;2;1;0;0;-18782,6813845142;-3,02114933729172;
44,65;44,65;1;1;2;1;0;0;-18782,6813845142;-3,02129805088043;
44,7;44,7;1;1;2;1;0;0;-18782,6813845142;-3,02125692367554;
44,75;44,75;1;1;2;1;0;0;-18782,6813845142;-3,02118271589279;
44,8;44,8;1;1;2;1;0;0;-18782,6813845142;-3,02110821008682;
44,85;44,85;1;1;2;1;0;0;-18782,6813845142;-3,02103370428085;
44,9;44,9;1;1;2;1;0;0;-18782,6813845142;-3,02095949649811;
44,95;44,95;1;1;2;1;0;0;-18782,6813845142;-3,02092164754868;
45;45;1;1;2;1;0;0;-18782,6813845142;-3,02107006311417;
45,05;45,05;1;1;2;1;0;0;-18782,6813845142;-3,02085041999817;
45,1;45,1;1;1;2;1;0;0;-18782,6813845142;-3,02084475755692;
45,15;45,15;1;1;2;1;0;0;-18782,6813845142;-3,02091896533966;
45,2;45,2;1;1;2;1;0;0;-18782,6813845142;-3,0207571387291;
45,25;45,25;1;1;2;1;0;0;-18782,6813845142;-3,02081495523453;
45,3;45,3;1;1;2;1;0;0;-18782,6813845142;-3,02080512046814;
45,35;45,35;1;1;2;1;0;0;-18782,6813845142;-3,02058190107346;
45,4;45,4;1;1;2;1;0;0;-18782,6813845142;-3,02081346511841;
45,45;45,45;1;1;2;1;0;0;-18782,6813845142;-3,02055150270462;
45,5;45,5;1;1;2;1;0;0;-18782,6813845142;-3,02064567804337;
45,55;45,55;1;1;3;1;0;0;-18782,6813845142;-3,02065372467041;
45,55;45,55;1;1;3;1;0;0;-18782,6813845142;-3,02065372467041;
45,6;45,6;1;1;3;1;0;0;-18782,6813845142;-3,02044838666916;
45,65;45,65;1;1;3;1;0;0;-18782,6813845142;-3,020259141922;
45,7;45,7;1;1;3;1;0;0;-18782,6813845142;-3,01990151405334;
45,75;45,75;1;1;3;1;0;0;-18782,6813845142;-3,01938056945801;
45,8;45,8;1;1;3;1;0;0;-18782,6813845142;-3,01880359649658;
45,85;45,85;1;1;3;1;0;0;-18782,6813845142;-3,01790177822113;
45,9;45,9;1;1;3;1;0;0;-18782,6813845142;-3,01611244678497;
45,95;45,95;1;1;3;1;0;0;-18782,6813845142;-3,01163017749786;
46;46;1;1;3;1;0;0;-18773,2078224947;-2,94544190168381;
46,05;46,05;1;1;3;1;0;0;-18764,0489729922;-2,90956169366837;
46,1;46,1;1;1;3;1;0;0;-18761,2862977713;-2,89073586463928;
46,15;46,15;1;1;3;1;0;0;-18758,9044962217;-2,86192744970322;
46,2;46,2;1;1;3;1;0;0;-18754,0640031324;-2,83823877573013;
46,25;46,25;1;1;3;1;0;0;-18749,1537726104;-2,81701594591141;
46,3;46,3;1;1;3;1;0;0;-18745,2127135898;-2,79655367136002;
46,35;46,35;1;1;3;1;0;0;-18742,7897848362;-2,78561681509018;
46,4;46,4;1;1;3;1;0;0;-18741,1017813355;-2,77161568403244;
46,45;46,45;1;1;3;1;0;0;-18739,764253138;-2,75777369737625;
46,5;46,5;1;1;3;1;0;0;-18737,160722315;-2,73354738950729;
46,55;46,55;1;1;3;1;0;0;-18733,1445614437;-2,71535694599152;
46,6;46,6;1;1;3;1;0;0;-18729,1266124331;-2,69725620746613;
46,65;46,65;1;1;3;1;0;0;-18725,1104515619;-2,68082469701767;
46,7;46,7;1;1;3;1;0;0;-18722,270886351;-2,66426503658295;
46,75;46,75;1;1;3;1;0;0;-18720,0214071097;-2,65001982450485;
46,8;46,8;1;1;3;1;0;0;-18717,7898092614;-2,6348003745079;
46,85;46,85;1;1;3;1;0;0;-18715,5582114131;-2,62547045946121;
46,9;46,9;1;1;3;1;0;0;-18713,8272925692;-2,61215537786484;
46,95;46,95;1;1;3;1;0;0;-18712,4879762323;-2,59955316781998;
47;47;1;1;3;1;0;0;-18709,9649116779;-2,57837951183319;
47,05;47,05;1;1;3;1;0;0;-18705,9487508066;-2,56058692932129;
47,1;47,1;1;1;3;1;0;0;-18701,9325899353;-2,54354536533356;
47,15;47,15;1;1;3;1;0;0;-18698,4117436506;-2,52800434827805;
47,2;47,2;1;1;3;1;0;0;-18695,8690095638;-2,51273334026337;
47,25;47,25;1;1;3;1;0;0;-18693,7965561133;-2,50248551368713;
47,3;47,3;1;1;3;1;0;0;-18692,9042746019;-2,49331071972847;
47,35;47,35;1;1;3;1;0;0;-18692,0102049511;-2,48069778084755;
47,4;47,4;1;1;3;1;0;0;-18689,2600467053;-2,45838195085526;
47,45;47,45;1;1;3;1;0;0;-18685,2438858341;-2,44091883301735;
47,5;47,5;1;1;3;1;0;0;-18681,2259368235;-2,42426291108131;
47,55;47,55;1;1;3;1;0;0;-18678,2290153542;-2,40870535373688;
47,6;47,6;1;1;3;1;0;0;-18676,2388163115;-2,39272981882095;
47,65;47,65;1;1;3;1;0;0;-18674,4524651493;-2,377048432827;
47,7;47,7;1;1;3;1;0;0;-18672,3102742661;-2,36221134662628;
47,75;47,75;1;1;3;1;0;0;-18669,1863949063;-2,34705954790115;
47,8;47,8;1;1;3;1;0;0;-18666,0625155465;-2,33657985925674;
47,85;47,85;1;1;3;1;0;0;-18663,7343581759;-2,32958436012268;
47,9;47,9;1;1;3;1;0;0;-18662,8420766644;-2,31435105204582;
47,95;47,95;1;1;3;1;0;0;-18660,5228599903;-2,29374617338181;
48;48;1;1;3;1;0;0;-18656,5049109798;-2,27636486291885;
48,05;48,05;1;1;3;1;0;0;-18652,4887501085;-2,26005852222443;
48,1;48,1;1;1;3;1;0;0;-18649,2289721618;-2,24447175860405;
48,15;48,15;1;1;3;1;0;0;-18646,7827975973;-2,23032116889954;
48,2;48,2;1;1;3;1;0;0;-18644,551199749;-2,21379771828651;
48,25;48,25;1;1;3;1;0;0;-18642,3196019007;-2,19899713993073;
48,3;48,3;1;1;3;1;0;0;-18640,0880040523;-2,18489825725555;
48,35;48,35;1;1;3;1;0;0;-18637,856406204;-2,17514917254448;
48,4;48,4;1;1;3;1;0;0;-18635,6784525347;-2,16941744089127;
48,45;48,45;1;1;3;1;0;0;-18634,7682896303;-2,14943051338196;
48,5;48,5;1;1;3;1;0;0;-18631,2760535744;-2,12968170642853;
48,55;48,55;1;1;3;1;0;0;-18627,2598927031;-2,11315616965294;
48,6;48,6;1;1;3;1;0;0;-18623,2419436925;-2,09793359041214;
48,65;48,65;1;1;3;1;0;0;-18620,386285228;-2,08244502544403;
48,7;48,7;1;1;3;1;0;0;-18618,1225008722;-2,06646725535393;
48,75;48,75;1;1;3;1;0;0;-18615,8909030239;-2,0520344376564;
48,8;48,8;1;1;3;1;0;0;-18613,6593051756;-2,03640580177307;
48,85;48,85;1;1;3;1;0;0;-18611,4277073273;-2,02248021960258;
48,9;48,9;1;1;3;1;0;0;-18608,9815327628;-2,00861006975174;
48,95;48,95;1;1;3;1;0;0;-18606,3029000891;-1,99627950787544;
49;49;1;1;3;1;0;0;-18603,7261913556;-1,99088975787163;
49,05;49,05;1;1;3;1;0;0;-18602,8070877546;-1,97599977254868;
49,1;49,1;1;1;3;1;0;0;-18600,7525156971;-1,95569932460785;
49,15;49,15;1;1;3;1;0;0;-18596,7363548258;-1,9384977221489;
49,2;49,2;1;1;3;1;0;0;-18592,7201939546;-1,92290261387825;
49,25;49,25;1;1;3;1;0;0;-18589,1099407048;-1,90847709774971;
49,3;49,3;1;1;3;1;0;0;-18586,4527657027;-1,89238771796227;
49,35;49,35;1;1;3;1;0;0;-18584,2211678544;-1,87735497951508;
49,4;49,4;1;1;3;1;0;0;-18581,989570006;-1,862902790308;
49,45;49,45;1;1;3;1;0;0;-18579,7579721577;-1,84895396232605;
49,5;49,5;1;1;3;1;0;0;-18577,5263743094;-1,83978453278542;
49,55;49,55;1;1;3;1;0;0;-18575,2947764611;-1,83110624551773;
49,6;49,6;1;1;3;1;0;0;-18573,746247826;-1,81880876421928;
49,65;49,65;1;1;3;1;0;0;-18572,0439392109;-1,79880440235138;
49,7;49,7;1;1;3;1;0;0;-18568,0367190361;-1,78141608834267;
49,75;49,75;1;1;3;1;0;0;-18564,0187700256;-1,76644906401634;
49,8;49,8;1;1;3;1;0;0;-18560,9914501881;-1,75108924508095;
49,85;49,85;1;1;3;1;0;0;-18558,8671406979;-1,73682823777199;
49,9;49,9;1;1;3;1;0;0;-18557,0825776749;-1,72237381339073;
49,95;49,95;1;1;3;1;0;0;-18555,2962265127;-1,7081680893898;
50;50;1;1;3;1;0;0;-18552,671238018;-1,69397875666618;
50,05;50,05;1;1;3;1;0;0;-18549,5455705189;-1,67996659874916;
50,1;50,1;1;1;3;1;0;0;-18546,4216911591;-1,66574284434319;
50,15;50,15;1;1;3;1;0;0;-18543,2978117994;-1,65735945105553;
50,2;50,2;1;1;3;1;0;0;-18541,3004601995;-1,6515052318573;
50,25;50,25;1;1;3;1;0;0;-18539,9611438627;-1,63771629333496;
50,3;50,3;1;1;3;1;0;0;-18538,332148959;-1,61808103322983;
50,35;50,35;1;1;3;1;0;0;-18534,3445983166;-1,60219222307205;
50,4;50,4;1;1;3;1;0;0;-18530,3284374453;-1,58752217888832;
50,45;50,45;1;1;3;1;0;0;-18526,6180483946;-1,57322615385056;
50,5;50,5;1;1;3;1;0;0;-18524,0359752432;-1,55873700976372;
50,55;50,55;1;1;3;1;0;0;-18521,8043773949;-1,54523432254791;
50,6;50,6;1;1;3;1;0;0;-18519,5727795465;-1,5312859416008;
50,65;50,65;1;1;3;1;0;0;-18517,3411816982;-1,51724651455879;
50,7;50,7;1;1;3;1;0;0;-18515,1095838499;-1,50393262505531;
50,75;50,75;1;1;3;1;0;0;-18512,5239344199;-1,48992314934731;
50,8;50,8;1;1;3;1;0;0;-18509,8453017462;-1,47745594382286;
50,85;50,85;1;1;3;1;0;0;-18507,1666690725;-1,4697477221489;
50,9;50,9;1;1;3;1;0;0;-18505,0888512041;-1,45883098244667;
50,95;50,95;1;1;3;1;0;0;-18503,7495348672;-1,4515845477581;
51;51;1;1;3;1;0;0;-18502,1759722819;-1,43340036273003;
51,05;51,05;1;1;3;1;0;0;-18498,6157869325;-1,41724348068237;
51,1;51,1;1;1;3;1;0;0;-18495,0448727473;-1,40217334032059;
51,15;51,15;1;1;3;1;0;0;-18491,4757467015;-1,38880401849747;
51,2;51,2;1;1;3;1;0;0;-18487,9119850735;-1,37564077973366;
51,25;51,25;1;1;3;1;0;0;-18485,6338956033;-1,36323019862175;
51,3;51,3;1;1;3;1;0;0;-18483,8475444411;-1,34941503405571;
51,35;51,35;1;1;3;1;0;0;-18482,0629814182;-1,33595004677773;
51,4;51,4;1;1;3;1;0;0;-18479,2019585357;-1,32348239421844;
51,45;51,45;1;1;3;1;0;0;-18476,0762910366;-1,31078526377678;
51,5;51,5;1;1;3;1;0;0;-18472,9524116768;-1,29856467247009;
51,55;51,55;1;1;3;1;0;0;-18469,828532317;-1,28850132226944;
51,6;51,6;1;1;3;1;0;0;-18467,7131635233;-1,28135144710541;
51,65;51,65;1;1;3;1;0;0;-18466,2486774354;-1,27490237355232;
51,7;51,7;1;1;3;1;0;0;-18464,9093610985;-1,25525742769241;
51,75;51,75;1;1;3;1;0;0;-18462,4488814196;-1,240399107337;
51,8;51,8;1;1;3;1;0;0;-18459,3232139205;-1,22592344880104;
51,85;51,85;1;1;3;1;0;0;-18456,1993345607;-1,21325299143791;
51,9;51,9;1;1;3;1;0;0;-18453,0754552009;-1,20041891932487;
51,95;51,95;1;1;3;1;0;0;-18449,9515758411;-1,18712812662125;
52;52;1;1;3;1;0;0;-18446,8276964814;-1,17462858557701;
52,05;52,05;1;1;3;1;0;0;-18443,7020289823;-1,16234682500362;
52,1;52,1;1;1;3;1;0;0;-18440,5781496225;-1,14995688199997;
52,15;52,15;1;1;3;1;0;0;-18437,7063979042;-1,13721370697021;
52,2;52,2;1;1;3;1;0;0;-18435,3192319367;-1,12472273409367;
52,25;52,25;1;1;3;1;0;0;-18433,3987703268;-1,11212357878685;
52,3;52,3;1;1;3;1;0;0;-18431,6124191646;-1,10205985605717;
52,35;52,35;1;1;3;1;0;0;-18429,8278561416;-1,09122313559055;
52,4;52,4;1;1;3;1;0;0;-18426,8595449011;-1,07322335243225;
52,45;52,45;1;1;3;1;0;0;-18422,4750273337;-1,06679044663906;
52,5;52,5;1;1;3;1;0;0;-18421,148227972;-1,06197707355022;
52,55;52,55;1;1;3;1;0;0;-18420,2541583212;-1,05311907827854;
52,6;52,6;1;1;3;1;0;0;-18418,2442897463;-1,0358015447855;
52,65;52,65;1;1;3;1;0;0;-18414,228128875;-1,02185502648354;
52,7;52,7;1;1;3;1;0;0;-18410,2101798645;-1,00850954651833;
52,75;52,75;1;1;3;1;0;0;-18407,1685549125;-0,99589042365551;
52,8;52,8;1;1;3;1;0;0;-18404,8636433529;-0,982830822467804;
52,85;52,85;1;1;3;1;0;0;-18402,6320455045;-0,971610695123672;
52,9;52,9;1;1;3;1;0;0;-18400,4004476562;-0,959260538220406;
52,95;52,95;1;1;3;1;0;0;-18398,1688498079;-0,94780758023262;
53;53;1;1;3;1;0;0;-18395,7512854722;-0,935925096273422;
53,05;53,05;1;1;3;1;0;0;-18393,0744409378;-0,924815088510513;
53,1;53,1;1;1;3;1;0;0;-18390,3958082641;-0,913365408778191;
53,15;53,15;1;1;3;1;0;0;-18387,7189637297;-0,901975184679031;
53,2;53,2;1;1;3;1;0;0;-18385,040331056;-0,890515595674515;
53,25;53,25;1;1;3;1;0;0;-18382,3616983823;-0,879146754741669;
53,3;53,3;1;1;3;1;0;0;-18379,6848538479;-0,868459939956665;
53,35;53,35;1;1;3;1;0;0;-18377,0062211742;-0,858418494462967;
53,4;53,4;1;1;3;1;0;0;-18374,3293766398;-0,846249759197235;
53,45;53,45;1;1;3;1;0;0;-18371,6507439661;-0,836712270975113;
53,5;53,5;1;1;3;1;0;0;-18368,9738994317;-0,825570896267891;
53,55;53,55;1;1;3;1;0;0;-18366,295266758;-0,814950913190842;
53,6;53,6;1;1;3;1;0;0;-18363,6166340843;-0,806093588471413;
53,65;53,65;1;1;3;1;0;0;-18360,9397895499;-0,792863517999649;
53,7;53,7;1;1;3;1;0;0;-18358,2611568762;-0,783561989665031;
53,75;53,75;1;1;3;1;0;0;-18355,5843123418;-0,777043923735619;
53,8;53,8;1;1;3;1;0;0;-18353,5404691201;-0,772176831960678;
53,85;53,85;1;1;3;1;0;0;-18353,0612477873;-0,76109491288662;
53,9;53,9;1;1;3;1;0;0;-18350,5703697402;-0,74652872979641;
53,95;53,95;1;1;3;1;0;0;-18346,554208869;-0,733983218669891;
54;54;1;1;3;1;0;0;-18342,5362598584;-0,722508206963539;
54,05;54,05;1;1;3;1;0;0;-18339,1870749467;-0,710974782705307;
54,1;54,1;1;1;3;1;0;0;-18336,7158664319;-0,699765235185623;
54,15;54,15;1;1;3;1;0;0;-18334,4842685836;-0,689432546496391;
54,2;54,2;1;1;3;1;0;0;-18332,2526707353;-0,678993239998817;
54,25;54,25;1;1;3;1;0;0;-18330,021072887;-0,669465437531471;
54,3;54,3;1;1;3;1;0;0;-18327,7698055063;-0,65896712243557;
54,35;54,35;1;1;3;1;0;0;-18325,0929609719;-0,649237260222435;
54,4;54,4;1;1;3;1;0;0;-18322,4143282982;-0,639628022909164;
54,45;54,45;1;1;3;1;0;0;-18319,7374837638;-0,629864260554314;
54,5;54,5;1;1;3;1;0;0;-18317,0588510901;-0,619673915207386;
54,55;54,55;1;1;3;1;0;0;-18314,3820065557;-0,609741546213627;
54,6;54,6;1;1;3;1;0;0;-18311,703373882;-0,600439757108688;
54,65;54,65;1;1;3;1;0;0;-18309,0247412083;-0,59144277125597;
54,7;54,7;1;1;3;1;0;0;-18306,3478966739;-0,581827312707901;
54,75;54,75;1;1;3;1;0;0;-18303,6692640002;-0,572372674942017;
54,8;54,8;1;1;3;1;0;0;-18300,9924194658;-0,568118654191494;
54,85;54,85;1;1;3;1;0;0;-18299,6638319647;-0,558532513678074;
54,9;54,9;1;1;3;1;0;0;-18298,4407446825;-0,550406500697136;
54,95;54,95;1;1;3;1;0;0;-18295,7621120088;-0,542824044823647;
55;55;1;1;3;1;0;0;-18293,0852674744;-0,533692464232445;
55,05;55,05;1;1;3;1;0;0;-18290,4066348007;-0,521485544741154;
55,1;55,1;1;1;3;1;0;0;-18287,728002127;-0,510094054043293;
55,15;55,15;1;1;3;1;0;0;-18284,6273685781;-0,500158332288265;
55,2;55,2;1;1;3;1;0;0;-18281,5034892183;-0,490571558475494;
55,25;55,25;1;1;3;1;0;0;-18278,3796098585;-0,481363423168659;
55,3;55,3;1;1;3;1;0;0;-18275,2557304987;-0,47237902879715;
55,35;55,35;1;1;3;1;0;0;-18272,1300629997;-0,463277585804462;
55,4;55,4;1;1;3;1;0;0;-18269,0061836399;-0,454264096915722;
55,45;55,45;1;1;3;1;0;0;-18265,8948212552;-0,445507615804672;
55,5;55,5;1;1;3;1;0;0;-18263,2483750889;-0,436228439211845;
55,55;55,55;1;1;3;1;0;0;-18261,0167772406;-0,427697822451591;
55,6;55,6;1;1;3;1;0;0;-18258,7851793923;-0,418395474553108;
55,65;55,65;1;1;3;1;0;0;-18256,553581544;-0,410490669310093;
55,7;55,7;1;1;3;1;0;0;-18254,3219836956;-0,402872636914253;
55,75;55,75;1;1;3;1;0;0;-18252,0903858473;-0,394402481615543;
55,8;55,8;1;1;3;1;0;0;-18249,858787999;-0,386028401553631;
55,85;55,85;1;1;3;1;0;0;-18246,9566379126;-0,377748608589172;
55,9;55,9;1;1;3;1;0;0;-18243,8327585528;-0,370512418448925;
55,95;55,95;1;1;3;1;0;0;-18240,708879193;-0,362353473901749;
56;56;1;1;3;1;0;0;-18237,9229581612;-0,355887189507484;
56,05;56,05;1;1;3;1;0;0;-18235,8612335465;-0,348201543092728;
56,1;56,1;1;1;3;1;0;0;-18234,0766705236;-0,33806785941124;
56,15;56,15;1;1;3;1;0;0;-18231,4445294718;-0,329916104674339;
56,2;56,2;1;1;3;1;0;0;-18227,8736152866;-0,324927493929863;
56,25;56,25;1;1;3;1;0;0;-18225,8655348509;-0,322498194873333;
56,3;56,3;1;1;3;1;0;0;-18224,9732533395;-0,317471884191036;
56,35;56,35;1;1;3;1;0;0;-18223,5034028336;-0,305971056222916;
56,4;56,4;1;1;3;1;0;0;-18219,9324886484;-0,29681958258152;
56,45;56,45;1;1;3;1;0;0;-18216,3633626026;-0,287968385964632;
56,5;56,5;1;1;3;1;0;0;-18212,7924484174;-0,279896520078182;
56,55;56,55;1;1;3;1;0;0;-18209,2215342322;-0,272296536713839;
56,6;56,6;1;1;3;1;0;0;-18206,2693162454;-0,26377260684967;
56,65;56,65;1;1;3;1;0;0;-18203,9572521285;-0,25544160977006;
56,7;56,7;1;1;3;1;0;0;-18201,7256542802;-0,249208621680737;
56,75;56,75;1;1;3;1;0;0;-18199,4940564319;-0,242694038897753;
56,8;56,8;1;1;3;1;0;0;-18197,2624585835;-0,236139334738255;
56,85;56,85;1;1;3;1;0;0;-18194,8645637802;-0,229921955615282;
56,9;56,9;1;1;3;1;0;0;-18192,1859311065;-0,224000904709101;
56,95;56,95;1;1;3;1;0;0;-18189,5090865721;-0,217307917773724;
57;57;1;1;3;1;0;0;-18186,8304538984;-0,210482757538557;
57,05;57,05;1;1;3;1;0;0;-18184,1518212247;-0,204642061144114;
57,1;57,1;1;1;3;1;0;0;-18181,4749766903;-0,197979062795639;
57,15;57,15;1;1;3;1;0;0;-18178,7963440166;-0,191658493131399;
57,2;57,2;1;1;3;1;0;0;-18176,1194994821;-0,185761339962482;
57,25;57,25;1;1;3;1;0;0;-18173,4408668084;-0,180738642811775;
57,3;57,3;1;1;3;1;0;0;-18170,7622341347;-0,176132507622242;
57,35;57,35;1;1;3;1;0;0;-18168,7130264952;-0,16961008310318;
57,4;57,4;1;1;3;1;0;0;-18167,0142941587;-0,166679676622152;
57,45;57,45;1;1;3;1;0;0;-18165,6749778219;-0,162745509296656;
57,5;57,5;1;1;3;1;0;0;-18163,6490159932;-0,15577738173306;
57,55;57,55;1;1;3;1;0;0;-18160,078101808;-0,149299949407578;
57,6;57,6;1;1;3;1;0;0;-18156,5071876229;-0,143398893997073;
57,65;57,65;1;1;3;1;0;0;-18152,9362734377;-0,137938549742103;
57,7;57,7;1;1;3;1;0;0;-18149,3671473918;-0,133482869714499;
57,75;57,75;1;1;3;1;0;0;-18146,5025482308;-0,127725098282099;
57,8;57,8;1;1;3;1;0;0;-18144,2369757357;-0,122648915275931;
57,85;57,85;1;1;3;1;0;0;-18142,0053778874;-0,117444712668657;
57,9;57,9;1;1;3;1;0;0;-18139,7737800391;-0,112632252275944;
57,95;57,95;1;1;3;1;0;0;-18137,5421821908;-0,107646398246288;
58;58;1;1;3;1;0;0;-18135,0977957656;-0,102183213457465;
58,05;58,05;1;1;3;1;0;0;-18132,4209512312;-0,0974307116121054;
58,1;58,1;1;1;3;1;0;0;-18129,7423185574;-0,0929096713662148;
58,15;58,15;1;1;3;1;0;0;-18127,065474023;-0,0890301819890738;
58,2;58,2;1;1;3;1;0;0;-18124,3868413493;-0,0839650258421898;
58,25;58,25;1;1;3;1;0;0;-18121,7099968149;-0,07886603474617;
58,3;58,3;1;1;3;1;0;0;-18119,0313641412;-0,0743488501757383;
58,35;58,35;1;1;3;1;0;0;-18116,3527314675;-0,0700454227626324;
58,4;58,4;1;1;3;1;0;0;-18113,6758869331;-0,065618883818388;
58,45;58,45;1;1;3;1;0;0;-18110,9972542594;-0,0629144022241235;
58,5;58,5;1;1;3;1;0;0;-18108,7513512967;-0,0627271877601743;
58,55;58,55;1;1;3;1;0;0;-18107,8590697852;-0,0602238671854138;
58,6;58,6;1;1;3;1;0;0;-18106,5072364733;-0,0540170539170504;
58,65;58,65;1;1;3;1;0;0;-18102,9363222881;-0,0486166216433048;
58,7;58,7;1;1;3;1;0;0;-18099,3671962422;-0,0445797014981508;
58,75;58,75;1;1;3;1;0;0;-18095,796282057;-0,0408952683210373;
58,8;58,8;1;1;3;1;0;0;-18092,2253678719;-0,0369425769895315;
58,85;58,85;1;1;3;1;0;0;-18089,2034124523;-0,0326571660116315;
58,9;58,9;1;1;3;1;0;0;-18086,8430685742;-0,0302347028627992;
58,95;58,95;1;1;3;1;0;0;-18084,6114707259;-0,0269892578944564;
59;59;1;1;3;1;0;0;-18082,3798728776;-0,0240199640393257;
59,05;59,05;1;1;3;1;0;0;-18080,1482750293;-0,0214955024421215;
59,1;59,1;1;1;3;1;0;0;-18077,7897192905;-0,018527414649725;
59,15;59,15;1;1;3;1;0;0;-18075,1110866168;-0,0153134157881141;
59,2;59,2;1;1;3;1;0;0;-18072,4342420824;-0,0125970970839262;
59,25;59,25;1;1;3;1;0;0;-18069,7556094087;-0,00954933930188417;
59,3;59,3;1;1;3;1;0;0;-18067,0787648743;-0,00785987358540297;
59,35;59,35;1;1;3;1;0;0;-18064,4001322006;-0,00609444919973612;
59,4;59,4;1;1;3;1;0;0;-18061,7214995269;-0,00383577309548855;
59,45;59,45;1;1;3;1;0;0;-18059,0446549925;-0,00166609417647123;
59,5;59,5;1;1;3;1;0;0;-18056,3660223188;0,000377832911908627;
59,55;59,55;1;1;3;1;0;0;-18053,6891777844;0,00219006557017565;
59,6;59,6;1;1;3;1;0;0;-18051,0105451107;0,00303521752357483;
59,65;59,65;1;1;3;1;0;0;-18048,331912437;0,00343629159033298;
59,7;59,7;1;1;3;1;0;0;-18046,1396536533;0,004262775182724;
59,75;59,75;1;1;3;1;0;0;-18044,5195994461;0,00395758543163538;
59,8;59,8;1;1;3;1;0;0;-18043,1802831093;0,00487695913761854;
59,85;59,85;1;1;3;1;0;0;-18040,8521257387;0,0049253087490797;
59,9;59,9;1;1;3;1;0;0;-18037,2812115535;0,00583943910896778;
59,95;59,95;1;1;3;1;0;0;-18033,7120855076;0,00625120010226965;
60;60;1;1;3;1;0;0;-18030,1411713225;0,00711856875568628;
60,05;60,05;1;1;3;1;0;0;-18027,0709361417;0,00706540886312723;
60,1;60,1;1;1;3;1;0;0;-18025,0413980345;0,00740998890250921;
60,15;60,15;1;1;3;1;0;0;-18023,2568350115;0,00774104613810778;
60,2;60,2;1;1;3;1;0;0;-18021,4722719886;0,00795294065028429;
60,25;60,25;1;1;3;1;0;0;-18019,1172925285;0,00786000862717628;
60,3;60,3;1;1;3;1;0;0;-18016,4386598548;0,00737972091883421;
60,35;60,35;1;1;3;1;0;0;-18013,7600271811;0,00482145231217146;
60,4;60,4;1;1;3;1;0;0;-18011,0831826467;0,00310792122036219;
60,45;60,45;1;1;3;1;0;0;-18008,404549973;0,00203517265617847;
60,5;60,5;1;1;3;1;0;0;-18005,7277054385;0,00155158806592226;
60,55;60,55;1;1;3;1;0;0;-18003,0490727648;0,00133858062326908;
60,6;60,6;1;1;3;1;0;0;-18000,3704400911;0,00145985744893551;
60,65;60,65;1;1;3;1;0;0;-17999,6569725098;0,00146287027746439;
60,7;60,7;1;1;3;1;0;0;-17999,6569725098;0,00119721051305532;
60,75;60,75;1;1;3;1;0;0;-17999,6569725098;0,00121703371405602;
60,8;60,8;1;1;4;1;0;0;-17999,6569725098;0,0013184966519475;
60,8;60,8;1;1;4;1;0;0;-17999,6569725098;0,0013184966519475;
60,85;60,85;1;1;4;1;0;0;-17999,6569725098;0,00120298936963081;
60,9;60,9;1;1;4;1;0;0;-17999,6569725098;0,00110148452222347;
60,95;60,95;1;1;4;1;0;0;-17999,6569725098;0,00119253993034363;
61;61;1;1;4;1;0;0;-17999,6569725098;0,00130188651382923;
61,05;61,05;1;1;4;1;0;0;-17999,6569725098;0,00116838607937098;
61,1;61,1;1;1;4;1;0;0;-17999,6569725098;0,00095738098025322;
61,15;61,15;1;1;4;1;0;0;-17999,6569725098;0,00113556627184153;
61,2;61,2;1;1;4;1;0;0;-17999,6569725098;0,00123599544167519;
61,25;61,25;1;1;4;1;0;0;-17999,6569725098;0,0010303920134902;
61,3;61,3;1;1;4;1;0;0;-17999,6569725098;0,000885338522493839;
61,35;61,35;1;1;4;1;0;0;-17999,6569725098;0,000971993431448936;
61,4;61,4;1;1;4;1;0;0;-17999,6569725098;0,00118876807391644;
61,45;61,45;1;1;4;1;0;0;-17999,6569725098;0,000872700475156307;
61,5;61,5;1;1;4;1;0;0;-17999,6569725098;0,000775358639657497;
61,55;61,55;1;1;4;1;0;0;-17999,6569725098;0,000873226672410965;
61,6;61,6;1;1;4;1;0;0;-17999,6569725098;0,00104843638837337;
61,65;61,65;1;1;4;1;0;0;-17999,6569725098;0,000872355885803699;
61,7;61,7;1;1;4;1;0;0;-17999,6569725098;0,000817831605672836;
61,75;61,75;1;1;4;1;0;0;-17999,6569725098;0,000936309807002544;
61,8;61,8;1;1;4;1;0;0;-17999,6569725098;0,000968757085502148;
61,85;61,85;1;1;4;1;0;0;-17999,6569725098;0,000869310460984707;
61,9;61,9;1;1;4;1;0;0;-17999,6569725098;0,000738063827157021;
61,95;61,95;1;1;4;1;0;0;-17999,6569725098;0,00077282078564167;
62;62;1;1;4;1;0;0;-17999,6569725098;0,000889766961336136;
62,05;62,05;1;1;4;1;0;0;-17999,6569725098;0,00081449281424284;
62,1;62,1;1;1;4;1;0;0;-17999,6569725098;0,000689812004566193;
62,15;62,15;1;1;4;1;0;0;-17999,6569725098;0,000899131409823895;
62,2;62,2;1;1;4;1;0;0;-17999,6569725098;0,000944118946790695;
62,25;62,25;1;1;4;1;0;0;-17999,6569725098;0,000870367512106895;
62,3;62,3;1;1;4;1;0;0;-17999,6569725098;0,000750990584492683;
62,35;62,35;1;1;4;1;0;0;-17999,6569725098;0,00086131040006876;
62,4;62,4;1;1;4;1;0;0;-17999,6569725098;0,000920905731618404;
62,45;62,45;1;1;4;1;0;0;-17999,6569725098;0,000691334716975689;
62,5;62,5;1;1;4;1;0;0;-17999,6569725098;0,0006472272798419;
62,55;62,55;1;1;4;1;0;0;-17999,6569725098;0,000678920187056065;
62,6;62,6;1;1;4;1;0;0;-17999,6569725098;0,000812425278127193;
62,65;62,65;1;1;4;1;0;0;-17999,6569725098;0,000671190209686756;
62,7;62,7;1;1;4;1;0;0;-17999,6569725098;0,00056547112762928;
62,75;62,75;1;1;4;1;0;0;-17999,6569725098;0,000662007369101048;
62,8;62,8;1;1;4;1;0;0;-17999,6569725098;0,000749910250306129;
62,85;62,85;1;1;4;1;0;0;-17999,6569725098;0,000795810483396053;
62,9;62,9;1;1;4;1;0;0;-17999,6569725098;0,000579021871089935;
62,95;62,95;1;1;4;1;0;0;-17999,6569725098;0,000654137693345547;
63;63;1;1;4;1;0;0;-17999,6569725098;0,000676517374813557;
63,05;63,05;1;1;4;1;0;0;-17999,7660490072;0,000629611313343048;
63,1;63,1;1;1;4;1;0;0;-18000,2130838326;0,000493940897285938;
63,15;63,15;1;1;4;1;0;0;-18000,6583305187;0,000733155757188797;
63,2;63,2;1;1;4;1;0;0;-18001,1053653441;0,000742902047932148;
63,25;63,25;1;1;4;1;0;0;-18001,5506120302;0,000704759731888771;
63,3;63,3;1;1;4;1;0;0;-18001,9976468555;0,000573457218706608;
63,35;63,35;1;1;4;1;0;0;-18002,4446816809;0,000658906064927578;
63,4;63,4;1;1;4;1;0;0;-18002,889928367;0,000793486833572388;
63,45;63,45;1;1;4;1;0;0;-18003,1134457797;0,000734380446374416;
63,5;63,5;1;1;4;1;0;0;-18003,1134457797;0,000615040771663189;
63,55;63,55;1;1;4;1;0;0;-18003,1134457797;0,000690552406013012;
63,6;63,6;1;1;4;1;0;0;-18003,1134457797;0,000695101916790009;
63,65;63,65;1;1;4;1;0;0;-18003,1134457797;0,000539235770702362;
63,7;63,7;1;1;4;1;0;0;-18003,1134457797;0,000449731014668942;
63,75;63,75;1;1;4;1;0;0;-18003,1134457797;0,000547678209841251;
63,8;63,8;1;1;4;1;0;0;-18003,1134457797;0,000669588334858418;
63,85;63,85;1;1;4;1;0;0;-18003,1134457797;0,000533564016222954;
63,9;63,9;1;1;4;1;0;0;-18003,1134457797;0,000426382757723331;
63,95;63,95;1;1;4;1;0;0;-18003,1134457797;0,000578775070607662;
64;64;1;1;4;1;0;0;-18003,1134457797;0,000695278868079185;
64,05;64,05;1;1;4;1;0;0;-18003,1134457797;0,000572721473872662;
64,1;64,1;1;1;4;1;0;0;-18003,1134457797;0,000531529076397419;
64,15;64,15;1;1;4;1;0;0;-18003,1134457797;0,000466154888272285;
64,2;64,2;1;1;4;1;0;0;-18003,1134457797;0,000611362047493458;
64,25;64,25;1;1;4;1;0;0;-18003,1134457797;0,00049094669520855;
64,3;64,3;1;1;4;1;0;0;-18003,1134457797;0,000317092053592205;
64,35;64,35;1;1;4;1;0;0;-18003,1134457797;0,000436780974268913;
64,4;64,4;1;1;4;1;0;0;-18003,1134457797;0,000610002316534519;
64,45;64,45;1;1;4;1;0;0;-18003,1134457797;0,000604693777859211;
64,5;64,5;1;1;4;1;0;0;-18003,1134457797;0,000432878732681274;
64,55;64,55;1;1;4;1;0;0;-18003,1134457797;0,000469875521957874;
64,6;64,6;1;1;4;1;0;0;-18003,1134457797;0,000607511028647423;
64,65;64,65;1;1;4;1;0;0;-18003,1134457797;0,000506262294948101;
64,7;64,7;1;1;4;1;0;0;-18003,1134457797;0,000486341305077076;
64,75;64,75;1;1;4;1;0;0;-18003,1134457797;0,00039991457015276;
64,8;64,8;1;1;4;1;0;0;-18003,1134457797;0,000643227249383926;
64,85;64,85;1;1;4;1;0;0;-18003,1134457797;0,000506686046719551;
64,9;64,9;1;1;4;1;0;0;-18003,1134457797;0,000513619743287563;
64,95;64,95;1;1;4;1;0;0;-18003,1134457797;0,000536511652171612;
65;65;1;1;4;1;0;0;-18003,1134457797;0,000606696121394634;
65,05;65,05;1;1;4;1;0;0;-18003,1134457797;0,000382177531719208;
65,1;65,1;1;1;4;1;0;0;-18003,1134457797;0,00026271678507328;
65,15;65,15;1;1;4;1;0;0;-18003,1134457797;0,000365851446986198;
65,2;65,2;1;1;4;1;0;0;-18003,1134457797;0,000499514862895012;
65,25;65,25;1;1;4;1;0;0;-18003,1134457797;0,000350065529346466;
65,3;65,3;1;1;4;1;0;0;-18003,1134457797;0,000205370597541332;
65,35;65,35;1;1;4;1;0;0;-18003,1134457797;0,00038771890103817;
65,4;65,4;1;1;4;1;0;0;-18003,1134457797;0,000455249100923538;
65,45;65,45;1;1;4;1;0;0;-18003,1134457797;0,00037461519241333;
65,5;65,5;1;1;4;1;0;0;-18003,1134457797;0,00020965002477169;
65,55;65,55;1;1;4;1;0;0;-18003,1134457797;0,000292309559881687;
65,6;65,6;1;1;4;1;0;0;-18003,1134457797;0,000424967147409916;
65,65;65,65;1;1;4;1;0;0;-18003,1134457797;0,000329064205288887;
65,7;65,7;1;1;4;1;0;0;-18003,1134457797;0,000254004262387753;
65,75;65,75;1;1;4;1;0;0;-18003,1134457797;0,000244523398578167;
65,8;65,8;1;1;4;1;0;0;-18003,1134457797;0,000489973463118076;
65,85;65,85;1;1;4;1;0;0;-18003,1134457797;0,000328882597386837;
65,9;65,9;1;1;4;1;0;0;-18003,1134457797;0,000256830826401711;
65,95;65,95;1;1;4;1;0;0;-18003,1134457797;0,000242064706981182;
66;66;1;1;4;1;0;0;-18003,1134457797;0,000489498488605022;
66,05;66,05;1;1;4;1;0;0;-18003,1134457797;0,000345208682119846;
66,1;66,1;1;1;4;1;0;0;-18003,1134457797;0,000222548842430115;
66,15;66,15;1;1;4;1;0;0;-18003,1134457797;0,000229673460125923;
66,2;66,2;1;1;4;1;0;0;-18003,1134457797;0,000407015904784203;
66,25;66,25;1;1;4;1;0;0;-18003,1134457797;0,000373120419681072;
66,3;66,3;1;1;4;1;0;0;-18003,1134457797;0,00020905863493681;
66,35;66,35;1;1;4;1;0;0;-18003,1134457797;0,000373818911612034;
66,4;66,4;1;1;4;1;0;0;-18003,1134457797;0,000406345352530479;
66,45;66,45;1;1;4;1;0;0;-18003,1134457797;0,000331345945596695;
66,5;66,5;1;1;4;1;0;0;-18003,1134457797;0,000321543775498867;
66,55;66,55;1;1;4;1;0;0;-18003,1134457797;0,000370275229215622;
66,6;66,6;1;1;4;1;0;0;-18003,1134457797;0,000412468798458576;
66,65;66,65;1;1;4;1;0;0;-18003,1134457797;0,000318246893584728;
66,7;66,7;1;1;4;1;0;0;-18003,1134457797;0,000148839317262173;
66,75;66,75;1;1;4;1;0;0;-18003,1134457797;0,000366275198757648;
66,8;66,8;1;1;4;1;0;0;-18003,1134457797;0,000535082072019577;
66,85;66,85;1;1;4;1;0;0;-18003,1134457797;0,000411435030400753;
66,9;66,9;1;1;4;1;0;0;-18003,1134457797;0,00043860636651516;
66,95;66,95;1;1;4;1;0;0;-18003,1134457797;0,000411476939916611;
67;67;1;1;4;1;0;0;-18003,1134457797;0,000539845786988735;
67,05;67,05;1;1;4;1;0;0;-18003,1134457797;0,000243168324232101;
67,1;67,1;1;1;4;1;0;0;-18003,1134457797;0,000128191895782948;
67,15;67,15;1;1;4;1;0;0;-18003,1134457797;0,000375257804989815;
67,2;67,2;1;1;4;1;0;0;-18003,1134457797;0,000453409738838673;
67,25;67,25;1;1;4;1;0;0;-18003,1134457797;0,000369120389223099;
67,3;67,3;1;1;4;1;0;0;-18003,1134457797;0,000148029066622257;
67,35;67,35;1;1;4;1;0;0;-18003,1134457797;0,000266283750534058;
67,4;67,4;1;1;4;1;0;0;-18003,1134457797;0,00042191706597805;
67,45;67,45;1;1;4;1;0;0;-18003,1134457797;0,000236611813306808;
67,5;67,5;1;1;4;1;0;0;-18003,1134457797;9,83709469437599E-05;
67,55;67,55;1;1;4;1;0;0;-18003,1134457797;0,000191857106983662;
67,6;67,6;1;1;4;1;0;0;-18003,1134457797;0,000356882810592651;
67,65;67,65;1;1;4;1;0;0;-18003,1134457797;0,000207442790269852;
67,7;67,7;1;1;4;1;0;0;-18003,1134457797;0,000119279138743877;
67,75;67,75;1;1;4;1;0;0;-18003,1134457797;0,000160690397024155;
67,8;67,8;1;1;4;1;0;0;-18003,1134457797;0,000322321429848671;
67,85;67,85;1;1;4;1;0;0;-18003,1134457797;0,000185109674930573;
67,9;67,9;1;1;4;1;0;0;-18003,1134457797;8,2850456237793E-05;
67,95;67,95;1;1;4;1;0;0;-18003,1134457797;0,000146031379699707;
68;68;1;1;4;1;0;0;-18003,1134457797;0,000339271500706673;
68,05;68,05;1;1;4;1;0;0;-18003,1134457797;0,000184392556548119;
68,1;68,1;1;1;4;1;0;0;-18003,1134457797;9,56002622842789E-05;
68,15;68,15;1;1;4;1;0;0;-18003,1134457797;0,000150557607412338;
68,2;68,2;1;1;4;1;0;0;-18003,1134457797;0,000290879979729652;
68,25;68,25;1;1;4;1;0;0;-18003,1134457797;0,000214981846511364;
68,3;68,3;1;1;4;1;0;0;-18003,1134457797;6,73998147249222E-05;
68,35;68,35;1;1;4;1;0;0;-18003,1134457797;0,000152462162077427;
68,4;68,4;1;1;4;1;0;0;-18003,1134457797;0,000235713087022305;
68,45;68,45;1;1;4;1;0;0;-18003,1134457797;0,000214395113289356;
68,5;68,5;1;1;4;1;0;0;-18003,1134457797;7,21728429198265E-05;
68,55;68,55;1;1;4;1;0;0;-18003,1134457797;0,000199209898710251;
68,6;68,6;1;1;4;1;0;0;-18003,1134457797;0,000287937000393867;
68,65;68,65;1;1;4;1;0;0;-18003,1134457797;0,000177943147718906;
68,7;68,7;1;1;4;1;0;0;-18003,1134457797;2,96765938401222E-05;
68,75;68,75;1;1;4;1;0;0;-18003,1134457797;0,000256681814789772;
68,8;68,8;1;1;4;1;0;0;-18003,1134457797;0,000280262902379036;
68,85;68,85;1;1;4;1;0;0;-18003,1134457797;6,60354271531105E-05;
68,9;68,9;1;1;4;1;0;0;-18003,1134457797;0,000101891346275806;
68,95;68,95;1;1;4;1;0;0;-18003,1134457797;9,86643135547638E-05;
69;69;1;1;4;1;0;0;-18003,1134457797;0,000235950574278831;
69,05;69,05;1;1;4;1;0;0;-18003,1134457797;0,000101355835795403;
69,1;69,1;1;1;4;1;0;0;-18003,1134457797;1,28988176584244E-05;
69,15;69,15;1;1;4;1;0;0;-18003,1134457797;0,000276216305792332;
69,2;69,2;1;1;4;1;0;0;-18003,1134457797;0,000312319025397301;
69,25;69,25;1;1;4;1;0;0;-18003,1134457797;0,000173589214682579;
69,3;69,3;1;1;4;1;0;0;-18003,1134457797;8,8387168943882E-05;
69,35;69,35;1;1;4;1;0;0;-18003,1134457797;1,47474929690361E-05;
69,4;69,4;1;1;4;1;0;0;-18003,1134457797;0,000219452194869518;
69,45;69,45;1;1;4;1;0;0;-18003,1134457797;0,000138133764266968;
69,5;69,5;1;1;4;1;0;0;-18003,1134457797;-1,22934579849243E-05;
69,55;69,55;1;1;4;1;0;0;-18003,1134457797;7,16093927621841E-05;
69,6;69,6;1;1;4;1;0;0;-18003,1134457797;0,000162268988788128;
69,65;69,65;1;1;4;1;0;0;-18003,1134457797;0,00014155637472868;
69,7;69,7;1;1;4;1;0;0;-18003,1134457797;5,0300732254982E-05;
69,75;69,75;1;1;4;1;0;0;-18003,1134457797;0,000120988115668297;
69,8;69,8;1;1;4;1;0;0;-18003,1134457797;0,000342517159879208;
69,85;69,85;1;1;4;1;0;0;-18003,1134457797;0,000105835497379303;
69,9;69,9;1;1;4;1;0;0;-18003,1134457797;3,863126039505E-05;
69,95;69,95;1;1;4;1;0;0;-18003,1134457797;5,63217326998711E-05;
70;70;1;1;4;1;0;0;-18003,1134457797;0,000252430327236652;
70,05;70,05;1;1;4;1;0;0;-18003,1134457797;7,78678804636002E-05;
70,1;70,1;1;1;4;1;0;0;-18003,1134457797;-1,35786831378937E-05;
70,15;70,15;1;1;4;1;0;0;-18003,1134457797;-7,10366293787956E-05;
70,2;70,2;1;1;4;1;0;0;-18003,1134457797;0,000209733843803406;
70,25;70,25;1;1;4;1;0;0;-18003,1134457797;2,27848067879677E-05;
70,3;70,3;1;1;4;1;0;0;-18003,1134457797;2,08150595426559E-05;
70,35;70,35;1;1;4;1;0;0;-18003,1134457797;2,83122062683105E-05;
70,4;70,4;1;1;4;1;0;0;-18003,1134457797;0,000226236879825592;
70,45;70,45;1;1;4;1;0;0;-18003,1134457797;2,1723099052906E-05;
70,5;70,5;1;1;4;1;0;0;-18003,1134457797;-5,98235055804253E-05;
70,55;70,55;1;1;4;1;0;0;-18003,1134457797;-3,13343480229378E-05;
70,6;70,6;1;1;4;1;0;0;-18003,1134457797;0,000143991783261299;
70,65;70,65;1;1;4;1;0;0;-18003,1134457797;-2,92900949716568E-06;
70,7;70,7;1;1;4;1;0;0;-18003,1134457797;-0,000120340846478939;
70,75;70,75;1;1;4;1;0;0;-18003,1134457797;4,52948734164238E-05;
70,8;70,8;1;1;4;1;0;0;-18003,1134457797;0,000105937942862511;
70,85;70,85;1;1;4;1;0;0;-18003,1134457797;6,41169026494026E-05;
70,9;70,9;1;1;4;1;0;0;-18003,1134457797;-0,000141086056828499;
70,95;70,95;1;1;4;1;0;0;-18003,1134457797;5,68106770515442E-07;
71;71;1;1;4;1;0;0;-18003,1134457797;0,000114124268293381;
71,05;71,05;1;1;4;1;0;0;-18003,1134457797;2,38744542002678E-05;
71,1;71,1;1;1;4;1;0;0;-18003,1134457797;-1,1492520570755E-05;
71,15;71,15;1;1;4;1;0;0;-18003,1134457797;0,00010365154594183;
71,2;71,2;1;1;4;1;0;0;-18003,1134457797;0,000121607445180416;
71,25;71,25;1;1;4;1;0;0;-18003,1134457797;-4,92483377456665E-05;
71,3;71,3;1;1;4;1;0;0;-18003,1134457797;-3,69222834706306E-05;
71,35;71,35;1;1;4;1;0;0;-18003,1134457797;-6,04847446084023E-05;
71,4;71,4;1;1;4;1;0;0;-18003,1134457797;0,000107120722532272;
71,45;71,45;1;1;4;1;0;0;-18003,1134457797;-2,16392800211906E-05;
71,5;71,5;1;1;4;1;0;0;-18003,1134457797;-0,000137104652822018;
71,55;71,55;1;1;4;1;0;0;-18003,1134457797;-8,56583938002586E-05;
71,6;71,6;1;1;4;1;0;0;-18003,1134457797;0,000115400180220604;
71,65;71,65;1;1;4;1;0;0;-18003,1134457797;-1,73132866621017E-05;
71,7;71,7;1;1;4;1;0;0;-18003,1134457797;-0,000121826305985451;
71,75;71,75;1;1;4;1;0;0;-18003,1134457797;-8,89599323272705E-05;
71,8;71,8;1;1;4;1;0;0;-18003,1134457797;-8,06525349617004E-06;
71,85;71,85;1;1;4;1;0;0;-18003,1134457797;-6,66175037622452E-05;
71,9;71,9;1;1;4;1;0;0;-18003,1134457797;-0,000195493921637535;
71,95;71,95;1;1;4;1;0;0;-18003,1134457797;-3,18558886647224E-05;
72;72;1;1;4;1;0;0;-18003,1134457797;3,91062349081039E-05;
72,05;72,05;1;1;4;1;0;0;-18003,1134457797;1,51759013533592E-05;
72,1;72,1;1;1;4;1;0;0;-18003,1134457797;-1,7690472304821E-05;
72,15;72,15;1;1;4;1;0;0;-18003,1134457797;6,15091994404793E-05;
72,2;72,2;1;1;4;1;0;0;-18003,1134457797;3,40957194566727E-05;
72,25;72,25;1;1;4;1;0;0;-18003,1134457797;-3,58279794454575E-05;
72,3;72,3;1;1;4;1;0;0;-18003,1134457797;-8,00052657723427E-05;
72,35;72,35;1;1;4;1;0;0;-18003,1134457797;-9,83988866209984E-05;
72,4;72,4;1;1;4;1;0;0;-18003,1134457797;3,22330743074417E-05;
72,45;72,45;1;1;4;1;0;0;-18003,1134457797;-0,000107032246887684;
72,5;72,5;1;1;4;1;0;0;-18003,1134457797;-6,853137165308E-05;
72,55;72,55;1;1;4;1;0;0;-18003,1134457797;-0,000140476040542126;
72,6;72,6;1;1;4;1;0;0;-18003,1134457797;2,36602500081062E-05;
72,65;72,65;1;1;4;1;0;0;-18003,1134457797;-0,000120801851153374;
72,7;72,7;1;1;4;1;0;0;-18003,1134457797;-0,000157984904944897;
72,75;72,75;1;1;4;1;0;0;-18003,1134457797;-0,000178255140781403;
72,8;72,8;1;1;4;1;0;0;-18003,1134457797;-5,78677281737328E-05;
72,85;72,85;1;1;4;1;0;0;-18003,1134457797;-0,000147814862430096;
72,9;72,9;1;1;4;1;0;0;-18003,1134457797;-0,000166618265211582;
72,95;72,95;1;1;4;1;0;0;-18003,1134457797;-8,23475420475006E-05;
73;73;1;1;4;1;0;0;-18003,1134457797;-4,7171488404274E-05;
73,05;73,05;1;1;4;1;0;0;-18003,1134457797;-0,00010322779417038;
73,1;73,1;1;1;4;1;0;0;-18003,1134457797;-0,000172611325979233;
73,15;73,15;1;1;4;1;0;0;-18003,1134457797;-0,000132261775434017;
73,2;73,2;1;1;4;1;0;0;-18003,1134457797;5,33182173967361E-06;
73,25;73,25;1;1;4;1;0;0;-18003,1134457797;-0,000124336220324039;
73,3;73,3;1;1;4;1;0;0;-18003,1134457797;-0,000226632691919804;
73,35;73,35;1;1;4;1;0;0;-18003,1134457797;-0,000205892138183117;
73,4;73,4;1;1;4;1;0;0;-18003,1134457797;-3,19816172122955E-05;
73,45;73,45;1;1;4;1;0;0;-18003,1134457797;-0,000209729187190533;
73,5;73,5;1;1;4;1;0;0;-18003,1134457797;-0,00012414064258337;
73,55;73,55;1;1;4;1;0;0;-18003,1134457797;-6,34510070085526E-05;
73,6;73,6;1;1;4;1;0;0;-18003,1134457797;-3,08267772197723E-06;
73,65;73,65;1;1;4;1;0;0;-18003,1134457797;-0,000160983763635159;
73,7;73,7;1;1;4;1;0;0;-18003,1134457797;-0,00020813662558794;
73,75;73,75;1;1;4;1;0;0;-18003,1134457797;-0,000225398689508438;
73,8;73,8;1;1;4;1;0;0;-18003,1134457797;-5,37652522325516E-05;
73,85;73,85;1;1;4;1;0;0;-18003,1134457797;-0,00021706335246563;
73,9;73,9;1;1;4;1;0;0;-18003,1134457797;-0,000243266113102436;
73,95;73,95;1;1;4;1;0;0;-18003,1134457797;-0,000176979228854179;
74;74;1;1;4;1;0;0;-18003,1134457797;-9,79192554950714E-05;
74,05;74,05;1;1;4;1;0;0;-18003,1134457797;-0,000114953145384789;
74,1;74,1;1;1;4;1;0;0;-18003,1134457797;-0,000260393135249615;
74,15;74,15;1;1;4;1;0;0;-18003,1134457797;-0,000141318887472153;
74,2;74,2;1;1;4;1;0;0;-18003,1134457797;-0,000117202289402485;
74,25;74,25;1;1;4;1;0;0;-18003,1134457797;-0,000217226333916187;
74,3;74,3;1;1;4;1;0;0;-18003,1134457797;-0,000244998373091221;
74,35;74,35;1;1;4;1;0;0;-18003,1134457797;-0,000233189202845097;
74,4;74,4;1;1;4;1;0;0;-18003,1134457797;-1,99628993868828E-05;
74,45;74,45;1;1;4;1;0;0;-18003,1134457797;-0,000240919180214405;
74,5;74,5;1;1;4;1;0;0;-18003,1134457797;-0,000308831222355366;
74,55;74,55;1;1;4;1;0;0;-18003,1134457797;-0,000238479115068913;
74,6;74,6;1;1;4;1;0;0;-18003,1134457797;-0,000102412886917591;
74,65;74,65;1;1;4;1;0;0;-18003,1134457797;-0,000289403833448887;
74,7;74,7;1;1;4;1;0;0;-18003,1134457797;-0,000377646647393703;
74,75;74,75;1;1;4;1;0;0;-18003,1134457797;-0,000350773334503174;
74,8;74,8;1;1;4;1;0;0;-18003,1134457797;-0,000127349048852921;
74,85;74,85;1;1;4;1;0;0;-18003,1134457797;-0,000237408094108105;
74,9;74,9;1;1;4;1;0;0;-18003,1134457797;-0,000206297263503075;
74,95;74,95;1;1;4;1;0;0;-18003,1134457797;-0,000259284861385822;
75;75;1;1;4;1;0;0;-18003,1134457797;-0,000185053795576096;
75,05;75,05;1;1;4;1;0;0;-18003,1134457797;-0,00020984560251236;
75,1;75,1;1;1;4;1;0;0;-18003,1134457797;-0,000354135408997536;
75,15;75,15;1;1;4;1;0;0;-18003,1134457797;-0,00025527086108923;
75,2;75,2;1;1;4;1;0;0;-18003,1134457797;-0,000122105702757835;
75,25;75,25;1;1;4;1;0;0;-18003,1134457797;-0,000142813660204411;
75,3;75,3;1;1;4;1;0;0;-18003,1134457797;-0,000228257849812508;
75,35;75,35;1;1;4;1;0;0;-18003,1134457797;-0,000315094366669655;
75,4;75,4;1;1;4;1;0;0;-18003,1134457797;-3,93250957131386E-05;
75,45;75,45;1;1;4;1;0;0;-18003,1134457797;-0,000172401778399944;
75,5;75,5;1;1;4;1;0;0;-18003,1134457797;-0,000197258777916431;
75,55;75,55;1;1;4;1;0;0;-18003,1134457797;-0,00040633138269186;
75,6;75,6;1;1;4;1;0;0;-18003,1134457797;-0,000133505091071129;
75,65;75,65;1;1;4;1;0;0;-18003,1134457797;-0,0003439886495471;
75,7;75,7;1;1;4;1;0;0;-18003,1134457797;-0,000355476513504982;
75,75;75,75;1;1;4;1;0;0;-18003,1134457797;-0,000356491655111313;
75,8;75,8;1;1;4;1;0;0;-18003,1134457797;-0,000269049778580666;
75,85;75,85;1;1;4;1;0;0;-18003,1134457797;-0,00051471870392561;
75,9;75,9;1;1;4;1;0;0;-18003,1134457797;-0,00035405158996582;
75,95;75,95;1;1;4;1;0;0;-18003,1134457797;-0,000395025126636028;
76;76;1;1;4;1;0;0;-18003,1134457797;-0,000296887010335922;
76,05;76,05;1;1;4;1;0;0;-18003,1134457797;-0,000504343770444393;
76,1;76,1;1;1;4;1;0;0;-18003,1134457797;-0,000824849121272564;
76,15;76,15;1;1;4;1;0;0;-18003,1134457797;-0,000667860731482506;
76,2;76,2;1;1;4;1;0;0;-18003,1134457797;-0,000351346097886562;
76,25;76,25;1;1;4;1;0;0;-18003,1134457797;-0,000447169877588749;
76,3;76,3;1;1;4;1;0;0;-18003,1134457797;-0,000667404383420944;
76,35;76,35;1;1;4;1;0;0;-18003,1134457797;-0,000424464233219624;
76,4;76,4;1;1;4;1;0;0;-18003,1134457797;-0,000265855342149735;
76,45;76,45;1;1;4;1;0;0;-18003,1134457797;-0,000470825470983982;
76,5;76,5;1;1;4;1;0;0;-18003,1134457797;-0,000770101323723793;
76,55;76,55;1;1;4;1;0;0;-18003,1134457797;-0,000735237263143063;
76,6;76,6;1;1;4;1;0;0;-18003,1134457797;-0,000522774644196033;
76,65;76,65;1;1;4;1;0;0;-18003,1134457797;-0,000653043389320374;
76,7;76,7;1;1;4;1;0;0;-18003,1134457797;-0,000707185827195644;
76,75;76,75;1;1;4;1;0;0;-18003,1134457797;-0,000526667572557926;
76,8;76,8;1;1;4;1;0;0;-18003,1134457797;-0,000285310670733452;
76,85;76,85;1;1;4;1;0;0;-18003,1134457797;-0,000581997446715832;
76,9;76,9;1;1;4;1;0;0;-18003,1134457797;-0,000748955644667149;
76,95;76,95;1;1;4;1;0;0;-18003,1134457797;-0,000578430481255054;
77;77;1;1;4;1;0;0;-18003,1134457797;-0,000311029143631458;
77,05;77,05;1;1;4;1;0;0;-18003,1134457797;-0,000498397275805473;
77,1;77,1;1;1;4;1;0;0;-18003,1134457797;-0,000237366184592247;
77,15;77,15;1;1;4;1;0;0;-18003,1134457797;-0,000148294493556023;
77,2;77,2;1;1;4;1;0;0;-18003,1134457797;-0,000211219303309917;
77,25;77,25;1;1;4;1;0;0;-18003,1134457797;-0,000184453092515469;
77,3;77,3;1;1;4;1;0;0;-18003,1134457797;-0,000277794897556305;
77,35;77,35;1;1;4;1;0;0;-18003,1134457797;-0,00021827407181263;
77,4;77,4;1;1;4;1;0;0;-18003,1134457797;-0,000155926682054996;
77,45;77,45;1;1;4;1;0;0;-18003,1134457797;-4,36138361692429E-05;
77,5;77,5;1;1;4;1;0;0;-18003,1134457797;-0,000133709982037544;
77,55;77,55;1;1;4;1;0;0;-18003,1134457797;-0,000257627107203007;
77,6;77,6;1;1;4;1;0;0;-18003,1134457797;-0,000163563527166843;
77,65;77,65;1;1;4;1;0;0;-18003,1134457797;-0,000114170834422112;
77,7;77,7;1;1;4;1;0;0;-18003,1134457797;-0,000125570222735405;
77,75;77,75;1;1;4;1;0;0;-18003,1134457797;-0,000164425000548363;
77,8;77,8;1;1;4;1;0;0;-18003,1134457797;-0,000113928690552711;
77,85;77,85;1;1;4;1;0;0;-18003,1134457797;-0,000177831389009953;
77,9;77,9;1;1;4;1;0;0;-18003,1134457797;-0,00013135839253664;
77,95;77,95;1;1;4;1;0;0;-18003,1134457797;-0,000210721045732498;
78;78;1;1;4;1;0;0;-18003,1134457797;-7,58562237024307E-05;
78,05;78,05;1;1;4;1;0;0;-18003,1134457797;-0,000152289867401123;
78,1;78,1;1;1;4;1;0;0;-18003,1134457797;-0,000148764811456203;
78,15;78,15;1;1;4;1;0;0;-18003,1134457797;-0,000124555081129074;
78,2;78,2;1;1;4;1;0;0;-18003,1134457797;-0,000147642567753792;
78,25;78,25;1;1;4;1;0;0;-18003,1134457797;-0,000161356292665005;
78,3;78,3;1;1;4;1;0;0;-18003,1134457797;-0,000153183937072754;
78,35;78,35;1;1;4;1;0;0;-18003,1134457797;-0,000121197663247585;
78,4;78,4;1;1;4;1;0;0;-18003,1134457797;-0,000228737480938435;
78,45;78,45;1;1;4;1;0;0;-18003,1134457797;-0,00018648337572813;
78,5;78,5;1;1;4;1;0;0;-18003,1134457797;-0,000206632539629936;
78,55;78,55;1;1;4;1;0;0;-18003,1134457797;-0,000160206109285355;
78,6;78,6;1;1;4;1;0;0;-18003,1134457797;-0,000218744389712811;
78,65;78,65;1;1;4;1;0;0;-18003,1134457797;-0,00020668376237154;
78,7;78,7;1;1;4;1;0;0;-18003,1134457797;-0,000266428105533123;
78,75;78,75;1;1;4;1;0;0;-18003,1134457797;-0,000234902836382389;
78,8;78,8;1;1;4;1;0;0;-18003,1134457797;-0,000214017927646637;
78,85;78,85;1;1;4;1;0;0;-18003,1134457797;-0,000207200646400452;
78,9;78,9;1;1;4;1;0;0;-18003,1134457797;-0,00021656509488821;
78,95;78,95;1;1;4;1;0;0;-18003,1134457797;-0,000222139060497284;
79;79;1;1;4;1;0;0;-18003,1134457797;-0,000200672075152397;
79,05;79,05;1;1;4;1;0;0;-18003,1134457797;-0,000229473225772381;
79,1;79,1;1;1;4;1;0;0;-18003,1134457797;-0,00028825830668211;
79,15;79,15;1;1;4;1;0;0;-18003,1134457797;-0,000274479389190674;
79,2;79,2;1;1;4;1;0;0;-18003,1134457797;-0,000204402022063732;
79,25;79,25;1;1;4;1;0;0;-18003,1134457797;-0,000203750096261501;
79,3;79,3;1;1;4;1;0;0;-18003,1134457797;-0,00023543369024992;
79,35;79,35;1;1;4;1;0;0;-18003,1134457797;-0,000292151235044003;
79,4;79,4;1;1;4;1;0;0;-18003,1134457797;-0,000214283354580402;
79,45;79,45;1;1;4;1;0;0;-18003,1134457797;-0,000289459712803364;
79,5;79,5;1;1;4;1;0;0;-18003,1134457797;-0,000197449699044228;
79,55;79,55;1;1;4;1;0;0;-18003,1134457797;-0,000249110162258148;
79,6;79,6;1;1;4;1;0;0;-18003,1134457797;-0,000289999879896641;
79,65;79,65;1;1;4;1;0;0;-18003,1134457797;-0,000284882262349129;
79,7;79,7;1;1;4;1;0;0;-18003,1134457797;-0,000251834280788898;
79,75;79,75;1;1;4;1;0;0;-18003,1134457797;-0,000331220217049122;
79,8;79,8;1;1;4;1;0;0;-18003,1134457797;-0,00032374169677496;
79,85;79,85;1;1;4;1;0;0;-18003,1134457797;-0,000348039902746677;
79,9;79,9;1;1;4;1;0;0;-18003,1134457797;-0,000226059928536415;
79,95;79,95;1;1;4;1;0;0;-18003,1134457797;-0,000207563862204552;
80;80;1;1;4;1;0;0;-18003,1134457797;-0,000210651196539402;
80,05;80,05;1;1;4;1;0;0;-18003,1134457797;-0,000205249525606632;
80,1;80,1;1;1;4;1;0;0;-18003,1134457797;-0,000146394595503807;
80,15;80,15;1;1;4;1;0;0;-18003,1134457797;-0,000219237990677357;
80,2;80,2;1;1;4;1;0;0;-18003,1134457797;-0,000147861428558826;
80,25;80,25;1;1;4;1;0;0;-18003,1134457797;-0,000169994309544563;
80,3;80,3;1;1;4;1;0;0;-18003,1134457797;-7,67875462770462E-06;
80,35;80,35;1;1;4;1;0;0;-18003,1134457797;-8,50297510623932E-05;
80,4;80,4;1;1;4;1;0;0;-18003,1134457797;-7,80774280428886E-05;
80,45;80,45;1;1;4;1;0;0;-18003,1134457797;-0,000213324092328548;
80,5;80,5;1;1;4;1;0;0;-18003,1134457797;-0,000216616317629814;
80,55;80,55;1;1;4;1;0;0;-18003,1134457797;-0,000234381295740604;
80,6;80,6;1;1;4;1;0;0;-18003,1134457797;-0,00028170645236969;
80,65;80,65;1;1;4;1;0;0;-18003,1134457797;-0,000398359261453152;
80,7;80,7;1;1;4;1;0;0;-18003,1134457797;-0,000667190179228783;
80,75;80,75;1;1;4;1;0;0;-18003,1134457797;-0,000540544278919697;
80,8;80,8;1;1;4;1;0;0;-18003,1134457797;-0,000192397274076939;
80,85;80,85;1;1;4;1;0;0;-18003,1134457797;-0,000291438773274422;
80,9;80,9;1;1;4;1;0;0;-18003,1134457797;-0,000549368560314178;
80,95;80,95;1;1;4;1;0;0;-18003,1134457797;-0,00055855605751276;
81;81;1;1;4;1;0;0;-18003,1134457797;-0,000313823111355305;
81,05;81,05;1;1;4;1;0;0;-18003,1134457797;-0,000293976627290249;
81,1;81,1;1;1;4;1;0;0;-18003,1134457797;-0,000333855859935284;
81,15;81,15;1;1;4;1;0;0;-18003,1134457797;-0,000619105994701386;
81,2;81,2;1;1;4;1;0;0;-18003,1134457797;-0,000476157292723656;
81,25;81,25;1;1;4;1;0;0;-18003,1134457797;-0,000442950986325741;
81,3;81,3;1;1;4;1;0;0;-18003,1134457797;-0,000467482022941113;
81,35;81,35;1;1;4;1;0;0;-18003,1134457797;-0,000547603704035282;
81,4;81,4;1;1;4;1;0;0;-18003,1134457797;-0,000424901954829693;
81,45;81,45;1;1;4;1;0;0;-18003,1134457797;-0,000666435807943344;
81,5;81,5;1;1;4;1;0;0;-18003,1134457797;-0,0003461679443717;
81,55;81,55;1;1;4;1;0;0;-18003,1134457797;-0,000655432231724262;
81,6;81,6;1;1;4;1;0;0;-18003,1134457797;-0,000524879433214664;
81,65;81,65;1;1;4;1;0;0;-18003,1134457797;-0,000359201803803444;
81,7;81,7;1;1;4;1;0;0;-18003,1134457797;-0,000555077567696571;
81,75;81,75;1;1;4;1;0;0;-18003,1134457797;-0,000630002468824387;
81,8;81,8;1;1;4;1;0;0;-18003,1134457797;-0,000482657924294472;
81,85;81,85;1;1;4;1;0;0;-18003,1134457797;-0,000662426464259624;
81,9;81,9;1;1;4;1;0;0;-18003,1134457797;-0,000660018995404243;
81,95;81,95;1;1;4;1;0;0;-18003,1134457797;-0,000694436021149158;
82;82;1;1;4;1;0;0;-18003,1134457797;-0,000493898987770081;
82,05;82,05;1;1;4;1;0;0;-18003,1134457797;-0,000597285106778145;
82,1;82,1;1;1;4;1;0;0;-18003,1134457797;-0,000351709313690662;
82,15;82,15;1;1;4;1;0;0;-18003,1134457797;-0,000618752092123032;
82,2;82,2;1;1;4;1;0;0;-18003,1134457797;-0,000420864671468735;
82,25;82,25;1;1;4;1;0;0;-18003,1134457797;-0,000352361239492893;
82,3;82,3;1;1;4;1;0;0;-18003,1134457797;-0,000350172631442547;
82,35;82,35;1;1;4;1;0;0;-18003,1134457797;-0,000398522242903709;
82,4;82,4;1;1;4;1;0;0;-18003,1134457797;-0,000457065179944038;
82,45;82,45;1;1;4;1;0;0;-18003,1134457797;-0,000514676794409752;
82,5;82,5;1;1;4;1;0;0;-18003,1134457797;-0,000587804242968559;
82,55;82,55;1;1;4;1;0;0;-18003,1134457797;-0,000574300065636635;
82,6;82,6;1;1;4;1;0;0;-18003,1134457797;-0,000354927033185959;
82,65;82,65;1;1;4;1;0;0;-18003,1134457797;-0,000549801625311375;
82,7;82,7;1;1;4;1;0;0;-18003,1134457797;-0,000469419173896313;
82,75;82,75;1;1;4;1;0;0;-18003,1134457797;-0,000295531935989857;
82,8;82,8;1;1;4;1;0;0;-18003,1134457797;-0,00042320229113102;
82,85;82,85;1;1;4;1;0;0;-18003,1134457797;-0,000553433783352375;
82,9;82,9;1;1;4;1;0;0;-18003,1134457797;-0,000700652599334717;
82,95;82,95;1;1;4;1;0;0;-18003,1134457797;-0,00056426040828228;
83;83;1;1;4;1;0;0;-18003,1134457797;-0,000415649265050888;
83,05;83,05;1;1;4;1;0;0;-18003,1134457797;-0,00064394436776638;
83,1;83,1;1;1;4;1;0;0;-18003,1134457797;-0,000820597633719444;
83,15;83,15;1;1;4;1;0;0;-18003,1134457797;-0,000612377189099789;
83,2;83,2;1;1;4;1;0;0;-18003,1134457797;-0,000430741347372532;
83,25;83,25;1;1;4;1;0;0;-18003,1134457797;-0,000604414381086826;
83,3;83,3;1;1;4;1;0;0;-18003,1134457797;-0,000712205655872822;
83,35;83,35;1;1;4;1;0;0;-18003,1134457797;-0,000698287039995193;
83,4;83,4;1;1;4;1;0;0;-18003,1134457797;-0,00044854823499918;
83,45;83,45;1;1;4;1;0;0;-18003,1134457797;-0,000572861172258854;
83,5;83,5;1;1;4;1;0;0;-18003,1134457797;-0,000630998983979225;
83,55;83,55;1;1;4;1;0;0;-18003,1134457797;-0,000520865432918072;
83,6;83,6;1;1;4;1;0;0;-18003,1134457797;-0,000433009117841721;
83,65;83,65;1;1;4;1;0;0;-18003,1134457797;-0,000567091628909111;
83,7;83,7;1;1;4;1;0;0;-18003,1134457797;-0,00068299937993288;
83,75;83,75;1;1;4;1;0;0;-18003,1134457797;-0,000647096894681454;
83,8;83,8;1;1;4;1;0;0;-18003,1134457797;-0,000470038503408432;
83,85;83,85;1;1;4;1;0;0;-18003,1134457797;-0,00055347103625536;
83,9;83,9;1;1;4;1;0;0;-18003,1134457797;-0,000680494122207165;
83,95;83,95;1;1;4;1;0;0;-18003,1134457797;-0,000580423511564732;
84;84;1;1;4;1;0;0;-18003,1134457797;-0,000436673872172832;
84,05;84,05;1;1;4;1;0;0;-18003,1134457797;-0,000500599853694439;
84,1;84,1;1;1;4;1;0;0;-18003,1134457797;-0,000586290843784809;
84,15;84,15;1;1;4;1;0;0;-18003,1134457797;-0,000393912196159363;
84,2;84,2;1;1;4;1;0;0;-18003,1134457797;-0,000367206521332264;
84,25;84,25;1;1;4;1;0;0;-18003,1134457797;-0,000389940105378628;
84,3;84,3;1;1;4;1;0;0;-18003,1134457797;-0,000459845177829266;
84,35;84,35;1;1;4;1;0;0;-18003,1134457797;-0,000429968349635601;
84,4;84,4;1;1;4;1;0;0;-18003,1134457797;-0,000418359413743019;
84,45;84,45;1;1;4;1;0;0;-18003,1134457797;-0,000645769760012627;
84,5;84,5;1;1;4;1;0;0;-18003,1134457797;-0,000683576799929142;
84,55;84,55;1;1;4;1;0;0;-18003,1134457797;-0,000579371117055416;
84,6;84,6;1;1;4;1;0;0;-18003,1134457797;-0,000419672578573227;
84,65;84,65;1;1;4;1;0;0;-18003,1134457797;-0,000574118457734585;
84,7;84,7;1;1;4;1;0;0;-18003,1134457797;-0,000609923154115677;
84,75;84,75;1;1;4;1;0;0;-18003,1134457797;-0,000509796664118767;
84,8;84,8;1;1;4;1;0;0;-18003,1134457797;-0,000486113131046295;
84,85;84,85;1;1;4;1;0;0;-18003,1134457797;-0,000622132793068886;
84,9;84,9;1;1;4;1;0;0;-18003,1134457797;-0,000589005649089813;
84,95;84,95;1;1;4;1;0;0;-18003,1134457797;-0,000569806434214115;
85;85;1;1;4;1;0;0;-18003,1134457797;-0,000432184897363186;
85,05;85,05;1;1;4;1;0;0;-18003,1134457797;-0,000658407807350159;
85,1;85,1;1;1;4;1;0;0;-18003,1134457797;-0,000702589750289917;
85,15;85,15;1;1;4;1;0;0;-18003,1134457797;-0,00062206294387579;
85,2;85,2;1;1;4;1;0;0;-18003,1134457797;-0,0004942761734128;
85,25;85,25;1;1;4;1;0;0;-18003,1134457797;-0,000640982761979103;
85,3;85,3;1;1;4;1;0;0;-18003,1134457797;-0,00079798512160778;
85,35;85,35;1;1;4;1;0;0;-18003,1134457797;-0,000648703426122665;
85,4;85,4;1;1;4;1;0;0;-18003,1134457797;-0,000514951534569263;
85,45;85,45;1;1;4;1;0;0;-18003,1134457797;-0,000561689957976341;
85,5;85,5;1;1;4;1;0;0;-18003,1134457797;-0,000780276022851467;
85,55;85,55;1;1;4;1;0;0;-18003,1134457797;-0,000491873361170292;
85,6;85,6;1;1;4;1;0;0;-18003,1134457797;-0,000434098765254021;
85,65;85,65;1;1;4;1;0;0;-18003,1134457797;-0,000642994418740273;
85,7;85,7;1;1;4;1;0;0;-18003,1134457797;-0,000714026391506195;
85,75;85,75;1;1;4;1;0;0;-18003,1134457797;-0,000751516781747341;
85,8;85,8;1;1;4;1;0;0;-18003,1134457797;-0,000515719875693321;
85,85;85,85;1;1;4;1;0;0;-18003,1134457797;-0,000694277696311474;
85,9;85,9;1;1;4;1;0;0;-18003,1134457797;-0,000759758986532688;
85,95;85,95;1;1;4;1;0;0;-18003,1134457797;-0,00075142364948988;
86;86;1;1;4;1;0;0;-18003,1134457797;-0,000549103133380413;
86,05;86,05;1;1;4;1;0;0;-18003,1134457797;-0,000611203722655773;
86,1;86,1;1;1;4;1;0;0;-18003,1134457797;-0,000726417638361454;
86,15;86,15;1;1;4;1;0;0;-18003,1134457797;-0,000603040680289268;
86,2;86,2;1;1;4;1;0;0;-18003,1134457797;-0,000565312802791595;
86,25;86,25;1;1;4;1;0;0;-18003,1134457797;-0,000628586858510971;
86,3;86,3;1;1;4;1;0;0;-18003,1134457797;-0,000753891654312611;
86,35;86,35;1;1;4;1;0;0;-18003,1134457797;-0,000553587451577187;
86,4;86,4;1;1;4;1;0;0;-18003,1134457797;-0,000513247214257717;
86,45;86,45;1;1;4;1;0;0;-18003,1134457797;-0,000685136765241623;
86,5;86,5;1;1;4;1;0;0;-18003,1134457797;-0,000819838605821133;
86,55;86,55;1;1;4;1;0;0;-18003,1134457797;-0,000714119523763657;
86,6;86,6;1;1;4;1;0;0;-18003,1134457797;-0,000532511621713638;
86,65;86,65;1;1;4;1;0;0;-18003,1134457797;-0,000545401126146317;
86,7;86,7;1;1;4;1;0;0;-18003,1134457797;-0,000526979565620422;
86,75;86,75;1;1;4;1;0;0;-18003,1134457797;-0,000546509400010109;
86,8;86,8;1;1;4;1;0;0;-18003,1134457797;-0,00040596816688776;
86,85;86,85;1;1;4;1;0;0;-18003,1134457797;-0,000586612150073051;
86,9;86,9;1;1;4;1;0;0;-18003,1134457797;-0,000602775253355503;
86,95;86,95;1;1;4;1;0;0;-18003,1134457797;-0,00052939634770155;
87;87;1;1;4;1;0;0;-18003,1134457797;-0,000495067797601223;
87,05;87,05;1;1;4;1;0;0;-18003,1134457797;-0,000527957454323769;
87,1;87,1;1;1;4;1;0;0;-18003,1134457797;-0,000512148253619671;
87,15;87,15;1;1;4;1;0;0;-18003,1134457797;-0,00054837204515934;
87,2;87,2;1;1;4;1;0;0;-18003,1134457797;-0,000429479405283928;
87,25;87,25;1;1;4;1;0;0;-18003,1134457797;-0,00055359210819006;
87,3;87,3;1;1;4;1;0;0;-18003,1134457797;-0,000498113222420216;
87,35;87,35;1;1;4;1;0;0;-18003,1134457797;-0,000428515486419201;
87,4;87,4;1;1;4;1;0;0;-18003,1134457797;-0,0003798957914114;
87,45;87,45;1;1;4;1;0;0;-18003,1134457797;-0,000557005405426025;
87,5;87,5;1;1;4;1;0;0;-18003,1134457797;-0,000715861096978188;
87,55;87,55;1;1;4;1;0;0;-18003,1134457797;-0,000549736432731152;
87,6;87,6;1;1;4;1;0;0;-18003,1134457797;-0,000522350892424583;
87,65;87,65;1;1;4;1;0;0;-18003,1134457797;-0,000527184456586838;
87,7;87,7;1;1;4;1;0;0;-18003,1134457797;-0,000576451420783997;
87,75;87,75;1;1;4;1;0;0;-18003,1134457797;-0,000570639967918396;
87,8;87,8;1;1;4;1;0;0;-18003,1134457797;-0,000522308982908726;
87,85;87,85;1;1;4;1;0;0;-18003,1134457797;-0,000524218194186687;
87,9;87,9;1;1;4;1;0;0;-18003,1134457797;-0,000625550746917725;
87,95;87,95;1;1;4;1;0;0;-18003,1134457797;-0,000602942891418934;
88;88;1;1;4;1;0;0;-18003,1134457797;-0,000477219000458717;
88,05;88,05;1;1;4;1;0;0;-18003,1134457797;-0,000634272582828999;
88,1;88,1;1;1;4;1;0;0;-18003,1134457797;-0,000671092420816422;
88,15;88,15;1;1;4;1;0;0;-18003,1134457797;-0,00068912748247385;
88,2;88,2;1;1;4;1;0;0;-18003,1134457797;-0,000508422963321209;
88,25;88,25;1;1;4;1;0;0;-18003,1134457797;-0,000623078085482121;
88,3;88,3;1;1;4;1;0;0;-18003,1134457797;-0,000611436553299427;
88,35;88,35;1;1;4;1;0;0;-18003,1134457797;-0,000577308237552643;
88,4;88,4;1;1;4;1;0;0;-18003,1134457797;-0,000455277040600777;
88,45;88,45;1;1;4;1;0;0;-18003,1134457797;-0,000630808062851429;
88,5;88,5;1;1;4;1;0;0;-18003,1134457797;-0,000674058683216572;
88,55;88,55;1;1;4;1;0;0;-18003,1134457797;-0,000584414228796959;
88,6;88,6;1;1;4;1;0;0;-18003,1134457797;-0,000572390854358673;
88,65;88,65;1;1;4;1;0;0;-18003,1134457797;-0,000625369139015675;
88,7;88,7;1;1;4;1;0;0;-18003,1134457797;-0,000746692530810833;
88,75;88,75;1;1;4;1;0;0;-18003,1134457797;-0,000621913932263851;
88,8;88,8;1;1;4;1;0;0;-18003,1134457797;-0,000583077780902386;
88,85;88,85;1;1;4;1;0;0;-18003,1134457797;-0,000577410683035851;
88,9;88,9;1;1;4;1;0;0;-18003,1134457797;-0,000547170639038086;
88,95;88,95;1;1;4;1;0;0;-18003,1134457797;-0,00058906152844429;
89;89;1;1;4;1;0;0;-18003,1134457797;-0,000604172237217426;
89,05;89,05;1;1;4;1;0;0;-18003,1134457797;-0,000666938722133636;
89,1;89,1;1;1;4;1;0;0;-18003,1134457797;-0,000609643757343292;
89,15;89,15;1;1;4;1;0;0;-18003,1134457797;-0,000678920187056065;
89,2;89,2;1;1;4;1;0;0;-18003,1134457797;-0,000493046827614307;
89,25;89,25;1;1;4;1;0;0;-18003,1134457797;-0,000677173957228661;
89,3;89,3;1;1;4;1;0;0;-18003,1134457797;-0,000491361133754253;
89,35;89,35;1;1;4;1;0;0;-18003,1134457797;-0,000675641931593418;
89,4;89,4;1;1;4;1;0;0;-18003,1134457797;-0,000625704415142536;
89,45;89,45;1;1;4;1;0;0;-18003,1134457797;-0,000772625207901001;
89,5;89,5;1;1;4;1;0;0;-18003,1134457797;-0,000900905579328537;
89,55;89,55;1;1;4;1;0;0;-18003,1134457797;-0,000694119371473789;
89,6;89,6;1;1;4;1;0;0;-18003,1134457797;-0,000642822124063969;
89,65;89,65;1;1;4;1;0;0;-18003,1134457797;-0,000804639421403408;
89,7;89,7;1;1;4;1;0;0;-18003,1134457797;-0,000898907892405987;
89,75;89,75;1;1;4;1;0;0;-18003,1134457797;-0,000788909383118153;
89,8;89,8;1;1;4;1;0;0;-18003,1134457797;-0,000736447982490063;
89,85;89,85;1;1;4;1;0;0;-18003,1134457797;-0,000906521454453468;
89,9;89,9;1;1;4;1;0;0;-18003,1134457797;-0,000984221696853638;
89,95;89,95;1;1;4;1;0;0;-18003,1134457797;-0,000698836520314217;
90;90;1;1;4;1;0;0;-18003,1134457797;-0,000618030317127705;
90,05;90,05;1;1;4;1;0;0;-18003,1134457797;-0,000769589096307755;
90,1;90,1;1;1;4;1;0;0;-18003,1134457797;-0,000799302943050861;
90,15;90,15;1;1;4;1;0;0;-18003,1134457797;-0,000810106284916401;
90,2;90,2;1;1;4;1;0;0;-18003,1134457797;-0,000558360479772091;
90,25;90,25;1;1;4;1;0;0;-18003,1134457797;-0,000803330913186073;
90,3;90,3;1;1;4;1;0;0;-18003,1134457797;-0,000842064619064331;
90,35;90,35;1;1;4;1;0;0;-18003,1134457797;-0,000706515274941921;
90,4;90,4;1;1;4;1;0;0;-18003,1134457797;-0,000510266982018948;
90,45;90,45;1;1;4;1;0;0;-18003,1134457797;-0,000629094429314137;
90,5;90,5;1;1;4;1;0;0;-18003,1134457797;-0,000724885612726212;
90,55;90,55;1;1;4;1;0;0;-18003,1134457797;-0,000602025538682938;
90,6;90,6;1;1;4;1;0;0;-18003,1134457797;-0,000545121729373932;
90,65;90,65;1;1;4;1;0;0;-18003,1134457797;-0,00054327305406332;
90,7;90,7;1;1;4;1;0;0;-18003,1134457797;-0,000647627748548985;
90,75;90,75;1;1;4;1;0;0;-18003,1134457797;-0,00061502680182457;
90,8;90,8;1;1;4;1;0;0;-18003,1134457797;-0,000525908544659615;
90,85;90,85;1;1;4;1;0;0;-18003,1134457797;-0,000512548722326756;
90,9;90,9;1;1;4;1;0;0;-18003,1134457797;-0,000565405935049057;
90,95;90,95;1;1;4;1;0;0;-18003,1134457797;-0,000495258718729019;
91;91;1;1;4;1;0;0;-18003,1134457797;-0,00056450255215168;
91,05;91,05;1;1;4;1;0;0;-18003,1134457797;-0,000524385832250118;
91,1;91,1;1;1;1;2;0;0;-18003,1134457797;-0,00062860082834959;
91,1;91,1;1;1;1;2;0;0;-18003,1134457797;-0,00062860082834959;
91,15;91,15;1;1;1;2;0;0;-18003,1134457797;-0,00059482641518116;
91,2;91,2;1;1;1;2;0;0;-18003,1134457797;-0,000476324930787086;
91,25;91,25;1;1;1;2;0;0;-18003,1134457797;-0,000629839487373829;
91,3;91,3;1;1;1;2;0;0;-18003,1134457797;-0,000622440129518509;
91,35;91,35;1;1;1;2;0;0;-18004,0808291418;-0,000846767798066139;
91,4;91,4;1;1;1;2;0;0;-18010,1819604387;-0,00151826068758965;
91,45;91,45;1;1;1;2;0;0;-18017,3220006697;-0,00232282094657421;
91,5;91,5;1;1;1;2;0;0;-18021,599229879;-0,00331021845340729;
91,55;91,55;1;1;1;2;0;0;-18024,9162282834;-0,00470909755676985;
91,6;91,6;1;1;1;2;0;0;-18027,6574458326;-0,00605443026870489;
91,65;91,65;1;1;1;2;0;0;-18030,3360785063;-0,00745572149753571;
91,7;91,7;1;1;1;2;0;0;-18033,0129230407;-0,00898097641766071;
91,75;91,75;1;1;1;2;0;0;-18035,5020129485;-0,00994219910353422;
91,8;91,8;1;1;1;2;0;0;-18037,2615420212;-0,0113373529165983;
91,85;91,85;1;1;1;2;0;0;-18038,600858358;-0,0140781747177243;
91,9;91,9;1;1;1;2;0;0;-18041,4958558872;-0,0166904786601663;
91,95;91,95;1;1;1;2;0;0;-18045,0649819331;-0,0192069634795189;
92;92;1;1;1;2;0;0;-18048,6358961183;-0,0216967286542058;
92,05;92,05;1;1;1;2;0;0;-18052,2068103034;-0,0240416871383786;
92,1;92,1;1;1;1;2;0;0;-18055,2716810663;-0,0271595409139991;
92,15;92,15;1;1;1;2;0;0;-18057,274397084;-0,0298318080604076;
92,2;92,2;1;1;1;2;0;0;-18059,0607482462;-0,0322185456752777;
92,25;92,25;1;1;1;2;0;0;-18060,8453112692;-0,0340392999351025;
92,3;92,3;1;1;1;2;0;0;-18062,6316624314;-0,0354650663211942;
92,35;92,35;1;1;1;2;0;0;-18064,4430475439;-0,0402254005894065;
92,4;92,4;1;1;1;2;0;0;-18068,3411912212;-0,0445041107013822;
92,45;92,45;1;1;1;2;0;0;-18072,3591402318;-0,0482960697263479;
92,5;92,5;1;1;1;2;0;0;-18076,3055636703;-0,0521282199770212;
92,55;92,55;1;1;1;2;0;0;-18078,9591623938;-0,0560480542480946;
92,6;92,6;1;1;1;2;0;0;-18081,1907602421;-0,0591135630384088;
92,65;92,65;1;1;1;2;0;0;-18083,4223580904;-0,0615713698789477;
92,7;92,7;1;1;1;2;0;0;-18085,2373194815;-0,0638747867196798;
92,75;92,75;1;1;1;2;0;0;-18086,5766358183;-0,0687117129564285;
92,8;92,8;1;1;1;2;0;0;-18088,9137338854;-0,0742148654535413;
92,85;92,85;1;1;1;2;0;0;-18093,3769295821;-0,0789143983274698;
92,9;92,9;1;1;1;2;0;0;-18097,3072597668;-0,084033440798521;
92,95;92,95;1;1;1;2;0;0;-18099,8410531571;-0,0883688125759363;
93;93;1;1;1;2;0;0;-18102,0726510054;-0,0926035363227129;
93,05;93,05;1;1;1;2;0;0;-18104,3042488538;-0,097678629681468;
93,1;93,1;1;1;1;2;0;0;-18106,5358467021;-0,101898666471243;
93,15;93,15;1;1;1;2;0;0;-18108,7674445504;-0,10603342205286;
93,2;93,2;1;1;1;2;0;0;-18111,3924330451;-0,108721889555454;
93,25;93,25;1;1;1;2;0;0;-18112,7478426356;-0,111113749444485;
93,3;93,3;1;1;1;2;0;0;-18113,9923875895;-0,118935387581587;
93,35;93,35;1;1;1;2;0;0;-18118,0103366001;-0,125118643045425;
93,4;93,4;1;1;1;2;0;0;-18122,0264974713;-0,130739146843553;
93,45;93,45;1;1;1;2;0;0;-18126,0265650889;-0,136477099731565;
93,5;93,5;1;1;1;2;0;0;-18128,6175789368;-0,141730513423681;
93,55;93,55;1;1;1;2;0;0;-18130,688244248;-0,146155692636967;
93,6;93,6;1;1;1;2;0;0;-18132,3673070521;-0,148877985775471;
93,65;93,65;1;1;1;2;0;0;-18133,706623389;-0,153789026662707;
93,7;93,7;1;1;1;2;0;0;-18135,4250252577;-0,162259265780449;
93,75;93,75;1;1;1;2;0;0;-18139,8578225863;-0,169031750410795;
93,8;93,8;1;1;1;2;0;0;-18144,0492211091;-0,174832977354527;
93,85;93,85;1;1;1;2;0;0;-18146,6831503002;-0,181444454938173;
93,9;93,9;1;1;1;2;0;0;-18148,9147481485;-0,18790865316987;
93,95;93,95;1;1;1;2;0;0;-18151,1463459969;-0,19396809861064;
94;94;1;1;1;2;0;0;-18153,3779438452;-0,200532767921686;
94,05;94,05;1;1;1;2;0;0;-18155,6095416935;-0,206258520483971;
94,1;94,1;1;1;1;2;0;0;-18158,1343943873;-0,213600136339664;
94,15;94,15;1;1;1;2;0;0;-18160,8112389217;-0,21914929151535;
94,2;94,2;1;1;1;2;0;0;-18163,4898715954;-0,226157326251268;
94,25;94,25;1;1;1;2;0;0;-18166,1685042691;-0,232145003974438;
94,3;94,3;1;1;1;2;0;0;-18168,8453488035;-0,236158687621355;
94,35;94,35;1;1;1;2;0;0;-18171,1395315274;-0,239526424556971;
94,4;94,4;1;1;1;2;0;0;-18172,4788478642;-0,247282031923532;
94,45;94,45;1;1;1;2;0;0;-18174,4636824889;-0,256526563316584;
94,5;94,5;1;1;1;2;0;0;-18178,0345966741;-0,264549311250448;
94,55;94,55;1;1;1;2;0;0;-18181,6055108593;-0,27165200561285;
94,6;94,6;1;1;1;2;0;0;-18185,1764250444;-0,278992615640163;
94,65;94,65;1;1;1;2;0;0;-18188,7151527222;-0,286696515977383;
94,7;94,7;1;1;1;2;0;0;-18191,3562344706;-0,293963141739368;
94,75;94,75;1;1;1;2;0;0;-18193,5878323189;-0,301374699920416;
94,8;94,8;1;1;1;2;0;0;-18195,8194301672;-0,308698266744614;
94,85;94,85;1;1;1;2;0;0;-18198,0510280155;-0,316488333046436;
94,9;94,9;1;1;1;2;0;0;-18200,2826258638;-0,32355509698391;
94,95;94,95;1;1;1;2;0;0;-18202,8199955327;-0,330475494265556;
95;95;1;1;1;2;0;0;-18205,4968400671;-0,334150604903698;
95,05;95,05;1;1;1;2;0;0;-18206,9595380158;-0,337871126830578;
95,1;95,1;1;1;1;2;0;0;-18207,8929467312;-0,349454022943974;
95,15;95,15;1;1;1;2;0;0;-18211,3422674439;-0,3590989112854;
95,2;95,2;1;1;1;2;0;0;-18214,913181629;-0,367478542029858;
95,25;95,25;1;1;1;2;0;0;-18218,4840958142;-0,375947989523411;
95,3;95,3;1;1;1;2;0;0;-18222,0532218601;-0,384535640478134;
95,35;95,35;1;1;1;2;0;0;-18225,3058472496;-0,392642989754677;
95,4;95,4;1;1;1;2;0;0;-18227,7859964608;-0,401128120720387;
95,45;95,45;1;1;1;2;0;0;-18230,0175943091;-0,409390777349472;
95,5;95,5;1;1;1;2;0;0;-18232,2491921574;-0,418120957911015;
95,55;95,55;1;1;1;2;0;0;-18234,4807900058;-0,42561799287796;
95,6;95,6;1;1;1;2;0;0;-18236,7123878541;-0,431918948888779;
95,65;95,65;1;1;1;2;0;0;-18238,9439857024;-0,440065152943134;
95,7;95,7;1;1;1;2;0;0;-18241,1755835507;-0,444184131920338;
95,75;95,75;1;1;1;2;0;0;-18243,0263077278;-0,454817712306976;
95,8;95,8;1;1;1;2;0;0;-18244,9521337556;-0,466063395142555;
95,85;95,85;1;1;1;2;0;0;-18248,5141072442;-0,475642867386341;
95,9;95,9;1;1;1;2;0;0;-18252,0832332901;-0,485314019024372;
95,95;95,95;1;1;1;2;0;0;-18255,6541474753;-0,494535975158215;
96;96;1;1;1;2;0;0;-18259,0373070338;-0,503577850759029;
96,05;96,05;1;1;1;2;0;0;-18261,5889818171;-0,512366853654385;
96,1;96,1;1;1;1;2;0;0;-18263,8205796654;-0,521969720721245;
96,15;96,15;1;1;1;2;0;0;-18266,0521775137;-0,531260557472706;
96,2;96,2;1;1;1;2;0;0;-18268,283775362;-0,540369898080826;
96,25;96,25;1;1;1;2;0;0;-18270,5153732104;-0,549451410770416;
96,3;96,3;1;1;1;2;0;0;-18273,122480312;-0,558923855423927;
96,35;96,35;1;1;1;2;0;0;-18275,7993248464;-0,567074343562126;
96,4;96,4;1;1;1;2;0;0;-18278,4779575201;-0,574775375425816;
96,45;96,45;1;1;1;2;0;0;-18280,938437199;-0,580585338175297;
96,5;96,5;1;1;1;2;0;0;-18282,723000222;-0,587007589638233;
96,55;96,55;1;1;1;2;0;0;-18284,1392065488;-0,599560290575027;
96,6;96,6;1;1;1;2;0;0;-18287,1808315007;-0,611653886735439;
96,65;96,65;1;1;1;2;0;0;-18291,196992372;-0,621905475854874;
96,7;96,7;1;1;1;2;0;0;-18295,206000686;-0,632607415318489;
96,75;96,75;1;1;1;2;0;0;-18297,9436419567;-0,642161145806313;
96,8;96,8;1;1;1;2;0;0;-18300,2378246805;-0,652711018919945;
96,85;96,85;1;1;1;2;0;0;-18302,4694225289;-0,662549957633018;
96,9;96,9;1;1;1;2;0;0;-18304,7010203772;-0,672955587506294;
96,95;96,95;1;1;1;2;0;0;-18306,9326182255;-0,682365372776985;
97;97;1;1;1;2;0;0;-18309,3519707005;-0,692647397518158;
97,05;97,05;1;1;1;2;0;0;-18312,0306033742;-0,702575147151947;
97,1;97,1;1;1;1;2;0;0;-18314,7074479086;-0,712850764393806;
97,15;97,15;1;1;1;2;0;0;-18317,3860805823;-0,722604170441628;
97,2;97,2;1;1;1;2;0;0;-18320,0629251167;-0,732107162475586;
97,25;97,25;1;1;1;2;0;0;-18322,7415577904;-0,742271244525909;
97,3;97,3;1;1;1;2;0;0;-18325,4201904641;-0,748892948031425;
97,35;97,35;1;1;1;2;0;0;-18327,1564737259;-0,752250924706459;
97,4;97,4;1;1;1;2;0;0;-18328,0487552374;-0,765241608023643;
97,45;97,45;1;1;1;2;0;0;-18331,0063376421;-0,779604688286781;
97,5;97,5;1;1;1;2;0;0;-18335,0224985134;-0,791445150971413;
97,55;97,55;1;1;1;2;0;0;-18339,0386593846;-0,802472308278084;
97,6;97,6;1;1;1;2;0;0;-18342,2036659483;-0,813608393073082;
97,65;97,65;1;1;1;2;0;0;-18344,5568572692;-0,824781209230423;
97,7;97,7;1;1;1;2;0;0;-18346,7884551175;-0,835458338260651;
97,75;97,75;1;1;1;2;0;0;-18349,0200529658;-0,846551284193993;
97,8;97,8;1;1;1;2;0;0;-18351,2516508141;-0,856595635414124;
97,85;97,85;1;1;1;2;0;0;-18353,6191472494;-0,868209600448608;
97,9;97,9;1;1;1;2;0;0;-18356,2977799231;-0,877028256654739;
97,95;97,95;1;1;1;2;0;0;-18358,9746244575;-0,885815620422363;
98;98;1;1;1;2;0;0;-18361,3993413504;-0,890431478619576;
98,05;98,05;1;1;1;2;0;0;-18362,2934110011;-0,903161615133286;
98,1;98,1;1;1;1;2;0;0;-18364,7234923119;-0,919210612773895;
98,15;98,15;1;1;1;2;0;0;-18368,7414413225;-0,93071386218071;
98,2;98,2;1;1;1;2;0;0;-18372,7576021937;-0,941971465945244;
98,25;98,25;1;1;1;2;0;0;-18375,4845146286;-0,954272523522377;
98,3;98,3;1;1;1;2;0;0;-18377,3674253131;-0,965955406427383;
98,35;98,35;1;1;1;2;0;0;-18379,151988336;-0,976951867341995;
98,4;98,4;1;1;1;2;0;0;-18381,2852385228;-0,98890095949173;
98,45;98,45;1;1;1;2;0;0;-18384,4109060219;-0,999897792935371;
98,5;98,5;1;1;1;2;0;0;-18387,5347853816;-1,01188480854034;
98,55;98,55;1;1;1;2;0;0;-18390,6586647414;-1,02353602647781;
98,6;98,6;1;1;1;2;0;0;-18393,7825441012;-1,03394903242588;
98,65;98,65;1;1;1;2;0;0;-18396,1071251932;-1,04375742375851;
98,7;98,7;1;1;1;2;0;0;-18397,7396963755;-1,0531285405159;
98,75;98,75;1;1;1;2;0;0;-18399,0772245731;-1,06559343636036;
98,8;98,8;1;1;1;2;0;0;-18401,7880437542;-1,07736058533192;
98,85;98,85;1;1;1;2;0;0;-18404,911923114;-1,08640044927597;
98,9;98,9;1;1;1;2;0;0;-18408,0358024738;-1,0989286750555;
98,95;98,95;1;1;1;2;0;0;-18411,1614699729;-1,10811740159988;
99;99;1;1;1;2;0;0;-18413,1498808762;-1,12309619784355;
99,05;99,05;1;1;1;2;0;0;-18414,9594778493;-1,13658100366592;
99,1;99,1;1;1;1;2;0;0;-18418,4552901839;-1,14826127886772;
99,15;99,15;1;1;1;2;0;0;-18422,026204369;-1,16048000752926;
99,2;99,2;1;1;1;2;0;0;-18425,5971185542;-1,17350824177265;
99,25;99,25;1;1;1;2;0;0;-18428,4509888794;-1,18525683879852;
99,3;99,3;1;1;1;2;0;0;-18430,743383464;-1,19730293750763;
99,35;99,35;1;1;1;2;0;0;-18432,9749813123;-1,2092798948288;
99,4;99,4;1;1;1;2;0;0;-18435,2065791607;-1,22126467525959;
99,45;99,45;1;1;1;2;0;0;-18437,438177009;-1,23352847993374;
99,5;99,5;1;1;1;2;0;0;-18439,857529484;-1,24568566679955;
99,55;99,55;1;1;1;2;0;0;-18442,5343740184;-1,25636577606201;
99,6;99,6;1;1;1;2;0;0;-18445,2130066921;-1,26437872648239;
99,65;99,65;1;1;1;2;0;0;-18447,430299426;-1,27283453941345;
99,7;99,7;1;1;1;2;0;0;-18449,0628706083;-1,2839737534523;
99,75;99,75;1;1;1;2;0;0;-18450,4003988058;-1,30113705992699;
99,8;99,8;1;1;1;2;0;0;-18453,728126046;-1,31542980670929;
99,85;99,85;1;1;1;2;0;0;-18457,2990402312;-1,32874175906181;
99,9;99,9;1;1;1;2;0;0;-18460,8699544163;-1,34175077080727;
99,95;99,95;1;1;1;2;0;0;-18464,4408686015;-1,35534837841988;
100;100;1;1;1;2;0;0;-18467,3394424093;-1,36825531721115;
100,05;100,05;1;1;1;2;0;0;-18469,697998148;-1,38119131326675;
100,1;100,1;1;1;1;2;0;0;-18471,9295959964;-1,39369428157806;
100,15;100,15;1;1;1;2;0;0;-18474,1611938447;-1,40674114227295;
100,2;100,2;1;1;1;2;0;0;-18476,392791693;-1,41887247562408;
100,25;100,25;1;1;1;2;0;0;-18478,7584999889;-1,43222585320473;
100,3;100,3;1;1;1;2;0;0;-18481,4371326626;-1,44397586584091;
100,35;100,35;1;1;1;2;0;0;-18484,113977197;-1,45804673433304;
100,4;100,4;1;1;1;2;0;0;-18486,7926098707;-1,47076562047005;
100,45;100,45;1;1;1;2;0;0;-18489,4694544051;-1,48157015442848;
100,5;100,5;1;1;1;2;0;0;-18492,1480870789;-1,49366647005081;
100,55;100,55;1;1;1;2;0;0;-18494,8267197526;-1,50251507759094;
100,6;100,6;1;1;1;2;0;0;-18496,1588835322;-1,50769114494324;
100,65;100,65;1;1;1;2;0;0;-18497,052953183;-1,5259313583374;
100,7;100,7;1;1;1;2;0;0;-18500,1374934781;-1,54170170426369;
100,75;100,75;1;1;1;2;0;0;-18503,7084076633;-1,5572464466095;
100,8;100,8;1;1;1;2;0;0;-18507,2775337092;-1,57042741775513;
100,85;100,85;1;1;1;2;0;0;-18510,8484478943;-1,58430173993111;
100,9;100,9;1;1;1;2;0;0;-18513,2248850261;-1,5974049270153;
100,95;100,95;1;1;1;2;0;0;-18515,009448049;-1,61132737994194;
101;101;1;1;1;2;0;0;-18516,7957992113;-1,6244001686573;
101,05;101,05;1;1;1;2;0;0;-18519,6550339544;-1,635512560606;
101,1;101,1;1;1;1;2;0;0;-18522,7789133142;-1,64950951933861;
101,15;101,15;1;1;1;2;0;0;-18525,9045808133;-1,66221007704735;
101,2;101,2;1;1;1;2;0;0;-18529,0284601731;-1,67437374591827;
101,25;101,25;1;1;1;2;0;0;-18531,3673463795;-1,68292626738548;
101,3;101,3;1;1;1;2;0;0;-18533,0696549946;-1,69235453009605;
101,35;101,35;1;1;1;2;0;0;-18534,4089713314;-1,71057879924774;
101,4;101,4;1;1;1;2;0;0;-18536,4188399063;-1,72645881772041;
101,45;101,45;1;1;1;2;0;0;-18539,5427192661;-1,74191743135452;
101,5;101,5;1;1;1;2;0;0;-18542,6683867652;-1,75562337040901;
101,55;101,55;1;1;1;2;0;0;-18545,792266125;-1,7696538567543;
101,6;101,6;1;1;1;2;0;0;-18548,9161454848;-1,78384825587273;
101,65;101,65;1;1;1;2;0;0;-18552,0400248446;-1,79697975516319;
101,7;101,7;1;1;1;2;0;0;-18555,1639042044;-1,81191235780716;
101,75;101,75;1;1;1;2;0;0;-18558,2895717035;-1,82549312710762;
101,8;101,8;1;1;1;2;0;0;-18561,3007982872;-1,83819517493248;
101,85;101,85;1;1;1;2;0;0;-18563,8024051701;-1,85232758522034;
101,9;101,9;1;1;1;2;0;0;-18566,0340030184;-1,86607465147972;
101,95;101,95;1;1;1;2;0;0;-18568,2656008667;-1,87997072935104;
102;102;1;1;1;2;0;0;-18570,4971987151;-1,89000129699707;
102,05;102,05;1;1;1;2;0;0;-18572,7287965634;-1,89930975437164;
102,1;102,1;1;1;1;2;0;0;-18574,6796565414;-1,90664261579514;
102,15;102,15;1;1;1;2;0;0;-18576,0189728782;-1,92398965358734;
102,2;102,2;1;1;1;2;0;0;-18578,1754688759;-1,94176584482193;
102,25;102,25;1;1;1;2;0;0;-18581,7445949217;-1,95827201008797;
102,3;102,3;1;1;1;2;0;0;-18585,3155091069;-1,97197705507278;
102,35;102,35;1;1;1;2;0;0;-18588,8864232921;-1,98680177330971;
102,4;102,4;1;1;1;2;0;0;-18592,1211672886;-2,0012603700161;
102,45;102,45;1;1;1;2;0;0;-18594,5852232461;-2,01455071568489;
102,5;102,5;1;1;1;2;0;0;-18596,8168210944;-2,02989488840103;
102,55;102,55;1;1;1;2;0;0;-18599,0484189427;-2,04411834478378;
102,6;102,6;1;1;1;2;0;0;-18601,280016791;-2,05705612897873;
102,65;102,65;1;1;1;2;0;0;-18603,5116146394;-2,06687182188034;
102,7;102,7;1;1;1;2;0;0;-18605,7432124877;-2,07386642694473;
102,75;102,75;1;1;1;2;0;0;-18607,654733401;-2,08736091852188;
102,8;102,8;1;1;1;2;0;0;-18609,0298125239;-2,10645958781242;
102,85;102,85;1;1;1;2;0;0;-18612,5023790475;-2,12369233369827;
102,9;102,9;1;1;1;2;0;0;-18616,0732932327;-2,1386431157589;
102,95;102,95;1;1;1;2;0;0;-18619,6424192785;-2,15327516198158;
103;103;1;1;1;2;0;0;-18623,0202144192;-2,16855943202972;
103,05;103,05;1;1;1;2;0;0;-18625,1802866954;-2,18292623758316;
103,1;103,1;1;1;1;2;0;0;-18626,9666378576;-2,197155803442;
103,15;103,15;1;1;1;2;0;0;-18628,7512008806;-2,21174508333206;
103,2;103,2;1;1;1;2;0;0;-18631,4906302905;-2,22646445035934;
103,25;103,25;1;1;1;2;0;0;-18634,6145096503;-2,24059283733368;
103,3;103,3;1;1;1;2;0;0;-18637,7383890101;-2,25504741072655;
103,35;103,35;1;1;1;2;0;0;-18640,8622683699;-2,26929128170013;
103,4;103,4;1;1;1;2;0;0;-18643,987935869;-2,28351265192032;
103,45;103,45;1;1;1;2;0;0;-18646,9401538558;-2,29546338319778;
103,5;103,5;1;1;1;2;0;0;-18648,7247168788;-2,30779260396957;
103,55;103,55;1;1;1;2;0;0;-18650,1963555239;-2,31941431760788;
103,6;103,6;1;1;1;2;0;0;-18651,5356718608;-2,32940927147865;
103,65;103,65;1;1;1;2;0;0;-18652,8749881976;-2,34278962016106;
103,7;103,7;1;1;1;2;0;0;-18656,6050467806;-2,3623326420784;
103,75;103,75;1;1;1;2;0;0;-18660,6229957912;-2,37868905067444;
103,8;103,8;1;1;1;2;0;0;-18664,6391566625;-2,39432707428932;
103,85;103,85;1;1;1;2;0;0;-18667,062085416;-2,40981295704842;
103,9;103,9;1;1;1;2;0;0;-18668,8734705285;-2,42451891303062;
103,95;103,95;1;1;1;2;0;0;-18670,6598216907;-2,43925303220749;
104;104;1;1;1;2;0;0;-18672,4944526141;-2,45400473475456;
104,05;104,05;1;1;1;2;0;0;-18675,5021029193;-2,46981665492058;
104,1;104,1;1;1;1;2;0;0;-18678,6259822791;-2,48345285654068;
104,15;104,15;1;1;1;2;0;0;-18681,7516497782;-2,49798640608788;
104,2;104,2;1;1;1;2;0;0;-18684,875529138;-2,51262933015823;
104,25;104,25;1;1;1;2;0;0;-18687,9994084978;-2,52699017524719;
104,3;104,3;1;1;1;2;0;0;-18690,9802367134;-2,5420668721199;
104,35;104,35;1;1;1;2;0;0;-18693,1796480543;-2,55592346191406;
104,4;104,4;1;1;1;2;0;0;-18694,9659992166;-2,56998926401138;
104,45;104,45;1;1;1;2;0;0;-18696,7505622395;-2,58404225111008;
104,5;104,5;1;1;1;2;0;0;-18698,597710138;-2,59674161672592;
104,55;104,55;1;1;1;2;0;0;-18701,2745546724;-2,60725945234299;
104,6;104,6;1;1;1;2;0;0;-18703,9531873461;-2,61579751968384;
104,65;104,65;1;1;1;2;0;0;-18706,6300318805;-2,63184517621994;
104,7;104,7;1;1;1;2;0;0;-18709,3086645542;-2,65127301216125;
104,75;104,75;1;1;1;2;0;0;-18712,2644588196;-2,66757309436798;
104,8;104,8;1;1;1;2;0;0;-18716,2824078302;-2,68302708864212;
104,85;104,85;1;1;1;2;0;0;-18719,7013301747;-2,69860863685608;
104,9;104,9;1;1;1;2;0;0;-18722,1868438039;-2,71341055631638;
104,95;104,95;1;1;1;2;0;0;-18724,4184416522;-2,72910952568054;
105;105;1;1;1;2;0;0;-18726,6500395005;-2,74378955364227;
105,05;105,05;1;1;1;2;0;0;-18728,8816373488;-2,75773793458939;
105,1;105,1;1;1;1;2;0;0;-18731,1168114758;-2,7721694111824;
105,15;105,15;1;1;1;2;0;0;-18733,7954441495;-2,78769463300705;
105,2;105,2;1;1;1;2;0;0;-18736,4740768232;-2,80133754014969;
105,25;105,25;1;1;1;2;0;0;-18739,1509213576;-2,81627207994461;
105,3;105,3;1;1;1;2;0;0;-18741,8295540313;-2,83116012811661;
105,35;105,35;1;1;1;2;0;0;-18744,5063985657;-2,84530520439148;
105,4;105,4;1;1;1;2;0;0;-18747,1850312394;-2,86026507616043;
105,45;105,45;1;1;1;2;0;0;-18749,8636639131;-2,87562906742096;
105,5;105,5;1;1;1;2;0;0;-18752,5405084475;-2,88902163505554;
105,55;105,55;1;1;1;2;0;0;-18755,2191411212;-2,90385484695435;
105,6;105,6;1;1;1;2;0;0;-18757,8959856556;-2,917420566082;
105,65;105,65;1;1;1;2;0;0;-18760,5746183293;-2,93133318424225;
105,7;105,7;1;1;1;2;0;0;-18763,2514628637;-2,94654875993729;
105,75;105,75;1;1;1;2;0;0;-18765,9300955374;-2,95947402715683;
105,8;105,8;1;1;1;2;0;0;-18768,2207019827;-2,96952724456787;
105,85;105,85;1;1;1;2;0;0;-18770,1536805676;-2,98178464174271;
105,9;105,9;1;1;1;2;0;0;-18771,9400317299;-2,99244225025177;
105,95;105,95;1;1;1;2;0;0;-18773,7245947528;-3,01261067390442;
106;106;1;1;1;2;0;0;-18776,3638883619;-3,03062409162521;
106,05;106,05;1;1;1;2;0;0;-18779,9348025471;-3,0456069111824;
106,1;106,1;1;1;1;2;0;0;-18783,5039285929;-3,06107938289642;
106,15;106,15;1;1;1;2;0;0;-18786,5920451667;-3,06980609893799;
106,2;106,2;1;1;1;2;0;0;-18787,5647929467;-3,07444363832474;
106,25;106,25;1;1;1;2;0;0;-18788,4570744582;-3,08006256818771;
106,3;106,3;1;1;1;2;0;0;-18788,8576176617;-3,07982355356216;
106,35;106,35;1;1;1;2;0;0;-18788,8576176617;-3,07931005954742;
106,4;106,4;1;1;2;2;0;0;-18788,8576176617;-3,07936102151871;
106,4;106,4;1;1;2;2;0;0;-18788,8576176617;-3,07936102151871;
106,45;106,45;1;1;2;2;0;0;-18788,8576176617;-3,07850748300552;
106,5;106,5;1;1;2;2;0;0;-18788,8576176617;-3,07776361703873;
106,55;106,55;1;1;2;2;0;0;-18788,8576176617;-3,07701975107193;
106,6;106,6;1;1;2;2;0;0;-18788,8576176617;-3,07627588510513;
106,65;106,65;1;1;2;2;0;0;-18788,8576176617;-3,07560533285141;
106,7;106,7;1;1;2;2;0;0;-18788,8576176617;-3,07497322559357;
106,75;106,75;1;1;2;2;0;0;-18788,8576176617;-3,0741548538208;
106,8;106,8;1;1;2;2;0;0;-18788,8576176617;-3,0739164352417;
106,85;106,85;1;1;2;2;0;0;-18788,8576176617;-3,07301074266434;
106,9;106,9;1;1;2;2;0;0;-18788,8576176617;-3,07231247425079;
106,95;106,95;1;1;2;2;0;0;-18788,8576176617;-3,07198166847229;
107;107;1;1;2;2;0;0;-18788,8576176617;-3,07152301073074;
107,05;107,05;1;1;2;2;0;0;-18788,8576176617;-3,07057589292526;
107,1;107,1;1;1;2;2;0;0;-18788,8576176617;-3,07027816772461;
107,15;107,15;1;1;2;2;0;0;-18788,8576176617;-3,06997984647751;
107,2;107,2;1;1;2;2;0;0;-18788,8576176617;-3,06881964206696;
107,25;107,25;1;1;2;2;0;0;-18788,8576176617;-3,06871712207794;
107,3;107,3;1;1;2;2;0;0;-18788,8576176617;-3,06799232959747;
107,35;107,35;1;1;2;2;0;0;-18788,8576176617;-3,06733101606369;
107,4;107,4;1;1;2;2;0;0;-18788,8576176617;-3,06704580783844;
107,45;107,45;1;1;2;2;0;0;-18788,8576176617;-3,06640535593033;
107,5;107,5;1;1;2;2;0;0;-18788,8290074329;-3,06611239910126;
107,55;107,55;1;1;2;2;0;0;-18788,3819726075;-3,06511759757996;
107,6;107,6;1;1;2;2;0;0;-18787,9349377821;-3,06485533714294;
107,65;107,65;1;1;2;2;0;0;-18787,4896910961;-3,06417942047119;
107,7;107,7;1;1;2;2;0;0;-18787,0426562707;-3,06382924318314;
107,75;107,75;1;1;2;2;0;0;-18786,5974095846;-3,06312382221222;
107,8;107,8;1;1;2;2;0;0;-18786,1503747592;-3,06267738342285;
107,85;107,85;1;1;2;2;0;0;-18785,7033399338;-3,06223124265671;
107,9;107,9;1;1;2;2;0;0;-18785,3171018447;-3,06142330169678;
107,95;107,95;1;1;2;2;0;0;-18785,3171018447;-3,06083559989929;
108;108;1;1;2;2;0;0;-18785,3171018447;-3,06038916110992;
108,05;108,05;1;1;2;2;0;0;-18785,3171018447;-3,05994302034378;
108,1;108,1;1;1;2;2;0;0;-18785,3171018447;-3,05864602327347;
108,15;108,15;1;1;2;2;0;0;-18785,3171018447;-3,05726140737534;
108,2;108,2;1;1;2;2;0;0;-18785,3171018447;-3,05681139230728;
108,25;108,25;1;1;2;2;0;0;-18785,3171018447;-3,05573582649231;
108,3;108,3;1;1;2;2;0;0;-18785,3171018447;-3,05506259202957;
108,35;108,35;1;1;2;2;0;0;-18785,3171018447;-3,05165261030197;
108,4;108,4;1;1;2;2;0;0;-18785,3171018447;-3,04885566234589;
108,45;108,45;1;1;2;2;0;0;-18785,3171018447;-3,04650753736496;
108,5;108,5;1;1;2;2;0;0;-18785,3171018447;-3,0440691113472;
108,55;108,55;1;1;2;2;0;0;-18785,3171018447;-3,04168403148651;
108,6;108,6;1;1;2;2;0;0;-18785,0792793176;-3,04011940956116;
108,65;108,65;1;1;2;2;0;0;-18784,6322444922;-3,03859919309616;
108,7;108,7;1;1;2;2;0;0;-18784,1869978061;-3,03748428821564;
108,75;108,75;1;1;2;2;0;0;-18783,7399629807;-3,03726345300674;
108,8;108,8;1;1;2;2;0;0;-18783,2929281553;-3,03718894720078;
108,85;108,85;1;1;2;2;0;0;-18782,8476814693;-3,03678244352341;
108,9;108,9;1;1;2;2;0;0;-18782,4006466439;-3,03634405136108;
108,95;108,95;1;1;2;2;0;0;-18781,9553999578;-3,0358424782753;
109;109;1;1;2;2;0;0;-18781,8069843958;-3,03556591272354;
109,05;109,05;1;1;2;2;0;0;-18781,8069843958;-3,03523570299149;
109,1;109,1;1;1;2;2;0;0;-18781,8069843958;-3,03498506546021;
109,15;109,15;1;1;2;2;0;0;-18781,8069843958;-3,03482860326767;
109,2;109,2;1;1;2;2;0;0;-18781,8069843958;-3,0343097448349;
109,25;109,25;1;1;2;2;0;0;-18781,8069843958;-3,03416103124619;
109,3;109,3;1;1;2;2;0;0;-18781,8069843958;-3,03365677595139;
109,35;109,35;1;1;2;2;0;0;-18781,8069843958;-3,0334860086441;
109,4;109,4;1;1;2;2;0;0;-18781,8069843958;-3,03327679634094;
109,45;109,45;1;1;2;2;0;0;-18781,8069843958;-3,03287714719772;
109,5;109,5;1;1;2;2;0;0;-18781,8069843958;-3,03265005350113;
109,55;109,55;1;1;2;2;0;0;-18781,8069843958;-3,03227812051773;
109,6;109,6;1;1;2;2;0;0;-18781,8069843958;-3,03215712308884;
109,65;109,65;1;1;2;2;0;0;-18781,8069843958;-3,03208261728287;
109,7;109,7;1;1;2;2;0;0;-18781,8069843958;-3,03169667720795;
109,75;109,75;1;1;2;2;0;0;-18781,8069843958;-3,03147435188293;
109,8;109,8;1;1;2;2;0;0;-18781,8069843958;-3,03123116493225;
109,85;109,85;1;1;2;2;0;0;-18781,8069843958;-3,03085923194885;
109,9;109,9;1;1;2;2;0;0;-18781,8069843958;-3,03086906671524;
109,95;109,95;1;1;2;2;0;0;-18781,8069843958;-3,03022503852844;
110;110;1;1;2;2;0;0;-18781,8069843958;-3,03028255701065;
110,05;110,05;1;1;2;2;0;0;-18781,8069843958;-3,02986085414886;
110,1;110,1;1;1;2;2;0;0;-18781,8069843958;-3,02976995706558;
110,15;110,15;1;1;2;2;0;0;-18781,8069843958;-3,0296802520752;
110,2;110,2;1;1;2;2;0;0;-18781,8069843958;-3,02932411432266;
110,25;110,25;1;1;2;2;0;0;-18781,8069843958;-3,02914172410965;
110,3;110,3;1;1;2;2;0;0;-18781,8069843958;-3,02906721830368;
110,35;110,35;1;1;2;2;0;0;-18781,8069843958;-3,02899301052094;
110,4;110,4;1;1;2;2;0;0;-18781,8069843958;-3,02891850471497;
110,45;110,45;1;1;2;2;0;0;-18781,8069843958;-3,028843998909;
110,5;110,5;1;1;2;2;0;0;-18781,8069843958;-3,02869528532028;
110,55;110,55;1;1;2;2;0;0;-18781,8069843958;-3,02840381860733;
110,6;110,6;1;1;2;2;0;0;-18781,8069843958;-3,02825510501862;
110,65;110,65;1;1;2;2;0;0;-18781,8069843958;-3,02810609340668;
110,7;110,7;1;1;2;2;0;0;-18781,8069843958;-3,02795737981796;
110,75;110,75;1;1;2;2;0;0;-18781,8069843958;-3,02783727645874;
110,8;110,8;1;1;2;2;0;0;-18781,8069843958;-3,02776277065277;
110,85;110,85;1;1;2;2;0;0;-18781,8069843958;-3,02764683961868;
110,9;110,9;1;1;2;2;0;0;-18781,8069843958;-3,02749812602997;
110,95;110,95;1;1;2;2;0;0;-18781,8069843958;-3,02734911441803;
111;111;1;1;2;2;0;0;-18781,8069843958;-3,02720040082932;
111,05;111,05;1;1;2;2;0;0;-18781,8069843958;-3,0270516872406;
111,1;111,1;1;1;2;2;0;0;-18781,8069843958;-3,02690297365189;
111,15;111,15;1;1;2;2;0;0;-18781,8069843958;-3,02675426006317;
111,2;111,2;1;1;2;2;0;0;-18781,8069843958;-3,02660524845123;
111,25;111,25;1;1;2;2;0;0;-18781,8069843958;-3,02645653486252;
111,3;111,3;1;1;2;2;0;0;-18781,8069843958;-3,0263078212738;
111,35;111,35;1;1;2;2;0;0;-18781,8069843958;-3,02615910768509;
111,4;111,4;1;1;2;2;0;0;-18781,8069843958;-3,02601039409637;
111,45;111,45;1;1;2;2;0;0;-18781,8069843958;-3,026043176651;
111,5;111,5;1;1;2;2;0;0;-18781,8069843958;-3,02573680877686;
111,55;111,55;1;1;2;2;0;0;-18781,8069843958;-3,02573680877686;
111,6;111,6;1;1;2;2;0;0;-18781,8069843958;-3,02573680877686;
111,65;111,65;1;1;2;2;0;0;-18781,8069843958;-3,02572190761566;
111,7;111,7;1;1;2;2;0;0;-18781,8069843958;-3,02564769983292;
111,75;111,75;1;1;2;2;0;0;-18781,8069843958;-3,02551716566086;
111,8;111,8;1;1;2;2;0;0;-18781,8069843958;-3,02536845207214;
111,85;111,85;1;1;2;2;0;0;-18781,8069843958;-3,02521973848343;
111,9;111,9;1;1;2;2;0;0;-18781,8069843958;-3,02507102489471;
111,95;111,95;1;1;2;2;0;0;-18781,8069843958;-3,024922311306;
112;112;1;1;2;2;0;0;-18781,8069843958;-3,02478432655334;
112,05;112,05;1;1;2;2;0;0;-18781,8069843958;-3,02476823329926;
112,1;112,1;1;1;2;2;0;0;-18781,8069843958;-3,02451550960541;
112,15;112,15;1;1;2;2;0;0;-18781,8069843958;-3,02447199821472;
112,2;112,2;1;1;2;2;0;0;-18781,8069843958;-3,02447199821472;
112,25;112,25;1;1;2;2;0;0;-18781,8069843958;-3,02428185939789;
112,3;112,3;1;1;2;2;0;0;-18781,8069843958;-3,0242070555687;
112,35;112,35;1;1;2;2;0;0;-18781,8069843958;-3,02404463291168;
112,4;112,4;1;1;2;2;0;0;-18781,8069843958;-3,02396982908249;
112,45;112,45;1;1;2;2;0;0;-18781,8069843958;-3,02389532327652;
112,5;112,5;1;1;2;2;0;0;-18781,8069843958;-3,02382081747055;
112,55;112,55;1;1;2;2;0;0;-18781,8069843958;-3,02371859550476;
112,6;112,6;1;1;2;2;0;0;-18781,8069843958;-3,02356988191605;
112,65;112,65;1;1;2;2;0;0;-18781,8069843958;-3,02342116832733;
112,7;112,7;1;1;2;2;0;0;-18781,8069843958;-3,02327215671539;
112,75;112,75;1;1;2;2;0;0;-18781,8069843958;-3,02321761846542;
112,8;112,8;1;1;2;2;0;0;-18781,8069843958;-3,02319645881653;
112,85;112,85;1;1;2;2;0;0;-18781,8069843958;-3,02297323942184;
112,9;112,9;1;1;2;2;0;0;-18781,8069843958;-3,02275002002716;
112,95;112,95;1;1;2;2;0;0;-18781,8069843958;-3,02280783653259;
113;113;1;1;2;2;0;0;-18781,8069843958;-3,02273035049438;
113,05;113,05;1;1;2;2;0;0;-18781,8069843958;-3,02277326583862;
113,1;113,1;1;1;2;2;0;0;-18781,8069843958;-3,02258789539337;
113,15;113,15;1;1;2;2;0;0;-18781,8069843958;-3,02266240119934;
113,2;113,2;1;1;2;2;0;0;-18781,8069843958;-3,02245110273361;
113,25;113,25;1;1;2;2;0;0;-18781,8069843958;-3,02238702774048;
113,3;113,3;1;1;2;2;0;0;-18781,8069843958;-3,02238702774048;
113,35;113,35;1;1;2;2;0;0;-18781,8069843958;-3,02212327718735;
113,4;113,4;1;1;2;2;0;0;-18781,8069843958;-3,02200436592102;
113,45;113,45;1;1;2;2;0;0;-18781,8069843958;-3,02200436592102;
113,5;113,5;1;1;2;2;0;0;-18781,8069843958;-3,02188366651535;
113,55;113,55;1;1;2;2;0;0;-18781,8069843958;-3,02179217338562;
113,6;113,6;1;1;2;2;0;0;-18781,8069843958;-3,02174478769302;
113,65;113,65;1;1;2;2;0;0;-18781,8069843958;-3,02152156829834;
113,7;113,7;1;1;2;2;0;0;-18781,8069843958;-3,02146434783936;
113,75;113,75;1;1;2;2;0;0;-18781,8069843958;-3,02133649587631;
113,8;113,8;1;1;2;2;0;0;-18781,8069843958;-3,02114248275757;
113,85;113,85;1;1;2;2;0;0;-18781,8069843958;-3,02108615636826;
113,9;113,9;1;1;2;2;0;0;-18781,8069843958;-3,02118271589279;
113,95;113,95;1;1;2;2;0;0;-18781,8069843958;-3,02095949649811;
114;114;1;1;2;2;0;0;-18781,8069843958;-3,0208632349968;
114,05;114,05;1;1;2;2;0;0;-18781,8069843958;-3,02091121673584;
114,1;114,1;1;1;2;2;0;0;-18781,8069843958;-3,02083700895309;
114,15;114,15;1;1;2;2;0;0;-18781,8069843958;-3,0206361413002;
114,2;114,2;1;1;2;2;0;0;-18781,8069843958;-3,02041798830032;
114,25;114,25;1;1;2;2;0;0;-18781,8069843958;-3,02049219608307;
114,3;114,3;1;1;2;2;0;0;-18781,8069843958;-3,02047729492188;
114,35;114,35;1;1;2;2;0;0;-18781,8069843958;-3,02025437355042;
114,4;114,4;1;1;2;2;0;0;-18781,8069843958;-3,02011579275131;
114,45;114,45;1;1;2;2;0;0;-18781,8069843958;-3,02017062902451;
114,5;114,5;1;1;2;2;0;0;-18781,8069843958;-3,02002191543579;
114,55;114,55;1;1;2;2;0;0;-18781,8069843958;-3,01995843648911;
114,6;114,6;1;1;2;2;0;0;-18781,8069843958;-3,02010804414749;
114,65;114,65;1;1;2;2;0;0;-18781,8069843958;-3,02010804414749;
114,7;114,7;1;1;2;2;0;0;-18781,8069843958;-3,01983118057251;
114,75;114,75;1;1;2;2;0;0;-18781,8069843958;-3,02002549171448;
114,8;114,8;1;1;2;2;0;0;-18781,8069843958;-3,0197811126709;
114,85;114,85;1;1;2;2;0;0;-18781,8069843958;-3,01984250545502;
114,9;114,9;1;1;2;2;0;0;-18781,8069843958;-3,01954507827759;
114,95;114,95;1;1;2;2;0;0;-18781,8069843958;-3,01951348781586;
115;115;1;1;2;2;0;0;-18781,8069843958;-3,01965057849884;
115,05;115,05;1;1;2;2;0;0;-18781,8069843958;-3,01951676607132;
115,1;115,1;1;1;2;2;0;0;-18781,8069843958;-3,01936775445938;
115,15;115,15;1;1;2;2;0;0;-18781,8069843958;-3,01921904087067;
115,2;115,2;1;1;2;2;0;0;-18781,8069843958;-3,01907032728195;
115,25;115,25;1;1;2;2;0;0;-18781,8069843958;-3,01928162574768;
115,3;115,3;1;1;2;2;0;0;-18781,8069843958;-3,01892340183258;
115,35;115,35;1;1;2;2;0;0;-18781,8069843958;-3,01893353462219;
115,4;115,4;1;1;2;2;0;0;-18781,8069843958;-3,01885068416595;
115,45;115,45;1;1;2;2;0;0;-18781,8069843958;-3,01891356706619;
115,5;115,5;1;1;2;2;0;0;-18781,8069843958;-3,01857531070709;
115,55;115,55;1;1;2;2;0;0;-18781,8069843958;-3,0186864733696;
115,6;115,6;1;1;2;2;0;0;-18781,8069843958;-3,01851660013199;
115,65;115,65;1;1;2;2;0;0;-18781,8069843958;-3,01844209432602;
115,7;115,7;1;1;2;2;0;0;-18781,8069843958;-3,01836788654327;
115,75;115,75;1;1;2;2;0;0;-18781,8069843958;-3,0182933807373;
115,8;115,8;1;1;2;2;0;0;-18781,8069843958;-3,01821917295456;
115,85;115,85;1;1;2;2;0;0;-18781,8069843958;-3,01814466714859;
115,9;115,9;1;1;2;2;0;0;-18781,8069843958;-3,01807016134262;
115,95;115,95;1;1;2;2;0;0;-18781,8069843958;-3,01799595355988;
116;116;1;1;2;2;0;0;-18781,8069843958;-3,01792144775391;
116,05;116,05;1;1;2;2;0;0;-18781,8069843958;-3,01789194345474;
116,1;116,1;1;1;2;2;0;0;-18781,8069843958;-3,01789194345474;
116,15;116,15;1;1;2;2;0;0;-18781,8069843958;-3,01781237125397;
116,2;116,2;1;1;2;2;0;0;-18781,8069843958;-3,01766365766525;
116,25;116,25;1;1;2;2;0;0;-18781,8069843958;-3,01759630441666;
116,3;116,3;1;1;2;2;0;0;-18781,8069843958;-3,0175793170929;
116,35;116,35;1;1;2;2;0;0;-18781,8069843958;-3,0175593495369;
116,4;116,4;1;1;2;2;0;0;-18781,8069843958;-3,01755100488663;
116,45;116,45;1;1;2;2;0;0;-18781,8069843958;-3,01747679710388;
116,5;116,5;1;1;2;2;0;0;-18781,8069843958;-3,01740229129791;
116,55;116,55;1;1;2;2;0;0;-18781,8069843958;-3,01732778549194;
116,6;116,6;1;1;2;2;0;0;-18781,8069843958;-3,01732957363129;
116,65;116,65;1;1;2;2;0;0;-18781,8069843958;-3,01740407943726;
116,7;116,7;1;1;2;2;0;0;-18781,8069843958;-3,01720499992371;
116,75;116,75;1;1;2;2;0;0;-18781,8069843958;-3,01736056804657;
116,8;116,8;1;1;2;2;0;0;-18781,8069843958;-3,01708847284317;
116,85;116,85;1;1;2;2;0;0;-18781,8069843958;-3,01719427108765;
116,9;116,9;1;1;2;2;0;0;-18781,8069843958;-3,01706850528717;
116,95;116,95;1;1;2;2;0;0;-18781,8069843958;-3,01708996295929;
117;117;1;1;2;2;0;0;-18781,8069843958;-3,01691830158234;
117,05;117,05;1;1;2;2;0;0;-18781,8069843958;-3,01698267459869;
117,1;117,1;1;1;2;2;0;0;-18781,8069843958;-3,01687449216843;
117,15;117,15;1;1;2;2;0;0;-18781,8069843958;-3,01672577857971;
117,2;117,2;1;1;2;2;0;0;-18781,8069843958;-3,01665216684341;
117,25;117,25;1;1;2;2;0;0;-18781,8069843958;-3,01667034626007;
117,3;117,3;1;1;2;2;0;0;-18781,8069843958;-3,01652163267136;
117,35;117,35;1;1;2;2;0;0;-18781,8069843958;-3,01637291908264;
117,4;117,4;1;1;2;2;0;0;-18781,8069843958;-3,01647305488586;
117,45;117,45;1;1;2;2;0;0;-18781,8069843958;-3,01639050245285;
117,5;117,5;1;1;2;2;0;0;-18781,8069843958;-3,01616758108139;
117,55;117,55;1;1;2;2;0;0;-18781,8069843958;-3,01612496376038;
117,6;117,6;1;1;2;2;0;0;-18781,8069843958;-3,01612496376038;
117,65;117,65;1;1;2;2;0;0;-18781,8069843958;-3,01612496376038;
117,7;117,7;1;1;2;2;0;0;-18781,8069843958;-3,0160841345787;
117,75;117,75;1;1;2;2;0;0;-18781,8069843958;-3,01589071750641;
117,8;117,8;1;1;2;2;0;0;-18781,8069843958;-3,0158656835556;
117,85;117,85;1;1;2;2;0;0;-18781,8069843958;-3,0158656835556;
117,9;117,9;1;1;2;2;0;0;-18781,8069843958;-3,0158656835556;
117,95;117,95;1;1;2;2;0;0;-18781,8069843958;-3,01576316356659;
118;118;1;1;2;2;0;0;-18781,8069843958;-3,01561444997787;
118,05;118,05;1;1;2;2;0;0;-18781,8069843958;-3,01546543836594;
118,1;118,1;1;1;2;2;0;0;-18781,8069843958;-3,01549971103668;
118,15;118,15;1;1;2;2;0;0;-18781,8069843958;-3,01543295383453;
118,2;118,2;1;1;2;2;0;0;-18781,8069843958;-3,01534980535507;
118,25;118,25;1;1;2;2;0;0;-18781,8069843958;-3,01542431116104;
118,3;118,3;1;1;2;2;0;0;-18781,8069843958;-3,01530867815018;
118,35;118,35;1;1;2;2;0;0;-18781,8069843958;-3,01511436700821;
118,4;118,4;1;1;2;2;0;0;-18781,8069843958;-3,01532238721848;
118,45;118,45;1;1;2;2;0;0;-18781,8069843958;-3,01500737667084;
118,5;118,5;1;1;2;2;0;0;-18781,8069843958;-3,01505416631699;
118,55;118,55;1;1;2;2;0;0;-18781,8069843958;-3,01502972841263;
118,6;118,6;1;1;2;2;0;0;-18781,8069843958;-3,0149233341217;
118,65;118,65;1;1;2;2;0;0;-18781,8069843958;-3,01486998796463;
118,7;118,7;1;1;2;2;0;0;-18781,8069843958;-3,01482737064362;
118,75;118,75;1;1;2;2;0;0;-18781,8069843958;-3,0146723985672;
118,8;118,8;1;1;2;2;0;0;-18781,8069843958;-3,01483809947968;
118,85;118,85;1;1;2;2;0;0;-18781,8069843958;-3,01459163427353;
118,9;118,9;1;1;2;2;0;0;-18781,8069843958;-3,01459163427353;
118,95;118,95;1;1;2;2;0;0;-18781,8069843958;-3,01459163427353;
119;119;1;1;2;2;0;0;-18781,8069843958;-3,01459163427353;
119,05;119,05;1;1;2;2;0;0;-18781,8069843958;-3,01459163427353;
119,1;119,1;1;1;2;2;0;0;-18781,8069843958;-3,01459163427353;
119,15;119,15;1;1;2;2;0;0;-18781,8069843958;-3,01459163427353;
119,2;119,2;1;1;2;2;0;0;-18781,8069843958;-3,01452368497849;
119,25;119,25;1;1;2;2;0;0;-18781,8069843958;-3,01459789276123;
119,3;119,3;1;1;2;2;0;0;-18781,8069843958;-3,01466941833496;
119,35;119,35;1;1;2;2;0;0;-18781,8069843958;-3,01437228918076;
119,4;119,4;1;1;2;2;0;0;-18781,8069843958;-3,0145338177681;
119,45;119,45;1;1;2;2;0;0;-18781,8069843958;-3,01433444023132;
119,5;119,5;1;1;2;2;0;0;-18781,8069843958;-3,01444977521896;
119,55;119,55;1;1;2;2;0;0;-18781,8069843958;-3,01437526941299;
119,6;119,6;1;1;2;2;0;0;-18781,8069843958;-3,01430106163025;
119,65;119,65;1;1;2;2;0;0;-18781,8069843958;-3,01422655582428;
119,7;119,7;1;1;2;2;0;0;-18781,8069843958;-3,01415234804153;
119,75;119,75;1;1;2;2;0;0;-18781,8069843958;-3,01407784223557;
119,8;119,8;1;1;2;2;0;0;-18781,8069843958;-3,01429599523544;
119,85;119,85;1;1;2;2;0;0;-18781,8069843958;-3,01396548748016;
119,9;119,9;1;1;2;2;0;0;-18781,8069843958;-3,01408976316452;
119,95;119,95;1;1;2;2;0;0;-18781,8069843958;-3,01408469676971;
120;120;1;1;2;2;0;0;-18781,8069843958;-3,01383674144745;
120,05;120,05;1;1;2;2;0;0;-18781,8069843958;-3,01397919654846;
120,1;120,1;1;1;2;2;0;0;-18781,8069843958;-3,01377713680267;
120,15;120,15;1;1;2;2;0;0;-18781,8069843958;-3,01371216773987;
120,2;120,2;1;1;2;2;0;0;-18781,8069843958;-3,01371216773987;
120,25;120,25;1;1;2;2;0;0;-18781,8069843958;-3,01371216773987;
120,3;120,3;1;1;2;2;0;0;-18781,8069843958;-3,01364719867706;
120,35;120,35;1;1;2;2;0;0;-18781,8069843958;-3,01357299089432;
120,4;120,4;1;1;2;2;0;0;-18781,8069843958;-3,01349848508835;
120,45;120,45;1;1;2;2;0;0;-18781,8069843958;-3,01342397928238;
120,5;120,5;1;1;2;2;0;0;-18781,8069843958;-3,01334977149963;
120,55;120,55;1;1;2;2;0;0;-18781,8069843958;-3,01327526569366;
120,6;120,6;1;1;2;2;0;0;-18781,8069843958;-3,01337957382202;
120,65;120,65;1;1;2;2;0;0;-18781,8069843958;-3,01321089267731;
120,7;120,7;1;1;2;2;0;0;-18781,8069843958;-3,01307022571564;
120,75;120,75;1;1;2;2;0;0;-18781,8069843958;-3,01315426826477;
120,8;120,8;1;1;2;2;0;0;-18781,8069843958;-3,01295578479767;
120,85;120,85;1;1;2;2;0;0;-18781,8069843958;-3,01299899816513;
120,9;120,9;1;1;2;2;0;0;-18781,8069843958;-3,0130261182785;
120,95;120,95;1;1;2;2;0;0;-18781,8069843958;-3,0128613114357;
121;121;1;1;2;2;0;0;-18781,8069843958;-3,01291257143021;
121,05;121,05;1;1;2;2;0;0;-18781,8069843958;-3,01268935203552;
121,1;121,1;1;1;2;2;0;0;-18781,8069843958;-3,01280915737152;
121,15;121,15;1;1;2;2;0;0;-18781,8069843958;-3,01259696483612;
121,2;121,2;1;1;2;2;0;0;-18781,8069843958;-3,01274538040161;
121,25;121,25;1;1;2;2;0;0;-18781,8069843958;-3,0127426981926;
121,3;121,3;1;1;2;2;0;0;-18781,8069843958;-3,01251947879791;
121,35;121,35;1;1;2;2;0;0;-18781,8069843958;-3,0127215385437;
121,4;121,4;1;1;2;2;0;0;-18781,8069843958;-3,01255166530609;
121,45;121,45;1;1;2;2;0;0;-18781,8069843958;-3,01232904195786;
121,5;121,5;1;1;2;2;0;0;-18781,8069843958;-3,01249623298645;
121,55;121,55;1;1;2;2;0;0;-18781,8069843958;-3,01229804754257;
121,6;121,6;1;1;2;2;0;0;-18781,8069843958;-3,0123645067215;
121,65;121,65;1;1;2;2;0;0;-18781,8069843958;-3,01229029893875;
121,7;121,7;1;1;2;2;0;0;-18781,8069843958;-3,01221579313278;
121,75;121,75;1;1;2;2;0;0;-18781,8069843958;-3,01214128732681;
121,8;121,8;1;1;2;2;0;0;-18781,8069843958;-3,01206707954407;
121,85;121,85;1;1;2;2;0;0;-18781,8069843958;-3,0119925737381;
121,9;121,9;1;1;2;2;0;0;-18781,8069843958;-3,01191836595535;
121,95;121,95;1;1;2;2;0;0;-18781,8069843958;-3,01202088594437;
122;122;1;1;2;2;0;0;-18781,8069843958;-3,01196068525314;
122,05;122,05;1;1;2;2;0;0;-18781,8069843958;-3,01185607910156;
122,1;122,1;1;1;2;2;0;0;-18781,8069843958;-3,01180064678192;
122,15;122,15;1;1;2;2;0;0;-18781,8069843958;-3,01165193319321;
122,2;122,2;1;1;2;2;0;0;-18781,8069843958;-3,01180601119995;
122,25;122,25;1;1;2;2;0;0;-18781,8069843958;-3,01156550645828;
122,3;122,3;1;1;2;2;0;0;-18781,8069843958;-3,01170915365219;
122,35;122,35;1;1;2;2;0;0;-18781,8069843958;-3,01148653030396;
122,4;122,4;1;1;2;2;0;0;-18781,8069843958;-3,01144272089005;
122,45;122,45;1;1;2;2;0;0;-18781,8069843958;-3,01144272089005;
122,5;122,5;1;1;2;2;0;0;-18781,8069843958;-3,01144272089005;
122,55;122,55;1;1;2;2;0;0;-18781,8069843958;-3,01137953996658;
122,6;122,6;1;1;2;2;0;0;-18781,8069843958;-3,01133751869202;
122,65;122,65;1;1;2;2;0;0;-18781,8069843958;-3,01124453544617;
122,7;122,7;1;1;2;2;0;0;-18781,8069843958;-3,01130086183548;
122,75;122,75;1;1;2;2;0;0;-18781,8069843958;-3,01105618476868;
122,8;122,8;1;1;2;2;0;0;-18781,8069843958;-3,01119238138199;
122,85;122,85;1;1;2;2;0;0;-18781,8069843958;-3,01099717617035;
122,9;122,9;1;1;2;2;0;0;-18781,8069843958;-3,01095366477966;
122,95;122,95;1;1;2;2;0;0;-18781,8069843958;-3,01102787256241;
123;123;1;1;2;2;0;0;-18781,8069843958;-3,01100671291351;
123,05;123,05;1;1;2;2;0;0;-18781,8069843958;-3,01085770130157;
123,1;123,1;1;1;2;2;0;0;-18781,8069843958;-3,01073312759399;
123,15;123,15;1;1;2;2;0;0;-18781,8069843958;-3,01080763339996;
123,2;123,2;1;1;2;2;0;0;-18781,8069843958;-3,01082909107208;
123,25;123,25;1;1;2;2;0;0;-18781,8069843958;-3,01075488328934;
123,3;123,3;1;1;2;2;0;0;-18781,8069843958;-3,01062315702438;
123,35;123,35;1;1;2;2;0;0;-18781,8069843958;-3,01055043935776;
123,4;123,4;1;1;2;2;0;0;-18781,8069843958;-3,01055043935776;
123,45;123,45;1;1;2;2;0;0;-18781,8069843958;-3,0105185508728;
123,5;123,5;1;1;2;2;0;0;-18781,8069843958;-3,01029026508331;
123,55;123,55;1;1;2;2;0;0;-18781,8069843958;-3,01044344902039;
123,6;123,6;1;1;2;2;0;0;-18781,8069843958;-3,01024466753006;
123,65;123,65;1;1;2;2;0;0;-18781,8069843958;-3,01039338111877;
123,7;123,7;1;1;2;2;0;0;-18781,8069843958;-3,0102014541626;
123,75;123,75;1;1;2;2;0;0;-18781,8069843958;-3,01020175218582;
123,8;123,8;1;1;2;2;0;0;-18781,8069843958;-3,01018834114075;
123,85;123,85;1;1;2;2;0;0;-18781,8069843958;-3,01000893115997;
123,9;123,9;1;1;2;2;0;0;-18781,8069843958;-3,01000893115997;
123,95;123,95;1;1;2;2;0;0;-18781,8069843958;-3,01000893115997;
124;124;1;1;2;2;0;0;-18781,8069843958;-3,01000893115997;
124,05;124,05;1;1;2;2;0;0;-18781,8069843958;-3,01000893115997;
124,1;124,1;1;1;2;2;0;0;-18781,8069843958;-3,00992906093597;
124,15;124,15;1;1;2;2;0;0;-18781,8069843958;-3,00978034734726;
124,2;124,2;1;1;2;2;0;0;-18781,8069843958;-3,00972819328308;
124,25;124,25;1;1;2;2;0;0;-18781,8069843958;-3,00987422466278;
124,3;124,3;1;1;2;2;0;0;-18781,8069843958;-3,00961315631866;
124,35;124,35;1;1;2;2;0;0;-18781,8069843958;-3,00976186990738;
124,4;124,4;1;1;2;2;0;0;-18781,8069843958;-3,00955146551132;
124,45;124,45;1;1;2;2;0;0;-18781,8069843958;-3,00973027944565;
124,5;124,5;1;1;2;2;0;0;-18781,8069843958;-3,00959795713425;
124,55;124,55;1;1;2;2;0;0;-18781,8069843958;-3,00947070121765;
124,6;124,6;1;1;2;2;0;0;-18781,8069843958;-3,00957351922989;
124,65;124,65;1;1;2;2;0;0;-18781,8069843958;-3,00946533679962;
124,7;124,7;1;1;2;2;0;0;-18781,8069843958;-3,00931662321091;
124,75;124,75;1;1;2;2;0;0;-18781,8069843958;-3,00921320915222;
124,8;124,8;1;1;2;2;0;0;-18781,8069843958;-3,00924271345139;
124,85;124,85;1;1;2;2;0;0;-18781,8069843958;-3,00926625728607;
124,9;124,9;1;1;2;2;0;0;-18781,8069843958;-3,00910860300064;
124,95;124,95;1;1;2;2;0;0;-18781,8069843958;-3,00918281078339;
125;125;1;1;2;2;0;0;-18781,8069843958;-3,00925731658936;
125,05;125,05;1;1;2;2;0;0;-18781,8069843958;-3,00919085741043;
125,1;125,1;1;1;2;2;0;0;-18781,8069843958;-3,00890624523163;
125,15;125,15;1;1;2;2;0;0;-18781,8069843958;-3,00901263952255;
125,2;125,2;1;1;2;2;0;0;-18781,8069843958;-3,00892293453217;
125,25;125,25;1;1;2;2;0;0;-18781,8069843958;-3,00904870033264;
125,3;125,3;1;1;2;2;0;0;-18781,8069843958;-3,00908952951431;
125,35;125,35;1;1;2;2;0;0;-18781,8069843958;-3,00918787717819;
125,4;125,4;1;1;2;2;0;0;-18781,8069843958;-3,00903916358948;
125,45;125,45;1;1;2;2;0;0;-18781,8069843958;-3,00897240638733;
125,5;125,5;1;1;2;2;0;0;-18781,8069843958;-3,00910472869873;
125,55;125,55;1;1;2;2;0;0;-18781,8069843958;-3,00890028476715;
125,6;125,6;1;1;2;2;0;0;-18781,8069843958;-3,00903737545013;
125,65;125,65;1;1;2;2;0;0;-18781,8069843958;-3,00882935523987;
125,7;125,7;1;1;2;2;0;0;-18781,8069843958;-3,00893694162369;
125,75;125,75;1;1;2;2;0;0;-18781,8069843958;-3,00891309976578;
125,8;125,8;1;1;2;2;0;0;-18781,8069843958;-3,00883859395981;
125,85;125,85;1;1;2;2;0;0;-18781,8069843958;-3,00876438617706;
125,9;125,9;1;1;2;2;0;0;-18781,8069843958;-3,00870299339294;
125,95;125,95;1;1;2;2;0;0;-18781,8069843958;-3,00870299339294;
126;126;1;1;2;2;0;0;-18781,8069843958;-3,00870299339294;
126,05;126,05;1;1;2;2;0;0;-18781,8069843958;-3,00870299339294;
126,1;126,1;1;1;2;2;0;0;-18781,8069843958;-3,00870299339294;
126,15;126,15;1;1;2;2;0;0;-18781,8069843958;-3,00866335630417;
126,2;126,2;1;1;2;2;0;0;-18781,8069843958;-3,00851464271545;
126,25;126,25;1;1;2;2;0;0;-18781,8069843958;-3,00842255353928;
126,3;126,3;1;1;2;2;0;0;-18781,8069843958;-3,00849705934525;
126,35;126,35;1;1;2;2;0;0;-18781,8069843958;-3,00856649875641;
126,4;126,4;1;1;2;2;0;0;-18781,8069843958;-3,0082505941391;
126,45;126,45;1;1;2;2;0;0;-18781,8069843958;-3,00843596458435;
126,5;126,5;1;1;2;2;0;0;-18781,8069843958;-3,00821304321289;
126,55;126,55;1;1;2;2;0;0;-18781,8069843958;-3,00822913646698;
126,6;126,6;1;1;2;2;0;0;-18781,8069843958;-3,00833225250244;
126,65;126,65;1;1;2;2;0;0;-18781,8069843958;-3,00810486078262;
126,7;126,7;1;1;2;2;0;0;-18782,0501713408;-3,00826847553253;
126,75;126,75;1;1;2;2;0;0;-18782,4954180269;-3,00813913345337;
126,8;126,8;1;1;2;2;0;0;-18782,9424528522;-3,00806224346161;
126,85;126,85;1;1;2;2;0;0;-18783,3876995383;-3,00808817148209;
126,9;126,9;1;1;2;2;0;0;-18783,8347343637;-3,00796449184418;
126,95;126,95;1;1;2;2;0;0;-18784,2817691891;-3,00808042287827;
127;127;1;1;2;2;0;0;-18784,7270158752;-3,00800621509552;
127,05;127,05;1;1;2;2;0;0;-18785,1740507006;-3,00793170928955;
127,1;127,1;1;1;2;2;0;0;-18785,1776269792;-3,00785720348358;
127,15;127,15;1;1;2;2;0;0;-18785,1776269792;-3,00778299570084;
127,2;127,2;1;1;2;2;0;0;-18785,1776269792;-3,00770848989487;
127,25;127,25;1;1;2;2;0;0;-18785,1776269792;-3,00766050815582;
127,3;127,3;1;1;2;2;0;0;-18785,1776269792;-3,00773471593857;
127,35;127,35;1;1;2;2;0;0;-18785,1776269792;-3,00773680210114;
127,4;127,4;1;1;2;2;0;0;-18785,1776269792;-3,00758808851242;
127,45;127,45;1;1;2;2;0;0;-18785,1776269792;-3,00753831863403;
127,5;127,5;1;1;2;2;0;0;-18785,1776269792;-3,00765663385391;
127,55;127,55;1;1;2;2;0;0;-18785,1776269792;-3,0075678229332;
127,6;127,6;1;1;2;2;0;0;-18785,1776269792;-3,00748527050018;
127,65;127,65;1;1;2;2;0;0;-18785,1776269792;-3,00737231969833;
127,7;127,7;1;1;2;2;0;0;-18785,1776269792;-3,00730437040329;
127,75;127,75;1;1;2;2;0;0;-18785,1776269792;-3,00745338201523;
127,8;127,8;1;1;2;2;0;0;-18785,1776269792;-3,0073419213295;
127,85;127,85;1;1;2;2;0;0;-18785,1776269792;-3,00719320774078;
127,9;127,9;1;1;2;2;0;0;-18785,1776269792;-3,0073282122612;
127,95;127,95;1;1;2;2;0;0;-18785,1776269792;-3,00720483064651;
128;128;1;1;2;2;0;0;-18785,1776269792;-3,00711810588837;
128,05;128,05;1;1;2;2;0;0;-18785,1776269792;-3,00719261169434;
128,1;128,1;1;1;2;2;0;0;-18785,1776269792;-3,00716131925583;
128,15;128,15;1;1;2;2;0;0;-18785,1776269792;-3,00698518753052;
128,2;128,2;1;1;2;2;0;0;-18785,1776269792;-3,00705969333649;
128,25;128,25;1;1;2;2;0;0;-18785,1776269792;-3,0070960521698;
128,3;128,3;1;1;2;2;0;0;-18785,1776269792;-3,00694227218628;
128,35;128,35;1;1;2;2;0;0;-18785,1776269792;-3,00686001777649;
128,4;128,4;1;1;2;2;0;0;-18785,1776269792;-3,00693422555923;
128,45;128,45;1;1;2;2;0;0;-18785,1776269792;-3,00695955753326;
128,5;128,5;1;1;2;2;0;0;-18785,1776269792;-3,00685197114944;
128,55;128,55;1;1;2;2;0;0;-18785,1776269792;-3,00670325756073;
128,6;128,6;1;1;2;2;0;0;-18785,1776269792;-3,00670206546783;
128,65;128,65;1;1;2;2;0;0;-18785,1776269792;-3,006731569767;
128,7;128,7;1;1;2;2;0;0;-18785,1776269792;-3,00662159919739;
128,75;128,75;1;1;2;2;0;0;-18785,1776269792;-3,00662159919739;
128,8;128,8;1;1;2;2;0;0;-18785,1776269792;-3,00662159919739;
128,85;128,85;1;1;2;2;0;0;-18785,1776269792;-3,00662159919739;
128,9;128,9;1;1;2;2;0;0;-18785,1776269792;-3,00662159919739;
128,95;128,95;1;1;2;2;0;0;-18785,1776269792;-3,00658911466599;
129;129;1;1;2;2;0;0;-18785,1776269792;-3,00642907619476;
129,05;129,05;1;1;2;2;0;0;-18785,1776269792;-3,00629556179047;
129,1;129,1;1;1;2;2;0;0;-18785,1776269792;-3,00644755363464;
129,15;129,15;1;1;2;2;0;0;-18785,1776269792;-3,0064070224762;
129,2;129,2;1;1;2;2;0;0;-18785,1776269792;-3,00634533166885;
129,25;129,25;1;1;2;2;0;0;-18785,1776269792;-3,00616294145584;
129,3;129,3;1;1;2;2;0;0;-18785,1776269792;-3,00625681877136;
129,35;129,35;1;1;2;2;0;0;-18785,1776269792;-3,00605952739716;
129,4;129,4;1;1;2;2;0;0;-18785,1776269792;-3,00613403320313;
129,45;129,45;1;1;2;2;0;0;-18785,1776269792;-3,00612658262253;
129,5;129,5;1;1;2;2;0;0;-18785,1776269792;-3,00595492124558;
129,55;129,55;1;1;2;2;0;0;-18785,1776269792;-3,00602912902832;
129,6;129,6;1;1;2;2;0;0;-18785,1776269792;-3,00610363483429;
129,65;129,65;1;1;2;2;0;0;-18785,1776269792;-3,00583362579346;
129,7;129,7;1;1;2;2;0;0;-18785,1776269792;-3,00582736730576;
129,75;129,75;1;1;2;2;0;0;-18785,1776269792;-3,00599575042725;
129,8;129,8;1;1;2;2;0;0;-18785,1776269792;-3,00573408603668;
129,85;129,85;1;1;2;2;0;0;-18785,1776269792;-3,00590634346008;
129,9;129,9;1;1;2;2;0;0;-18785,1776269792;-3,0057030916214;
129,95;129,95;1;1;2;2;0;0;-18785,1776269792;-3,00579816102982;
130;130;1;1;2;2;0;0;-18785,1776269792;-3,0056220293045;
130,05;130,05;1;1;2;2;0;0;-18785,1776269792;-3,00569623708725;
130,1;130,1;1;1;2;2;0;0;-18785,1776269792;-3,00563007593155;
130,15;130,15;1;1;2;2;0;0;-18785,1776269792;-3,00558269023895;
130,2;130,2;1;1;2;2;0;0;-18785,1776269792;-3,00554722547531;
130,25;130,25;1;1;2;2;0;0;-18785,1776269792;-3,00550788640976;
130,3;130,3;1;1;2;2;0;0;-18785,1776269792;-3,00558239221573;
130,35;130,35;1;1;2;2;0;0;-18785,1776269792;-3,00546795129776;
130,4;130,4;1;1;2;2;0;0;-18785,1776269792;-3,00537347793579;
130,45;130,45;1;1;2;2;0;0;-18785,1776269792;-3,00537347793579;
130,5;130,5;1;1;2;2;0;0;-18785,1776269792;-3,00537347793579;
130,55;130,55;1;1;2;2;0;0;-18785,1776269792;-3,00537347793579;
130,6;130,6;1;1;2;2;0;0;-18785,1776269792;-3,00537347793579;
130,65;130,65;1;1;2;2;0;0;-18785,1776269792;-3,00537198781967;
130,7;130,7;1;1;2;2;0;0;-18785,1776269792;-3,0052974820137;
130,75;130,75;1;1;2;2;0;0;-18785,1776269792;-3,00522327423096;
130,8;130,8;1;1;2;2;0;0;-18785,1776269792;-3,00514876842499;
130,85;130,85;1;1;2;2;0;0;-18785,1776269792;-3,00508558750153;
130,9;130,9;1;1;2;2;0;0;-18785,1776269792;-3,00518572330475;
130,95;130,95;1;1;2;2;0;0;-18785,1776269792;-3,00511121749878;
131;131;1;1;2;2;0;0;-18785,1776269792;-3,00503700971603;
131,05;131,05;1;1;2;2;0;0;-18785,1776269792;-3,00496250391006;
131,1;131,1;1;1;2;2;0;0;-18785,1776269792;-3,0048879981041;
131,15;131,15;1;1;2;2;0;0;-18785,1776269792;-3,00487846136093;
131,2;131,2;1;1;2;2;0;0;-18785,1776269792;-3,00487846136093;
131,25;131,25;1;1;2;2;0;0;-18785,1776269792;-3,00487846136093;
131,3;131,3;1;1;2;2;0;0;-18785,1776269792;-3,00487846136093;
131,35;131,35;1;1;2;2;0;0;-18785,1776269792;-3,00487846136093;
131,4;131,4;1;1;2;2;0;0;-18785,1776269792;-3,00483137369156;
131,45;131,45;1;1;2;2;0;0;-18785,1776269792;-3,00475686788559;
131,5;131,5;1;1;2;2;0;0;-18785,1776269792;-3,00468266010284;
131,55;131,55;1;1;2;2;0;0;-18785,1776269792;-3,00460815429688;
131,6;131,6;1;1;2;2;0;0;-18785,1776269792;-3,00453364849091;
131,65;131,65;1;1;2;2;0;0;-18785,1776269792;-3,0044960975647;
131,7;131,7;1;1;2;2;0;0;-18785,1776269792;-3,0044960975647;
131,75;131,75;1;1;2;2;0;0;-18785,1776269792;-3,0044960975647;
131,8;131,8;1;1;2;2;0;0;-18785,1776269792;-3,0044960975647;
131,85;131,85;1;1;2;2;0;0;-18785,1776269792;-3,0044960975647;
131,9;131,9;1;1;2;2;0;0;-18785,1776269792;-3,0044960975647;
131,95;131,95;1;1;2;2;0;0;-18785,1776269792;-3,00448924303055;
132;132;1;1;2;2;0;0;-18785,1776269792;-3,00441473722458;
132,05;132,05;1;1;2;2;0;0;-18785,1776269792;-3,00434023141861;
132,1;132,1;1;1;2;2;0;0;-18785,1776269792;-3,00426602363586;
132,15;132,15;1;1;2;2;0;0;-18785,1776269792;-3,00423234701157;
132,2;132,2;1;1;2;2;0;0;-18785,1776269792;-3,00423234701157;
132,25;132,25;1;1;2;2;0;0;-18785,1776269792;-3,00423234701157;
132,3;132,3;1;1;2;2;0;0;-18785,1776269792;-3,00423234701157;
132,35;132,35;1;1;2;2;0;0;-18785,1776269792;-3,00423234701157;
132,4;132,4;1;1;2;2;0;0;-18785,1776269792;-3,00421386957169;
132,45;132,45;1;1;2;2;0;0;-18785,1776269792;-3,0039981007576;
132,5;132,5;1;1;2;2;0;0;-18785,1776269792;-3,00409138202667;
132,55;132,55;1;1;2;2;0;0;-18785,1776269792;-3,00411224365234;
132,6;132,6;1;1;2;2;0;0;-18785,1776269792;-3,00396323204041;
132,65;132,65;1;1;2;2;0;0;-18785,1776269792;-3,00385892391205;
132,7;132,7;1;1;2;2;0;0;-18785,1776269792;-3,00401359796524;
132,75;132,75;1;1;2;2;0;0;-18785,1776269792;-3,00380796194077;
132,8;132,8;1;1;2;2;0;0;-18785,1776269792;-3,00380796194077;
132,85;132,85;1;1;2;2;0;0;-18785,1776269792;-3,00380796194077;
132,9;132,9;1;1;2;2;0;0;-18785,1776269792;-3,00380796194077;
132,95;132,95;1;1;2;2;0;0;-18785,1776269792;-3,00380796194077;
133;133;1;1;2;2;0;0;-18785,1776269792;-3,00380796194077;
133,05;133,05;1;1;2;2;0;0;-18785,1776269792;-3,00378680229187;
133,1;133,1;1;1;2;2;0;0;-18785,1776269792;-3,00359785556793;
133,15;133,15;1;1;2;2;0;0;-18785,1776269792;-3,00368160009384;
133,2;133,2;1;1;2;2;0;0;-18785,1776269792;-3,00359725952148;
133,25;133,25;1;1;2;2;0;0;-18785,1776269792;-3,00354063510895;
133,3;133,3;1;1;2;2;0;0;-18785,1776269792;-3,00355851650238;
133,35;133,35;1;1;2;2;0;0;-18785,1776269792;-3,00359696149826;
133,4;133,4;1;1;2;2;0;0;-18785,1776269792;-3,00329953432083;
133,45;133,45;1;1;2;2;0;0;-18785,1776269792;-3,00349056720734;
133,5;133,5;1;1;2;2;0;0;-18785,1776269792;-3,00343364477158;
133,55;133,55;1;1;2;2;0;0;-18785,1776269792;-3,00345331430435;
133,6;133,6;1;1;2;2;0;0;-18785,1776269792;-3,00333201885223;
133,65;133,65;1;1;2;2;0;0;-18785,1776269792;-3,00321906805038;
133,7;133,7;1;1;2;2;0;0;-18785,1776269792;-3,00321906805038;
133,75;133,75;1;1;2;2;0;0;-18785,1776269792;-3,00321906805038;
133,8;133,8;1;1;2;2;0;0;-18785,1776269792;-3,00321906805038;
133,85;133,85;1;1;2;2;0;0;-18785,1776269792;-3,00321906805038;
133,9;133,9;1;1;2;2;0;0;-18785,1776269792;-3,00321906805038;
133,95;133,95;1;1;2;2;0;0;-18785,1776269792;-3,00321906805038;
134;134;1;1;2;2;0;0;-18785,1776269792;-3,00321906805038;
134,05;134,05;1;1;2;2;0;0;-18785,1776269792;-3,00316840410233;
134,1;134,1;1;1;2;2;0;0;-18785,1776269792;-3,00302565097809;
134,15;134,15;1;1;2;2;0;0;-18785,1776269792;-3,00310015678406;
134,2;134,2;1;1;2;2;0;0;-18785,1776269792;-3,00317138433456;
134,25;134,25;1;1;2;2;0;0;-18785,1776269792;-3,00289988517761;
134,3;134,3;1;1;2;2;0;0;-18785,1776269792;-3,00306648015976;
134,35;134,35;1;1;2;2;0;0;-18785,1776269792;-3,00291776657104;
134,4;134,4;1;1;2;2;0;0;-18785,1776269792;-3,00283879041672;
134,45;134,45;1;1;2;2;0;0;-18785,1776269792;-3,00284743309021;
134,5;134,5;1;1;2;2;0;0;-18785,1776269792;-3,00292193889618;
134,55;134,55;1;1;2;2;0;0;-18785,1776269792;-3,00288289785385;
134,6;134,6;1;1;2;2;0;0;-18785,1776269792;-3,00280869007111;
134,65;134,65;1;1;2;2;0;0;-18785,1776269792;-3,00273418426514;
134,7;134,7;1;1;2;2;0;0;-18785,1776269792;-3,00265967845917;
134,75;134,75;1;1;2;2;0;0;-18785,1776269792;-3,00265461206436;
134,8;134,8;1;1;2;2;0;0;-18785,1776269792;-3,00265461206436;
134,85;134,85;1;1;2;2;0;0;-18785,1776269792;-3,00265461206436;
134,9;134,9;1;1;2;2;0;0;-18785,1776269792;-3,00265461206436;
134,95;134,95;1;1;2;2;0;0;-18785,1776269792;-3,00265461206436;
135;135;1;1;2;2;0;0;-18785,1776269792;-3,00244748592377;
135,05;135,05;1;1;2;2;0;0;-18785,1776269792;-3,00259441137314;
135,1;135,1;1;1;2;2;0;0;-18785,1776269792;-3,0023854970932;
135,15;135,15;1;1;2;2;0;0;-18785,1776269792;-3,00259679555893;
135,2;135,2;1;1;2;2;0;0;-18785,1776269792;-3,00252228975296;
135,25;135,25;1;1;2;2;0;0;-18785,1776269792;-3,00244808197021;
135,3;135,3;1;1;2;2;0;0;-18785,1776269792;-3,00237357616425;
135,35;135,35;1;1;2;2;0;0;-18785,1776269792;-3,00229907035828;
135,4;135,4;1;1;2;2;0;0;-18785,1776269792;-3,0023518204689;
135,45;135,45;1;1;2;2;0;0;-18785,1776269792;-3,00243228673935;
135,5;135,5;1;1;2;2;0;0;-18785,1776269792;-3,00228327512741;
135,55;135,55;1;1;2;2;0;0;-18785,1776269792;-3,00222307443619;
135,6;135,6;1;1;2;2;0;0;-18785,1776269792;-3,00232857465744;
135,65;135,65;1;1;2;2;0;0;-18785,1776269792;-3,00210535526276;
135,7;135,7;1;1;2;2;0;0;-18785,1776269792;-3,00232470035553;
135,75;135,75;1;1;2;2;0;0;-18785,1776269792;-3,00208359956741;
135,8;135,8;1;1;2;2;0;0;-18785,1776269792;-3,00215780735016;
135,85;135,85;1;1;2;2;0;0;-18785,1776269792;-3,00217390060425;
135,9;135,9;1;1;2;2;0;0;-18785,1776269792;-3,00202518701553;
135,95;135,95;1;1;2;2;0;0;-18785,1776269792;-3,00216943025589;
136;136;1;1;2;2;0;0;-18785,1776269792;-3,00202280282974;
136,05;136,05;1;1;2;2;0;0;-18785,1776269792;-3,00199866294861;
136,1;136,1;1;1;2;2;0;0;-18785,1776269792;-3,00205588340759;
136,15;136,15;1;1;2;2;0;0;-18785,1776269792;-3,00184845924377;
136,2;136,2;1;1;2;2;0;0;-18785,1776269792;-3,00195872783661;
136,25;136,25;1;1;2;2;0;0;-18785,1776269792;-3,00189763307571;
136,3;136,3;1;1;2;2;0;0;-18785,1776269792;-3,00194352865219;
136,35;136,35;1;1;2;2;0;0;-18785,1776269792;-3,00191193819046;
136,4;136,4;1;1;2;2;0;0;-18785,1776269792;-3,00176322460175;
136,45;136,45;1;1;2;2;0;0;-18785,1776269792;-3,00161451101303;
136,5;136,5;1;1;2;2;0;0;-18785,1776269792;-3,00184786319733;
136,55;136,55;1;1;2;2;0;0;-18785,1776269792;-3,0016165971756;
136,6;136,6;1;1;2;2;0;0;-18785,1776269792;-3,00176531076431;
136,65;136,65;1;1;2;2;0;0;-18785,1776269792;-3,00169765949249;
136,7;136,7;1;1;3;2;0;0;-18785,1776269792;-3,00154864788055;
136,7;136,7;1;1;3;2;0;0;-18785,1776269792;-3,00154864788055;
136,75;136,75;1;1;3;2;0;0;-18785,1776269792;-3,00169259309769;
136,8;136,8;1;1;3;2;0;0;-18785,1776269792;-3,00124764442444;
136,85;136,85;1;1;3;2;0;0;-18785,1776269792;-3,00111681222916;
136,9;136,9;1;1;3;2;0;0;-18784,7896007507;-3,00057470798492;
136,95;136,95;1;1;3;2;0;0;-18784,3443540647;-3,00001412630081;
137;137;1;1;3;2;0;0;-18783,8973192393;-2,99858808517456;
137,05;137,05;1;1;3;2;0;0;-18783,0229191208;-2,99112975597382;
137,1;137,1;1;1;3;2;0;0;-18775,1586824726;-2,94001966714859;
137,15;137,15;1;1;3;2;0;0;-18766,6775377654;-2,90405213832855;
137,2;137,2;1;1;3;2;0;0;-18761,69935795;-2,87753582000732;
137,25;137,25;1;1;3;2;0;0;-18757,8995619342;-2,85486310720444;
137,3;137,3;1;1;3;2;0;0;-18754,612961898;-2,83567488193512;
137,35;137,35;1;1;3;2;0;0;-18752,7711784174;-2,8258940577507;
137,4;137,4;1;1;3;2;0;0;-18751,4318620805;-2,81056314706802;
137,45;137,45;1;1;3;2;0;0;-18749,3701374659;-2,78625160455704;
137,5;137,5;1;1;3;2;0;0;-18745,3539765946;-2,76614397764206;
137,55;137,55;1;1;3;2;0;0;-18741,336027584;-2,74736076593399;
137,6;137,6;1;1;3;2;0;0;-18737,3198667128;-2,72968500852585;
137,65;137,65;1;1;3;2;0;0;-18733,8365713534;-2,71478146314621;
137,7;137,7;1;1;3;2;0;0;-18732,4453989768;-2,70218431949615;
137,75;137,75;1;1;3;2;0;0;-18731,1060826399;-2,69435346126556;
137,8;137,8;1;1;3;2;0;0;-18730,1994960141;-2,67655789852142;
137,85;137,85;1;1;3;2;0;0;-18726,7090480975;-2,65591830015183;
137,9;137,9;1;1;3;2;0;0;-18722,6928872262;-2,6385098695755;
137,95;137,95;1;1;3;2;0;0;-18718,676726355;-2,62165099382401;
138;138;1;1;3;2;0;0;-18715,2774735427;-2,60453194379807;
138,05;138,05;1;1;3;2;0;0;-18712,788383635;-2,58921951055527;
138,1;138,1;1;1;3;2;0;0;-18710,5567857867;-2,57629364728928;
138,15;138,15;1;1;3;2;0;0;-18708,9116976292;-2,5697934627533;
138,2;138,2;1;1;3;2;0;0;-18708,0194161178;-2,55843698978424;
138,25;138,25;1;1;3;2;0;0;-18706,1436579905;-2,53639966249466;
138,3;138,3;1;1;3;2;0;0;-18702,1257089799;-2,51752734184265;
138,35;138,35;1;1;3;2;0;0;-18698,1095481087;-2,50070095062256;
138,4;138,4;1;1;3;2;0;0;-18694,4474388191;-2,4843555688858;
138,45;138,45;1;1;3;2;0;0;-18691,9351031004;-2,46877372264862;
138,5;138,5;1;1;3;2;0;0;-18689,7035052521;-2,4527034163475;
138,55;138,55;1;1;3;2;0;0;-18687,4719074038;-2,43843674659729;
138,6;138,6;1;1;3;2;0;0;-18685,2403095555;-2,42591097950935;
138,65;138,65;1;1;3;2;0;0;-18683,0087117072;-2,4194709956646;
138,7;138,7;1;1;3;2;0;0;-18682,0019892804;-2,40612268447876;
138,75;138,75;1;1;3;2;0;0;-18680,1691464963;-2,38467276096344;
138,8;138,8;1;1;3;2;0;0;-18676,5982323111;-2,36659556627274;
138,85;138,85;1;1;3;2;0;0;-18673,0291062653;-2,35025972127914;
138,9;138,9;1;1;3;2;0;0;-18669,4581920801;-2,33469113707542;
138,95;138,95;1;1;3;2;0;0;-18665,8926423128;-2,31872245669365;
139;139;1;1;3;2;0;0;-18663,5877307532;-2,30495974421501;
139,05;139,05;1;1;3;2;0;0;-18661,7924388944;-2,29428216814995;
139,1;139,1;1;1;3;2;0;0;-18660,0060877322;-2,28801906108856;
139,15;139,15;1;1;3;2;0;0;-18658,9242634547;-2,26999878883362;
139,2;139,2;1;1;3;2;0;0;-18656,0328422042;-2,25002273917198;
139,25;139,25;1;1;3;2;0;0;-18652,0148931936;-2,23221033811569;
139,3;139,3;1;1;3;2;0;0;-18647,9987323223;-2,21587583422661;
139,35;139,35;1;1;3;2;0;0;-18644,8909462163;-2,20045015215874;
139,4;139,4;1;1;3;2;0;0;-18642,5377548954;-2,18531265854836;
139,45;139,45;1;1;3;2;0;0;-18640,3061570471;-2,16992303729057;
139,5;139,5;1;1;3;2;0;0;-18638,0745591988;-2,15954497456551;
139,55;139,55;1;1;3;2;0;0;-18636,0700550418;-2,15258717536926;
139,6;139,6;1;1;3;2;0;0;-18634,7307387049;-2,1358685195446;
139,65;139,65;1;1;3;2;0;0;-18633,2769814528;-2,11738333106041;
139,7;139,7;1;1;3;2;0;0;-18629,7525588894;-2,09953799843788;
139,75;139,75;1;1;3;2;0;0;-18626,1834328436;-2,08370268344879;
139,8;139,8;1;1;3;2;0;0;-18622,6125186584;-2,06744134426117;
139,85;139,85;1;1;3;2;0;0;-18619,0416044732;-2,0526285469532;
139,9;139,9;1;1;3;2;0;0;-18616,5364213118;-2,03740686178207;
139,95;139,95;1;1;3;2;0;0;-18614,6177478412;-2,02386900782585;
140;140;1;1;3;2;0;0;-18612,8331848183;-2,0112419128418;
140,05;140,05;1;1;3;2;0;0;-18611,046833656;-2,00090825557709;
140,1;140,1;1;1;3;2;0;0;-18609,2622706331;-1,99153125286102;
140,15;140,15;1;1;3;2;0;0;-18607,3203513516;-1,97196990251541;
140,2;140,2;1;1;3;2;0;0;-18603,7011574053;-1,95445463061333;
140,25;140,25;1;1;3;2;0;0;-18599,6832083948;-1,93753629922867;
140,3;140,3;1;1;3;2;0;0;-18595,6670475235;-1,92174062132835;
140,35;140,35;1;1;3;2;0;0;-18593,3138562027;-1,90610751509666;
140,4;140,4;1;1;3;2;0;0;-18591,3629962247;-1,8913833796978;
140,45;140,45;1;1;3;2;0;0;-18589,5766450625;-1,87781974673271;
140,5;140,5;1;1;3;2;0;0;-18587,7813532037;-1,86650097370148;
140,55;140,55;1;1;3;2;0;0;-18585,1402714554;-1,8572860956192;
140,6;140,6;1;1;3;2;0;0;-18582,463426921;-1,84902131557465;
140,65;140,65;1;1;3;2;0;0;-18580,4267362565;-1,82768732309341;
140,7;140,7;1;1;3;2;0;0;-18577,3261027076;-1,80964127182961;
140,75;140,75;1;1;3;2;0;0;-18573,3099418364;-1,79320886731148;
140,8;140,8;1;1;3;2;0;0;-18569,3510014228;-1,77922338247299;
140,85;140,85;1;1;3;2;0;0;-18566,6687924705;-1,76442056894302;
140,9;140,9;1;1;3;2;0;0;-18564,4371946221;-1,74925848841667;
140,95;140,95;1;1;3;2;0;0;-18562,2055967738;-1,73468872904778;
141;141;1;1;3;2;0;0;-18559,9739989255;-1,72112748026848;
141,05;141,05;1;1;3;2;0;0;-18557,7424010772;-1,70817703008652;
141,1;141,1;1;1;3;2;0;0;-18555,5108032289;-1,69955551624298;
141,15;141,15;1;1;3;2;0;0;-18553,2792053806;-1,69300436973572;
141,2;141,2;1;1;3;2;0;0;-18551,5751086262;-1,67580664157867;
141,25;141,25;1;1;3;2;0;0;-18549,2076121909;-1,65697425603867;
141,3;141,3;1;1;3;2;0;0;-18545,1896631804;-1,64136752486229;
141,35;141,35;1;1;3;2;0;0;-18541,1735023091;-1,6266280412674;
141,4;141,4;1;1;3;2;0;0;-18538,5646070682;-1,61196112632751;
141,45;141,45;1;1;3;2;0;0;-18536,6030182544;-1,59829705953598;
141,5;141,5;1;1;3;2;0;0;-18534,8184552315;-1,58446818590164;
141,55;141,55;1;1;3;2;0;0;-18533,0321040692;-1,5707203745842;
141,6;141,6;1;1;3;2;0;0;-18530,4464546392;-1,55698597431183;
141,65;141,65;1;1;3;2;0;0;-18527,7678219655;-1,54339373111725;
141,7;141,7;1;1;3;2;0;0;-18525,0891892918;-1,53270378708839;
141,75;141,75;1;1;3;2;0;0;-18522,4123447574;-1,52950331568718;
141,8;141,8;1;1;3;2;0;0;-18520,7314938139;-1,51382073760033;
141,85;141,85;1;1;3;2;0;0;-18518,0707425333;-1,49531096220016;
141,9;141,9;1;1;3;2;0;0;-18514,0527935227;-1,47907450795174;
141,95;141,95;1;1;3;2;0;0;-18510,0366326514;-1,46535068750381;
142;142;1;1;3;2;0;0;-18506,9038125951;-1,45166024565697;
142,05;142,05;1;1;3;2;0;0;-18504,4969770953;-1,43746539950371;
142,1;142,1;1;1;3;2;0;0;-18502,265379247;-1,42496854066849;
142,15;142,15;1;1;3;2;0;0;-18500,0337813986;-1,4108644425869;
142,2;142,2;1;1;3;2;0;0;-18497,8021835503;-1,39786124229431;
142,25;142,25;1;1;3;2;0;0;-18495,4865431548;-1,38487711548805;
142,3;142,3;1;1;3;2;0;0;-18492,8079104811;-1,372991502285;
142,35;142,35;1;1;3;2;0;0;-18490,1310659467;-1,36037990450859;
142,4;142,4;1;1;3;2;0;0;-18487,452433273;-1,35193064808846;
142,45;142,45;1;1;3;2;0;0;-18484,8721482609;-1,34210631251335;
142,5;142,5;1;1;3;2;0;0;-18483,532831924;-1,33322194218636;
142,55;142,55;1;1;3;2;0;0;-18482,1935155872;-1,31722241640091;
142,6;142,6;1;1;3;2;0;0;-18478,1791428552;-1,30043089389801;
142,65;142,65;1;1;3;2;0;0;-18473,7159471586;-1,28703400492668;
142,7;142,7;1;1;3;2;0;0;-18470,5831271023;-1,27278819680214;
142,75;142,75;1;1;3;2;0;0;-18468,2138425278;-1,25947624444962;
142,8;142,8;1;1;3;2;0;0;-18465,9822446794;-1,24602034687996;
142,85;142,85;1;1;3;2;0;0;-18463,7506468311;-1,23263411223888;
142,9;142,9;1;1;3;2;0;0;-18461,5190489828;-1,22013486921787;
142,95;142,95;1;1;3;2;0;0;-18459,1676458013;-1,20755508542061;
143;143;1;1;3;2;0;0;-18456,4890131276;-1,19548976421356;
143,05;143,05;1;1;3;2;0;0;-18453,8103804539;-1,18419356644154;
143,1;143,1;1;1;3;2;0;0;-18451,1335359195;-1,17183595895767;
143,15;143,15;1;1;3;2;0;0;-18448,4549032458;-1,15796141326427;
143,2;143,2;1;1;3;2;0;0;-18445,7780587114;-1,14653132855892;
143,25;143,25;1;1;3;2;0;0;-18443,0994260377;-1,13805405795574;
143,3;143,3;1;1;3;2;0;0;-18440,4619205679;-1,13179907202721;
143,35;143,35;1;1;3;2;0;0;-18439,0993584201;-1,12228751182556;
143,4;143,4;1;1;3;2;0;0;-18437,758253944;-1,10415399074554;
143,45;143,45;1;1;3;2;0;0;-18434,3625774103;-1,08976364135742;
143,5;143,5;1;1;3;2;0;0;-18430,7916632252;-1,07617750763893;
143,55;143,55;1;1;3;2;0;0;-18427,22074904;-1,06280006468296;
143,6;143,6;1;1;3;2;0;0;-18423,6498348548;-1,05010256171227;
143,65;143,65;1;1;3;2;0;0;-18420,7619898828;-1,03802606463432;
143,7;143,7;1;1;3;2;0;0;-18418,4552901839;-1,02610863745213;
143,75;143,75;1;1;3;2;0;0;-18416,2236923355;-1,01452991366386;
143,8;143,8;1;1;3;2;0;0;-18413,9920944872;-1,00184433162212;
143,85;143,85;1;1;3;2;0;0;-18411,7604966389;-0,990581586956978;
143,9;143,9;1;1;3;2;0;0;-18409,3554492783;-0,978541746735573;
143,95;143,95;1;1;3;2;0;0;-18406,6786047439;-0,967594161629677;
144;144;1;1;3;2;0;0;-18403,9999720702;-0,954653322696686;
144,05;144,05;1;1;3;2;0;0;-18401,3213393965;-0,943621844053268;
144,1;144,1;1;1;3;2;0;0;-18398,6444948621;-0,932576656341553;
144,15;144,15;1;1;3;2;0;0;-18395,9658621884;-0,92042088508606;
144,2;144,2;1;1;3;2;0;0;-18393,289017654;-0,909894183278084;
144,25;144,25;1;1;3;2;0;0;-18390,6103849803;-0,897612646222115;
144,3;144,3;1;1;3;2;0;0;-18387,9317523066;-0,890172272920609;
144,35;144,35;1;1;3;2;0;0;-18385,5875016823;-0,882461071014404;
144,4;144,4;1;1;3;2;0;0;-18383,8333370275;-0,873697176575661;
144,45;144,45;1;1;3;2;0;0;-18382,4940206906;-0,860259905457497;
144,5;144,5;1;1;3;2;0;0;-18378,9391997592;-0,847079828381538;
144,55;144,55;1;1;3;2;0;0;-18374,4760040625;-0,834854394197464;
144,6;144,6;1;1;3;2;0;0;-18371,5523963045;-0,822731256484985;
144,65;144,65;1;1;3;2;0;0;-18369,2403321876;-0,81198513507843;
144,7;144,7;1;1;3;2;0;0;-18367,0087343393;-0,801193192601204;
144,75;144,75;1;1;3;2;0;0;-18364,777136491;-0,789600983262062;
144,8;144,8;1;1;3;2;0;0;-18362,5455386426;-0,778749138116837;
144,85;144,85;1;1;3;2;0;0;-18360,1351268642;-0,767799764871597;
144,9;144,9;1;1;3;2;0;0;-18357,4582823298;-0,757201761007309;
144,95;144,95;1;1;3;2;0;0;-18354,7796496561;-0,746383294463158;
145;145;1;1;3;2;0;0;-18352,1028051217;-0,735418796539307;
145,05;145,05;1;1;3;2;0;0;-18349,424172448;-0,725166499614716;
145,1;145,1;1;1;3;2;0;0;-18346,7455397743;-0,714910328388214;
145,15;145,15;1;1;3;2;0;0;-18344,0686952398;-0,704691559076309;
145,2;145,2;1;1;3;2;0;0;-18341,3900625661;-0,693710967898369;
145,25;145,25;1;1;3;2;0;0;-18338,7132180317;-0,68304568529129;
145,3;145,3;1;1;3;2;0;0;-18336,034585358;-0,672227963805199;
145,35;145,35;1;1;3;2;0;0;-18333,3559526843;-0,662580728530884;
145,4;145,4;1;1;3;2;0;0;-18330,6791081499;-0,652635022997856;
145,45;145,45;1;1;3;2;0;0;-18328,0004754762;-0,643544346094131;
145,5;145,5;1;1;3;2;0;0;-18325,3236309418;-0,632833391427994;
145,55;145,55;1;1;3;2;0;0;-18322,6449982681;-0,623651631176472;
145,6;145,6;1;1;3;2;0;0;-18319,9681537337;-0,615017972886562;
145,65;145,65;1;1;3;2;0;0;-18317,28952106;-0,606734268367291;
145,7;145,7;1;1;3;2;0;0;-18315,285016903;-0,601591691374779;
145,75;145,75;1;1;3;2;0;0;-18313,9457005661;-0,596952214837074;
145,8;145,8;1;1;3;2;0;0;-18312,9210967464;-0,58244813233614;
145,85;145,85;1;1;3;2;0;0;-18308,9210291288;-0,569611713290215;
145,9;145,9;1;1;3;2;0;0;-18304,4578334322;-0,558625273406506;
145,95;145,95;1;1;3;2;0;0;-18301,5181324204;-0,549982041120529;
146;146;1;1;3;2;0;0;-18299,5851538355;-0,540308766067028;
146,05;146,05;1;1;3;2;0;0;-18297,7988026732;-0,531035028398037;
146,1;146,1;1;1;3;2;0;0;-18295,9999345359;-0,520974211394787;
146,15;146,15;1;1;3;2;0;0;-18292,9368519124;-0,511467680335045;
146,2;146,2;1;1;3;2;0;0;-18289,8129725526;-0,503084883093834;
146,25;146,25;1;1;3;2;0;0;-18286,6873050535;-0,493700616061687;
146,3;146,3;1;1;3;2;0;0;-18283,5634256937;-0,484138540923595;
146,35;146,35;1;1;3;2;0;0;-18280,4395463339;-0,475149489939213;
146,4;146,4;1;1;3;2;0;0;-18278,1596687244;-0,465961433947086;
146,45;146,45;1;1;3;2;0;0;-18276,3751057015;-0,456931889057159;
146,5;146,5;1;1;3;2;0;0;-18274,5887545393;-0,448339842259884;
146,55;146,55;1;1;3;2;0;0;-18272,3374871586;-0,43905820697546;
146,6;146,6;1;1;3;2;0;0;-18269,2136077988;-0,430006608366966;
146,65;146,65;1;1;3;2;0;0;-18266,0897284391;-0,421438477933407;
146,7;146,7;1;1;3;2;0;0;-18262,9658490793;-0,413272976875305;
146,75;146,75;1;1;3;2;0;0;-18259,8401815802;-0,404280535876751;
146,8;146,8;1;1;3;2;0;0;-18256,7163022204;-0,396871119737625;
146,85;146,85;1;1;3;2;0;0;-18253,9518388602;-0,38972444832325;
146,9;146,9;1;1;3;2;0;0;-18252,0975384045;-0,38470696657896;
146,95;146,95;1;1;3;2;0;0;-18251,1319431817;-0,382409691810608;
147;147;1;1;3;2;0;0;-18250,2396616702;-0,370532907545567;
147,05;147,05;1;1;3;2;0;0;-18247,4501643598;-0,358681604266167;
147,1;147,1;1;1;3;2;0;0;-18243,4322153493;-0,351800546050072;
147,15;147,15;1;1;3;2;0;0;-18239,416054478;-0,342576503753662;
147,2;147,2;1;1;3;2;0;0;-18236,0507763125;-0,334432162344456;
147,25;147,25;1;1;3;2;0;0;-18233,5759915192;-0,326160974800587;
147,3;147,3;1;1;3;2;0;0;-18231,3443936709;-0,317410528659821;
147,35;147,35;1;1;3;2;0;0;-18229,1127958225;-0,309673547744751;
147,4;147,4;1;1;3;2;0;0;-18226,8811979742;-0,302168112248182;
147,45;147,45;1;1;3;2;0;0;-18224,6335068722;-0,29454804956913;
147,5;147,5;1;1;3;2;0;0;-18221,9566623378;-0,28694162145257;
147,55;147,55;1;1;3;2;0;0;-18219,2780296641;-0,279713254421949;
147,6;147,6;1;1;3;2;0;0;-18216,5993969904;-0,272231996059418;
147,65;147,65;1;1;3;2;0;0;-18213,922552456;-0,264852568507195;
147,7;147,7;1;1;3;2;0;0;-18211,2439197823;-0,2570197917521;
147,75;147,75;1;1;3;2;0;0;-18208,5670752479;-0,249026641249657;
147,8;147,8;1;1;3;2;0;0;-18205,8884425742;-0,241751931607723;
147,85;147,85;1;1;3;2;0;0;-18203,2098099005;-0,234230421483517;
147,9;147,9;1;1;3;2;0;0;-18200,5329653661;-0,227459389716387;
147,95;147,95;1;1;3;2;0;0;-18198,1100366125;-0,220802221447229;
148;148;1;1;3;2;0;0;-18195,8784387642;-0,215922426432371;
148,05;148,05;1;1;3;2;0;0;-18192,532830131;-0,208637695759535;
148,1;148,1;1;1;3;2;0;0;-18189,5341205223;-0,205766540020704;
148,15;148,15;1;1;3;2;0;0;-18188,3378553296;-0,20472776144743;
148,2;148,2;1;1;3;2;0;0;-18187,4437856788;-0,196605958044529;
148,25;148,25;1;1;3;2;0;0;-18185,2425861986;-0,186850968748331;
148,3;148,3;1;1;3;2;0;0;-18181,6734601527;-0,179112404584885;
148,35;148,35;1;1;3;2;0;0;-18178,1025459676;-0,172342713922262;
148,4;148,4;1;1;3;2;0;0;-18174,5316317824;-0,165527481585741;
148,45;148,45;1;1;3;2;0;0;-18171,3398031291;-0,159480907022953;
148,5;148,5;1;1;3;2;0;0;-18169,2441038677;-0,152889834716916;
148,55;148,55;1;1;3;2;0;0;-18167,4577527055;-0,147732626646757;
148,6;148,6;1;1;3;2;0;0;-18165,6731896826;-0,14167127199471;
148,65;148,65;1;1;3;2;0;0;-18162,7477937852;-0,135906040668488;
148,7;148,7;1;1;3;2;0;0;-18159,6221262862;-0,130338966846466;
148,75;148,75;1;1;3;2;0;0;-18156,4982469264;-0,124919749796391;
148,8;148,8;1;1;3;2;0;0;-18153,3743675666;-0,121052907779813;
148,85;148,85;1;1;3;2;0;0;-18150,2504882068;-0,116201434284449;
148,9;148,9;1;1;3;2;0;0;-18147,7721271349;-0,112859979271889;
148,95;148,95;1;1;3;2;0;0;-18145,7711992564;-0,108846155926585;
149;149;1;1;3;2;0;0;-18143,9866362335;-0,103130582720041;
149,05;149,05;1;1;3;2;0;0;-18142,2002850713;-0,100496206432581;
149,1;149,1;1;1;3;2;0;0;-18140,4157220483;-0,0975965615361929;
149,15;149,15;1;1;3;2;0;0;-18138,5506927568;-0,0914197135716677;
149,2;149,2;1;1;3;2;0;0;-18135,017329497;-0,0845579337328672;
149,25;149,25;1;1;3;2;0;0;-18130,9993804864;-0,0792578980326653;
149,3;149,3;1;1;3;2;0;0;-18126,9832196152;-0,074082906357944;
149,35;149,35;1;1;3;2;0;0;-18124,1669002152;-0,0696448935195804;
149,4;149,4;1;1;3;2;0;0;-18121,8888107451;-0,0656749214977026;
149,45;149,45;1;1;3;2;0;0;-18119,6572128968;-0,060579408891499;
149,5;149,5;1;1;3;2;0;0;-18117,4256150485;-0,0560642778873444;
149,55;149,55;1;1;3;2;0;0;-18115,1940172001;-0,0511793326586485;
149,6;149,6;1;1;3;2;0;0;-18112,7514189142;-0,0471662217751145;
149,65;149,65;1;1;3;2;0;0;-18110,0727862405;-0,0431126821786165;
149,7;149,7;1;1;3;2;0;0;-18107,3941535668;-0,0393802812322974;
149,75;149,75;1;1;3;2;0;0;-18104,7173090324;-0,0356677919626236;
149,8;149,8;1;1;3;2;0;0;-18102,0386763587;-0,0330291455611587;
149,85;149,85;1;1;3;2;0;0;-18099,3618318243;-0,0298824766650796;
149,9;149,9;1;1;3;2;0;0;-18096,6831991506;-0,0259187631309032;
149,95;149,95;1;1;3;2;0;0;-18094,0045664769;-0,0225481856614351;
150;150;1;1;3;2;0;0;-18091,3277219425;-0,0191318709403276;
150,05;150,05;1;1;3;2;0;0;-18088,6490892688;-0,0184545340016484;
150,1;150,1;1;1;3;2;0;0;-18087,3097729319;-0,0175854843109846;
150,15;150,15;1;1;3;2;0;0;-18086,4174914205;-0,0115386769175529;
150,2;150,2;1;1;3;2;0;0;-18082,8519416532;-0,00740106217563152;
150,25;150,25;1;1;3;2;0;0;-18078,8357807819;-0,00404384918510914;
150,3;150,3;1;1;3;2;0;0;-18074,857170836;-0,00120023731142282;
150,35;150,35;1;1;3;2;0;0;-18072,2017839732;0,0020480016246438;
150,4;150,4;1;1;3;2;0;0;-18069,9701861249;0,0043108593672514;
150,45;150,45;1;1;3;2;0;0;-18067,7385882766;0,00727179925888777;
150,5;150,5;1;1;3;2;0;0;-18065,5069904283;0,00962434802204371;
150,55;150,55;1;1;3;2;0;0;-18063,27539258;0,0119346845895052;
150,6;150,6;1;1;3;2;0;0;-18060,7272940753;0,0136011373251677;
150,65;150,65;1;1;3;2;0;0;-18058,0504495409;0,0152695784345269;
150,7;150,7;1;1;3;2;0;0;-18055,3718168672;0,0170951616019011;
150,75;150,75;1;1;3;2;0;0;-18052,6931841935;0,0190418306738138;
150,8;150,8;1;1;3;2;0;0;-18050,0163396591;0,0207004696130753;
150,85;150,85;1;1;3;2;0;0;-18047,3377069853;0,0213625049218535;
150,9;150,9;1;1;3;2;0;0;-18044,6608624509;0,0225438224151731;
150,95;150,95;1;1;3;2;0;0;-18041,9822297772;0,0230008689686656;
151;151;1;1;3;2;0;0;-18039,3053852428;0,0232319720089436;
151,05;151,05;1;1;3;2;0;0;-18036,9325243897;0,0219637993723154;
151,1;151,1;1;1;3;2;0;0;-18034,965571158;0,020449124276638;
151,15;151,15;1;1;3;2;0;0;-18033,1810081351;0,0201142486184835;
151,2;151,2;1;1;3;2;0;0;-18031,3964451121;0,0216488819569349;
151,25;151,25;1;1;3;2;0;0;-18028,3530320209;0,0216815527528524;
151,3;151,3;1;1;3;2;0;0;-18024,783905975;0,0211225263774395;
151,35;151,35;1;1;3;2;0;0;-18021,2129917899;0,0212115049362183;
151,4;151,4;1;1;3;2;0;0;-18017,6420776047;0,0210664933547378;
151,45;151,45;1;1;3;2;0;0;-18014,7113172895;0,020396588370204;
151,5;151,5;1;1;3;2;0;0;-18012,3688548045;0,0201762327924371;
151,55;151,55;1;1;3;2;0;0;-18010,1372569561;0,0195829663425684;
151,6;151,6;1;1;3;2;0;0;-18007,9056591078;0,0184769555926323;
151,65;151,65;1;1;3;2;0;0;-18005,6740612595;0,0133757852017879;
151,7;151,7;1;1;3;2;0;0;-18003,304776685;0,0112884817644954;
151,75;151,75;1;1;3;2;0;0;-18000,6261440113;0,0103292381390929;
151,8;151,8;1;1;3;2;0;0;-17999,4584890474;0,0101519888266921;
151,85;151,85;1;1;3;2;0;0;-17999,0311237543;0,0100945727899671;
151,9;151,9;1;1;3;2;0;0;-17999,0311237543;0,0100798346102238;
151,95;151,95;1;1;3;2;0;0;-17999,0311237543;0,00998565461486578;
152;152;1;1;4;2;0;0;-17999,0311237543;0,00987659208476543;
152;152;1;1;4;2;0;0;-17999,0311237543;0,00987659208476543;
152,05;152,05;1;1;4;2;0;0;-17999,0311237543;0,00986897386610508;
152,1;152,1;1;1;4;2;0;0;-17999,0311237543;0,00990658532828093;
152,15;152,15;1;1;4;2;0;0;-17999,0311237543;0,00985095277428627;
152,2;152,2;1;1;4;2;0;0;-17999,0311237543;0,00984240788966417;
152,25;152,25;1;1;4;2;0;0;-17999,0311237543;0,00985640566796064;
152,3;152,3;1;1;4;2;0;0;-17999,0311237543;0,00980838667601347;
152,35;152,35;1;1;4;2;0;0;-17999,0311237543;0,00979410484433174;
152,4;152,4;1;1;4;2;0;0;-17999,0311237543;0,00977100804448128;
152,45;152,45;1;1;4;2;0;0;-17999,0311237543;0,00973197165876627;
152,5;152,5;1;1;4;2;0;0;-17999,0311237543;0,00973091926425695;
152,55;152,55;1;1;4;2;0;0;-17999,0311237543;0,00949522946029902;
152,6;152,6;1;1;4;2;0;0;-17999,0311237543;0,00959268771111965;
152,65;152,65;1;1;4;2;0;0;-17999,0311237543;0,00945842359215021;
152,7;152,7;1;1;4;2;0;0;-17999,0311237543;0,00945587642490864;
152,75;152,75;1;1;4;2;0;0;-17999,0311237543;0,00950654502958059;
152,8;152,8;1;1;4;2;0;0;-17999,0311237543;0,00938869081437588;
152,85;152,85;1;1;4;2;0;0;-17999,0311237543;0,00941560138016939;
152,9;152,9;1;1;4;2;0;0;-17999,0311237543;0,00939884223043919;
152,95;152,95;1;1;4;2;0;0;-17999,0311237543;0,0095078069716692;
153;153;1;1;4;2;0;0;-17999,0311237543;0,0094137154519558;
153,05;153,05;1;1;4;2;0;0;-17999,0311237543;0,00945317093282938;
153,1;153,1;1;1;4;2;0;0;-17999,0311237543;0,0093429908156395;
153,15;153,15;1;1;4;2;0;0;-17999,0311237543;0,00934886280447245;
153,2;153,2;1;1;4;2;0;0;-17999,0311237543;0,00942091923207045;
153,25;153,25;1;1;4;2;0;0;-17999,0311237543;0,00936606433242559;
153,3;153,3;1;1;4;2;0;0;-17999,0311237543;0,00941591337323189;
153,35;153,35;1;1;4;2;0;0;-17999,0311237543;0,00936673954129219;
153,4;153,4;1;1;4;2;0;0;-17999,0311237543;0,00936240423470736;
153,45;153,45;1;1;4;2;0;0;-17999,0311237543;0,00928584951907396;
153,5;153,5;1;1;4;2;0;0;-17999,3190141818;0,00929757952690125;
153,55;153,55;1;1;4;2;0;0;-17999,7660490072;0,00927410088479519;
153,6;153,6;1;1;4;2;0;0;-18000,2130838326;0,00931020360440016;
153,65;153,65;1;1;4;2;0;0;-18000,6583305187;0,00928633846342564;
153,7;153,7;1;1;4;2;0;0;-18001,1053653441;0,00924608670175076;
153,75;153,75;1;1;4;2;0;0;-18001,5506120302;0,00874769873917103;
153,8;153,8;1;1;4;2;0;0;-18001,9976468555;0,00874473247677088;
153,85;153,85;1;1;4;2;0;0;-18002,4446816809;0,00873441342264414;
153,9;153,9;1;1;4;2;0;0;-18002,5537581783;0,00870981719344854;
153,95;153,95;1;1;4;2;0;0;-18002,5537581783;0,00878428108990192;
154;154;1;1;4;2;0;0;-18002,5537581783;0,00875176396220922;
154,05;154,05;1;1;4;2;0;0;-18002,5537581783;0,00874736346304417;
154,1;154,1;1;1;4;2;0;0;-18002,5537581783;0,00867268070578575;
154,15;154,15;1;1;4;2;0;0;-18002,5537581783;0,00869040843099356;
154,2;154,2;1;1;4;2;0;0;-18002,5537581783;0,0086866645142436;
154,25;154,25;1;1;4;2;0;0;-18002,5537581783;0,00869956333190203;
154,3;154,3;1;1;4;2;0;0;-18002,5537581783;0,00871579628437757;
154,35;154,35;1;1;4;2;0;0;-18002,5537581783;0,00867282506078482;
154,4;154,4;1;1;4;2;0;0;-18002,5537581783;0,00867035239934921;
154,45;154,45;1;1;4;2;0;0;-18002,5537581783;0,00868064817041159;
154,5;154,5;1;1;4;2;0;0;-18002,5537581783;0,0086938263848424;
154,55;154,55;1;1;4;2;0;0;-18002,5537581783;0,00864355824887753;
154,6;154,6;1;1;4;2;0;0;-18002,5537581783;0,00869791489094496;
154,65;154,65;1;1;4;2;0;0;-18002,5537581783;0,00864361878484488;
154,7;154,7;1;1;4;2;0;0;-18002,5537581783;0,00863574910908937;
154,75;154,75;1;1;4;2;0;0;-18002,5537581783;0,00864864327013493;
154,8;154,8;1;1;4;2;0;0;-18002,5537581783;0,00863333698362112;
154,85;154,85;1;1;4;2;0;0;-18002,5537581783;0,00861772801727057;
154,9;154,9;1;1;4;2;0;0;-18002,5537581783;0,00857025384902954;
154,95;154,95;1;1;4;2;0;0;-18002,5537581783;0,00857878010720015;
155;155;1;1;4;2;0;0;-18002,5537581783;0,00860623549669981;
155,05;155,05;1;1;4;2;0;0;-18002,5537581783;0,0085905659943819;
155,1;155,1;1;1;4;2;0;0;-18002,5537581783;0,00855660997331142;
155,15;155,15;1;1;4;2;0;0;-18002,5537581783;0,00856897793710232;
155,2;155,2;1;1;4;2;0;0;-18002,5537581783;0,00850406009703875;
155,25;155,25;1;1;4;2;0;0;-18002,5537581783;0,00856829341500998;
155,3;155,3;1;1;4;2;0;0;-18002,5537581783;0,00848925672471523;
155,35;155,35;1;1;4;2;0;0;-18002,5537581783;0,0085754506289959;
155,4;155,4;1;1;4;2;0;0;-18002,5537581783;0,00853518024086952;
155,45;155,45;1;1;4;2;0;0;-18002,5537581783;0,00853132456541061;
155,5;155,5;1;1;4;2;0;0;-18002,5537581783;0,00852540135383606;
155,55;155,55;1;1;4;2;0;0;-18002,5537581783;0,00852461438626051;
155,6;155,6;1;1;4;2;0;0;-18002,7915807054;0,00857525505125523;
155,65;155,65;1;1;4;2;0;0;-18003,2386155308;0,00851105898618698;
155,7;155,7;1;1;4;2;0;0;-18003,6838622169;0,00851589720696211;
155,75;155,75;1;1;4;2;0;0;-18004,1308970423;0,00852473545819521;
155,8;155,8;1;1;4;2;0;0;-18004,3454737585;0,0085890619084239;
155,85;155,85;1;1;4;2;0;0;-18004,3454737585;0,00848561991006136;
155,9;155,9;1;1;4;2;0;0;-18004,3454737585;0,00845545902848244;
155,95;155,95;1;1;4;2;0;0;-18004,3454737585;0,00854489393532276;
156;156;1;1;4;2;0;0;-18004,3454737585;0,00851399730890989;
156,05;156,05;1;1;4;2;0;0;-18004,3454737585;0,00851666089147329;
156,1;156,1;1;1;4;2;0;0;-18004,3454737585;0,00846035778522491;
156,15;156,15;1;1;4;2;0;0;-18004,3454737585;0,00851077493280172;
156,2;156,2;1;1;4;2;0;0;-18004,3454737585;0,00846894457936287;
156,25;156,25;1;1;4;2;0;0;-18004,3454737585;0,00846589915454388;
156,3;156,3;1;1;4;2;0;0;-18004,3454737585;0,00848613679409027;
156,35;156,35;1;1;4;2;0;0;-18004,3454737585;0,00845069065690041;
156,4;156,4;1;1;4;2;0;0;-18004,3454737585;0,00846933573484421;
156,45;156,45;1;1;4;2;0;0;-18004,3454737585;0,00842205248773098;
156,5;156,5;1;1;4;2;0;0;-18004,3454737585;0,00847331713885069;
156,55;156,55;1;1;4;2;0;0;-18004,3454737585;0,00838974956423044;
156,6;156,6;1;1;4;2;0;0;-18004,3454737585;0,00851198565214872;
156,65;156,65;1;1;4;2;0;0;-18004,3454737585;0,00839687883853912;
156,7;156,7;1;1;4;2;0;0;-18004,3454737585;0,00847837422043085;
156,75;156,75;1;1;4;2;0;0;-18004,3454737585;0,00837048050016165;
156,8;156,8;1;1;4;2;0;0;-18004,3454737585;0,00838817097246647;
156,85;156,85;1;1;4;2;0;0;-18004,3454737585;0,00843535177409649;
156,9;156,9;1;1;4;2;0;0;-18004,3454737585;0,00841531902551651;
156,95;156,95;1;1;4;2;0;0;-18004,3454737585;0,00839716754853725;
157;157;1;1;4;2;0;0;-18004,3454737585;0,00837811268866062;
157,05;157,05;1;1;4;2;0;0;-18004,3454737585;0,00842191278934479;
157,1;157,1;1;1;4;2;0;0;-18004,3454737585;0,00841140281409025;
157,15;157,15;1;1;4;2;0;0;-18004,3454737585;0,00837727449834347;
157,2;157,2;1;1;4;2;0;0;-18004,3454737585;0,0083466712385416;
157,25;157,25;1;1;4;2;0;0;-18004,3454737585;0,00843615736812353;
157,3;157,3;1;1;4;2;0;0;-18004,3454737585;0,00836424995213747;
157,35;157,35;1;1;4;2;0;0;-18004,3454737585;0,00835981220006943;
157,4;157,4;1;1;4;2;0;0;-18004,3454737585;0,00837153289467096;
157,45;157,45;1;1;4;2;0;0;-18004,3454737585;0,0083491625264287;
157,5;157,5;1;1;4;2;0;0;-18004,3454737585;0,00837489496916533;
157,55;157,55;1;1;4;2;0;0;-18004,3454737585;0,00837374944239855;
157,6;157,6;1;1;4;2;0;0;-18004,3454737585;0,00837137922644615;
157,65;157,65;1;1;4;2;0;0;-18004,3454737585;0,0083473464474082;
157,7;157,7;1;1;4;2;0;0;-18004,3454737585;0,00840611290186644;
157,75;157,75;1;1;4;2;0;0;-18004,3454737585;0,00834337901324034;
157,8;157,8;1;1;4;2;0;0;-18004,3454737585;0,00838074833154678;
157,85;157,85;1;1;4;2;0;0;-18004,3454737585;0,00833445694297552;
157,9;157,9;1;1;4;2;0;0;-18004,3454737585;0,00832921825349331;
157,95;157,95;1;1;4;2;0;0;-18004,3454737585;0,00833083409816027;
158;158;1;1;4;2;0;0;-18004,3454737585;0,00831924844533205;
158,05;158,05;1;1;4;2;0;0;-18004,3454737585;0,00834578182548285;
158,1;158,1;1;1;4;2;0;0;-18004,3454737585;0,00829266384243965;
158,15;158,15;1;1;4;2;0;0;-18004,3454737585;0,00840219669044018;
158,2;158,2;1;1;4;2;0;0;-18004,3454737585;0,00828167889267206;
158,25;158,25;1;1;4;2;0;0;-18004,3454737585;0,00829237513244152;
158,3;158,3;1;1;4;2;0;0;-18004,3454737585;0,00824959017336369;
158,35;158,35;1;1;4;2;0;0;-18004,3454737585;0,00824240501970053;
158,4;158,4;1;1;4;2;0;0;-18004,3454737585;0,00831522047519684;
158,45;158,45;1;1;4;2;0;0;-18004,3454737585;0,00827513635158539;
158,5;158,5;1;1;4;2;0;0;-18004,3454737585;0,00827651470899582;
158,55;158,55;1;1;4;2;0;0;-18004,3454737585;0,00824716873466969;
158,6;158,6;1;1;4;2;0;0;-18004,3454737585;0,00827291049063206;
158,65;158,65;1;1;4;2;0;0;-18004,3454737585;0,00824664253741503;
158,7;158,7;1;1;4;2;0;0;-18004,3454737585;0,00828835647553205;
158,75;158,75;1;1;4;2;0;0;-18004,3454737585;0,00824224669486284;
158,8;158,8;1;1;4;2;0;0;-18004,3454737585;0,00828588847070932;
158,85;158,85;1;1;4;2;0;0;-18004,3454737585;0,00818983186036348;
158,9;158,9;1;1;4;2;0;0;-18004,3454737585;0,0082608824595809;
158,95;158,95;1;1;4;2;0;0;-18004,3454737585;0,00821143854409456;
159;159;1;1;4;2;0;0;-18004,3454737585;0,00823893118649721;
159,05;159,05;1;1;4;2;0;0;-18004,3454737585;0,00822450034320354;
159,1;159,1;1;1;4;2;0;0;-18004,3454737585;0,0082105677574873;
159,15;159,15;1;1;4;2;0;0;-18004,3454737585;0,00818452332168818;
159,2;159,2;1;1;4;2;0;0;-18004,3454737585;0,00817835330963135;
159,25;159,25;1;1;4;2;0;0;-18004,3454737585;0,00820770394057035;
159,3;159,3;1;1;4;2;0;0;-18004,3454737585;0,00817729625850916;
159,35;159,35;1;1;4;2;0;0;-18004,3454737585;0,00820353161543608;
159,4;159,4;1;1;4;2;0;0;-18004,3454737585;0,00813721213489771;
159,45;159,45;1;1;4;2;0;0;-18004,3454737585;0,0082038901746273;
159,5;159,5;1;1;4;2;0;0;-18004,3454737585;0,00817152671515942;
159,55;159,55;1;1;4;2;0;0;-18004,3454737585;0,00820150133222342;
159,6;159,6;1;1;4;2;0;0;-18004,3454737585;0,00816682353615761;
159,65;159,65;1;1;4;2;0;0;-18004,3454737585;0,00812817830592394;
159,7;159,7;1;1;4;2;0;0;-18004,3454737585;0,00817770604044199;
159,75;159,75;1;1;4;2;0;0;-18004,3454737585;0,00810980796813965;
159,8;159,8;1;1;4;2;0;0;-18004,3454737585;0,00815607607364655;
159,85;159,85;1;1;4;2;0;0;-18004,3454737585;0,00810509547591209;
159,9;159,9;1;1;4;2;0;0;-18004,3454737585;0,00820121262222528;
159,95;159,95;1;1;4;2;0;0;-18004,3454737585;0,0081328023225069;
160;160;1;1;4;2;0;0;-18004,3454737585;0,00807480420917273;
160,05;160,05;1;1;4;2;0;0;-18004,3454737585;0,00814849510788918;
160,1;160,1;1;1;4;2;0;0;-18004,3454737585;0,00809604302048683;
160,15;160,15;1;1;4;2;0;0;-18004,3454737585;0,00815787352621555;
160,2;160,2;1;1;4;2;0;0;-18004,3454737585;0,00815593637526035;
160,25;160,25;1;1;4;2;0;0;-18004,3454737585;0,00818259082734585;
160,3;160,3;1;1;4;2;0;0;-18004,3454737585;0,00809523276984692;
160,35;160,35;1;1;4;2;0;0;-18004,3454737585;0,00810921657830477;
160,4;160,4;1;1;4;2;0;0;-18004,3454737585;0,00809434801340103;
160,45;160,45;1;1;4;2;0;0;-18004,3454737585;0,00811370555311441;
160,5;160,5;1;1;4;2;0;0;-18004,3454737585;0,00812443904578686;
160,55;160,55;1;1;4;2;0;0;-18004,3454737585;0,00818885397166014;
160,6;160,6;1;1;4;2;0;0;-18004,3454737585;0,00810643658041954;
160,65;160,65;1;1;4;2;0;0;-18004,3454737585;0,00808374490588903;
160,7;160,7;1;1;4;2;0;0;-18004,3454737585;0,00806225463747978;
160,75;160,75;1;1;4;2;0;0;-18004,3454737585;0,00807118602097034;
160,8;160,8;1;1;4;2;0;0;-18004,3454737585;0,00811021309345961;
160,85;160,85;1;1;4;2;0;0;-18004,3454737585;0,00804350711405277;
160,9;160,9;1;1;4;2;0;0;-18004,3454737585;0,00808366108685732;
160,95;160,95;1;1;4;2;0;0;-18004,3454737585;0,00804882496595383;
161;161;1;1;4;2;0;0;-18004,3454737585;0,00811935402452946;
161,05;161,05;1;1;4;2;0;0;-18004,3454737585;0,00807545613497496;
161,1;161,1;1;1;4;2;0;0;-18004,3454737585;0,0081241549924016;
161,15;161,15;1;1;4;2;0;0;-18004,3454737585;0,00807115808129311;
161,2;161,2;1;1;4;2;0;0;-18004,3454737585;0,00813277438282967;
161,25;161,25;1;1;4;2;0;0;-18004,3454737585;0,00802375376224518;
161,3;161,3;1;1;4;2;0;0;-18004,3454737585;0,0081298965960741;
161,35;161,35;1;1;4;2;0;0;-18004,3454737585;0,00810200814157724;
161,4;161,4;1;1;4;2;0;0;-18004,3454737585;0,00807174947112799;
161,45;161,45;1;1;4;2;0;0;-18004,3454737585;0,00808502547442913;
161,5;161,5;1;1;4;2;0;0;-18004,3454737585;0,00806140713393688;
161,55;161,55;1;1;4;2;0;0;-18004,3454737585;0,0080819521099329;
161,6;161,6;1;1;4;2;0;0;-18004,3454737585;0,00801895279437304;
161,65;161,65;1;1;4;2;0;0;-18004,3454737585;0,00807682983577251;
161,7;161,7;1;1;4;2;0;0;-18004,3454737585;0,00803518109023571;
161,75;161,75;1;1;4;2;0;0;-18004,3454737585;0,00806166790425777;
161,8;161,8;1;1;4;2;0;0;-18004,3454737585;0,0080505246296525;
161,85;161,85;1;1;4;2;0;0;-18004,3454737585;0,00808879267424345;
161,9;161,9;1;1;4;2;0;0;-18004,3454737585;0,00813882797956467;
161,95;161,95;1;1;4;2;0;0;-18004,3454737585;0,00806719996035099;
162;162;1;1;4;2;0;0;-18004,3454737585;0,00815487001091242;
162,05;162,05;1;1;4;2;0;0;-18004,3454737585;0,00803559087216854;
162,1;162,1;1;1;4;2;0;0;-18004,3454737585;0,00810510944575071;
162,15;162,15;1;1;4;2;0;0;-18004,3454737585;0,00803905539214611;
162,2;162,2;1;1;4;2;0;0;-18004,3454737585;0,00805975403636694;
162,25;162,25;1;1;4;2;0;0;-18004,3454737585;0,00803862698376179;
162,3;162,3;1;1;4;2;0;0;-18004,3454737585;0,00803079921752214;
162,35;162,35;1;1;4;2;0;0;-18004,3454737585;0,00804922543466091;
162,4;162,4;1;1;4;2;0;0;-18004,3454737585;0,00799450557678938;
162,45;162,45;1;1;4;2;0;0;-18004,3454737585;0,00806891359388828;
162,5;162,5;1;1;4;2;0;0;-18004,3454737585;0,00795433763414621;
162,55;162,55;1;1;4;2;0;0;-18004,3454737585;0,00800843350589275;
162,6;162,6;1;1;4;2;0;0;-18004,3454737585;0,00796861946582794;
162,65;162,65;1;1;4;2;0;0;-18004,3454737585;0,00806621741503477;
162,7;162,7;1;1;4;2;0;0;-18004,3454737585;0,00800281297415495;
162,75;162,75;1;1;4;2;0;0;-18004,3454737585;0,00800746493041515;
162,8;162,8;1;1;4;2;0;0;-18004,3454737585;0,00799383502453566;
162,85;162,85;1;1;4;2;0;0;-18004,3454737585;0,00798612367361784;
162,9;162,9;1;1;4;2;0;0;-18004,3454737585;0,0080909114331007;
162,95;162,95;1;1;4;2;0;0;-18004,3454737585;0,00798417255282402;
163;163;1;1;4;2;0;0;-18004,3454737585;0,00803876202553511;
163,05;163,05;1;1;4;2;0;0;-18004,3454737585;0,00793809071183205;
163,1;163,1;1;1;4;2;0;0;-18004,3454737585;0,0080277631059289;
163,15;163,15;1;1;4;2;0;0;-18004,3454737585;0,00793447718024254;
163,2;163,2;1;1;4;2;0;0;-18004,3454737585;0,00803371891379356;
163,25;163,25;1;1;4;2;0;0;-18004,3454737585;0,00805174466222525;
163,3;163,3;1;1;4;2;0;0;-18004,3454737585;0,00803596340119839;
163,35;163,35;1;1;4;2;0;0;-18004,3454737585;0,00798638910055161;
163,4;163,4;1;1;4;2;0;0;-18004,3454737585;0,00799107365310192;
163,45;163,45;1;1;4;2;0;0;-18004,3454737585;0,00800114125013351;
163,5;163,5;1;1;4;2;0;0;-18004,3454737585;0,00800799112766981;
163,55;163,55;1;1;4;2;0;0;-18004,3454737585;0,00801138114184141;
163,6;163,6;1;1;4;2;0;0;-18004,3454737585;0,00797272194176912;
163,65;163,65;1;1;4;2;0;0;-18004,3454737585;0,00799677334725857;
163,7;163,7;1;1;4;2;0;0;-18004,3454737585;0,00792929902672768;
163,75;163,75;1;1;4;2;0;0;-18004,3454737585;0,00802283175289631;
163,8;163,8;1;1;4;2;0;0;-18004,3454737585;0,00796367414295673;
163,85;163,85;1;1;4;2;0;0;-18004,3454737585;0,00797022134065628;
163,9;163,9;1;1;4;2;0;0;-18004,3454737585;0,00797838438302279;
163,95;163,95;1;1;4;2;0;0;-18004,3454737585;0,00795521773397923;
164;164;1;1;4;2;0;0;-18004,3454737585;0,00800353474915028;
164,05;164,05;1;1;4;2;0;0;-18004,3454737585;0,00794176943600178;
164,1;164,1;1;1;4;2;0;0;-18004,3454737585;0,00801750458776951;
164,15;164,15;1;1;4;2;0;0;-18004,3454737585;0,0079979607835412;
164,2;164,2;1;1;4;2;0;0;-18004,3454737585;0,00801146030426025;
164,25;164,25;1;1;4;2;0;0;-18004,3454737585;0,00793376937508583;
164,3;164,3;1;1;4;2;0;0;-18004,3454737585;0,00794001389294863;
164,35;164,35;1;1;4;2;0;0;-18004,3454737585;0,00790560152381659;
164,4;164,4;1;1;4;2;0;0;-18004,3454737585;0,00797889661043882;
164,45;164,45;1;1;4;2;0;0;-18004,3454737585;0,0079835020005703;
164,5;164,5;1;1;4;2;0;0;-18004,3454737585;0,00799326691776514;
164,55;164,55;1;1;4;2;0;0;-18004,3454737585;0,00795893371105194;
164,6;164,6;1;1;4;2;0;0;-18004,3454737585;0,00791062135249376;
164,65;164,65;1;1;4;2;0;0;-18004,3454737585;0,00790927559137344;
164,7;164,7;1;1;4;2;0;0;-18004,3454737585;0,00789228826761246;
164,75;164,75;1;1;4;2;0;0;-18004,3454737585;0,00792449805885553;
164,8;164,8;1;1;4;2;0;0;-18004,3454737585;0,00792565755546093;
164,85;164,85;1;1;4;2;0;0;-18004,3454737585;0,00795071013271809;
164,9;164,9;1;1;4;2;0;0;-18004,3454737585;0,00787075143307447;
164,95;164,95;1;1;4;2;0;0;-18004,3454737585;0,00799927394837141;
165;165;1;1;4;2;0;0;-18004,3454737585;0,00791470520198345;
165,05;165,05;1;1;4;2;0;0;-18004,3454737585;0,00791654922068119;
165,1;165,1;1;1;4;2;0;0;-18004,3454737585;0,00789401587098837;
165,15;165,15;1;1;4;2;0;0;-18004,3454737585;0,00787728931754828;
165,2;165,2;1;1;4;2;0;0;-18004,3454737585;0,00788853038102388;
165,25;165,25;1;1;4;2;0;0;-18004,3454737585;0,00787319615483284;
165,3;165,3;1;1;4;2;0;0;-18004,3454737585;0,00793794170022011;
165,35;165,35;1;1;4;2;0;0;-18004,3454737585;0,00788196455687284;
165,4;165,4;1;1;4;2;0;0;-18004,3454737585;0,00788596924394369;
165,45;165,45;1;1;4;2;0;0;-18004,3454737585;0,00785020180046558;
165,5;165,5;1;1;4;2;0;0;-18004,3454737585;0,00782725866883993;
165,55;165,55;1;1;4;2;0;0;-18004,3454737585;0,00781870447099209;
165,6;165,6;1;1;4;2;0;0;-18004,3454737585;0,00781668350100517;
165,65;165,65;1;1;4;2;0;0;-18004,3454737585;0,0078788585960865;
165,7;165,7;1;1;4;2;0;0;-18004,3454737585;0,00781997572630644;
165,75;165,75;1;1;4;2;0;0;-18004,3454737585;0,00787640921771526;
165,8;165,8;1;1;4;2;0;0;-18004,3454737585;0,00782490242272615;
165,85;165,85;1;1;4;2;0;0;-18004,3454737585;0,00791768543422222;
165,9;165,9;1;1;4;2;0;0;-18004,3454737585;0,00783498398959637;
165,95;165,95;1;1;4;2;0;0;-18004,3454737585;0,00781850889325142;
166;166;1;1;4;2;0;0;-18004,3454737585;0,00778972171247005;
166,05;166,05;1;1;4;2;0;0;-18004,3454737585;0,00782377552241087;
166,1;166,1;1;1;4;2;0;0;-18004,3454737585;0,00782260671257973;
166,15;166,15;1;1;4;2;0;0;-18004,3454737585;0,00780090689659119;
166,2;166,2;1;1;4;2;0;0;-18004,3454737585;0,00786514021456242;
166,25;166,25;1;1;4;2;0;0;-18004,3454737585;0,00779889058321714;
166,3;166,3;1;1;4;2;0;0;-18004,3454737585;0,00779514200985432;
166,35;166,35;1;1;4;2;0;0;-18004,3454737585;0,00782078597694635;
166,4;166,4;1;1;4;2;0;0;-18004,3454737585;0,00780059490352869;
166,45;166,45;1;1;4;2;0;0;-18004,3454737585;0,00779955647885799;
166,5;166,5;1;1;4;2;0;0;-18004,3454737585;0,00779305584728718;
166,55;166,55;1;1;4;2;0;0;-18004,3454737585;0,00782441813498735;
166,6;166,6;1;1;4;2;0;0;-18004,3454737585;0,00786901917308569;
166,65;166,65;1;1;4;2;0;0;-18004,3454737585;0,00781380571424961;
166,7;166,7;1;1;4;2;0;0;-18004,3454737585;0,00784887932240963;
166,75;166,75;1;1;4;2;0;0;-18004,3454737585;0,00783560797572136;
166,8;166,8;1;1;4;2;0;0;-18004,3454737585;0,00780503265559673;
166,85;166,85;1;1;4;2;0;0;-18004,3454737585;0,00780882313847542;
166,9;166,9;1;1;4;2;0;0;-18004,3454737585;0,00779106747359037;
166,95;166,95;1;1;4;2;0;0;-18004,3454737585;0,00777698121964931;
167;167;1;1;4;2;0;0;-18004,3454737585;0,00779830384999514;
167,05;167,05;1;1;4;2;0;0;-18004,3454737585;0,00777339097112417;
167,1;167,1;1;1;4;2;0;0;-18004,3454737585;0,00777616631239653;
167,15;167,15;1;1;4;2;0;0;-18004,3454737585;0,00784175936132669;
167,2;167,2;1;1;4;2;0;0;-18004,3454737585;0,00781252048909664;
167,25;167,25;1;1;4;2;0;0;-18004,3454737585;0,00783429946750402;
167,3;167,3;1;1;4;2;0;0;-18004,3454737585;0,0077362684533;
167,35;167,35;1;1;4;2;0;0;-18004,3454737585;0,00775596592575312;
167,4;167,4;1;1;4;2;0;0;-18004,3454737585;0,00776320695877075;
167,45;167,45;1;1;4;2;0;0;-18004,3454737585;0,00770189799368382;
167,5;167,5;1;1;4;2;0;0;-18004,3454737585;0,00780731905251741;
167,55;167,55;1;1;4;2;0;0;-18004,3454737585;0,00773900654166937;
167,6;167,6;1;1;4;2;0;0;-18004,3454737585;0,0078302901238203;
167,65;167,65;1;1;4;2;0;0;-18004,3454737585;0,00770838465541601;
167,7;167,7;1;1;4;2;0;0;-18004,3454737585;0,00779508147388697;
167,75;167,75;1;1;4;2;0;0;-18004,3454737585;0,00777183100581169;
167,8;167,8;1;1;4;2;0;0;-18004,3454737585;0,00778918620198965;
167,85;167,85;1;1;4;2;0;0;-18004,3454737585;0,00775015447288752;
167,9;167,9;1;1;4;2;0;0;-18004,3454737585;0,00777109526097775;
167,95;167,95;1;1;4;2;0;0;-18004,3454737585;0,0078081339597702;
168;168;1;1;4;2;0;0;-18004,3454737585;0,0077354721724987;
168,05;168,05;1;1;4;2;0;0;-18004,3454737585;0,00779847148805857;
168,1;168,1;1;1;4;2;0;0;-18004,3454737585;0,00770241022109985;
168,15;168,15;1;1;4;2;0;0;-18004,3454737585;0,00780988018959761;
168,2;168,2;1;1;4;2;0;0;-18004,3454737585;0,00772617291659117;
168,25;168,25;1;1;4;2;0;0;-18004,3454737585;0,00778933987021446;
168,3;168,3;1;1;4;2;0;0;-18004,3454737585;0,00774823594838381;
168,35;168,35;1;1;4;2;0;0;-18004,3454737585;0,00775727909058332;
168,4;168,4;1;1;4;2;0;0;-18004,3454737585;0,00772935338318348;
168,45;168,45;1;1;4;2;0;0;-18004,3454737585;0,00770322978496552;
168,5;168,5;1;1;4;2;0;0;-18004,3454737585;0,00771347898989916;
168,55;168,55;1;1;4;2;0;0;-18004,3454737585;0,00769560690969229;
168,6;168,6;1;1;4;2;0;0;-18004,3454737585;0,00770310871303082;
168,65;168,65;1;1;4;2;0;0;-18004,3454737585;0,00771205406636;
168,7;168,7;1;1;4;2;0;0;-18004,3454737585;0,00772468745708466;
168,75;168,75;1;1;4;2;0;0;-18004,3454737585;0,00768055208027363;
168,8;168,8;1;1;4;2;0;0;-18004,3454737585;0,00775267370045185;
168,85;168,85;1;1;4;2;0;0;-18004,3454737585;0,00770210288465023;
168,9;168,9;1;1;4;2;0;0;-18004,3454737585;0,00770068727433681;
168,95;168,95;1;1;4;2;0;0;-18004,3454737585;0,00772795639932156;
169;169;1;1;4;2;0;0;-18004,3454737585;0,00764954835176468;
169,05;169,05;1;1;4;2;0;0;-18004,3454737585;0,00771437305957079;
169,1;169,1;1;1;4;2;0;0;-18004,3454737585;0,0077451067045331;
169,15;169,15;1;1;4;2;0;0;-18004,3454737585;0,00775215681642294;
169,2;169,2;1;1;4;2;0;0;-18004,3454737585;0,00775834079831839;
169,25;169,25;1;1;4;2;0;0;-18004,3454737585;0,00776867847889662;
169,3;169,3;1;1;4;2;0;0;-18004,3454737585;0,00772378873080015;
169,35;169,35;1;1;4;2;0;0;-18004,3454737585;0,00772098079323769;
169,4;169,4;1;1;4;2;0;0;-18004,3454737585;0,00768397003412247;
169,45;169,45;1;1;4;2;0;0;-18004,3454737585;0,00771642196923494;
169,5;169,5;1;1;4;2;0;0;-18004,3454737585;0,00766715500503778;
169,55;169,55;1;1;4;2;0;0;-18004,3454737585;0,00770004466176033;
169,6;169,6;1;1;4;2;0;0;-18004,3454737585;0,00771133229136467;
169,65;169,65;1;1;4;2;0;0;-18004,3454737585;0,00774431973695755;
169,7;169,7;1;1;4;2;0;0;-18004,3454737585;0,00774233601987362;
169,75;169,75;1;1;4;2;0;0;-18004,3454737585;0,00770683400332928;
169,8;169,8;1;1;4;2;0;0;-18004,3454737585;0,00772444065660238;
169,85;169,85;1;1;4;2;0;0;-18004,3454737585;0,00764935743063688;
169,9;169,9;1;1;4;2;0;0;-18004,3454737585;0,00775111373513937;
169,95;169,95;1;1;4;2;0;0;-18004,3454737585;0,00770250800997019;
170;170;1;1;4;2;0;0;-18004,3454737585;0,0077003100886941;
170,05;170,05;1;1;4;2;0;0;-18004,3454737585;0,00768013298511505;
170,1;170,1;1;1;4;2;0;0;-18004,3454737585;0,00769408419728279;
170,15;170,15;1;1;4;2;0;0;-18004,3454737585;0,00771500170230865;
170,2;170,2;1;1;4;2;0;0;-18004,3454737585;0,00767339952290058;
170,25;170,25;1;1;4;2;0;0;-18004,3454737585;0,00770486891269684;
170,3;170,3;1;1;4;2;0;0;-18004,3454737585;0,00764332711696625;
170,35;170,35;1;1;4;2;0;0;-18004,3454737585;0,00769240781664848;
170,4;170,4;1;1;4;2;0;0;-18004,3454737585;0,00756676308810711;
170,45;170,45;1;1;4;2;0;0;-18004,3454737585;0,00766456592828035;
170,5;170,5;1;1;4;2;0;0;-18004,3454737585;0,00763295218348503;
170,55;170,55;1;1;4;2;0;0;-18004,3454737585;0,00770911108702421;
170,6;170,6;1;1;4;2;0;0;-18004,3454737585;0,00766863115131855;
170,65;170,65;1;1;4;2;0;0;-18004,3454737585;0,00768239144235849;
170,7;170,7;1;1;4;2;0;0;-18004,3454737585;0,00768809579312801;
170,75;170,75;1;1;4;2;0;0;-18004,3454737585;0,0075917225331068;
170,8;170,8;1;1;4;2;0;0;-18004,3454737585;0,00759764108806849;
170,85;170,85;1;1;4;2;0;0;-18004,3454737585;0,00763610005378723;
170,9;170,9;1;1;4;2;0;0;-18004,3454737585;0,00761660281568766;
170,95;170,95;1;1;4;2;0;0;-18004,3454737585;0,00759394373744726;
171;171;1;1;4;2;0;0;-18004,3454737585;0,00759673304855824;
171,05;171,05;1;1;4;2;0;0;-18004,3454737585;0,00761679373681545;
171,1;171,1;1;1;4;2;0;0;-18004,3454737585;0,00757744070142508;
171,15;171,15;1;1;4;2;0;0;-18004,3454737585;0,00762659125030041;
171,2;171,2;1;1;4;2;0;0;-18004,3454737585;0,00758216250687838;
171,25;171,25;1;1;4;2;0;0;-18004,3454737585;0,00760159455239773;
171,3;171,3;1;1;4;2;0;0;-18004,3454737585;0,00753989908844233;
171,35;171,35;1;1;4;2;0;0;-18004,3454737585;0,00756700988858938;
171,4;171,4;1;1;4;2;0;0;-18004,3454737585;0,00758476089686155;
171,45;171,45;1;1;4;2;0;0;-18004,3454737585;0,0076276483014226;
171,5;171,5;1;1;4;2;0;0;-18004,3454737585;0,00760592054575682;
171,55;171,55;1;1;4;2;0;0;-18004,3454737585;0,00755338929593563;
171,6;171,6;1;1;4;2;0;0;-18004,3454737585;0,00753364525735378;
171,65;171,65;1;1;4;2;0;0;-18004,3454737585;0,00757279805839062;
171,7;171,7;1;1;4;2;0;0;-18004,3454737585;0,00755764078348875;
171,75;171,75;1;1;4;2;0;0;-18004,3454737585;0,00752608291804791;
171,8;171,8;1;1;4;2;0;0;-18004,3454737585;0,00754946377128363;
171,85;171,85;1;1;4;2;0;0;-18004,3454737585;0,00753989908844233;
171,9;171,9;1;1;4;2;0;0;-18004,3454737585;0,00754775013774633;
171,95;171,95;1;1;4;2;0;0;-18004,3454737585;0,00746466685086489;
172;172;1;1;4;2;0;0;-18004,3454737585;0,00751282554119825;
172,05;172,05;1;1;4;2;0;0;-18004,3454737585;0,00751088839024305;
172,1;172,1;1;1;4;2;0;0;-18004,3454737585;0,00752013176679611;
172,15;172,15;1;1;4;2;0;0;-18004,3454737585;0,00747370067983866;
172,2;172,2;1;1;4;2;0;0;-18004,3454737585;0,00757396686822176;
172,25;172,25;1;1;4;2;0;0;-18004,3454737585;0,0074641453102231;
172,3;172,3;1;1;4;2;0;0;-18004,3454737585;0,00755812972784042;
172,35;172,35;1;1;4;2;0;0;-18004,3454737585;0,00747770071029663;
172,4;172,4;1;1;4;2;0;0;-18004,3454737585;0,00749176368117332;
172,45;172,45;1;1;4;2;0;0;-18004,3454737585;0,00749967992305756;
172,5;172,5;1;1;4;2;0;0;-18004,3454737585;0,00744798220694065;
172,55;172,55;1;1;4;2;0;0;-18004,3454737585;0,00752438325434923;
172,6;172,6;1;1;4;2;0;0;-18004,3454737585;0,00749330967664719;
172,65;172,65;1;1;4;2;0;0;-18004,3454737585;0,00755977816879749;
172,7;172,7;1;1;4;2;0;0;-18004,3454737585;0,0074720848351717;
172,75;172,75;1;1;4;2;0;0;-18004,3454737585;0,00754933804273605;
172,8;172,8;1;1;4;2;0;0;-18004,3454737585;0,00747347716242075;
172,85;172,85;1;1;4;2;0;0;-18004,3454737585;0,00748262740671635;
172,9;172,9;1;1;4;2;0;0;-18004,3454737585;0,00747210811823606;
172,95;172,95;1;1;4;2;0;0;-18004,3454737585;0,00748088117688894;
173;173;1;1;4;2;0;0;-18004,3454737585;0,00749488826841116;
173,05;173,05;1;1;4;2;0;0;-18004,3454737585;0,00745885074138641;
173,1;173,1;1;1;4;2;0;0;-18004,3454737585;0,00744476914405823;
173,15;173,15;1;1;4;2;0;0;-18004,3454737585;0,00742625910788774;
173,2;173,2;1;1;4;2;0;0;-18004,3454737585;0,00746799632906914;
173,25;173,25;1;1;4;2;0;0;-18004,3454737585;0,00748570542782545;
173,3;173,3;1;1;4;2;0;0;-18004,3454737585;0,00746851786971092;
173,35;173,35;1;1;4;2;0;0;-18004,3454737585;0,00749575905501843;
173,4;173,4;1;1;4;2;0;0;-18004,3454737585;0,00745618715882301;
173,45;173,45;1;1;4;2;0;0;-18004,3454737585;0,0074696121737361;
173,5;173,5;1;1;4;2;0;0;-18004,3454737585;0,0074022077023983;
173,55;173,55;1;1;4;2;0;0;-18004,3454737585;0,00741887371987104;
173,6;173,6;1;1;4;2;0;0;-18004,3454737585;0,00738699454814196;
173,65;173,65;1;1;4;2;0;0;-18004,3454737585;0,00746497418731451;
173,7;173,7;1;1;4;2;0;0;-18004,3454737585;0,00744202174246311;
173,75;173,75;1;1;4;2;0;0;-18004,3454737585;0,00747628044337034;
173,8;173,8;1;1;4;2;0;0;-18004,3454737585;0,00745418015867472;
173,85;173,85;1;1;4;2;0;0;-18004,3454737585;0,00750664155930281;
173,9;173,9;1;1;4;2;0;0;-18004,3454737585;0,00737037975341082;
173,95;173,95;1;1;4;2;0;0;-18004,3454737585;0,00740072224289179;
174;174;1;1;4;2;0;0;-18004,3454737585;0,00738621689379215;
174,05;174,05;1;1;4;2;0;0;-18004,3454737585;0,00740897841751575;
174,1;174,1;1;1;4;2;0;0;-18004,3454737585;0,00741167459636927;
174,15;174,15;1;1;4;2;0;0;-18004,3454737585;0,00740204472094774;
174,2;174,2;1;1;4;2;0;0;-18004,3454737585;0,00738381873816252;
174,25;174,25;1;1;4;2;0;0;-18004,3454737585;0,00736621208488941;
174,3;174,3;1;1;4;2;0;0;-18004,3454737585;0,00742141623049974;
174,35;174,35;1;1;4;2;0;0;-18004,3454737585;0,00736177433282137;
174,4;174,4;1;1;4;2;0;0;-18004,3454737585;0,00745412893593311;
174,45;174,45;1;1;4;2;0;0;-18004,3454737585;0,00742257107049227;
174,5;174,5;1;1;4;2;0;0;-18004,3454737585;0,00738924369215965;
174,55;174,55;1;1;4;2;0;0;-18004,3454737585;0,00743483658879995;
174,6;174,6;1;1;4;2;0;0;-18004,3454737585;0,00740302260965109;
174,65;174,65;1;1;4;2;0;0;-18004,3454737585;0,00735878013074398;
174,7;174,7;1;1;4;2;0;0;-18004,3454737585;0,00738149508833885;
174,75;174,75;1;1;4;2;0;0;-18004,3454737585;0,00737611670047045;
174,8;174,8;1;1;4;2;0;0;-18004,3454737585;0,00737086869776249;
174,85;174,85;1;1;4;2;0;0;-18004,3454737585;0,00744545366615057;
174,9;174,9;1;1;4;2;0;0;-18004,3454737585;0,00731954351067543;
174,95;174,95;1;1;4;2;0;0;-18004,3454737585;0,00738691072911024;
175;175;1;1;4;2;0;0;-18004,3454737585;0,00739144627004862;
175,05;175,05;1;1;4;2;0;0;-18004,3454737585;0,00737554393708706;
175,1;175,1;1;1;4;2;0;0;-18004,3454737585;0,00736106652766466;
175,15;175,15;1;1;4;2;0;0;-18004,3454737585;0,00736713875085115;
175,2;175,2;1;1;4;2;0;0;-18004,3454737585;0,00738876406103373;
175,25;175,25;1;1;4;2;0;0;-18004,3454737585;0,00734890811145306;
175,3;175,3;1;1;4;2;0;0;-18004,3454737585;0,00741490162909031;
175,35;175,35;1;1;4;2;0;0;-18004,3454737585;0,0073685310781002;
175,4;175,4;1;1;4;2;0;0;-18004,3454737585;0,00745617784559727;
175,45;175,45;1;1;4;2;0;0;-18004,3454737585;0,00737946480512619;
175,5;175,5;1;1;4;2;0;0;-18004,3454737585;0,00741231720894575;
175,55;175,55;1;1;4;2;0;0;-18004,3454737585;0,00738963019102812;
175,6;175,6;1;1;4;2;0;0;-18004,3454737585;0,0074230320751667;
175,65;175,65;1;1;4;2;0;0;-18004,3454737585;0,00737278256565332;
175,7;175,7;1;1;4;2;0;0;-18004,3454737585;0,00739996787160635;
175,75;175,75;1;1;4;2;0;0;-18004,3454737585;0,00737116672098637;
175,8;175,8;1;1;4;2;0;0;-18004,3454737585;0,00736686866730452;
175,85;175,85;1;1;4;2;0;0;-18004,3454737585;0,00740680377930403;
175,9;175,9;1;1;4;2;0;0;-18004,3454737585;0,00733786728233099;
175,95;175,95;1;1;4;2;0;0;-18004,3454737585;0,00742701347917318;
176;176;1;1;4;2;0;0;-18004,3454737585;0,00731990672647953;
176,05;176,05;1;1;4;2;0;0;-18004,3454737585;0,00739675480872393;
176,1;176,1;1;1;4;2;0;0;-18004,3454737585;0,00732732471078634;
176,15;176,15;1;1;4;2;0;0;-18004,3454737585;0,00732350628823042;
176,2;176,2;1;1;4;2;0;0;-18004,3454737585;0,00733894761651754;
176,25;176,25;1;1;4;2;0;0;-18004,3454737585;0,00726398080587387;
176,3;176,3;1;1;4;2;0;0;-18004,3454737585;0,00734386034309864;
176,35;176,35;1;1;4;2;0;0;-18004,3454737585;0,00728045590221882;
176,4;176,4;1;1;4;2;0;0;-18004,3454737585;0,00730589963495731;
176,45;176,45;1;1;4;2;0;0;-18004,3454737585;0,00730588100850582;
176,5;176,5;1;1;4;2;0;0;-18004,3454737585;0,00733640044927597;
176,55;176,55;1;1;4;2;0;0;-18004,3454737585;0,00736035872250795;
176,6;176,6;1;1;4;2;0;0;-18004,3454737585;0,00735129695385695;
176,65;176,65;1;1;4;2;0;0;-18004,3454737585;0,00732843298465014;
176,7;176,7;1;1;4;2;0;0;-18004,3454737585;0,00729295890778303;
176,75;176,75;1;1;4;2;0;0;-18004,3454737585;0,00735748559236526;
176,8;176,8;1;1;4;2;0;0;-18004,3454737585;0,0072510726749897;
176,85;176,85;1;1;4;2;0;0;-18004,3454737585;0,00734681263566017;
176,9;176,9;1;1;4;2;0;0;-18004,3454737585;0,00730255153030157;
176,95;176,95;1;1;4;2;0;0;-18004,3454737585;0,00731902197003365;
177;177;1;1;4;2;0;0;-18004,3454737585;0,00726435333490372;
177,05;177,05;1;1;4;2;0;0;-18004,3454737585;0,0072573684155941;
177,1;177,1;1;1;4;2;0;0;-18004,3454737585;0,00725387595593929;
177,15;177,15;1;1;4;2;0;0;-18004,3454737585;0,00724265817552805;
177,2;177,2;1;1;4;2;0;0;-18004,3454737585;0,00726523343473673;
177,25;177,25;1;1;4;2;0;0;-18004,3454737585;0,00725549645721912;
177,3;177,3;1;1;4;2;0;0;-18004,3454737585;0,007297876290977;
177,35;177,35;1;1;4;2;0;0;-18004,3454737585;0,00731442123651505;
177,4;177,4;1;1;4;2;0;0;-18004,3454737585;0,00729549676179886;
177,45;177,45;1;1;4;2;0;0;-18004,3454737585;0,00728760845959187;
177,5;177,5;1;1;4;2;0;0;-18004,3454737585;0,00730960629880428;
177,55;177,55;1;1;4;2;0;0;-18004,3454737585;0,00732589513063431;
177,6;177,6;1;1;4;2;0;0;-18004,3454737585;0,00732590910047293;
177,65;177,65;1;1;4;2;0;0;-18004,3454737585;0,00727255828678608;
177,7;177,7;1;1;4;2;0;0;-18004,3454737585;0,00728299841284752;
177,75;177,75;1;1;4;2;0;0;-18004,3454737585;0,00726920552551746;
177,8;177,8;1;1;4;2;0;0;-18004,3454737585;0,00723181292414665;
177,85;177,85;1;1;4;2;0;0;-18004,3454737585;0,00726727768778801;
177,9;177,9;1;1;4;2;0;0;-18004,3454737585;0,00722676981240511;
177,95;177,95;1;1;4;2;0;0;-18004,3454737585;0,00725748017430305;
178;178;1;1;4;2;0;0;-18004,3454737585;0,00720844138413668;
178,05;178,05;1;1;4;2;0;0;-18004,3454737585;0,00724394340068102;
178,1;178,1;1;1;4;2;0;0;-18004,3454737585;0,00721226911991835;
178,15;178,15;1;1;4;2;0;0;-18004,3454737585;0,00726902857422829;
178,2;178,2;1;1;4;2;0;0;-18004,3454737585;0,00724133104085922;
178,25;178,25;1;1;4;2;0;0;-18004,3454737585;0,00729050487279892;
178,3;178,3;1;1;4;2;0;0;-18004,3454737585;0,00719970092177391;
178,35;178,35;1;1;4;2;0;0;-18004,3454737585;0,00722504686564207;
178,4;178,4;1;1;4;2;0;0;-18004,3454737585;0,00719558447599411;
178,45;178,45;1;1;4;2;0;0;-18004,3454737585;0,00721179414540529;
178,5;178,5;1;1;4;2;0;0;-18004,3454737585;0,00726883765310049;
178,55;178,55;1;1;4;2;0;0;-18004,3454737585;0,00721811316907406;
178,6;178,6;1;1;4;2;0;0;-18004,3454737585;0,00724281650036573;
178,65;178,65;1;1;4;2;0;0;-18004,3454737585;0,00724972225725651;
178,7;178,7;1;1;4;2;0;0;-18004,3454737585;0,00725360121577978;
178,75;178,75;1;1;4;2;0;0;-18004,3454737585;0,00721257645636797;
178,8;178,8;1;1;4;2;0;0;-18004,3454737585;0,00718210358172655;
178,85;178,85;1;1;4;2;0;0;-18004,3454737585;0,00722000375390053;
178,9;178,9;1;1;4;2;0;0;-18004,3454737585;0,00717674382030964;
178,95;178,95;1;1;4;2;0;0;-18004,3454737585;0,00721381045877934;
179;179;1;1;4;2;0;0;-18004,3454737585;0,00722127500921488;
179,05;179,05;1;1;4;2;0;0;-18004,3454737585;0,00721252523362637;
179,1;179,1;1;1;4;2;0;0;-18004,3454737585;0,00719707924872637;
179,15;179,15;1;1;4;2;0;0;-18004,3454737585;0,00722260214388371;
179,2;179,2;1;1;4;2;0;0;-18004,3454737585;0,00719681847840548;
179,25;179,25;1;1;4;2;0;0;-18004,3454737585;0,0072463508695364;
179,3;179,3;1;1;4;2;0;0;-18004,3454737585;0,00718689989298582;
179,35;179,35;1;1;4;2;0;0;-18004,3454737585;0,00719207338988781;
179,4;179,4;1;1;4;2;0;0;-18004,3454737585;0,00720859970897436;
179,45;179,45;1;1;4;2;0;0;-18004,3454737585;0,00719380099326372;
179,5;179,5;1;1;4;2;0;0;-18004,3454737585;0,00726618804037571;
179,55;179,55;1;1;4;2;0;0;-18004,3454737585;0,0071564968675375;
179,6;179,6;1;1;4;2;0;0;-18004,3454737585;0,0071992538869381;
179,65;179,65;1;1;4;2;0;0;-18004,3454737585;0,00714085064828396;
179,7;179,7;1;1;4;2;0;0;-18004,3454737585;0,00719235744327307;
179,75;179,75;1;1;4;2;0;0;-18004,3454737585;0,00721468590199947;
179,8;179,8;1;1;4;2;0;0;-18004,3454737585;0,00722668599337339;
179,85;179,85;1;1;4;2;0;0;-18004,3454737585;0,00719443894922733;
179,9;179,9;1;1;4;2;0;0;-18004,3454737585;0,00718338415026665;
179,95;179,95;1;1;4;2;0;0;-18004,3454737585;0,00716416630893946;
180;180;1;1;4;2;0;0;-18004,3454737585;0,007159817032516;
180,05;180,05;1;1;4;2;0;0;-18004,3454737585;0,00718079507350922;
180,1;180,1;1;1;4;2;0;0;-18004,3454737585;0,00714533962309361;
180,15;180,15;1;1;4;2;0;0;-18004,3454737585;0,00719750765711069;
180,2;180,2;1;1;4;2;0;0;-18004,3454737585;0,00715445727109909;
180,25;180,25;1;1;4;2;0;0;-18004,3454737585;0,00721351709216833;
180,3;180,3;1;1;4;2;0;0;-18004,3454737585;0,00715549569576979;
180,35;180,35;1;1;4;2;0;0;-18004,3454737585;0,00721107702702284;
180,4;180,4;1;1;4;2;0;0;-18004,3454737585;0,00712464563548565;
180,45;180,45;1;1;4;2;0;0;-18004,3454737585;0,00718879979103804;
180,5;180,5;1;1;4;2;0;0;-18004,3454737585;0,00713862478733063;
180,55;180,55;1;1;4;2;0;0;-18004,3454737585;0,00710244756191969;
180,6;180,6;1;1;4;2;0;0;-18004,3454737585;0,00716749113053083;
180,65;180,65;1;1;4;2;0;0;-18004,3454737585;0,00710146501660347;
180,7;180,7;1;1;4;2;0;0;-18004,3454737585;0,00717506743967533;
180,75;180,75;1;1;4;2;0;0;-18004,3454737585;0,00712650828063488;
180,8;180,8;1;1;4;2;0;0;-18004,3454737585;0,0071747787296772;
180,85;180,85;1;1;4;2;0;0;-18004,3454737585;0,00710458029061556;
180,9;180,9;1;1;4;2;0;0;-18004,3454737585;0,00719815958291292;
180,95;180,95;1;1;4;2;0;0;-18004,3454737585;0,00711984001100063;
181;181;1;1;4;2;0;0;-18004,3454737585;0,00715629663318396;
181,05;181,05;1;1;4;2;0;0;-18004,3454737585;0,00711194239556789;
181,1;181,1;1;1;4;2;0;0;-18004,3454737585;0,00713939778506756;
181,15;181,15;1;1;4;2;0;0;-18004,3454737585;0,00713024754077196;
181,2;181,2;1;1;4;2;0;0;-18004,3454737585;0,0070533761754632;
181,25;181,25;1;1;4;2;0;0;-18004,3454737585;0,00714712776243687;
181,3;181,3;1;1;4;2;0;0;-18004,3454737585;0,00710261985659599;
181,35;181,35;1;1;4;2;0;0;-18004,3454737585;0,00716208945959806;
181,4;181,4;1;1;4;2;0;0;-18004,3454737585;0,00707680359482765;
181,45;181,45;1;1;4;2;0;0;-18004,3454737585;0,00712821260094643;
181,5;181,5;1;1;4;2;0;0;-18004,3454737585;0,00714145600795746;
181,55;181,55;1;1;4;2;0;0;-18004,3454737585;0,00717020127922297;
181,6;181,6;1;1;4;2;0;0;-18004,3454737585;0,00716018956154585;
181,65;181,65;1;1;4;2;0;0;-18004,3454737585;0,00707917381078005;
181,7;181,7;1;1;4;2;0;0;-18004,3454737585;0,00713939312845469;
181,75;181,75;1;1;4;2;0;0;-18004,3454737585;0,00709625892341137;
181,8;181,8;1;1;4;2;0;0;-18004,3454737585;0,00714933034032583;
181,85;181,85;1;1;4;2;0;0;-18004,3454737585;0,00714159570634365;
181,9;181,9;1;1;4;2;0;0;-18004,3454737585;0,00715245958417654;
181,95;181,95;1;1;4;2;0;0;-18004,3454737585;0,00706788618117571;
182;182;1;1;4;2;0;0;-18004,3454737585;0,00713021028786898;
182,05;182,05;1;1;4;2;0;0;-18004,3454737585;0,00719972886145115;
182,1;182,1;1;1;4;2;0;0;-18004,3454737585;0,00713599845767021;
182,15;182,15;1;1;4;2;0;0;-18004,3454737585;0,0071385782212019;
182,2;182,2;1;1;4;2;0;0;-18004,3454737585;0,00707731116563082;
182,25;182,25;1;1;1;3;0;0;-18004,3454737585;0,00709503423422575;
182,25;182,25;1;1;1;3;0;0;-18004,3454737585;0,00709503423422575;
182,3;182,3;1;1;1;3;0;0;-18004,3454737585;0,00706793740391731;
182,35;182,35;1;1;1;3;0;0;-18004,3454737585;0,00715102069079876;
182,4;182,4;1;1;1;3;0;0;-18004,3454737585;0,00707163009792566;
182,45;182,45;1;1;1;3;0;0;-18004,3454737585;0,0070291431620717;
182,5;182,5;1;1;1;3;0;0;-18004,3454737585;0,00695173628628254;
182,55;182,55;1;1;1;3;0;0;-18006,9490045815;0,00766427256166935;
182,6;182,6;1;1;1;3;0;0;-18014,5360796379;0,00645192805677652;
182,65;182,65;1;1;1;3;0;0;-18019,6322766473;0,00612270552664995;
182,7;182,7;1;1;1;3;0;0;-18022,8223171613;0,00499616842716932;
182,75;182,75;1;1;1;3;0;0;-18025,9479846603;0,00382913276553154;
182,8;182,8;1;1;1;3;0;0;-18029,0718640201;0,00238754320889711;
182,85;182,85;1;1;1;3;0;0;-18032,1957433799;0,00107826665043831;
182,9;182,9;1;1;1;3;0;0;-18035,2355801925;-5,6861899793148E-05;
182,95;182,95;1;1;1;3;0;0;-18036,3460146988;-0,000637117773294449;
183;183;1;1;1;3;0;0;-18037,2382962103;-0,00288280658423901;
183,05;183,05;1;1;1;3;0;0;-18040,8807359675;-0,00566842965781689;
183,1;183,1;1;1;1;3;0;0;-18044,8968968387;-0,00801193062216043;
183,15;183,15;1;1;1;3;0;0;-18048,9148458493;-0,0103159854188561;
183,2;183,2;1;1;1;3;0;0;-18052,2282679751;-0,0129321636632085;
183,25;183,25;1;1;1;3;0;0;-18054,6422560321;-0,0152567401528358;
183,3;183,3;1;1;1;3;0;0;-18056,8738538805;-0,0173065857961774;
183,35;183,35;1;1;1;3;0;0;-18059,0661126641;-0,0199480727314949;
183,4;183,4;1;1;1;3;0;0;-18060,8506756871;-0,0216279737651348;
183,45;183,45;1;1;1;3;0;0;-18062,315161775;-0,0234999135136604;
183,5;183,5;1;1;1;3;0;0;-18063,8797836639;-0,0278648361563683;
183,55;183,55;1;1;1;3;0;0;-18067,8619698884;-0,0319666881114244;
183,6;183,6;1;1;1;3;0;0;-18071,8781307597;-0,0356688350439072;
183,65;183,65;1;1;1;3;0;0;-18075,8495881484;-0,0390053307637572;
183,7;183,7;1;1;1;3;0;0;-18078,1616522653;-0,0428027706220746;
183,75;183,75;1;1;1;3;0;0;-18080,0928427109;-0,0465669436380267;
183,8;183,8;1;1;1;3;0;0;-18081,8774057339;-0,049840877763927;
183,85;183,85;1;1;1;3;0;0;-18083,6637568961;-0,0521053420379758;
183,9;183,9;1;1;1;3;0;0;-18085,448319919;-0,0535500049591064;
183,95;183,95;1;1;1;3;0;0;-18087,232882942;-0,0591810280457139;
184;184;1;1;1;3;0;0;-18091,0076450075;-0,064527434296906;
184,05;184,05;1;1;1;3;0;0;-18095,0238058788;-0,0692065246403217;
184,1;184,1;1;1;1;3;0;0;-18099,0310260535;-0,0738200591877103;
184,15;184,15;1;1;1;3;0;0;-18101,761514767;-0,0785146187990904;
184,2;184,2;1;1;1;3;0;0;-18104,0038414511;-0,0831527821719646;
184,25;184,25;1;1;1;3;0;0;-18106,2354392994;-0,0876533519476652;
184,3;184,3;1;1;1;3;0;0;-18108,4670371477;-0,0924103334546089;
184,35;184,35;1;1;1;3;0;0;-18110,6986349961;-0,094506349414587;
184,4;184,4;1;1;1;3;0;0;-18112,4581640688;-0,0963445752859116;
184,45;184,45;1;1;1;3;0;0;-18113,3504455802;-0,103213507682085;
184,5;184,5;1;1;1;3;0;0;-18116,7300288602;-0,109860058873892;
184,55;184,55;1;1;1;3;0;0;-18120,7461897314;-0,115586444735527;
184,6;184,6;1;1;1;3;0;0;-18124,764138742;-0,120901316404343;
184,65;184,65;1;1;1;3;0;0;-18127,3873390973;-0,126500073820353;
184,7;184,7;1;1;1;3;0;0;-18129,3578686076;-0,131018161773682;
184,75;184,75;1;1;1;3;0;0;-18131,1424316305;-0,133723253384233;
184,8;184,8;1;1;1;3;0;0;-18132,9269946535;-0,137911457568407;
184,85;184,85;1;1;1;3;0;0;-18134,2698872689;-0,146048553287983;
184,9;184,9;1;1;1;3;0;0;-18137,6047670663;-0,153240617364645;
184,95;184,95;1;1;1;3;0;0;-18141,1756812515;-0,15913238748908;
185;185;1;1;1;3;0;0;-18144,7465954367;-0,165361911058426;
185,05;185,05;1;1;1;3;0;0;-18148,3175096218;-0,171809829771519;
185,1;185,1;1;1;1;3;0;0;-18151,5093382751;-0,177794899791479;
185,15;185,15;1;1;1;3;0;0;-18153,9197500535;-0,18398355692625;
185,2;185,2;1;1;1;3;0;0;-18155,9331949071;-0,189175680279732;
185,25;185,25;1;1;1;3;0;0;-18157,71775793;-0,194236412644386;
185,3;185,3;1;1;1;3;0;0;-18159,5041090923;-0,199945438653231;
185,35;185,35;1;1;1;3;0;0;-18161,2886721152;-0,203369073569775;
185,4;185,4;1;1;1;3;0;0;-18163,0732351381;-0,21246537566185;
185,45;185,45;1;1;1;3;0;0;-18166,3866572639;-0,220086015760899;
185,5;185,5;1;1;1;3;0;0;-18169,957571449;-0,227674655616283;
185,55;185,55;1;1;1;3;0;0;-18173,5284856342;-0,234691668301821;
185,6;185,6;1;1;1;3;0;0;-18177,0993998194;-0,241873916238546;
185,65;185,65;1;1;1;3;0;0;-18180,1624824429;-0,248956009745598;
185,7;185,7;1;1;1;3;0;0;-18182,5657416642;-0,255879517644644;
185,75;185,75;1;1;1;3;0;0;-18184,7973395125;-0,263135693967342;
185,8;185,8;1;1;1;3;0;0;-18187,0289373608;-0,270193330943584;
185,85;185,85;1;1;1;3;0;0;-18189,2605352092;-0,276517886668444;
185,9;185,9;1;1;1;3;0;0;-18191,4921330575;-0,280771926045418;
185,95;185,95;1;1;1;3;0;0;-18193,5806797617;-0,286990646272898;
186;186;1;1;1;3;0;0;-18194,9199960985;-0,292274318635464;
186,05;186,05;1;1;1;3;0;0;-18197,3625943844;-0,302296243607998;
186,1;186,1;1;1;1;3;0;0;-18201,3787552557;-0,311379469931126;
186,15;186,15;1;1;1;3;0;0;-18205,3949161269;-0,31932357698679;
186,2;186,2;1;1;1;3;0;0;-18208,5992617553;-0,327805504202843;
186,25;186,25;1;1;1;3;0;0;-18210,9846395835;-0,335782393813133;
186,3;186,3;1;1;1;3;0;0;-18213,2162374319;-0,343749076128006;
186,35;186,35;1;1;1;3;0;0;-18215,4478352802;-0,351526811718941;
186,4;186,4;1;1;1;3;0;0;-18217,6794331285;-0,359417833387852;
186,45;186,45;1;1;1;3;0;0;-18220,0058023598;-0,367451533675194;
186,5;186,5;1;1;1;3;0;0;-18222,6844350335;-0,375526212155819;
186,55;186,55;1;1;1;3;0;0;-18225,3612795679;-0,383532792329788;
186,6;186,6;1;1;1;3;0;0;-18228,0399122416;-0,391247123479843;
186,65;186,65;1;1;1;3;0;0;-18230,7185449153;-0,398404970765114;
186,7;186,7;1;1;1;3;0;0;-18233,3953894497;-0,407533682882786;
186,75;186,75;1;1;1;3;0;0;-18235,3998936068;-0,412896610796452;
186,8;186,8;1;1;1;3;0;0;-18237,0843208288;-0,416674986481667;
186,85;186,85;1;1;1;3;0;0;-18238,4236371657;-0,428356230258942;
186,9;186,9;1;1;1;3;0;0;-18242,0589243657;-0,439300872385502;
186,95;186,95;1;1;1;3;0;0;-18246,0768733762;-0,448916740715504;
187;187;1;1;1;3;0;0;-18250,0930342475;-0,458293817937374;
187,05;187,05;1;1;1;3;0;0;-18252,7090820456;-0,467318929731846;
187,1;187,1;1;1;1;3;0;0;-18254,561594362;-0,476345345377922;
187,15;187,15;1;1;1;3;0;0;-18256,3479455243;-0,485722869634628;
187,2;187,2;1;1;1;3;0;0;-18258,1325085472;-0,494518578052521;
187,25;187,25;1;1;1;3;0;0;-18260,8075649423;-0,503488928079605;
187,3;187,3;1;1;1;3;0;0;-18263,9314443021;-0,512575730681419;
187,35;187,35;1;1;1;3;0;0;-18267,0553236619;-0,522147417068481;
187,4;187,4;1;1;1;3;0;0;-18270,1792030217;-0,531013756990433;
187,45;187,45;1;1;1;3;0;0;-18273,3030823815;-0,539725758135319;
187,5;187,5;1;1;1;3;0;0;-18275,9298590154;-0,546103157103062;
187,55;187,55;1;1;1;3;0;0;-18277,7144220384;-0,553707331418991;
187,6;187,6;1;1;1;3;0;0;-18279,0895011612;-0,561804212629795;
187,65;187,65;1;1;1;3;0;0;-18280,4288174981;-0,570338703691959;
187,7;187,7;1;1;1;3;0;0;-18283,4114338531;-0,582948215305805;
187,75;187,75;1;1;1;3;0;0;-18287,4293828636;-0,593946538865566;
187,8;187,8;1;1;1;3;0;0;-18291,4455437349;-0,604245215654373;
187,85;187,85;1;1;1;3;0;0;-18294,624855413;-0,613950975239277;
187,9;187,9;1;1;1;3;0;0;-18297,0513604452;-0,623922720551491;
187,95;187,95;1;1;1;3;0;0;-18299,2829582935;-0,633996427059174;
188;188;1;1;1;3;0;0;-18301,5145561418;-0,643836930394173;
188,05;188,05;1;1;1;3;0;0;-18303,7461539902;-0,653826147317886;
188,1;188,1;1;1;1;3;0;0;-18306,0331841568;-0,663753747940063;
188,15;188,15;1;1;1;3;0;0;-18308,7118168305;-0,674043074250221;
188,2;188,2;1;1;1;3;0;0;-18311,3886613649;-0,683493316173553;
188,25;188,25;1;1;1;3;0;0;-18314,0672940386;-0,694135501980782;
188,3;188,3;1;1;1;3;0;0;-18316,744138573;-0,703865736722946;
188,35;188,35;1;1;1;3;0;0;-18319,4227712467;-0,713432058691978;
188,4;188,4;1;1;1;3;0;0;-18322,1014039204;-0,724055096507072;
188,45;188,45;1;1;1;3;0;0;-18324,7782484549;-0,734638720750809;
188,5;188,5;1;1;1;3;0;0;-18327,4568811286;-0,744300782680511;
188,55;188,55;1;1;1;3;0;0;-18330,133725663;-0,754837542772293;
188,6;188,6;1;1;1;3;0;0;-18332,8123583367;-0,764575898647308;
188,65;188,65;1;1;1;3;0;0;-18335,4909910104;-0,775341838598251;
188,7;188,7;1;1;1;3;0;0;-18338,1678355448;-0,78342080116272;
188,75;188,75;1;1;1;3;0;0;-18340,2867806171;-0,790471583604813;
188,8;188,8;1;1;1;3;0;0;-18341,6260969539;-0,795239359140396;
188,85;188,85;1;1;1;3;0;0;-18342,9654132908;-0,809957683086395;
188,9;188,9;1;1;1;3;0;0;-18345,7674275763;-0,823584124445915;
188,95;188,95;1;1;1;3;0;0;-18349,3383417615;-0,835857316851616;
189;189;1;1;1;3;0;0;-18352,9092559467;-0,847138985991478;
189,05;189,05;1;1;1;3;0;0;-18356,4801701318;-0,858635604381561;
189,1;189,1;1;1;1;3;0;0;-18359,2052944274;-0,869913101196289;
189,15;189,15;1;1;1;3;0;0;-18361,0917813905;-0,880923867225647;
189,2;189,2;1;1;1;3;0;0;-18362,8763444134;-0,892008543014526;
189,25;189,25;1;1;1;3;0;0;-18364,6859413866;-0,903541445732117;
189,3;189,3;1;1;1;3;0;0;-18367,6918035525;-0,914158895611763;
189,35;189,35;1;1;1;3;0;0;-18370,8156829123;-0,925619751214981;
189,4;189,4;1;1;1;3;0;0;-18373,939562272;-0,937121734023094;
189,45;189,45;1;1;1;3;0;0;-18377,0634416318;-0,947850272059441;
189,5;189,5;1;1;1;3;0;0;-18380,1873209916;-0,958599448204041;
189,55;189,55;1;1;1;3;0;0;-18383,1127168889;-0,970727950334549;
189,6;189,6;1;1;1;3;0;0;-18385,1869584787;-0,981720685958862;
189,65;189,65;1;1;1;3;0;0;-18386,9715215017;-0,991986393928528;
189,7;189,7;1;1;1;3;0;0;-18388,7578726639;-1,00068978965282;
189,75;189,75;1;1;1;3;0;0;-18390,5424356868;-1,00841112434864;
189,8;189,8;1;1;1;3;0;0;-18392,334151267;-1,01796947419643;
189,85;189,85;1;1;1;3;0;0;-18394,5657491153;-1,02995797991753;
189,9;189,9;1;1;1;3;0;0;-18397,8326796192;-1,04651287198067;
189,95;189,95;1;1;1;3;0;0;-18401,8488404905;-1,0576830804348;
190;190;1;1;1;3;0;0;-18405,8650013617;-1,07017412781715;
190,05;190,05;1;1;1;3;0;0;-18409,1659065124;-1,08293168246746;
190,1;190,1;1;1;1;3;0;0;-18411,6317506092;-1,09457701444626;
190,15;190,15;1;1;1;3;0;0;-18413,8633484575;-1,10700860619545;
190,2;190,2;1;1;1;3;0;0;-18416,0949463058;-1,11892953515053;
190,25;190,25;1;1;1;3;0;0;-18418,3265441541;-1,13079003989697;
190,3;190,3;1;1;1;3;0;0;-18420,5724471169;-1,14213980734348;
190,35;190,35;1;1;1;3;0;0;-18423,2510797906;-1,15409784018993;
190,4;190,4;1;1;1;3;0;0;-18425,927924325;-1,16143338382244;
190,45;190,45;1;1;1;3;0;0;-18427,7714959449;-1,16770781576633;
190,5;190,5;1;1;1;3;0;0;-18429,1108122817;-1,1804211139679;
190,55;190,55;1;1;1;3;0;0;-18431,2798252545;-1,197389960289;
190,6;190,6;1;1;1;3;0;0;-18435,2959861257;-1,21082365512848;
190,65;190,65;1;1;1;3;0;0;-18439,312146997;-1,22356005012989;
190,7;190,7;1;1;1;3;0;0;-18442,1427715113;-1,23733900487423;
190,75;190,75;1;1;1;3;0;0;-18444,1615807828;-1,24970674514771;
190,8;190,8;1;1;1;3;0;0;-18445,9461438057;-1,26101091504097;
190,85;190,85;1;1;1;3;0;0;-18447,8129612365;-1,27037599682808;
190,9;190,9;1;1;1;3;0;0;-18450,4898057709;-1,27702489495277;
190,95;190,95;1;1;1;3;0;0;-18452,7357087336;-1,28838956356049;
191;191;1;1;1;3;0;0;-18454,6615347614;-1,30699023604393;
191,05;191,05;1;1;1;3;0;0;-18458,6776956327;-1,32107809185982;
191,1;191,1;1;1;1;3;0;0;-18462,6938565039;-1,33468821644783;
191,15;191,15;1;1;1;3;0;0;-18466,1056262912;-1,34832784533501;
191,2;191,2;1;1;1;3;0;0;-18468,6161738706;-1,36145576834679;
191,25;191,25;1;1;1;3;0;0;-18470,8477717189;-1,37461587786675;
191,3;191,3;1;1;1;3;0;0;-18473,0793695672;-1,38757973909378;
191,35;191,35;1;1;1;3;0;0;-18475,3109674156;-1,40026271343231;
191,4;191,4;1;1;1;3;0;0;-18477,5425652639;-1,41352951526642;
191,45;191,45;1;1;1;3;0;0;-18480,2015284053;-1,42656058073044;
191,5;191,5;1;1;1;3;0;0;-18482,8783729397;-1,4383327960968;
191,55;191,55;1;1;1;3;0;0;-18485,5570056134;-1,45157396793365;
191,6;191,6;1;1;1;3;0;0;-18488,2338501478;-1,46496519446373;
191,65;191,65;1;1;1;3;0;0;-18490,9124828215;-1,47609919309616;
191,7;191,7;1;1;1;3;0;0;-18493,5911154952;-1,4874330163002;
191,75;191,75;1;1;1;3;0;0;-18496,2679600296;-1,49525210261345;
191,8;191,8;1;1;1;3;0;0;-18497,669861242;-1,50209799408913;
191,85;191,85;1;1;1;3;0;0;-18498,6336683255;-1,52092769742012;
191,9;191,9;1;1;1;3;0;0;-18502,5282357243;-1,53709426522255;
191,95;191,95;1;1;1;3;0;0;-18506,5443965955;-1,55195012688637;
192;192;1;1;1;3;0;0;-18510,1081582235;-1,56573921442032;
192,05;192,05;1;1;1;3;0;0;-18512,3361797932;-1,57916590571404;
192,1;192,1;1;1;1;3;0;0;-18514,1207428162;-1,5929901599884;
192,15;192,15;1;1;1;3;0;0;-18515,964314436;-1,60569846630096;
192,2;192,2;1;1;1;3;0;0;-18519,0524310098;-1,61902502179146;
192,25;192,25;1;1;1;3;0;0;-18522,1763103696;-1,63178697228432;
192,3;192,3;1;1;1;3;0;0;-18525,3001897294;-1,64442911744118;
192,35;192,35;1;1;1;3;0;0;-18528,3847300245;-1,65511980652809;
192,4;192,4;1;1;1;3;0;0;-18530,1889625798;-1,66721895337105;
192,45;192,45;1;1;1;3;0;0;-18531,7732540009;-1,67592346668243;
192,5;192,5;1;1;1;3;0;0;-18533,1125703378;-1,68967232108116;
192,55;192,55;1;1;1;3;0;0;-18535,5819907132;-1,7075777053833;
192,6;192,6;1;1;1;3;0;0;-18539,1529048984;-1,72276109457016;
192,65;192,65;1;1;1;3;0;0;-18542,7238190836;-1,73794075846672;
192,7;192,7;1;1;1;3;0;0;-18546,2929451294;-1,75194963812828;
192,75;192,75;1;1;1;3;0;0;-18549,7959100211;-1,76598459482193;
192,8;192,8;1;1;1;3;0;0;-18552,4173222372;-1,78000375628471;
192,85;192,85;1;1;1;3;0;0;-18554,6489200855;-1,7938731610775;
192,9;192,9;1;1;1;3;0;0;-18556,8805179338;-1,80733665823936;
192,95;192,95;1;1;1;3;0;0;-18559,1121157822;-1,82137548923492;
193;193;1;1;1;3;0;0;-18561,3437136305;-1,83539018034935;
193,05;193,05;1;1;1;3;0;0;-18563,8810832994;-1,847143471241;
193,1;193,1;1;1;1;3;0;0;-18566,5579278338;-1,86191335320473;
193,15;193,15;1;1;1;3;0;0;-18569,2365605075;-1,87372654676437;
193,2;193,2;1;1;1;3;0;0;-18571,9134050419;-1,88103064894676;
193,25;193,25;1;1;1;3;0;0;-18572,9862886228;-1,88904985785484;
193,3;193,3;1;1;1;3;0;0;-18573,9107566417;-1,90762132406235;
193,35;193,35;1;1;1;3;0;0;-18577,6998238217;-1,9250001013279;
193,4;193,4;1;1;1;3;0;0;-18581,7159846929;-1,94052800536156;
193,45;193,45;1;1;1;3;0;0;-18585,7339337035;-1,95573598146439;
193,5;193,5;1;1;1;3;0;0;-18588,7684060982;-1,97029203176498;
193,55;193,55;1;1;1;3;0;0;-18591,103716026;-1,98485732078552;
193,6;193,6;1;1;1;3;0;0;-18593,3353138743;-1,99822396039963;
193,65;193,65;1;1;1;3;0;0;-18595,5669117226;-2,01329603791237;
193,7;193,7;1;1;1;3;0;0;-18597,798509571;-2,02710717916489;
193,75;193,75;1;1;1;3;0;0;-18600,1749467027;-2,04110696911812;
193,8;193,8;1;1;1;3;0;0;-18602,8535793764;-2,05600365996361;
193,85;193,85;1;1;1;3;0;0;-18605,5304239108;-2,06833943724632;
193,9;193,9;1;1;1;3;0;0;-18608,2090565845;-2,08142146468163;
193,95;193,95;1;1;1;3;0;0;-18610,8859011189;-2,09216505289078;
194;194;1;1;1;3;0;0;-18613,2569738327;-2,10020527243614;
194,05;194,05;1;1;1;3;0;0;-18614,5962901696;-2,11289197206497;
194,1;194,1;1;1;1;3;0;0;-18616,075081372;-2,13225081562996;
194,15;194,15;1;1;1;3;0;0;-18619,6030802139;-2,1494472026825;
194,2;194,2;1;1;1;3;0;0;-18623,1739943991;-2,16425761580467;
194,25;194,25;1;1;1;3;0;0;-18626,7449085843;-2,17953041195869;
194,3;194,3;1;1;1;3;0;0;-18630,3158227694;-2,19429343938828;
194,35;194,35;1;1;1;3;0;0;-18633,0820742689;-2,20888122916222;
194,4;194,4;1;1;1;3;0;0;-18635,3583755998;-2,22401008009911;
194,45;194,45;1;1;1;3;0;0;-18637,5899734481;-2,23815649747849;
194,5;194,5;1;1;1;3;0;0;-18639,8215712964;-2,25279808044434;
194,55;194,55;1;1;1;3;0;0;-18642,0531691447;-2,2645229101181;
194,6;194,6;1;1;1;3;0;0;-18644,284766993;-2,28006988763809;
194,65;194,65;1;1;1;3;0;0;-18646,5163648414;-2,29129418730736;
194,7;194,7;1;1;1;3;0;0;-18648,7479626897;-2,29849696159363;
194,75;194,75;1;1;1;3;0;0;-18650,979560538;-2,31173694133759;
194,8;194,8;1;1;1;3;0;0;-18653,2111583863;-2,33140394091606;
194,85;194,85;1;1;1;3;0;0;-18655,9541640749;-2,34787449240685;
194,9;194,9;1;1;1;3;0;0;-18659,5250782601;-2,36445114016533;
194,95;194,95;1;1;1;3;0;0;-18663,0942043059;-2,37960070371628;
195;195;1;1;1;3;0;0;-18666,6651184911;-2,39493936300278;
195,05;195,05;1;1;1;3;0;0;-18669,5332939308;-2,40932911634445;
195,1;195,1;1;1;1;3;0;0;-18671,7970782865;-2,42417201399803;
195,15;195,15;1;1;1;3;0;0;-18674,0286761348;-2,43898689746857;
195,2;195,2;1;1;1;3;0;0;-18676,2602739832;-2,45392471551895;
195,25;195,25;1;1;1;3;0;0;-18678,4918718315;-2,46823638677597;
195,3;195,3;1;1;1;3;0;0;-18680,9362582567;-2,48076170682907;
195,35;195,35;1;1;1;3;0;0;-18683,6148909304;-2,49064862728119;
195,4;195,4;1;1;1;3;0;0;-18685,4584625503;-2,50270485877991;
195,45;195,45;1;1;1;3;0;0;-18686,7977788871;-2,5119936466217;
195,5;195,5;1;1;1;3;0;0;-18688,6502912035;-2,53237754106522;
195,55;195,55;1;1;1;3;0;0;-18692,2212053887;-2,55035489797592;
195,6;195,6;1;1;1;3;0;0;-18695,7921195739;-2,56627768278122;
195,65;195,65;1;1;1;3;0;0;-18699,363033759;-2,58198797702789;
195,7;195,7;1;1;1;3;0;0;-18702,9339479442;-2,59719550609589;
195,75;195,75;1;1;1;3;0;0;-18706,0310052145;-2,61210232973099;
195,8;195,8;1;1;1;3;0;0;-18708,4378407143;-2,62704968452454;
195,85;195,85;1;1;1;3;0;0;-18710,6694385627;-2,64167666435242;
195,9;195,9;1;1;1;3;0;0;-18712,901036411;-2,6568877696991;
195,95;195,95;1;1;1;3;0;0;-18715,1326342593;-2,67108470201492;
196;196;1;1;1;3;0;0;-18717,4446983762;-2,68585413694382;
196,05;196,05;1;1;1;3;0;0;-18720,1215429106;-2,70044416189194;
196,1;196,1;1;1;1;3;0;0;-18722,8001755843;-2,71542072296143;
196,15;196,15;1;1;1;3;0;0;-18725,4770201187;-2,72999614477158;
196,2;196,2;1;1;1;3;0;0;-18728,1556527924;-2,74188160896301;
196,25;196,25;1;1;1;3;0;0;-18730,8342854661;-2,75609225034714;
196,3;196,3;1;1;1;3;0;0;-18733,5111300005;-2,76688158512115;
196,35;196,35;1;1;1;3;0;0;-18735,7016006449;-2,77840048074722;
196,4;196,4;1;1;1;3;0;0;-18737,4807992499;-2,78887867927551;
196,45;196,45;1;1;1;3;0;0;-18738,8183274475;-2,80915051698685;
196,5;196,5;1;1;1;3;0;0;-18741,7562403199;-2,8275454044342;
196,55;196,55;1;1;1;3;0;0;-18745,3271545051;-2,8426593542099;
196,6;196,6;1;1;1;3;0;0;-18748,896280551;-2,85878241062164;
196,65;196,65;1;1;1;3;0;0;-18752,4671947361;-2,87376075983047;
196,7;196,7;1;1;1;3;0;0;-18754,8829709325;-2,88865476846695;
196,75;196,75;1;1;1;3;0;0;-18756,7819748707;-2,90398210287094;
196,8;196,8;1;1;1;3;0;0;-18758,568326033;-2,91884541511536;
196,85;196,85;1;1;1;3;0;0;-18760,6747541302;-2,93351948261261;
196,9;196,9;1;1;1;3;0;0;-18763,79863349;-2,948157787323;
196,95;196,95;1;1;1;3;0;0;-18766,9225128498;-2,96341329813004;
197;197;1;1;1;3;0;0;-18770,0463922095;-2,9767894744873;
197,05;197,05;1;1;1;3;0;0;-18773,1720597086;-2,99204677343369;
197,1;197,1;1;1;1;3;0;0;-18775,7130056561;-3,00743937492371;
197,15;197,15;1;1;1;3;0;0;-18777,6066451765;-3,02166670560837;
197,2;197,2;1;1;1;3;0;0;-18779,3912081994;-3,03432881832123;
197,25;197,25;1;1;1;3;0;0;-18781,9017557787;-3,05137485265732;
197,3;197,3;1;1;1;3;0;0;-18785,4726699639;-3,06102603673935;
197,35;197,35;1;1;1;3;0;0;-18786,872783037;-3,06197732686996;
197,4;197,4;1;1;1;3;0;0;-18786,872783037;-3,06244015693665;
197,45;197,45;1;1;1;3;0;0;-18786,872783037;-3,06319832801819;
197,5;197,5;1;1;1;3;0;0;-18786,872783037;-3,0644166469574;
197,55;197,55;1;1;2;3;0;0;-18786,872783037;-3,06470990180969;
197,55;197,55;1;1;2;3;0;0;-18786,872783037;-3,06470990180969;
197,6;197,6;1;1;2;3;0;0;-18786,872783037;-3,0639660358429;
197,65;197,65;1;1;2;3;0;0;-18786,872783037;-3,0632221698761;
197,7;197,7;1;1;2;3;0;0;-18786,872783037;-3,06308031082153;
197,75;197,75;1;1;2;3;0;0;-18786,872783037;-3,06231766939163;
197,8;197,8;1;1;2;3;0;0;-18786,872783037;-3,0617281794548;
197,85;197,85;1;1;2;3;0;0;-18786,872783037;-3,06120753288269;
197,9;197,9;1;1;2;3;0;0;-18786,872783037;-3,06068688631058;
197,95;197,95;1;1;2;3;0;0;-18786,872783037;-3,06014358997345;
198;198;1;1;2;3;0;0;-18786,872783037;-3,05924236774445;
198,05;198,05;1;1;2;3;0;0;-18786,872783037;-3,05887043476105;
198,1;198,1;1;1;2;3;0;0;-18786,872783037;-3,05845826864243;
198,15;198,15;1;1;2;3;0;0;-18786,872783037;-3,05786311626434;
198,2;198,2;1;1;2;3;0;0;-18786,872783037;-3,05722415447235;
198,25;198,25;1;1;2;3;0;0;-18786,872783037;-3,0567792057991;
198,3;198,3;1;1;2;3;0;0;-18786,872783037;-3,05621087551117;
198,35;198,35;1;1;2;3;0;0;-18786,872783037;-3,05585503578186;
198,4;198,4;1;1;2;3;0;0;-18786,872783037;-3,05530667304993;
198,45;198,45;1;1;2;3;0;0;-18786,872783037;-3,05463939905167;
198,5;198,5;1;1;2;3;0;0;-18786,872783037;-3,05440485477448;
198,55;198,55;1;1;2;3;0;0;-18786,872783037;-3,05395752191544;
198,6;198,6;1;1;2;3;0;0;-18786,872783037;-3,05370926856995;
198,65;198,65;1;1;2;3;0;0;-18786,872783037;-3,05268883705139;
198,7;198,7;1;1;2;3;0;0;-18786,872783037;-3,05246621370316;
198,75;198,75;1;1;2;3;0;0;-18786,872783037;-3,05217444896698;
198,8;198,8;1;1;2;3;0;0;-18786,872783037;-3,05172801017761;
198,85;198,85;1;1;2;3;0;0;-18786,872783037;-3,05156260728836;
198,9;198,9;1;1;2;3;0;0;-18786,872783037;-3,05075228214264;
198,95;198,95;1;1;2;3;0;0;-18786,872783037;-3,05065661668777;
199;199;1;1;2;3;0;0;-18786,872783037;-3,05011600255966;
199,05;199,05;1;1;2;3;0;0;-18786,872783037;-3,04988354444504;
199,1;199,1;1;1;2;3;0;0;-18786,872783037;-3,04928719997406;
199,15;199,15;1;1;2;3;0;0;-18786,872783037;-3,0488196015358;
199,2;199,2;1;1;2;3;0;0;-18786,872783037;-3,0484476685524;
199,25;199,25;1;1;2;3;0;0;-18786,872783037;-3,047955930233;
199,3;199,3;1;1;2;3;0;0;-18786,872783037;-3,04757654666901;
199,35;199,35;1;1;2;3;0;0;-18786,872783037;-3,0474054813385;
199,4;199,4;1;1;2;3;0;0;-18786,872783037;-3,04669260978699;
199,45;199,45;1;1;2;3;0;0;-18786,872783037;-3,0464693903923;
199,5;199,5;1;1;2;3;0;0;-18786,872783037;-3,04599612951279;
199,55;199,55;1;1;2;3;0;0;-18786,872783037;-3,04553508758545;
199,6;199,6;1;1;2;3;0;0;-18786,872783037;-3,04542481899261;
199,65;199,65;1;1;2;3;0;0;-18786,872783037;-3,04451912641525;
199,7;199,7;1;1;2;3;0;0;-18786,872783037;-3,04401934146881;
199,75;199,75;1;1;2;3;0;0;-18786,872783037;-3,04349631071091;
199,8;199,8;1;1;2;3;0;0;-18786,872783037;-3,04334133863449;
199,85;199,85;1;1;2;3;0;0;-18786,872783037;-3,04276794195175;
199,9;199,9;1;1;2;3;0;0;-18786,872783037;-3,04267048835754;
199,95;199,95;1;1;2;3;0;0;-18786,872783037;-3,04187685251236;
200;200;1;1;2;3;0;0;-18786,872783037;-3,04068356752396;
200,05;200,05;1;1;2;3;0;0;-18786,872783037;-3,04029703140259;
200,1;200,1;1;1;2;3;0;0;-18786,872783037;-3,03987056016922;
200,15;200,15;1;1;2;3;0;0;-18786,872783037;-3,03901731967926;
200,2;200,2;1;1;2;3;0;0;-18786,872783037;-3,03865134716034;
200,25;200,25;1;1;2;3;0;0;-18786,6224435348;-3,03814709186554;
200,3;200,3;1;1;2;3;0;0;-18786,1754087094;-3,03776890039444;
200,35;200,35;1;1;2;3;0;0;-18785,728373884;-3,0369234085083;
200,4;200,4;1;1;2;3;0;0;-18785,283127198;-3,03465098142624;
200,45;200,45;1;1;2;3;0;0;-18784,8360923726;-3,03271859884262;
200,5;200,5;1;1;2;3;0;0;-18784,3908456865;-3,03074866533279;
200,55;200,55;1;1;2;3;0;0;-18783,9438108611;-3,02931040525436;
200,6;200,6;1;1;2;3;0;0;-18783,4967760357;-3,02801251411438;
200,65;200,65;1;1;2;3;0;0;-18783,0515293496;-3,02776545286179;
200,7;200,7;1;1;2;3;0;0;-18782,6044945243;-3,0274286866188;
200,75;200,75;1;1;2;3;0;0;-18782,1592478382;-3,02668541669846;
200,8;200,8;1;1;2;3;0;0;-18782,0769934303;-3,0264949798584;
200,85;200,85;1;1;2;3;0;0;-18782,0769934303;-3,0259981751442;
200,9;200,9;1;1;2;3;0;0;-18782,0769934303;-3,02554398775101;
200,95;200,95;1;1;2;3;0;0;-18782,0769934303;-3,02533686161041;
201;201;1;1;2;3;0;0;-18782,0769934303;-3,02521675825119;
201,05;201,05;1;1;2;3;0;0;-18782,0769934303;-3,02495509386063;
201,1;201,1;1;1;2;3;0;0;-18782,0769934303;-3,0246576666832;
201,15;201,15;1;1;2;3;0;0;-18782,0769934303;-3,02448451519012;
201,2;201,2;1;1;2;3;0;0;-18782,0769934303;-3,0243057012558;
201,25;201,25;1;1;2;3;0;0;-18782,0769934303;-3,0239149928093;
201,3;201,3;1;1;2;3;0;0;-18782,0769934303;-3,02383214235306;
201,35;201,35;1;1;2;3;0;0;-18782,0769934303;-3,02342891693115;
201,4;201,4;1;1;2;3;0;0;-18782,0769934303;-3,02326828241348;
201,45;201,45;1;1;2;3;0;0;-18782,0769934303;-3,02309632301331;
201,5;201,5;1;1;2;3;0;0;-18782,0769934303;-3,02287340164185;
201,55;201,55;1;1;2;3;0;0;-18782,0769934303;-3,02251040935516;
201,6;201,6;1;1;2;3;0;0;-18782,0769934303;-3,02213847637177;
201,65;201,65;1;1;2;3;0;0;-18782,0769934303;-3,02154660224915;
201,7;201,7;1;1;2;3;0;0;-18782,0769934303;-3,02155166864395;
201,75;201,75;1;1;2;3;0;0;-18782,0769934303;-3,02132844924927;
201,8;201,8;1;1;2;3;0;0;-18782,0769934303;-3,02102088928223;
201,85;201,85;1;1;2;3;0;0;-18782,0769934303;-3,02082031965256;
201,9;201,9;1;1;2;3;0;0;-18782,0769934303;-3,02047044038773;
201,95;201,95;1;1;2;3;0;0;-18782,0769934303;-3,02025437355042;
202;202;1;1;2;3;0;0;-18782,0769934303;-3,02011549472809;
202,05;202,05;1;1;2;3;0;0;-18782,0769934303;-3,02004635334015;
202,1;202,1;1;1;2;3;0;0;-18782,0769934303;-3,01988393068314;
202,15;202,15;1;1;2;3;0;0;-18782,0769934303;-3,01967471837997;
202,2;202,2;1;1;2;3;0;0;-18782,0769934303;-3,01954090595245;
202,25;202,25;1;1;2;3;0;0;-18782,0769934303;-3,01938384771347;
202,3;202,3;1;1;2;3;0;0;-18782,0769934303;-3,01948726177216;
202,35;202,35;1;1;2;3;0;0;-18782,0769934303;-3,01941275596619;
202,4;202,4;1;1;2;3;0;0;-18782,0769934303;-3,01917642354965;
202,45;202,45;1;1;2;3;0;0;-18782,0769934303;-3,01894873380661;
202,5;202,5;1;1;2;3;0;0;-18782,0769934303;-3,01904112100601;
202,55;202,55;1;1;2;3;0;0;-18782,0769934303;-3,0188462138176;
202,6;202,6;1;1;2;3;0;0;-18782,0769934303;-3,01862299442291;
202,65;202,65;1;1;2;3;0;0;-18782,0769934303;-3,01851212978363;
202,7;202,7;1;1;2;3;0;0;-18782,0769934303;-3,01843762397766;
202,75;202,75;1;1;2;3;0;0;-18782,0769934303;-3,01836341619492;
202,8;202,8;1;1;2;3;0;0;-18782,0769934303;-3,01828891038895;
202,85;202,85;1;1;2;3;0;0;-18782,0769934303;-3,01795959472656;
202,9;202,9;1;1;2;3;0;0;-18782,0769934303;-3,01792800426483;
202,95;202,95;1;1;2;3;0;0;-18782,0769934303;-3,01771551370621;
203;203;1;1;2;3;0;0;-18782,0769934303;-3,01779508590698;
203,05;203,05;1;1;2;3;0;0;-18782,0769934303;-3,0175718665123;
203,1;203,1;1;1;2;3;0;0;-18782,0769934303;-3,01746010780334;
203,15;203,15;1;1;2;3;0;0;-18782,0769934303;-3,01741898059845;
203,2;203,2;1;1;2;3;0;0;-18782,0769934303;-3,01727026700974;
203,25;203,25;1;1;2;3;0;0;-18782,0769934303;-3,01712155342102;
203,3;203,3;1;1;2;3;0;0;-18782,0769934303;-3,01697254180908;
203,35;203,35;1;1;2;3;0;0;-18782,0769934303;-3,01683604717255;
203,4;203,4;1;1;2;3;0;0;-18782,0769934303;-3,01690876483917;
203,45;203,45;1;1;2;3;0;0;-18782,0769934303;-3,01703333854675;
203,5;203,5;1;1;2;3;0;0;-18782,0769934303;-3,01681011915207;
203,55;203,55;1;1;2;3;0;0;-18782,0769934303;-3,01675617694855;
203,6;203,6;1;1;2;3;0;0;-18782,0769934303;-3,01661223173141;
203,65;203,65;1;1;2;3;0;0;-18782,0769934303;-3,01648318767548;
203,7;203,7;1;1;2;3;0;0;-18782,0769934303;-3,01639080047607;
203,75;203,75;1;1;2;3;0;0;-18782,0769934303;-3,01625788211823;
203,8;203,8;1;1;2;3;0;0;-18782,0769934303;-3,01618367433548;
203,85;203,85;1;1;2;3;0;0;-18782,0769934303;-3,01610916852951;
203,9;203,9;1;1;2;3;0;0;-18782,0769934303;-3,01603466272354;
203,95;203,95;1;1;2;3;0;0;-18782,0769934303;-3,0159604549408;
204;204;1;1;2;3;0;0;-18782,0769934303;-3,01588594913483;
204,05;204,05;1;1;2;3;0;0;-18782,0769934303;-3,01576644182205;
204,1;204,1;1;1;2;3;0;0;-18782,0769934303;-3,01554322242737;
204,15;204,15;1;1;2;3;0;0;-18782,0769934303;-3,01540613174438;
204,2;204,2;1;1;2;3;0;0;-18782,0769934303;-3,01548033952713;
204,25;204,25;1;1;2;3;0;0;-18782,0769934303;-3,01526874303818;
204,3;204,3;1;1;2;3;0;0;-18782,0769934303;-3,01533758640289;
204,35;204,35;1;1;2;3;0;0;-18782,0769934303;-3,01504015922546;
204,4;204,4;1;1;2;3;0;0;-18782,0769934303;-3,01505327224731;
204,45;204,45;1;1;2;3;0;0;-18782,0769934303;-3,01506042480469;
204,5;204,5;1;1;2;3;0;0;-18782,0769934303;-3,01484167575836;
204,55;204,55;1;1;2;3;0;0;-18782,0769934303;-3,01464915275574;
204,6;204,6;1;1;2;3;0;0;-18782,0769934303;-3,01457822322845;
204,65;204,65;1;1;2;3;0;0;-18782,0769934303;-3,01460444927216;
204,7;204,7;1;1;2;3;0;0;-18782,0769934303;-3,01453024148941;
204,75;204,75;1;1;2;3;0;0;-18782,0769934303;-3,01448136568069;
204,8;204,8;1;1;2;3;0;0;-18782,0769934303;-3,01455557346344;
204,85;204,85;1;1;2;3;0;0;-18782,0769934303;-3,01449686288834;
204,9;204,9;1;1;2;3;0;0;-18782,0769934303;-3,01442235708237;
204,95;204,95;1;1;2;3;0;0;-18782,0769934303;-3,01432073116302;
205;205;1;1;2;3;0;0;-18782,0769934303;-3,01406234502792;
205,05;205,05;1;1;2;3;0;0;-18782,0769934303;-3,01406234502792;
205,1;205,1;1;1;2;3;0;0;-18782,0769934303;-3,01397621631622;
205,15;205,15;1;1;2;3;0;0;-18782,0769934303;-3,01386028528214;
205,2;205,2;1;1;2;3;0;0;-18782,0769934303;-3,01386028528214;
205,25;205,25;1;1;2;3;0;0;-18782,0769934303;-3,01375091075897;
205,3;205,3;1;1;2;3;0;0;-18782,0769934303;-3,01352769136429;
205,35;205,35;1;1;2;3;0;0;-18782,0769934303;-3,01354199647903;
205,4;205,4;1;1;2;3;0;0;-18782,0769934303;-3,01348090171814;
205,45;205,45;1;1;2;3;0;0;-18782,0769934303;-3,0133917927742;
205,5;205,5;1;1;2;3;0;0;-18782,0769934303;-3,01334768533707;
205,55;205,55;1;1;2;3;0;0;-18782,0769934303;-3,01319897174835;
205,6;205,6;1;1;2;3;0;0;-18782,0769934303;-3,01304996013641;
205,65;205,65;1;1;2;3;0;0;-18782,0769934303;-3,01299303770065;
205,7;205,7;1;1;2;3;0;0;-18782,0769934303;-3,01303505897522;
205,75;205,75;1;1;2;3;0;0;-18782,0769934303;-3,01276624202728;
205,8;205,8;1;1;2;3;0;0;-18782,0769934303;-3,01282167434692;
205,85;205,85;1;1;2;3;0;0;-18782,0769934303;-3,0127540230751;
205,9;205,9;1;1;2;3;0;0;-18782,0769934303;-3,01250725984573;
205,95;205,95;1;1;2;3;0;0;-18782,0769934303;-3,01243036985397;
206;206;1;1;2;3;0;0;-18782,0769934303;-3,01228284835815;
206,05;206,05;1;1;2;3;0;0;-18782,0769934303;-3,01232486963272;
206,1;206,1;1;1;2;3;0;0;-18782,0769934303;-3,01235020160675;
206,15;206,15;1;1;2;3;0;0;-18782,0769934303;-3,01220148801804;
206,2;206,2;1;1;2;3;0;0;-18782,0769934303;-3,01221996545792;
206,25;206,25;1;1;2;3;0;0;-18782,0769934303;-3,01231116056442;
206,3;206,3;1;1;2;3;0;0;-18782,0769934303;-3,01216244697571;
206,35;206,35;1;1;2;3;0;0;-18782,0769934303;-3,01206648349762;
206,4;206,4;1;1;2;3;0;0;-18782,0769934303;-3,01206648349762;
206,45;206,45;1;1;2;3;0;0;-18782,0769934303;-3,01206648349762;
206,5;206,5;1;1;2;3;0;0;-18782,0769934303;-3,01179707050323;
206,55;206,55;1;1;2;3;0;0;-18782,0769934303;-3,0118715763092;
206,6;206,6;1;1;2;3;0;0;-18782,0769934303;-3,01165461540222;
206,65;206,65;1;1;2;3;0;0;-18782,0769934303;-3,01162660121918;
206,7;206,7;1;1;2;3;0;0;-18782,0769934303;-3,01162660121918;
206,75;206,75;1;1;2;3;0;0;-18782,0769934303;-3,01158338785172;
206,8;206,8;1;1;2;3;0;0;-18782,0769934303;-3,011434674263;
206,85;206,85;1;1;2;3;0;0;-18782,0769934303;-3,01131665706635;
206,9;206,9;1;1;2;3;0;0;-18782,0769934303;-3,01124215126038;
206,95;206,95;1;1;2;3;0;0;-18782,0769934303;-3,01116794347763;
207;207;1;1;2;3;0;0;-18782,0769934303;-3,01109343767166;
207,05;207,05;1;1;2;3;0;0;-18782,0769934303;-3,01101893186569;
207,1;207,1;1;1;2;3;0;0;-18782,0769934303;-3,01094472408295;
207,15;207,15;1;1;2;3;0;0;-18782,0769934303;-3,01087021827698;
207,2;207,2;1;1;2;3;0;0;-18782,0769934303;-3,01079601049423;
207,25;207,25;1;1;2;3;0;0;-18782,0769934303;-3,01072150468826;
207,3;207,3;1;1;2;3;0;0;-18782,0769934303;-3,01064699888229;
207,35;207,35;1;1;2;3;0;0;-18782,0769934303;-3,01057279109955;
207,4;207,4;1;1;2;3;0;0;-18782,0769934303;-3,01055520772934;
207,45;207,45;1;1;2;3;0;0;-18782,0769934303;-3,01055520772934;
207,5;207,5;1;1;2;3;0;0;-18782,0769934303;-3,01044791936874;
207,55;207,55;1;1;2;3;0;0;-18782,0769934303;-3,01023095846176;
207,6;207,6;1;1;2;3;0;0;-18782,0769934303;-3,01030427217484;
207,65;207,65;1;1;2;3;0;0;-18782,0769934303;-3,01010280847549;
207,7;207,7;1;1;2;3;0;0;-18782,0769934303;-3,01027119159698;
207,75;207,75;1;1;2;3;0;0;-18782,0769934303;-3,01000952720642;
207,8;207,8;1;1;2;3;0;0;-18782,0769934303;-3,01015824079514;
207,85;207,85;1;1;2;3;0;0;-18782,0769934303;-3,01012217998505;
207,9;207,9;1;1;2;3;0;0;-18782,0769934303;-3,0100479722023;
207,95;207,95;1;1;2;3;0;0;-18782,0769934303;-3,01002651453018;
208;208;1;1;2;3;0;0;-18782,0769934303;-3,01002651453018;
208,05;208,05;1;1;2;3;0;0;-18782,0769934303;-3,01002651453018;
208,1;208,1;1;1;2;3;0;0;-18782,0769934303;-3,00992131233215;
208,15;208,15;1;1;2;3;0;0;-18782,0769934303;-3,00972789525986;
208,2;208,2;1;1;2;3;0;0;-18782,0769934303;-3,00972253084183;
208,25;208,25;1;1;2;3;0;0;-18782,0769934303;-3,00972253084183;
208,3;208,3;1;1;2;3;0;0;-18782,0769934303;-3,00972253084183;
208,35;208,35;1;1;2;3;0;0;-18782,0769934303;-3,00972253084183;
208,4;208,4;1;1;2;3;0;0;-18782,0769934303;-3,00955206155777;
208,45;208,45;1;1;2;3;0;0;-18782,0769934303;-3,00952315330505;
208,5;208,5;1;1;2;3;0;0;-18782,0769934303;-3,00931036472321;
208,55;208,55;1;1;2;3;0;0;-18782,0769934303;-3,00952136516571;
208,6;208,6;1;1;2;3;0;0;-18782,0769934303;-3,00928145647049;
208,65;208,65;1;1;2;3;0;0;-18782,0769934303;-3,00930380821228;
208,7;208,7;1;1;2;3;0;0;-18782,0769934303;-3,009113073349;
208,75;208,75;1;1;2;3;0;0;-18782,0769934303;-3,00917416810989;
208,8;208,8;1;1;2;3;0;0;-18782,0769934303;-3,00911515951157;
208,85;208,85;1;1;2;3;0;0;-18782,0769934303;-3,00895690917969;
208,9;208,9;1;1;2;3;0;0;-18782,0769934303;-3,00903111696243;
208,95;208,95;1;1;2;3;0;0;-18782,0769934303;-3,00889730453491;
209;209;1;1;2;3;0;0;-18782,0769934303;-3,00882130861282;
209,05;209,05;1;1;2;3;0;0;-18782,0769934303;-3,00880044698715;
209,1;209,1;1;1;2;3;0;0;-18782,0769934303;-3,00865530967712;
209,15;209,15;1;1;2;3;0;0;-18782,0769934303;-3,00863593816757;
209,2;209,2;1;1;2;3;0;0;-18782,0769934303;-3,00869435071945;
209,25;209,25;1;1;2;3;0;0;-18782,0769934303;-3,00857871770859;
209,3;209,3;1;1;2;3;0;0;-18782,0769934303;-3,00861805677414;
209,35;209,35;1;1;2;3;0;0;-18782,0769934303;-3,00847589969635;
209,4;209,4;1;1;2;3;0;0;-18782,0769934303;-3,00834536552429;
209,45;209,45;1;1;2;3;0;0;-18782,0769934303;-3,00834536552429;
209,5;209,5;1;1;2;3;0;0;-18782,0769934303;-3,00834536552429;
209,55;209,55;1;1;2;3;0;0;-18782,0769934303;-3,00834536552429;
209,6;209,6;1;1;2;3;0;0;-18782,0769934303;-3,00834536552429;
209,65;209,65;1;1;2;3;0;0;-18782,0769934303;-3,0082380771637;
209,7;209,7;1;1;2;3;0;0;-18782,0769934303;-3,00808936357498;
209,75;209,75;1;1;2;3;0;0;-18782,0769934303;-3,00798863172531;
209,8;209,8;1;1;2;3;0;0;-18782,0769934303;-3,00813734531403;
209,85;209,85;1;1;2;3;0;0;-18782,0769934303;-3,00793379545212;
209,9;209,9;1;1;2;3;0;0;-18782,0769934303;-3,00782352685928;
209,95;209,95;1;1;2;3;0;0;-18782,0769934303;-3,00810486078262;
210;210;1;1;2;3;0;0;-18782,0769934303;-3,0078136920929;
210,05;210,05;1;1;2;3;0;0;-18782,0769934303;-3,00805270671844;
210,1;210,1;1;1;2;3;0;0;-18782,0769934303;-3,0079784989357;
210,15;210,15;1;1;2;3;0;0;-18782,0769934303;-3,00793647766113;
210,2;210,2;1;1;2;3;0;0;-18782,0769934303;-3,00793647766113;
210,25;210,25;1;1;2;3;0;0;-18782,0769934303;-3,00793647766113;
210,3;210,3;1;1;2;3;0;0;-18782,0769934303;-3,00793647766113;
210,35;210,35;1;1;2;3;0;0;-18782,0769934303;-3,00793647766113;
210,4;210,4;1;1;2;3;0;0;-18782,0769934303;-3,00793647766113;
210,45;210,45;1;1;2;3;0;0;-18782,0769934303;-3,00793647766113;
210,5;210,5;1;1;2;3;0;0;-18782,0769934303;-3,00785809755325;
210,55;210,55;1;1;2;3;0;0;-18782,0769934303;-3,00770938396454;
210,6;210,6;1;1;2;3;0;0;-18782,0769934303;-3,00763666629791;
210,65;210,65;1;1;2;3;0;0;-18782,0769934303;-3,00771087408066;
210,7;210,7;1;1;2;3;0;0;-18782,0769934303;-3,00777733325958;
210,75;210,75;1;1;2;3;0;0;-18782,0769934303;-3,00757646560669;
210,8;210,8;1;1;2;3;0;0;-18782,0769934303;-3,00760567188263;
210,85;210,85;1;1;2;3;0;0;-18782,0769934303;-3,00751179456711;
210,9;210,9;1;1;2;3;0;0;-18782,0769934303;-3,00736308097839;
210,95;210,95;1;1;2;3;0;0;-18782,0769934303;-3,0075478553772;
211;211;1;1;2;3;0;0;-18782,0769934303;-3,00732761621475;
211,05;211,05;1;1;2;3;0;0;-18782,0769934303;-3,0074816942215;
211,1;211,1;1;1;2;3;0;0;-18782,0769934303;-3,00733327865601;
211,15;211,15;1;1;2;3;0;0;-18782,0769934303;-3,00718456506729;
211,2;211,2;1;1;2;3;0;0;-18782,0769934303;-3,00727874040604;
211,25;211,25;1;1;2;3;0;0;-18782,0769934303;-3,00725519657135;
211,3;211,3;1;1;2;3;0;0;-18782,0769934303;-3,00710648298264;
211,35;211,35;1;1;2;3;0;0;-18782,0769934303;-3,00701647996902;
211,4;211,4;1;1;2;3;0;0;-18782,0769934303;-3,0070760846138;
211,45;211,45;1;1;2;3;0;0;-18782,0769934303;-3,0070760846138;
211,5;211,5;1;1;2;3;0;0;-18782,0769934303;-3,00695449113846;
211,55;211,55;1;1;2;3;0;0;-18782,0769934303;-3,00680577754974;
211,6;211,6;1;1;2;3;0;0;-18782,0769934303;-3,00685524940491;
211,65;211,65;1;1;2;3;0;0;-18782,0769934303;-3,00676107406616;
211,7;211,7;1;1;2;3;0;0;-18782,0769934303;-3,00665646791458;
211,75;211,75;1;1;2;3;0;0;-18782,0769934303;-3,00673097372055;
211,8;211,8;1;1;2;3;0;0;-18782,0769934303;-3,00655752420425;
211,85;211,85;1;1;2;3;0;0;-18782,0769934303;-3,00667971372604;
211,9;211,9;1;1;2;3;0;0;-18782,0769934303;-3,00655275583267;
211,95;211,95;1;1;2;3;0;0;-18782,0769934303;-3,00641030073166;
212;212;1;1;2;3;0;0;-18782,0769934303;-3,00648480653763;
212,05;212,05;1;1;2;3;0;0;-18782,0769934303;-3,00637781620026;
212,1;212,1;1;1;2;3;0;0;-18782,0769934303;-3,00623387098312;
212,15;212,15;1;1;2;3;0;0;-18782,0769934303;-3,00636649131775;
212,2;212,2;1;1;2;3;0;0;-18782,0769934303;-3,006292283535;
212,25;212,25;1;1;2;3;0;0;-18782,0769934303;-3,00621777772903;
212,3;212,3;1;1;2;3;0;0;-18782,0769934303;-3,00614356994629;
212,35;212,35;1;1;2;3;0;0;-18782,0769934303;-3,00606906414032;
212,4;212,4;1;1;2;3;0;0;-18782,0769934303;-3,00599485635757;
212,45;212,45;1;1;2;3;0;0;-18782,0769934303;-3,00592035055161;
212,5;212,5;1;1;2;3;0;0;-18782,0769934303;-3,0058941245079;
212,55;212,55;1;1;2;3;0;0;-18782,0769934303;-3,0058941245079;
212,6;212,6;1;1;2;3;0;0;-18782,0769934303;-3,0058941245079;
212,65;212,65;1;1;2;3;0;0;-18782,0769934303;-3,0058941245079;
212,7;212,7;1;1;2;3;0;0;-18782,0769934303;-3,0058941245079;
212,75;212,75;1;1;2;3;0;0;-18782,0769934303;-3,00566852092743;
212,8;212,8;1;1;2;3;0;0;-18782,0769934303;-3,00568401813507;
212,85;212,85;1;1;2;3;0;0;-18782,0769934303;-3,00577402114868;
212,9;212,9;1;1;2;3;0;0;-18782,0769934303;-3,00549775362015;
212,95;212,95;1;1;2;3;0;0;-18782,0769934303;-3,00562411546707;
213;213;1;1;2;3;0;0;-18782,0769934303;-3,0054959654808;
213,05;213,05;1;1;2;3;0;0;-18782,0769934303;-3,00536662340164;
213,1;213,1;1;1;2;3;0;0;-18782,0769934303;-3,00544083118439;
213,15;213,15;1;1;2;3;0;0;-18782,0769934303;-3,00545632839203;
213,2;213,2;1;1;2;3;0;0;-18782,0769934303;-3,00540000200272;
213,25;213,25;1;1;2;3;0;0;-18782,0769934303;-3,00532549619675;
213,3;213,3;1;1;2;3;0;0;-18782,0769934303;-3,005251288414;
213,35;213,35;1;1;2;3;0;0;-18782,0769934303;-3,00517678260803;
213,4;213,4;1;1;2;3;0;0;-18782,0769934303;-3,00510227680206;
213,45;213,45;1;1;2;3;0;0;-18782,0769934303;-3,00502806901932;
213,5;213,5;1;1;2;3;0;0;-18782,0769934303;-3,00497591495514;
213,55;213,55;1;1;2;3;0;0;-18782,0769934303;-3,00497591495514;
213,6;213,6;1;1;2;3;0;0;-18782,0769934303;-3,00497591495514;
213,65;213,65;1;1;2;3;0;0;-18782,0769934303;-3,00497591495514;
213,7;213,7;1;1;2;3;0;0;-18782,0769934303;-3,00497591495514;
213,75;213,75;1;1;2;3;0;0;-18782,0769934303;-3,00491511821747;
213,8;213,8;1;1;2;3;0;0;-18782,0769934303;-3,00476640462875;
213,85;213,85;1;1;2;3;0;0;-18782,0769934303;-3,0046734213829;
213,9;213,9;1;1;2;3;0;0;-18782,0769934303;-3,00480306148529;
213,95;213,95;1;1;2;3;0;0;-18782,0769934303;-3,00472855567932;
214;214;1;1;2;3;0;0;-18782,0769934303;-3,00465434789658;
214,05;214,05;1;1;2;3;0;0;-18782,0769934303;-3,00457984209061;
214,1;214,1;1;1;2;3;0;0;-18782,0769934303;-3,00450563430786;
214,15;214,15;1;1;2;3;0;0;-18782,0769934303;-3,00443112850189;
214,2;214,2;1;1;2;3;0;0;-18782,0769934303;-3,00439536571503;
214,25;214,25;1;1;2;3;0;0;-18782,0769934303;-3,00439536571503;
214,3;214,3;1;1;2;3;0;0;-18782,0769934303;-3,00439536571503;
214,35;214,35;1;1;2;3;0;0;-18782,0769934303;-3,00439536571503;
214,4;214,4;1;1;2;3;0;0;-18782,0769934303;-3,00425291061401;
214,45;214,45;1;1;2;3;0;0;-18782,0769934303;-3,00423741340637;
214,5;214,5;1;1;2;3;0;0;-18782,0769934303;-3,00431191921234;
214,55;214,55;1;1;2;3;0;0;-18782,0769934303;-3,00415068864822;
214,6;214,6;1;1;2;3;0;0;-18782,0769934303;-3,00403386354446;
214,65;214,65;1;1;2;3;0;0;-18782,0769934303;-3,00410836935043;
214,7;214,7;1;1;2;3;0;0;-18782,0769934303;-3,00418257713318;
214,75;214,75;1;1;2;3;0;0;-18782,0769934303;-3,00403535366058;
214,8;214,8;1;1;2;3;0;0;-18782,0769934303;-3,00392180681229;
214,85;214,85;1;1;2;3;0;0;-18782,0769934303;-3,00399601459503;
214,9;214,9;1;1;2;3;0;0;-18782,0769934303;-3,00402790307999;
214,95;214,95;1;1;2;3;0;0;-18782,0769934303;-3,00387650728226;
215;215;1;1;2;3;0;0;-18782,0769934303;-3,00404608249664;
215,05;215,05;1;1;2;3;0;0;-18782,0769934303;-3,00388157367706;
215,1;215,1;1;1;2;3;0;0;-18782,0769934303;-3,00386697053909;
215,15;215,15;1;1;2;3;0;0;-18782,0769934303;-3,00397604703903;
215,2;215,2;1;1;2;3;0;0;-18782,0769934303;-3,00386548042297;
215,25;215,25;1;1;2;3;0;0;-18782,0769934303;-3,00393998622894;
215,3;215,3;1;1;2;3;0;0;-18782,0769934303;-3,00391465425491;
215,35;215,35;1;1;2;3;0;0;-18782,0769934303;-3,00384014844894;
215,4;215,4;1;1;2;3;0;0;-18782,0769934303;-3,0037659406662;
215,45;215,45;1;1;2;3;0;0;-18782,0769934303;-3,00369143486023;
215,5;215,5;1;1;2;3;0;0;-18782,0769934303;-3,00374627113342;
215,55;215,55;1;1;2;3;0;0;-18782,0769934303;-3,0038195848465;
215,6;215,6;1;1;2;3;0;0;-18782,0769934303;-3,00376266241074;
215,65;215,65;1;1;2;3;0;0;-18782,0769934303;-3,00368815660477;
215,7;215,7;1;1;2;3;0;0;-18782,0769934303;-3,00368934869766;
215,75;215,75;1;1;2;3;0;0;-18782,0769934303;-3,003790974617;
215,8;215,8;1;1;2;3;0;0;-18782,0769934303;-3,003790974617;
215,85;215,85;1;1;2;3;0;0;-18782,0769934303;-3,00372779369354;
215,9;215,9;1;1;2;3;0;0;-18782,0769934303;-3,00357908010483;
215,95;215,95;1;1;2;3;0;0;-18782,0769934303;-3,00369054079056;
216;216;1;1;2;3;0;0;-18782,0769934303;-3,00354272127151;
216,05;216,05;1;1;2;3;0;0;-18782,0769934303;-3,00350427627563;
216,1;216,1;1;1;2;3;0;0;-18782,0769934303;-3,00351619720459;
216,15;216,15;1;1;2;3;0;0;-18782,0769934303;-3,00336748361588;
216,2;216,2;1;1;2;3;0;0;-18782,0769934303;-3,00348490476608;
216,25;216,25;1;1;2;3;0;0;-18782,0769934303;-3,00333619117737;
216,3;216,3;1;1;2;3;0;0;-18782,0769934303;-3,00329476594925;
216,35;216,35;1;1;2;3;0;0;-18782,0769934303;-3,00329476594925;
216,4;216,4;1;1;2;3;0;0;-18782,0769934303;-3,00329476594925;
216,45;216,45;1;1;2;3;0;0;-18782,0769934303;-3,00329476594925;
216,5;216,5;1;1;2;3;0;0;-18782,0769934303;-3,00329476594925;
216,55;216,55;1;1;2;3;0;0;-18782,0769934303;-3,00313115119934;
216,6;216,6;1;1;2;3;0;0;-18782,0769934303;-3,00328850746155;
216,65;216,65;1;1;2;3;0;0;-18782,0769934303;-3,00299108028412;
216,7;216,7;1;1;2;3;0;0;-18782,0769934303;-3,00298303365707;
216,75;216,75;1;1;2;3;0;0;-18782,0769934303;-3,00298303365707;
216,8;216,8;1;1;2;3;0;0;-18782,0769934303;-3,00298303365707;
216,85;216,85;1;1;2;3;0;0;-18782,0769934303;-3,00298303365707;
216,9;216,9;1;1;2;3;0;0;-18782,0769934303;-3,00298303365707;
216,95;216,95;1;1;2;3;0;0;-18782,0769934303;-3,00293684005737;
217;217;1;1;2;3;0;0;-18782,0769934303;-3,0028623342514;
217,05;217,05;1;1;2;3;0;0;-18782,0769934303;-3,00278812646866;
217,1;217,1;1;1;2;3;0;0;-18782,0769934303;-3,00271362066269;
217,15;217,15;1;1;2;3;0;0;-18782,0769934303;-3,00263941287994;
217,2;217,2;1;1;2;3;0;0;-18782,0769934303;-3,00263583660126;
217,25;217,25;1;1;2;3;0;0;-18782,0769934303;-3,00263583660126;
217,3;217,3;1;1;2;3;0;0;-18782,0769934303;-3,00263583660126;
217,35;217,35;1;1;2;3;0;0;-18782,0769934303;-3,00263583660126;
217,4;217,4;1;1;2;3;0;0;-18782,0769934303;-3,00263583660126;
217,45;217,45;1;1;2;3;0;0;-18782,0769934303;-3,00263583660126;
217,5;217,5;1;1;2;3;0;0;-18782,0769934303;-3,00254225730896;
217,55;217,55;1;1;2;3;0;0;-18782,0769934303;-3,00239354372025;
217,6;217,6;1;1;2;3;0;0;-18782,0769934303;-3,00251454114914;
217,65;217,65;1;1;2;3;0;0;-18782,0769934303;-3,00243258476257;
217,7;217,7;1;1;2;3;0;0;-18782,0769934303;-3,00223469734192;
217,75;217,75;1;1;2;3;0;0;-18782,0769934303;-3,00222545862198;
217,8;217,8;1;1;2;3;0;0;-18782,0769934303;-3,00229966640472;
217,85;217,85;1;1;2;3;0;0;-18782,0769934303;-3,0023205280304;
217,9;217,9;1;1;2;3;0;0;-18782,0769934303;-3,00224632024765;
217,95;217,95;1;1;2;3;0;0;-18782,0769934303;-3,00217181444168;
218;218;1;1;2;3;0;0;-18782,0769934303;-3,00209730863571;
218,05;218,05;1;1;2;3;0;0;-18782,0769934303;-3,00202310085297;
218,1;218,1;1;1;2;3;0;0;-18782,0769934303;-3,001948595047;
218,15;218,15;1;1;2;3;0;0;-18782,0769934303;-3,00205439329147;
218,2;218,2;1;1;2;3;0;0;-18782,0769934303;-3,00194531679153;
218,25;218,25;1;1;2;3;0;0;-18782,0769934303;-3,00191938877106;
218,3;218,3;1;1;2;3;0;0;-18782,0769934303;-3,00199389457703;
218,35;218,35;1;1;2;3;0;0;-18782,0769934303;-3,00192266702652;
218,4;218,4;1;1;2;3;0;0;-18782,0769934303;-3,00184845924377;
218,45;218,45;1;1;2;3;0;0;-18782,0769934303;-3,00177395343781;
218,5;218,5;1;1;2;3;0;0;-18782,0769934303;-3,00169974565506;
218,55;218,55;1;1;2;3;0;0;-18782,0769934303;-3,00162523984909;
218,6;218,6;1;1;2;3;0;0;-18782,0769934303;-3,0016615986824;
218,65;218,65;1;1;2;3;0;0;-18782,0769934303;-3,00176411867142;
218,7;218,7;1;1;2;3;0;0;-18782,0769934303;-3,0016165971756;
218,75;218,75;1;1;2;3;0;0;-18782,0769934303;-3,00146788358688;
218,8;218,8;1;1;2;3;0;0;-18782,0769934303;-3,00162553787231;
218,85;218,85;1;1;2;3;0;0;-18782,0769934303;-3,00151795148849;
218,9;218,9;1;1;2;3;0;0;-18782,0769934303;-3,00139367580414;
218,95;218,95;1;1;2;3;0;0;-18782,0769934303;-3,00155788660049;
219;219;1;1;2;3;0;0;-18782,0769934303;-3,00144970417023;
219,05;219,05;1;1;2;3;0;0;-18782,0769934303;-3,0014243721962;
219,1;219,1;1;1;2;3;0;0;-18782,0769934303;-3,00123572349548;
219,15;219,15;1;1;2;3;0;0;-18782,0769934303;-3,0013519525528;
219,2;219,2;1;1;2;3;0;0;-18782,0769934303;-3,00129860639572;
219,25;219,25;1;1;2;3;0;0;-18782,0769934303;-3,00110280513763;
219,3;219,3;1;1;2;3;0;0;-18782,0769934303;-3,00125151872635;
219,35;219,35;1;1;2;3;0;0;-18782,0769934303;-3,0011835694313;
219,4;219,4;1;1;2;3;0;0;-18782,0769934303;-3,00103485584259;
219,45;219,45;1;1;2;3;0;0;-18782,0769934303;-3,00115436315537;
219,5;219,5;1;1;2;3;0;0;-18782,0769934303;-3,00098389387131;
219,55;219,55;1;1;2;3;0;0;-18782,0769934303;-3,0009052157402;
219,6;219,6;1;1;2;3;0;0;-18782,0769934303;-3,00096094608307;
219,65;219,65;1;1;2;3;0;0;-18782,0769934303;-3,00103515386581;
219,7;219,7;1;1;2;3;0;0;-18782,0769934303;-3,00082206726074;
219,75;219,75;1;1;2;3;0;0;-18782,0769934303;-3,00093621015549;
219,8;219,8;1;1;2;3;0;0;-18782,0769934303;-3,00093621015549;
219,85;219,85;1;1;2;3;0;0;-18782,0769934303;-3,00075799226761;
219,9;219,9;1;1;2;3;0;0;-18782,0769934303;-3,00071716308594;
219,95;219,95;1;1;2;3;0;0;-18782,0769934303;-3,00071716308594;
220;220;1;1;2;3;0;0;-18782,0769934303;-3,00071716308594;
220,05;220,05;1;1;2;3;0;0;-18782,0769934303;-3,00071597099304;
220,1;220,1;1;1;2;3;0;0;-18782,0769934303;-3,00056755542755;
220,15;220,15;1;1;2;3;0;0;-18782,0769934303;-3,0005618929863;
220,2;220,2;1;1;2;3;0;0;-18782,0769934303;-3,00056010484695;
220,25;220,25;1;1;2;3;0;0;-18782,0769934303;-3,00041139125824;
220,3;220,3;1;1;2;3;0;0;-18782,0769934303;-3,000308573246;
220,35;220,35;1;1;2;3;0;0;-18782,0769934303;-3,00054907798767;
220,4;220,4;1;1;2;3;0;0;-18782,0769934303;-3,00033718347549;
220,45;220,45;1;1;2;3;0;0;-18782,0769934303;-3,00027757883072;
220,5;220,5;1;1;2;3;0;0;-18782,0769934303;-3,00050735473633;
220,55;220,55;1;1;2;3;0;0;-18782,0769934303;-3,00018340349197;
220,6;220,6;1;1;2;3;0;0;-18782,0769934303;-3,00032287836075;
220,65;220,65;1;1;2;3;0;0;-18782,0769934303;-3,00017476081848;
220,7;220,7;1;1;2;3;0;0;-18782,0769934303;-3,00031810998917;
220,75;220,75;1;1;2;3;0;0;-18782,0769934303;-3,00004452466965;
220,8;220,8;1;1;2;3;0;0;-18782,0769934303;-3,00020277500153;
220,85;220,85;1;1;2;3;0;0;-18782,0769934303;-3,00012528896332;
220,9;220,9;1;1;2;3;0;0;-18782,0769934303;-3,000108897686;
220,95;220,95;1;1;2;3;0;0;-18782,0769934303;-3,00000011920929;
221;221;1;1;2;3;0;0;-18782,0769934303;-3,00006240606308;
221,05;221,05;1;1;2;3;0;0;-18782,0769934303;-2,99984723329544;
221,1;221,1;1;1;2;3;0;0;-18782,0769934303;-2,99999594688416;
221,15;221,15;1;1;2;3;0;0;-18782,0769934303;-3,00001531839371;
221,2;221,2;1;1;2;3;0;0;-18782,0769934303;-2,99972951412201;
221,25;221,25;1;1;2;3;0;0;-18782,0769934303;-2,99987733364105;
221,3;221,3;1;1;2;3;0;0;-18782,0769934303;-2,99974858760834;
221,35;221,35;1;1;2;3;0;0;-18782,0769934303;-2,99985975027084;
221,4;221,4;1;1;2;3;0;0;-18782,0769934303;-2,99963653087616;
221,45;221,45;1;1;2;3;0;0;-18782,0769934303;-2,9996582865715;
221,5;221,5;1;1;2;3;0;0;-18782,0769934303;-2,99973249435425;
221,55;221,55;1;1;2;3;0;0;-18782,0769934303;-2,99972981214523;
221,6;221,6;1;1;2;3;0;0;-18782,0769934303;-2,99958109855652;
221,65;221,65;1;1;2;3;0;0;-18782,0769934303;-2,99952536821365;
221,7;221,7;1;1;2;3;0;0;-18782,0769934303;-2,99952536821365;
221,75;221,75;1;1;2;3;0;0;-18782,0769934303;-2,99952536821365;
221,8;221,8;1;1;2;3;0;0;-18782,0769934303;-2,99952536821365;
221,85;221,85;1;1;2;3;0;0;-18782,0769934303;-2,99940347671509;
221,9;221,9;1;1;2;3;0;0;-18782,0769934303;-2,99952954053879;
221,95;221,95;1;1;2;3;0;0;-18782,0769934303;-2,99938082695007;
222;222;1;1;2;3;0;0;-18782,0769934303;-2,99923866987228;
222,05;222,05;1;1;2;3;0;0;-18782,0769934303;-2,9994347691536;
222,1;222,1;1;1;2;3;0;0;-18782,0769934303;-2,9991689324379;
222,15;222,15;1;1;2;3;0;0;-18782,0769934303;-2,99936264753342;
222,2;222,2;1;1;2;3;0;0;-18782,0769934303;-2,99921572208405;
222,25;222,25;1;1;2;3;0;0;-18782,0769934303;-2,99929767847061;
222,3;222,3;1;1;2;3;0;0;-18782,0769934303;-2,99922317266464;
222,35;222,35;1;1;2;3;0;0;-18782,0769934303;-2,99914866685867;
222,4;222,4;1;1;2;3;0;0;-18782,0769934303;-2,99907445907593;
222,45;222,45;1;1;2;3;0;0;-18782,0769934303;-2,99899995326996;
222,5;222,5;1;1;2;3;0;0;-18782,0769934303;-2,99897491931915;
222,55;222,55;1;1;2;3;0;0;-18782,0769934303;-2,99897491931915;
222,6;222,6;1;1;2;3;0;0;-18782,0769934303;-2,99897491931915;
222,65;222,65;1;1;2;3;0;0;-18782,0769934303;-2,99897491931915;
222,7;222,7;1;1;2;3;0;0;-18782,0769934303;-2,99897491931915;
222,75;222,75;1;1;2;3;0;0;-18782,0769934303;-2,99897491931915;
222,8;222,8;1;1;2;3;0;0;-18782,0769934303;-2,99897491931915;
222,85;222,85;1;1;2;3;0;0;-18782,0769934303;-2,9988631606102;
222,9;222,9;1;1;2;3;0;0;-18782,0769934303;-2,99867272377014;
222,95;222,95;1;1;2;3;0;0;-18782,0769934303;-2,9987633228302;
223;223;1;1;2;3;0;0;-18782,0769934303;-2,99864500761032;
223,05;223,05;1;1;2;3;0;0;-18782,0769934303;-2,99870550632477;
223,1;223,1;1;1;2;3;0;0;-18782,0769934303;-2,99859344959259;
223,15;223,15;1;1;2;3;0;0;-18782,0769934303;-2,99873441457748;
223,2;223,2;1;1;2;3;0;0;-18782,0769934303;-2,99865990877151;
223,25;223,25;1;1;2;3;0;0;-18782,0769934303;-2,99858540296555;
223,3;223,3;1;1;2;3;0;0;-18782,0769934303;-2,9985111951828;
223,35;223,35;1;1;2;3;0;0;-18782,0769934303;-2,99843668937683;
223,4;223,4;1;1;2;3;0;0;-18782,0769934303;-2,99841523170471;
223,45;223,45;1;1;2;3;0;0;-18782,0769934303;-2,99841523170471;
223,5;223,5;1;1;2;3;0;0;-18782,0769934303;-2,99841523170471;
223,55;223,55;1;1;2;3;0;0;-18782,0769934303;-2,99841523170471;
223,6;223,6;1;1;2;3;0;0;-18782,0769934303;-2,99839526414871;
223,65;223,65;1;1;2;3;0;0;-18782,0769934303;-2,99832105636597;
223,7;223,7;1;1;2;3;0;0;-18782,0769934303;-2,99824655056;
223,75;223,75;1;1;2;3;0;0;-18782,0769934303;-2,99817234277725;
223,8;223,8;1;1;2;3;0;0;-18782,0769934303;-2,99839228391647;
223,85;223,85;1;1;2;3;0;0;-18782,0769934303;-2,99826383590698;
223,9;223,9;1;1;2;3;0;0;-18782,0769934303;-2,99830168485641;
223,95;223,95;1;1;2;3;0;0;-18782,0769934303;-2,99815773963928;
224;224;1;1;2;3;0;0;-18782,0769934303;-2,99816220998764;
224,05;224,05;1;1;2;3;0;0;-18782,0769934303;-2,99813866615295;
224,1;224,1;1;1;2;3;0;0;-18782,0769934303;-2,9982128739357;
224,15;224,15;1;1;2;3;0;0;-18782,0769934303;-2,99816459417343;
224,2;224,2;1;1;2;3;0;0;-18782,0769934303;-2,99801558256149;
224,25;224,25;1;1;2;3;0;0;-18782,0769934303;-2,9979407787323;
224,3;224,3;1;1;2;3;0;0;-18782,0769934303;-2,99800217151642;
224,35;224,35;1;1;2;3;0;0;-18782,0769934303;-2,99812376499176;
224,4;224,4;1;1;2;3;0;0;-18782,0769934303;-2,99785733222961;
224,45;224,45;1;1;2;3;0;0;-18782,0769934303;-2,99808025360107;
224,5;224,5;1;1;2;3;0;0;-18782,0769934303;-2,99783378839493;
224,55;224,55;1;1;2;3;0;0;-18782,0769934303;-2,99799591302872;
224,6;224,6;1;1;2;3;0;0;-18782,0769934303;-2,99797356128693;
224,65;224,65;1;1;2;3;0;0;-18782,0769934303;-2,99792021512985;
224,7;224,7;1;1;2;3;0;0;-18782,0769934303;-2,99784570932388;
224,75;224,75;1;1;2;3;0;0;-18782,0769934303;-2,99777150154114;
224,8;224,8;1;1;2;3;0;0;-18782,0769934303;-2,99769699573517;
224,85;224,85;1;1;2;3;0;0;-18782,0769934303;-2,99771159887314;
224,9;224,9;1;1;2;3;0;0;-18782,0769934303;-2,99778282642365;
224,95;224,95;1;1;2;3;0;0;-18782,0769934303;-2,99757361412048;
225;225;1;1;2;3;0;0;-18782,0769934303;-2,99764782190323;
225,05;225,05;1;1;2;3;0;0;-18782,0769934303;-2,99769252538681;
225,1;225,1;1;1;2;3;0;0;-18782,0769934303;-2,99761831760406;
225,15;225,15;1;1;2;3;0;0;-18782,0769934303;-2,9975438117981;
225,2;225,2;1;1;2;3;0;0;-18782,0769934303;-2,99746930599213;
225,25;225,25;1;1;2;3;0;0;-18782,0769934303;-2,99739509820938;
225,3;225,3;1;1;2;3;0;0;-18782,0769934303;-2,99738079309464;
225,35;225,35;1;1;2;3;0;0;-18782,0769934303;-2,99738079309464;
225,4;225,4;1;1;2;3;0;0;-18782,0769934303;-2,99738079309464;
225,45;225,45;1;1;2;3;0;0;-18782,0769934303;-2,99738079309464;
225,5;225,5;1;1;2;3;0;0;-18782,0769934303;-2,99738079309464;
225,55;225,55;1;1;2;3;0;0;-18782,0769934303;-2,99738079309464;
225,6;225,6;1;1;2;3;0;0;-18782,0769934303;-2,99738079309464;
225,65;225,65;1;1;2;3;0;0;-18782,0769934303;-2,99732983112335;
225,7;225,7;1;1;2;3;0;0;-18782,0769934303;-2,99718111753464;
225,75;225,75;1;1;2;3;0;0;-18782,0769934303;-2,99732476472855;
225,8;225,8;1;1;2;3;0;0;-18782,0769934303;-2,9970994591713;
225,85;225,85;1;1;2;3;0;0;-18782,0769934303;-2,9970994591713;
225,9;225,9;1;1;2;3;0;0;-18782,0769934303;-2,9970994591713;
225,95;225,95;1;1;2;3;0;0;-18782,0769934303;-2,9970994591713;
226;226;1;1;2;3;0;0;-18782,0769934303;-2,9970994591713;
226,05;226,05;1;1;2;3;0;0;-18782,0769934303;-2,9970994591713;
226,1;226,1;1;1;2;3;0;0;-18782,0769934303;-2,9970994591713;
226,15;226,15;1;1;2;3;0;0;-18782,0769934303;-2,9970994591713;
226,2;226,2;1;1;2;3;0;0;-18782,0769934303;-2,9970994591713;
226,25;226,25;1;1;2;3;0;0;-18782,0769934303;-2,99704670906067;
226,3;226,3;1;1;2;3;0;0;-18782,0769934303;-2,99683213233948;
226,35;226,35;1;1;2;3;0;0;-18782,0769934303;-2,99705445766449;
226,4;226,4;1;1;2;3;0;0;-18782,0769934303;-2,9969123005867;
226,45;226,45;1;1;2;3;0;0;-18782,0769934303;-2,99676358699799;
226,5;226,5;1;1;2;3;0;0;-18782,0769934303;-2,99694687128067;
226,55;226,55;1;1;2;3;0;0;-18782,0769934303;-2,99686223268509;
226,6;226,6;1;1;2;3;0;0;-18782,0769934303;-2,99671351909637;
226,65;226,65;1;1;2;3;0;0;-18782,0769934303;-2,99679964780808;
226,7;226,7;1;1;2;3;0;0;-18782,0769934303;-2,99677044153214;
226,75;226,75;1;1;2;3;0;0;-18782,0769934303;-2,99659699201584;
226,8;226,8;1;1;2;3;0;0;-18782,0769934303;-2,99659699201584;
226,85;226,85;1;1;2;3;0;0;-18782,0769934303;-2,99659699201584;
226,9;226,9;1;1;2;3;0;0;-18782,0769934303;-2,99659699201584;
226,95;226,95;1;1;2;3;0;0;-18782,0769934303;-2,99659699201584;
227;227;1;1;2;3;0;0;-18782,0769934303;-2,99659699201584;
227,05;227,05;1;1;2;3;0;0;-18782,0769934303;-2,99659699201584;
227,1;227,1;1;1;2;3;0;0;-18782,0769934303;-2,99659699201584;
227,15;227,15;1;1;2;3;0;0;-18782,0769934303;-2,99659699201584;
227,2;227,2;1;1;2;3;0;0;-18782,0769934303;-2,99649834632874;
227,25;227,25;1;1;2;3;0;0;-18782,0769934303;-2,99644261598587;
227,3;227,3;1;1;2;3;0;0;-18782,0769934303;-2,99651712179184;
227,35;227,35;1;1;2;3;0;0;-18782,0769934303;-2,99630343914032;
227,4;227,4;1;1;2;3;0;0;-18782,0769934303;-2,99647569656372;
227,45;227,45;1;1;2;3;0;0;-18782,0769934303;-2,99641042947769;
227,5;227,5;1;1;2;3;0;0;-18782,0769934303;-2,99635082483292;
227,55;227,55;1;1;2;3;0;0;-18782,0769934303;-2,9962021112442;
227,6;227,6;1;1;2;3;0;0;-18782,0769934303;-2,99623906612396;
227,65;227,65;1;1;2;3;0;0;-18782,0769934303;-2,99637228250504;
227,7;227,7;1;1;2;3;0;0;-18782,0769934303;-2,99616754055023;
227,75;227,75;1;1;2;3;0;0;-18782,0769934303;-2,99623966217041;
227,8;227,8;1;1;3;3;0;0;-18782,0769934303;-2,99627810716629;
227,8;227,8;1;1;3;3;0;0;-18782,0769934303;-2,99627810716629;
227,85;227,85;1;1;3;3;0;0;-18782,0769934303;-2,99620538949966;
227,9;227,9;1;1;3;3;0;0;-18782,0769934303;-2,99574434757233;
227,95;227,95;1;1;3;3;0;0;-18782,0769934303;-2,9955667257309;
228;228;1;1;3;3;0;0;-18782,0769934303;-2,99479514360428;
228,05;228,05;1;1;3;3;0;0;-18782,0769934303;-2,99418896436691;
228,1;228,1;1;1;3;3;0;0;-18782,0769934303;-2,99241125583649;
228,15;228,15;1;1;3;3;0;0;-18780,9594063668;-2,97220885753632;
228,2;228,2;1;1;3;3;0;0;-18771,7147261779;-2,92054861783981;
228,25;228,25;1;1;3;3;0;0;-18764,5264061857;-2,88834422826767;
228,3;228,3;1;1;3;3;0;0;-18760,7176694734;-2,86405235528946;
228,35;228,35;1;1;3;3;0;0;-18757,1467552883;-2,84367561340332;
228,4;228,4;1;1;3;3;0;0;-18754,9223099971;-2,8295710682869;
228,45;228,45;1;1;3;3;0;0;-18753,2807981183;-2,81926423311234;
228,5;228,5;1;1;3;3;0;0;-18751,5641843888;-2,79343992471695;
228,55;228,55;1;1;3;3;0;0;-18747,1313870603;-2,77141869068146;
228,6;228,6;1;1;3;3;0;0;-18742,6681913637;-2,75337278842926;
228,65;228,65;1;1;3;3;0;0;-18738,5179200448;-2,73456990718842;
228,7;228,7;1;1;3;3;0;0;-18735,8017364458;-2,72014051675797;
228,75;228,75;1;1;3;3;0;0;-18733,8079611246;-2,70774245262146;
228,8;228,8;1;1;3;3;0;0;-18732,0233981016;-2,69703537225723;
228,85;228,85;1;1;3;3;0;0;-18730,2370469394;-2,68252611160278;
228,9;228,9;1;1;3;3;0;0;-18728,4524839165;-2,66064703464508;
228,95;228,95;1;1;3;3;0;0;-18724,8118322985;-2,64227032661438;
229;229;1;1;3;3;0;0;-18720,7956714273;-2,62599021196365;
229,05;229,05;1;1;3;3;0;0;-18717,1818418989;-2,61042267084122;
229,1;229,1;1;1;3;3;0;0;-18715,0986596126;-2,59423136711121;
229,15;229,15;1;1;3;3;0;0;-18713,3123084503;-2,57762432098389;
229,2;229,2;1;1;3;3;0;0;-18711,5277454274;-2,56499975919724;
229,25;229,25;1;1;3;3;0;0;-18709,7431824045;-2,55662530660629;
229,3;229,3;1;1;3;3;0;0;-18707,9568312422;-2,54781007766724;
229,35;229,35;1;1;3;3;0;0;-18705,6233094537;-2,52587914466858;
229,4;229,4;1;1;3;3;0;0;-18702,0649122437;-2,50609546899796;
229,45;229,45;1;1;3;3;0;0;-18698,4957861978;-2,48947381973267;
229,5;229,5;1;1;3;3;0;0;-18694,9248720126;-2,47395232319832;
229,55;229,55;1;1;3;3;0;0;-18691,3539578274;-2,45769932866097;
229,6;229,6;1;1;3;3;0;0;-18688,5143926166;-2,44212865829468;
229,65;229,65;1;1;3;3;0;0;-18686,5814140316;-2,43087470531464;
229,7;229,7;1;1;3;3;0;0;-18684,7968510087;-2,41736069321632;
229,75;229,75;1;1;3;3;0;0;-18683,0122879858;-2,41300210356712;
229,8;229,8;1;1;3;3;0;0;-18681,9411925441;-2,39013284444809;
229,85;229,85;1;1;3;3;0;0;-18677,6049547379;-2,37160876393318;
229,9;229,9;1;1;3;3;0;0;-18673,1417590413;-2,35483050346375;
229,95;229,95;1;1;3;3;0;0;-18670,0697357212;-2,33812391757965;
230;230;1;1;3;3;0;0;-18667,7236969576;-2,3231029510498;
230,05;230,05;1;1;3;3;0;0;-18665,4920991093;-2,30973988771439;
230,1;230,1;1;1;3;3;0;0;-18663,260501261;-2,2977714240551;
230,15;230,15;1;1;3;3;0;0;-18661,4813026559;-2,29133084416389;
230,2;230,2;1;1;3;3;0;0;-18660,5890211445;-2,27278530597687;
230,25;230,25;1;1;3;3;0;0;-18658,0498633363;-2,25313022732735;
230,3;230,3;1;1;3;3;0;0;-18654,4789491511;-2,2360497713089;
230,35;230,35;1;1;3;3;0;0;-18650,9080349659;-2,21979513764381;
230,4;230,4;1;1;3;3;0;0;-18647,3389089201;-2,20428645610809;
230,45;230,45;1;1;3;3;0;0;-18643,9307154113;-2,18877553939819;
230,5;230,5;1;1;3;3;0;0;-18641,3164557525;-2,17339962720871;
230,55;230,55;1;1;3;3;0;0;-18639,0848579042;-2,1613447368145;
230,6;230,6;1;1;3;3;0;0;-18637,2859897668;-2,15328842401505;
230,65;230,65;1;1;3;3;0;0;-18636,3919201161;-2,14443027973175;
230,7;230,7;1;1;3;3;0;0;-18635,0651207543;-2,12199419736862;
230,75;230,75;1;1;3;3;0;0;-18631,0632649975;-2,10360273718834;
230,8;230,8;1;1;3;3;0;0;-18627,0471041262;-2,08668157458305;
230,85;230,85;1;1;3;3;0;0;-18623,4010880904;-2,07167014479637;
230,9;230,9;1;1;3;3;0;0;-18621,3143295255;-2,05567464232445;
230,95;230,95;1;1;3;3;0;0;-18619,5297665025;-2,04109638929367;
231;231;1;1;3;3;0;0;-18617,7434153403;-2,02621012926102;
231,05;231,05;1;1;3;3;0;0;-18615,6387753824;-2,01260820031166;
231,1;231,1;1;1;3;3;0;0;-18612,9601427087;-2,0032425224781;
231,15;231,15;1;1;3;3;0;0;-18610,2832981743;-1,99660897254944;
231,2;231,2;1;1;3;3;0;0;-18607,8246066347;-1,97531163692474;
231,25;231,25;1;1;3;3;0;0;-18605,0959060605;-1,95814147591591;
231,3;231,3;1;1;3;3;0;0;-18601,0797451893;-1,94195166230202;
231,35;231,35;1;1;3;3;0;0;-18597,4533986858;-1,92549511790276;
231,4;231,4;1;1;3;3;0;0;-18594,9482155243;-1,91120520234108;
231,45;231,45;1;1;3;3;0;0;-18592,716617676;-1,89556926488876;
231,5;231,5;1;1;3;3;0;0;-18590,4850198277;-1,8795770406723;
231,55;231,55;1;1;3;3;0;0;-18588,2534219793;-1,86699762940407;
231,6;231,6;1;1;3;3;0;0;-18586,021824131;-1,85846552252769;
231,65;231,65;1;1;3;3;0;0;-18583,9136078945;-1,85302779078484;
231,7;231,7;1;1;3;3;0;0;-18583,0195382437;-1,83249324560165;
231,75;231,75;1;1;3;3;0;0;-18579,8795656302;-1,81402638554573;
231,8;231,8;1;1;3;3;0;0;-18576,3086514451;-1,79741203784943;
231,85;231,85;1;1;3;3;0;0;-18572,7395253992;-1,78158894181252;
231,9;231,9;1;1;3;3;0;0;-18569,168611214;-1,76697909832001;
231,95;231,95;1;1;3;3;0;0;-18565,5976970288;-1,75188481807709;
232;232;1;1;3;3;0;0;-18562,9208524944;-1,73752337694168;
232,05;232,05;1;1;3;3;0;0;-18560,6892546461;-1,72379314899445;
232,1;232,1;1;1;3;3;0;0;-18558,4576567978;-1,70980125665665;
232,15;232,15;1;1;3;3;0;0;-18556,2260589495;-1,69987633824348;
232,2;232,2;1;1;3;3;0;0;-18554,0624103946;-1,69210657477379;
232,25;232,25;1;1;3;3;0;0;-18553,1468830722;-1,68238922953606;
232,3;232,3;1;1;3;3;0;0;-18551,1316500794;-1,66157349944115;
232,35;232,35;1;1;3;3;0;0;-18546,6684543828;-1,64512187242508;
232,4;232,4;1;1;3;3;0;0;-18542,6952088547;-1,62869110703468;
232,45;232,45;1;1;3;3;0;0;-18540,1667798824;-1,6147293150425;
232,5;232,5;1;1;3;3;0;0;-18537,935182034;-1,60122334957123;
232,55;232,55;1;1;3;3;0;0;-18535,7035841857;-1,58671602606773;
232,6;232,6;1;1;3;3;0;0;-18533,4719863374;-1,5719299018383;
232,65;232,65;1;1;3;3;0;0;-18531,2403884891;-1,55886486172676;
232,7;232,7;1;1;3;3;0;0;-18528,6100355765;-1,54654309153557;
232,75;232,75;1;1;3;3;0;0;-18525,9331910421;-1,53802692890167;
232,8;232,8;1;1;3;3;0;0;-18524,1021363973;-1,53525605797768;
232,85;232,85;1;1;3;3;0;0;-18523,4011857911;-1,5144582092762;
232,9;232,9;1;1;3;3;0;0;-18519,0309733382;-1,49633646011353;
232,95;232,95;1;1;3;3;0;0;-18514,5677776415;-1,48035407066345;
233;233;1;1;3;3;0;0;-18511,3079996948;-1,46620124578476;
233,05;233,05;1;1;3;3;0;0;-18508,9673253491;-1,4527428150177;
233,1;233,1;1;1;3;3;0;0;-18506,7357275008;-1,43926382064819;
233,15;233,15;1;1;3;3;0;0;-18504,5041296525;-1,42575770616531;
233,2;233,2;1;1;3;3;0;0;-18502,2725318042;-1,4119553565979;
233,25;233,25;1;1;3;3;0;0;-18499,9014590903;-1,40082478523254;
233,3;233,3;1;1;3;3;0;0;-18497,2228264166;-1,38646110892296;
233,35;233,35;1;1;3;3;0;0;-18494,5459818822;-1,37599587440491;
233,4;233,4;1;1;3;3;0;0;-18491,8673492085;-1,36885389685631;
233,45;233,45;1;1;3;3;0;0;-18489,7877432008;-1,35995239019394;
233,5;233,5;1;1;3;3;0;0;-18488,448426864;-1,3455830514431;
233,55;233,55;1;1;3;3;0;0;-18486,272261334;-1,32853120565414;
233,6;233,6;1;1;3;3;0;0;-18482,7013471488;-1,3139072060585;
233,65;233,65;1;1;3;3;0;0;-18479,132221103;-1,30027323961258;
233,7;233,7;1;1;3;3;0;0;-18475,5613069178;-1,28612160682678;
233,75;233,75;1;1;3;3;0;0;-18471,9903927326;-1,27272039651871;
233,8;233,8;1;1;3;3;0;0;-18469,2169886759;-1,25923678278923;
233,85;233,85;1;1;3;3;0;0;-18466,9532043202;-1,24616727232933;
233,9;233,9;1;1;3;3;0;0;-18464,7216064719;-1,23386740684509;
233,95;233,95;1;1;3;3;0;0;-18462,4900086235;-1,22034057974815;
234;234;1;1;3;3;0;0;-18460,2584107752;-1,20859377086163;
234,05;234,05;1;1;3;3;0;0;-18458,0268129269;-1,19687311351299;
234,1;234,1;1;1;3;3;0;0;-18455,7952150786;-1,18685983121395;
234,15;234,15;1;1;3;3;0;0;-18453,5636172303;-1,17896743118763;
234,2;234,2;1;1;3;3;0;0;-18451,3320193819;-1,17050036787987;
234,25;234,25;1;1;3;3;0;0;-18449,1004215336;-1,1555565148592;
234,3;234,3;1;1;3;3;0;0;-18446,8688236853;-1,14047758281231;
234,35;234,35;1;1;3;3;0;0;-18443,52857947;-1,12665899097919;
234,4;234,4;1;1;3;3;0;0;-18439,9576652848;-1,11295789480209;
234,45;234,45;1;1;3;3;0;0;-18436,3867510997;-1,09891526401043;
234,5;234,5;1;1;3;3;0;0;-18432,937430387;-1,08783207833767;
234,55;234,55;1;1;3;3;0;0;-18430,3142300317;-1,07467584311962;
234,6;234,6;1;1;3;3;0;0;-18428,0826321833;-1,06183707714081;
234,65;234,65;1;1;3;3;0;0;-18425,851034335;-1,0492268204689;
234,7;234,7;1;1;3;3;0;0;-18423,6194364867;-1,03742100298405;
234,75;234,75;1;1;3;3;0;0;-18421,3878386384;-1,02555900812149;
234,8;234,8;1;1;3;3;0;0;-18418,8522571088;-1,01362578570843;
234,85;234,85;1;1;3;3;0;0;-18416,1736244351;-1,00237332284451;
234,9;234,9;1;1;3;3;0;0;-18413,4967799007;-0,990254953503609;
234,95;234,95;1;1;3;3;0;0;-18410,818147227;-0,978744626045227;
235;235;1;1;3;3;0;0;-18408,1395145533;-0,966828688979149;
235,05;235,05;1;1;3;3;0;0;-18405,4626700189;-0,954723060131073;
235,1;235,1;1;1;3;3;0;0;-18402,7840373452;-0,942953005433083;
235,15;235,15;1;1;3;3;0;0;-18400,1071928108;-0,931541994214058;
235,2;235,2;1;1;3;3;0;0;-18397,4285601371;-0,921100229024887;
235,25;235,25;1;1;3;3;0;0;-18394,7499274634;-0,910304263234138;
235,3;235,3;1;1;3;3;0;0;-18392,073082929;-0,90124636888504;
235,35;235,35;1;1;3;3;0;0;-18390,0024176178;-0,890165641903877;
235,4;235,4;1;1;3;3;0;0;-18388,6631012809;-0,881950408220291;
235,45;235,45;1;1;3;3;0;0;-18387,2039796109;-0,869808495044708;
235,5;235,5;1;1;3;3;0;0;-18384,103346062;-0,859346240758896;
235,55;235,55;1;1;3;3;0;0;-18380,9794667022;-0,847197994589806;
235,6;235,6;1;1;3;3;0;0;-18377,8555873424;-0,8350570499897;
235,65;235,65;1;1;3;3;0;0;-18374,7299198433;-0,822644904255867;
235,7;235,7;1;1;3;3;0;0;-18371,6060404835;-0,811059027910233;
235,75;235,75;1;1;3;3;0;0;-18368,4821611238;-0,800375118851662;
235,8;235,8;1;1;3;3;0;0;-18365,358281764;-0,789262652397156;
235,85;235,85;1;1;3;3;0;0;-18362,565208175;-0,777674540877342;
235,9;235,9;1;1;3;3;0;0;-18360,2066524362;-0,767137482762337;
235,95;235,95;1;1;3;3;0;0;-18357,9750545879;-0,756541565060616;
236;236;1;1;3;3;0;0;-18355,7434567396;-0,746197551488876;
236,05;236,05;1;1;3;3;0;0;-18353,5118588913;-0,734972208738327;
236,1;236,1;1;1;3;3;0;0;-18351,1604557097;-0,724210813641548;
236,15;236,15;1;1;3;3;0;0;-18348,4836111753;-0,714324563741684;
236,2;236,2;1;1;3;3;0;0;-18345,8049785016;-0,702720135450363;
236,25;236,25;1;1;3;3;0;0;-18343,1281339672;-0,692530795931816;
236,3;236,3;1;1;3;3;0;0;-18340,4495012935;-0,681919008493423;
236,35;236,35;1;1;3;3;0;0;-18337,7726567591;-0,67171074450016;
236,4;236,4;1;1;3;3;0;0;-18335,0940240854;-0,661346986889839;
236,45;236,45;1;1;3;3;0;0;-18332,4153914117;-0,651654750108719;
236,5;236,5;1;1;3;3;0;0;-18329,7385468773;-0,641195476055145;
236,55;236,55;1;1;3;3;0;0;-18327,0599142036;-0,632064938545227;
236,6;236,6;1;1;3;3;0;0;-18324,3830696692;-0,623691752552986;
236,65;236,65;1;1;3;3;0;0;-18322,069217413;-0,613532662391663;
236,7;236,7;1;1;3;3;0;0;-18320,7299010762;-0,60617882758379;
236,75;236,75;1;1;3;3;0;0;-18318,4553878846;-0,597802214324474;
236,8;236,8;1;1;3;3;0;0;-18315,7767552109;-0,592139847576618;
236,85;236,85;1;1;3;3;0;0;-18313,5934371237;-0,581430308520794;
236,9;236,9;1;1;3;3;0;0;-18311,7230434143;-0,568482466042042;
236,95;236,95;1;1;3;3;0;0;-18308,1521292291;-0,557365752756596;
237;237;1;1;3;3;0;0;-18304,581215044;-0,54758932441473;
237,05;237,05;1;1;3;3;0;0;-18301,0120889981;-0,538495928049088;
237,1;237,1;1;1;3;3;0;0;-18297,5073359671;-0,528537109494209;
237,15;237,15;1;1;3;3;0;0;-18294,8966525868;-0,519560053944588;
237,2;237,2;1;1;3;3;0;0;-18292,6650547385;-0,509617663919926;
237,25;237,25;1;1;3;3;0;0;-18290,4334568902;-0,50107304006815;
237,3;237,3;1;1;3;3;0;0;-18288,2018590419;-0,491914823651314;
237,35;237,35;1;1;3;3;0;0;-18285,9702611936;-0,482624061405659;
237,4;237,4;1;1;3;3;0;0;-18283,4221626889;-0,472756959497929;
237,45;237,45;1;1;3;3;0;0;-18280,7453181545;-0,463904663920403;
237,5;237,5;1;1;3;3;0;0;-18278,0666854808;-0,45430563390255;
237,55;237,55;1;1;3;3;0;0;-18275,3898409464;-0,44584583491087;
237,6;237,6;1;1;3;3;0;0;-18272,7112082727;-0,436531342566013;
237,65;237,65;1;1;3;3;0;0;-18270,032575599;-0,427559055387974;
237,7;237,7;1;1;3;3;0;0;-18267,3557310645;-0,420171283185482;
237,75;237,75;1;1;3;3;0;0;-18264,6770983908;-0,411236099898815;
237,8;237,8;1;1;3;3;0;0;-18262,3328477665;-0,402579605579376;
237,85;237,85;1;1;3;3;0;0;-18260,1012499182;-0,395183749496937;
237,9;237,9;1;1;3;3;0;0;-18257,8553469555;-0,388182736933231;
237,95;237,95;1;1;3;3;0;0;-18255,1785024211;-0,383716151118279;
238;238;1;1;3;3;0;0;-18252,9844554981;-0,379258058965206;
238,05;238,05;1;1;3;3;0;0;-18251,6451391612;-0,367762371897697;
238,1;238,1;1;1;3;3;0;0;-18248,2655558813;-0,356966853141785;
238,15;238,15;1;1;3;3;0;0;-18243,8023601847;-0,348102562129498;
238,2;238,2;1;1;3;3;0;0;-18240,6337773424;-0,339366756379604;
238,25;238,25;1;1;3;3;0;0;-18238,2841623001;-0,331086032092571;
238,3;238,3;1;1;3;3;0;0;-18236,0525644518;-0,323449447751045;
238,35;238,35;1;1;3;3;0;0;-18233,8209666035;-0,314799547195435;
238,4;238,4;1;1;3;3;0;0;-18231,5893687552;-0,306497104465961;
238,45;238,45;1;1;3;3;0;0;-18229,2272367378;-0,299059320241213;
238,5;238,5;1;1;3;3;0;0;-18226,5486040641;-0,291500240564346;
238,55;238,55;1;1;3;3;0;0;-18223,8717595297;-0,284475684165955;
238,6;238,6;1;1;3;3;0;0;-18221,193126856;-0,276460032910109;
238,65;238,65;1;1;3;3;0;0;-18218,5162823216;-0,269266851246357;
238,7;238,7;1;1;3;3;0;0;-18215,8376496479;-0,261564124375582;
238,75;238,75;1;1;3;3;0;0;-18213,1590169742;-0,254071112722158;
238,8;238,8;1;1;3;3;0;0;-18210,4821724398;-0,247133504599333;
238,85;238,85;1;1;3;3;0;0;-18207,8035397661;-0,241983253508806;
238,9;238,9;1;1;3;3;0;0;-18205,2697463758;-0,237490329891443;
238,95;238,95;1;1;3;3;0;0;-18203,4851833529;-0,232545658946037;
239;239;1;1;3;3;0;0;-18202,0421549366;-0,222219992429018;
239,05;239,05;1;1;3;3;0;0;-18198,9754960344;-0,212901681661606;
239,1;239,1;1;1;3;3;0;0;-18194,9593351632;-0,20663795992732;
239,15;239,15;1;1;3;3;0;0;-18191,0379456749;-0,199966505169868;
239,2;239,2;1;1;3;3;0;0;-18188,4290504339;-0,19389795139432;
239,25;239,25;1;1;3;3;0;0;-18186,1974525856;-0,187102667987347;
239,3;239,3;1;1;3;3;0;0;-18183,9658547373;-0,180141534656286;
239,35;239,35;1;1;3;3;0;0;-18181,734256889;-0,173688214272261;
239,4;239,4;1;1;3;3;0;0;-18179,5026590407;-0,166868586093187;
239,45;239,45;1;1;3;3;0;0;-18176,9491961181;-0,160556491464376;
239,5;239,5;1;1;3;3;0;0;-18174,2705634444;-0,155177488923073;
239,55;239,55;1;1;3;3;0;0;-18171,59371891;-0,149203399196267;
239,6;239,6;1;1;3;3;0;0;-18168,9150862363;-0,143646514043212;
239,65;239,65;1;1;3;3;0;0;-18166,2382417018;-0,13800953514874;
239,7;239,7;1;1;3;3;0;0;-18163,5596090281;-0,13174650259316;
239,75;239,75;1;1;3;3;0;0;-18160,8809763544;-0,125956004485488;
239,8;239,8;1;1;3;3;0;0;-18158,20413182;-0,120733622461557;
239,85;239,85;1;1;3;3;0;0;-18155,5254991463;-0,116516081616282;
239,9;239,9;1;1;3;3;0;0;-18152,8486546119;-0,111807798966765;
239,95;239,95;1;1;3;3;0;0;-18150,1700219382;-0,107972798869014;
240;240;1;1;3;3;0;0;-18147,4913892645;-0,10583471506834;
240,05;240,05;1;1;3;3;0;0;-18145,7551060027;-0,103495474904776;
240,1;240,1;1;1;3;3;0;0;-18144,4157896659;-0,0986313726752996;
240,15;240,15;1;1;3;3;0;0;-18142,7116929115;-0,0911068357527256;
240,2;240,2;1;1;3;3;0;0;-18138,7044727368;-0,0841266661882401;
240,25;240,25;1;1;3;3;0;0;-18134,6883118655;-0,0792103540152311;
240,3;240,3;1;1;3;3;0;0;-18131,174618138;-0,0741165457293391;
240,35;240,35;1;1;3;3;0;0;-18128,6819519516;-0,0688744243234396;
240,4;240,4;1;1;3;3;0;0;-18126,4503541033;-0,0644360762089491;
240,45;240,45;1;1;3;3;0;0;-18124,218756255;-0,0602058740332723;
240,5;240,5;1;1;3;3;0;0;-18121,9871584067;-0,0562205910682678;
240,55;240,55;1;1;3;3;0;0;-18119,7555605584;-0,0515497568994761;
240,6;240,6;1;1;3;3;0;0;-18117,0805041633;-0,04646519664675;
240,65;240,65;1;1;3;3;0;0;-18114,4018714896;-0,0421322789043188;
240,7;240,7;1;1;3;3;0;0;-18111,7232388158;-0,0380564853549004;
240,75;240,75;1;1;3;3;0;0;-18109,0463942814;-0,034839385189116;
240,8;240,8;1;1;3;3;0;0;-18106,3677616077;-0,0317277340218425;
240,85;240,85;1;1;3;3;0;0;-18103,6909170733;-0,0299945473670959;
240,9;240,9;1;1;3;3;0;0;-18101,9367524185;-0,0296264421194792;
240,95;240,95;1;1;3;3;0;0;-18101,0444709071;-0,0238072453066707;
241;241;1;1;3;3;0;0;-18097,468192304;-0,0183478510007262;
241,05;241,05;1;1;3;3;0;0;-18093,0049966073;-0,014495188370347;
241,1;241,1;1;1;3;3;0;0;-18089,611108213;-0,0110854208469391;
241,15;241,15;1;1;3;3;0;0;-18087,1774506236;-0,00767383258789778;
241,2;241,2;1;1;3;3;0;0;-18084,9458527753;-0,00434198416769505;
241,25;241,25;1;1;3;3;0;0;-18082,714254927;-0,000726911239326;
241,3;241,3;1;1;3;3;0;0;-18080,4826570787;0,00226703472435474;
241,35;241,35;1;1;3;3;0;0;-18078,195626912;0,00481147319078445;
241,4;241,4;1;1;3;3;0;0;-18075,5169942383;0,00784069299697876;
241,45;241,45;1;1;3;3;0;0;-18072,8383615646;0,0101314438506961;
241,5;241,5;1;1;3;3;0;0;-18070,1615170302;0,0121786352247;
241,55;241,55;1;1;3;3;0;0;-18067,4828843565;0,0154312374070287;
241,6;241,6;1;1;3;3;0;0;-18064,8060398221;0,0173044437542558;
241,65;241,65;1;1;3;3;0;0;-18062,1274071484;0,0197658967226744;
241,7;241,7;1;1;3;3;0;0;-18059,4487744747;0,0212967256084085;
241,75;241,75;1;1;3;3;0;0;-18056,7719299403;0,0227318704128265;
241,8;241,8;1;1;3;3;0;0;-18054,0932972666;0,0237083761021495;
241,85;241,85;1;1;3;3;0;0;-18051,6417582842;0,0238284887745976;
241,9;241,9;1;1;3;3;0;0;-18050,7494767727;0,0251855049282312;
241,95;241,95;1;1;3;3;0;0;-18049,1097530332;0,0279737869277596;
242;242;1;1;3;3;0;0;-18045,0918040226;0,0296878907829523;
242,05;242,05;1;1;3;3;0;0;-18041,0756431514;0,0300771417096257;
242,1;242,1;1;1;3;3;0;0;-18037,8212296226;0,0302710151299834;
242,15;242,15;1;1;3;3;0;0;-18035,8292424406;0,0296899257227778;
242,2;242,2;1;1;3;3;0;0;-18034,0428912784;0,0281194457784295;
242,25;242,25;1;1;3;3;0;0;-18032,1796501262;0,028019966557622;
242,3;242,3;1;1;3;3;0;0;-18029,0754402987;0,028040986508131;
242,35;242,35;1;1;3;3;0;0;-18025,9497727996;0,027302517555654;
242,4;242,4;1;1;3;3;0;0;-18022,8258934399;0,02736730966717;
242,45;242,45;1;1;3;3;0;0;-18019,7020140801;0,0271111447364092;
242,5;242,5;1;1;3;3;0;0;-18016,5781347203;0,0267639243975282;
242,55;242,55;1;1;3;3;0;0;-18013,8226120566;0,026283054612577;
242,6;242,6;1;1;3;3;0;0;-18011,8628113821;0,0259254220873117;
242,65;242,65;1;1;3;3;0;0;-18010,0782483592;0,0253698090091348;
242,7;242,7;1;1;3;3;0;0;-18008,291897197;0,0225336663424969;
242,75;242,75;1;1;3;3;0;0;-18006,0728163237;0,0180251989513636;
242,8;242,8;1;1;3;3;0;0;-18003,3959717893;0,0159989856183529;
242,85;242,85;1;1;3;3;0;0;-18000,7173391156;0,015937159769237;
242,9;242,9;1;1;3;3;0;0;-17999,3333192962;0,0159215368330479;
242,95;242,95;1;1;3;3;0;0;-17999,3333192962;0,0157579174265265;
243;243;1;1;3;3;0;0;-17999,3333192962;0,0157345551997423;
243,05;243,05;1;1;4;3;0;0;-17999,3333192962;0,0156173296272755;
243,05;243,05;1;1;4;3;0;0;-17999,3333192962;0,0156173296272755;
243,1;243,1;1;1;4;3;0;0;-17999,3333192962;0,0155796948820353;
243,15;243,15;1;1;4;3;0;0;-17999,3333192962;0,0155085697770119;
243,2;243,2;1;1;4;3;0;0;-17999,3333192962;0,0155328027904034;
243,25;243,25;1;1;4;3;0;0;-17999,3333192962;0,0155241601169109;
243,3;243,3;1;1;4;3;0;0;-17999,3333192962;0,0143426796421409;
243,35;243,35;1;1;4;3;0;0;-17999,3333192962;0,0144382659345865;
243,4;243,4;1;1;4;3;0;0;-17999,3333192962;0,014460370875895;
243,45;243,45;1;1;4;3;0;0;-17999,3333192962;0,0143783167004585;
243,5;243,5;1;1;4;3;0;0;-17999,3333192962;0,0143471965566278;
243,55;243,55;1;1;4;3;0;0;-17999,3333192962;0,0143749825656414;
243,6;243,6;1;1;4;3;0;0;-17999,3333192962;0,0143349310383201;
243,65;243,65;1;1;4;3;0;0;-17999,3333192962;0,0143662560731173;
243,7;243,7;1;1;4;3;0;0;-17999,3333192962;0,0142954336479306;
243,75;243,75;1;1;4;3;0;0;-17999,3333192962;0,0143216224387288;
243,8;243,8;1;1;4;3;0;0;-17999,3333192962;0,0143065024167299;
243,85;243,85;1;1;4;3;0;0;-17999,3333192962;0,014232499524951;
243,9;243,9;1;1;4;3;0;0;-17999,3333192962;0,0142487930133939;
243,95;243,95;1;1;4;3;0;0;-17999,3333192962;0,0142393400892615;
244;244;1;1;4;3;0;0;-17999,3333192962;0,0142235960811377;
244,05;244,05;1;1;4;3;0;0;-17999,3333192962;0,014209640212357;
244,1;244,1;1;1;4;3;0;0;-17999,3333192962;0,014215256087482;
244,15;244,15;1;1;4;3;0;0;-17999,3333192962;0,0142220454290509;
244,2;244,2;1;1;4;3;0;0;-17999,3333192962;0,0142441177740693;
244,25;244,25;1;1;4;3;0;0;-17999,3333192962;0,0141501193866134;
244,3;244,3;1;1;4;3;0;0;-17999,3333192962;0,0141734071075916;
244,35;244,35;1;1;4;3;0;0;-17999,3333192962;0,0141522660851479;
244,4;244,4;1;1;4;3;0;0;-17999,3333192962;0,0141886761412024;
244,45;244,45;1;1;4;3;0;0;-17999,3333192962;0,0141332671046257;
244,5;244,5;1;1;4;3;0;0;-17999,3333192962;0,0141401775181293;
244,55;244,55;1;1;4;3;0;0;-17999,3333192962;0,0141946924850345;
244,6;244,6;1;1;4;3;0;0;-17999,3333192962;0,0141503987833858;
244,65;244,65;1;1;4;3;0;0;-17999,3333192962;0,0141293415799737;
244,7;244,7;1;1;4;3;0;0;-17999,3333192962;0,0141742452979088;
244,75;244,75;1;1;4;3;0;0;-17999,3333192962;0,0141414999961853;
244,8;244,8;1;1;4;3;0;0;-17999,3333192962;0,0141359679400921;
244,85;244,85;1;1;4;3;0;0;-17999,3333192962;0,0141164334490895;
244,9;244,9;1;1;4;3;0;0;-17999,5353790373;0,0141611555591226;
244,95;244,95;1;1;4;3;0;0;-17999,9824138627;0,0141665432602167;
245;245;1;1;4;3;0;0;-18000,4276605488;0,0141452020034194;
245,05;245,05;1;1;4;3;0;0;-18000,8746953742;0,0141325779259205;
245,1;245,1;1;1;4;3;0;0;-18001,3217301996;0,0140534853562713;
245,15;245,15;1;1;4;3;0;0;-18001,7669768856;0,0140467192977667;
245,2;245,2;1;1;4;3;0;0;-18002,214011711;0,0140578160062432;
245,25;245,25;1;1;4;3;0;0;-18002,6592583971;0,0140234129503369;
245,3;245,3;1;1;4;3;0;0;-18002,7897925661;0,0140557251870632;
245,35;245,35;1;1;4;3;0;0;-18002,7897925661;0,0140431337058544;
245,4;245,4;1;1;4;3;0;0;-18002,7897925661;0,0140593899413943;
245,45;245,45;1;1;4;3;0;0;-18002,7897925661;0,0140171870589256;
245,5;245,5;1;1;4;3;0;0;-18002,7897925661;0,0140217039734125;
245,55;245,55;1;1;4;3;0;0;-18002,7897925661;0,0140159390866756;
245,6;245,6;1;1;4;3;0;0;-18002,7897925661;0,0140466867014766;
245,65;245,65;1;1;4;3;0;0;-18002,7897925661;0,0139699084684253;
245,7;245,7;1;1;4;3;0;0;-18002,7897925661;0,0139342062175274;
245,75;245,75;1;1;4;3;0;0;-18002,7897925661;0,0139793753623962;
245,8;245,8;1;1;4;3;0;0;-18002,7897925661;0,0139264250174165;
245,85;245,85;1;1;4;3;0;0;-18002,7897925661;0,0139832450076938;
245,9;245,9;1;1;4;3;0;0;-18002,7897925661;0,013952050358057;
245,95;245,95;1;1;4;3;0;0;-18002,7897925661;0,0138886552304029;
246;246;1;1;4;3;0;0;-18002,7897925661;0,0139368651434779;
246,05;246,05;1;1;4;3;0;0;-18002,7897925661;0,0139740295708179;
246,1;246,1;1;1;4;3;0;0;-18002,7897925661;0,0139129254966974;
246,15;246,15;1;1;4;3;0;0;-18002,7897925661;0,0139496056362987;
246,2;246,2;1;1;4;3;0;0;-18002,7897925661;0,0139157846570015;
246,25;246,25;1;1;4;3;0;0;-18002,7897925661;0,0139477383345366;
246,3;246,3;1;1;4;3;0;0;-18002,7897925661;0,0139711378142238;
246,35;246,35;1;1;4;3;0;0;-18002,7897925661;0,0139120174571872;
246,4;246,4;1;1;4;3;0;0;-18002,7897925661;0,0139520270749927;
246,45;246,45;1;1;4;3;0;0;-18002,7897925661;0,0139315007254481;
246,5;246,5;1;1;4;3;0;0;-18002,7897925661;0,0139452889561653;
246,55;246,55;1;1;4;3;0;0;-18002,7897925661;0,0139077287167311;
246,6;246,6;1;1;4;3;0;0;-18002,7897925661;0,0139664299786091;
246,65;246,65;1;1;4;3;0;0;-18002,7897925661;0,0138870719820261;
246,7;246,7;1;1;4;3;0;0;-18002,7897925661;0,0138881104066968;
246,75;246,75;1;1;4;3;0;0;-18002,7897925661;0,0138696096837521;
246,8;246,8;1;1;4;3;0;0;-18002,7897925661;0,0138790719211102;
246,85;246,85;1;1;4;3;0;0;-18002,7897925661;0,0139215495437384;
246,9;246,9;1;1;4;3;0;0;-18002,7897925661;0,0138727575540543;
246,95;246,95;1;1;4;3;0;0;-18002,7897925661;0,0138776330277324;
247;247;1;1;4;3;0;0;-18002,7897925661;0,0138523336499929;
247,05;247,05;1;1;4;3;0;0;-18002,7897925661;0,0138967530801892;
247,1;247,1;1;1;4;3;0;0;-18002,7897925661;0,0138555746525526;
247,15;247,15;1;1;4;3;0;0;-18002,7897925661;0,0139086786657572;
247,2;247,2;1;1;4;3;0;0;-18002,7897925661;0,0138512533158064;
247,25;247,25;1;1;4;3;0;0;-18002,7897925661;0,0138845294713974;
247,3;247,3;1;1;4;3;0;0;-18002,7897925661;0,0137957278639078;
247,35;247,35;1;1;4;3;0;0;-18002,7897925661;0,0137950805947185;
247,4;247,4;1;1;4;3;0;0;-18002,7897925661;0,0138361006975174;
247,45;247,45;1;1;4;3;0;0;-18002,7897925661;0,0138048827648163;
247,5;247,5;1;1;4;3;0;0;-18002,7897925661;0,0137802772223949;
247,55;247,55;1;1;4;3;0;0;-18002,7897925661;0,0137130776420236;
247,6;247,6;1;1;4;3;0;0;-18002,7897925661;0,0138179492205381;
247,65;247,65;1;1;4;3;0;0;-18002,7897925661;0,0137974880635738;
247,7;247,7;1;1;4;3;0;0;-18002,7897925661;0,0138051388785243;
247,75;247,75;1;1;4;3;0;0;-18002,7897925661;0,0137736182659864;
247,8;247,8;1;1;4;3;0;0;-18002,7897925661;0,0137761887162924;
247,85;247,85;1;1;4;3;0;0;-18002,7897925661;0,0137615436688066;
247,9;247,9;1;1;4;3;0;0;-18002,7897925661;0,0138119887560606;
247,95;247,95;1;1;4;3;0;0;-18002,7897925661;0,013827565126121;
248;248;1;1;4;3;0;0;-18002,7897925661;0,0138357374817133;
248,05;248,05;1;1;4;3;0;0;-18002,7897925661;0,0138343637809157;
248,1;248,1;1;1;4;3;0;0;-18002,7897925661;0,013766698539257;
248,15;248,15;1;1;4;3;0;0;-18002,7897925661;0,0138396676629782;
248,2;248,2;1;1;4;3;0;0;-18002,7897925661;0,0137499859556556;
248,25;248,25;1;1;4;3;0;0;-18002,7897925661;0,0137543957680464;
248,3;248,3;1;1;4;3;0;0;-18002,7897925661;0,0137327704578638;
248,35;248,35;1;1;4;3;0;0;-18002,7897925661;0,0137604679912329;
248,4;248,4;1;1;4;3;0;0;-18002,7897925661;0,0137811945751309;
248,45;248,45;1;1;4;3;0;0;-18002,7897925661;0,0137342466041446;
248,5;248,5;1;1;4;3;0;0;-18002,7897925661;0,0137268984690309;
248,55;248,55;1;1;4;3;0;0;-18002,7897925661;0,0137115130200982;
248,6;248,6;1;1;4;3;0;0;-18002,7897925661;0,0136682670563459;
248,65;248,65;1;1;4;3;0;0;-18002,7897925661;0,0136855104938149;
248,7;248,7;1;1;4;3;0;0;-18002,7897925661;0,0137148797512054;
248,75;248,75;1;1;4;3;0;0;-18002,7897925661;0,0136682577431202;
248,8;248,8;1;1;4;3;0;0;-18002,7897925661;0,0137305120006204;
248,85;248,85;1;1;4;3;0;0;-18002,7897925661;0,0136473355814815;
248,9;248,9;1;1;4;3;0;0;-18002,7897925661;0,0137967197224498;
248,95;248,95;1;1;4;3;0;0;-18002,7897925661;0,0136713311076164;
249;249;1;1;4;3;0;0;-18002,7897925661;0,0137352291494608;
249,05;249,05;1;1;4;3;0;0;-18002,7897925661;0,0137028889730573;
249,1;249,1;1;1;4;3;0;0;-18002,7897925661;0,0137538928538561;
249,15;249,15;1;1;4;3;0;0;-18002,7897925661;0,0137340743094683;
249,2;249,2;1;1;4;3;0;0;-18002,7897925661;0,0136522296816111;
249,25;249,25;1;1;4;3;0;0;-18002,7897925661;0,0136957177892327;
249,3;249,3;1;1;4;3;0;0;-18002,7897925661;0,0136633636429906;
249,35;249,35;1;1;4;3;0;0;-18002,7897925661;0,013750265352428;
249,4;249,4;1;1;4;3;0;0;-18002,7897925661;0,0136894593015313;
249,45;249,45;1;1;4;3;0;0;-18002,7897925661;0,0136873405426741;
249,5;249,5;1;1;4;3;0;0;-18002,7897925661;0,01371412537992;
249,55;249,55;1;1;4;3;0;0;-18002,7897925661;0,0136847980320454;
249,6;249,6;1;1;4;3;0;0;-18002,7897925661;0,0136802438646555;
249,65;249,65;1;1;4;3;0;0;-18002,7897925661;0,0136931054294109;
249,7;249,7;1;1;4;3;0;0;-18002,7897925661;0,0136837549507618;
249,75;249,75;1;1;4;3;0;0;-18002,7897925661;0,0136001035571098;
249,8;249,8;1;1;4;3;0;0;-18002,7897925661;0,0136681320145726;
249,85;249,85;1;1;4;3;0;0;-18002,7897925661;0,0136177986860275;
249,9;249,9;1;1;4;3;0;0;-18002,7897925661;0,0136608863249421;
249,95;249,95;1;1;4;3;0;0;-18002,7897925661;0,0135857332497835;
250;250;1;1;4;3;0;0;-18002,7897925661;0,0136250862851739;
250,05;250,05;1;1;4;3;0;0;-18002,7897925661;0,0136034889146686;
250,1;250,1;1;1;4;3;0;0;-18002,7897925661;0,013658506795764;
250,15;250,15;1;1;4;3;0;0;-18002,7897925661;0,0136465951800346;
250,2;250,2;1;1;4;3;0;0;-18002,7897925661;0,013630585744977;
250,25;250,25;1;1;4;3;0;0;-18002,7897925661;0,0136261386796832;
250,3;250,3;1;1;4;3;0;0;-18002,7897925661;0,0136281736195087;
250,35;250,35;1;1;4;3;0;0;-18002,7897925661;0,0136052072048187;
250,4;250,4;1;1;4;3;0;0;-18002,7897925661;0,0135315395891666;
250,45;250,45;1;1;4;3;0;0;-18002,7897925661;0,0135655608028173;
250,5;250,5;1;1;4;3;0;0;-18002,7897925661;0,0135622266680002;
250,55;250,55;1;1;4;3;0;0;-18002,7897925661;0,0135487038642168;
250,6;250,6;1;1;4;3;0;0;-18002,7897925661;0,0136170070618391;
250,65;250,65;1;1;4;3;0;0;-18002,7897925661;0,0136311119422317;
250,7;250,7;1;1;4;3;0;0;-18002,7897925661;0,0135718053206801;
250,75;250,75;1;1;4;3;0;0;-18002,7897925661;0,013587512075901;
250,8;250,8;1;1;4;3;0;0;-18002,7897925661;0,0135828601196408;
250,85;250,85;1;1;4;3;0;0;-18002,7897925661;0,0135525595396757;
250,9;250,9;1;1;4;3;0;0;-18002,7897925661;0,0136365788057446;
250,95;250,95;1;1;4;3;0;0;-18002,7897925661;0,0135607924312353;
251;251;1;1;4;3;0;0;-18002,7897925661;0,0136249233037233;
251,05;251,05;1;1;4;3;0;0;-18002,7897925661;0,0135239539667964;
251,1;251,1;1;1;4;3;0;0;-18002,7897925661;0,0135509623214602;
251,15;251,15;1;1;4;3;0;0;-18002,7897925661;0,0135479448363185;
251,2;251,2;1;1;4;3;0;0;-18002,7897925661;0,0135860498994589;
251,25;251,25;1;1;4;3;0;0;-18002,7897925661;0,0135624082759023;
251,3;251,3;1;1;4;3;0;0;-18002,7897925661;0,0135733326897025;
251,35;251,35;1;1;4;3;0;0;-18002,7897925661;0,0135554792359471;
251,4;251,4;1;1;4;3;0;0;-18002,7897925661;0,013514943420887;
251,45;251,45;1;1;4;3;0;0;-18002,7897925661;0,0135506503283978;
251,5;251,5;1;1;4;3;0;0;-18002,7897925661;0,0134288985282183;
251,55;251,55;1;1;4;3;0;0;-18002,7897925661;0,0134991202503443;
251,6;251,6;1;1;4;3;0;0;-18002,7897925661;0,0134721910580993;
251,65;251,65;1;1;4;3;0;0;-18002,7897925661;0,0134957814589143;
251,7;251,7;1;1;4;3;0;0;-18002,7897925661;0,0134600000455976;
251,75;251,75;1;1;4;3;0;0;-18002,7897925661;0,0134254759177566;
251,8;251,8;1;1;4;3;0;0;-18002,7897925661;0,0134755903854966;
251,85;251,85;1;1;4;3;0;0;-18002,7897925661;0,0134656997397542;
251,9;251,9;1;1;4;3;0;0;-18002,7897925661;0,013467320241034;
251,95;251,95;1;1;4;3;0;0;-18002,7897925661;0,0134622352197766;
252;252;1;1;4;3;0;0;-18002,7897925661;0,0134656624868512;
252,05;252,05;1;1;4;3;0;0;-18002,7897925661;0,013471725396812;
252,1;252,1;1;1;4;3;0;0;-18002,7897925661;0,0134332058951259;
252,15;252,15;1;1;4;3;0;0;-18002,7897925661;0,0134126609191298;
252,2;252,2;1;1;4;3;0;0;-18002,7897925661;0,0133883859962225;
252,25;252,25;1;1;4;3;0;0;-18002,7897925661;0,013410490937531;
252,3;252,3;1;1;4;3;0;0;-18002,7897925661;0,0134108914062381;
252,35;252,35;1;1;4;3;0;0;-18002,7897925661;0,0134328799322248;
252,4;252,4;1;1;4;3;0;0;-18002,7897925661;0,0133673101663589;
252,45;252,45;1;1;4;3;0;0;-18002,7897925661;0,0134397251531482;
252,5;252,5;1;1;4;3;0;0;-18002,7897925661;0,0133965397253633;
252,55;252,55;1;1;4;3;0;0;-18002,7897925661;0,0133741553872824;
252,6;252,6;1;1;4;3;0;0;-18002,7897925661;0,0133479619398713;
252,65;252,65;1;1;4;3;0;0;-18002,7897925661;0,0133976386860013;
252,7;252,7;1;1;4;3;0;0;-18002,7897925661;0,013390276581049;
252,75;252,75;1;1;4;3;0;0;-18002,7897925661;0,0134128611534834;
252,8;252,8;1;1;4;3;0;0;-18002,7897925661;0,0133129162713885;
252,85;252,85;1;1;4;3;0;0;-18002,7897925661;0,0133015727624297;
252,9;252,9;1;1;4;3;0;0;-18002,7897925661;0,0132753932848573;
252,95;252,95;1;1;4;3;0;0;-18002,7897925661;0,0132660381495953;
253;253;1;1;4;3;0;0;-18002,7897925661;0,013323100283742;
253,05;253,05;1;1;4;3;0;0;-18002,7897925661;0,013339975848794;
253,1;253,1;1;1;4;3;0;0;-18002,7897925661;0,0133715383708477;
253,15;253,15;1;1;4;3;0;0;-18002,7897925661;0,01336470246315;
253,2;253,2;1;1;4;3;0;0;-18002,7897925661;0,0133156403899193;
253,25;253,25;1;1;4;3;0;0;-18002,7897925661;0,0133019825443625;
253,3;253,3;1;1;4;3;0;0;-18002,7897925661;0,0132765388116241;
253,35;253,35;1;1;4;3;0;0;-18002,7897925661;0,0133082503452897;
253,4;253,4;1;1;4;3;0;0;-18002,7897925661;0,0133011629804969;
253,45;253,45;1;1;4;3;0;0;-18002,7897925661;0,0132945412769914;
253,5;253,5;1;1;4;3;0;0;-18002,7897925661;0,0132510997354984;
253,55;253,55;1;1;4;3;0;0;-18002,7897925661;0,0133373588323593;
253,6;253,6;1;1;4;3;0;0;-18002,7897925661;0,0133111421018839;
253,65;253,65;1;1;4;3;0;0;-18002,7897925661;0,0132892793044448;
253,7;253,7;1;1;4;3;0;0;-18002,7897925661;0,0132981687784195;
253,75;253,75;1;1;4;3;0;0;-18002,7897925661;0,013310369104147;
253,8;253,8;1;1;4;3;0;0;-18002,7897925661;0,0132838916033506;
253,85;253,85;1;1;4;3;0;0;-18002,7897925661;0,0133199384436011;
253,9;253,9;1;1;4;3;0;0;-18002,7897925661;0,0132359564304352;
253,95;253,95;1;1;4;3;0;0;-18002,7897925661;0,0133070396259427;
254;254;1;1;4;3;0;0;-18002,7897925661;0,0132245570421219;
254,05;254,05;1;1;4;3;0;0;-18002,7897925661;0,0132388388738036;
254,1;254,1;1;1;4;3;0;0;-18002,7897925661;0,0132733443751931;
254,15;254,15;1;1;4;3;0;0;-18002,7897925661;0,0132788391783834;
254,2;254,2;1;1;4;3;0;0;-18002,7897925661;0,0132345780730247;
254,25;254,25;1;1;4;3;0;0;-18002,7897925661;0,0132726179435849;
254,3;254,3;1;1;4;3;0;0;-18002,7897925661;0,013262783177197;
254,35;254,35;1;1;4;3;0;0;-18002,7897925661;0,0132106989622116;
254,4;254,4;1;1;4;3;0;0;-18002,7897925661;0,0132002402096987;
254,45;254,45;1;1;4;3;0;0;-18002,7897925661;0,0131837232038379;
254,5;254,5;1;1;4;3;0;0;-18002,7897925661;0,0131764495745301;
254,55;254,55;1;1;4;3;0;0;-18002,7897925661;0,0132071506232023;
254,6;254,6;1;1;4;3;0;0;-18002,7897925661;0,0132145127281547;
254,65;254,65;1;1;4;3;0;0;-18002,7897925661;0,0132482871413231;
254,7;254,7;1;1;4;3;0;0;-18002,7897925661;0,0132220890372992;
254,75;254,75;1;1;4;3;0;0;-18002,7897925661;0,0132207293063402;
254,8;254,8;1;1;4;3;0;0;-18002,7897925661;0,013210610486567;
254,85;254,85;1;1;4;3;0;0;-18002,7897925661;0,0132591044530272;
254,9;254,9;1;1;4;3;0;0;-18002,7897925661;0,0132169155403972;
254,95;254,95;1;1;4;3;0;0;-18002,7897925661;0,013265865854919;
255;255;1;1;4;3;0;0;-18002,7897925661;0,0131863495334983;
255,05;255,05;1;1;4;3;0;0;-18002,7897925661;0,0132428528741002;
255,1;255,1;1;1;4;3;0;0;-18002,7897925661;0,0132063217461109;
255,15;255,15;1;1;4;3;0;0;-18002,7897925661;0,0132458936423063;
255,2;255,2;1;1;4;3;0;0;-18002,7897925661;0,0131928874179721;
255,25;255,25;1;1;4;3;0;0;-18002,7897925661;0,0131855718791485;
255,3;255,3;1;1;4;3;0;0;-18002,7897925661;0,0132240960374475;
255,35;255,35;1;1;4;3;0;0;-18002,7897925661;0,0132117280736566;
255,4;255,4;1;1;4;3;0;0;-18002,7897925661;0,0132418284192681;
255,45;255,45;1;1;4;3;0;0;-18002,7897925661;0,0131760537624359;
255,5;255,5;1;1;4;3;0;0;-18002,7897925661;0,013218242675066;
255,55;255,55;1;1;4;3;0;0;-18002,7897925661;0,0131933251395822;
255,6;255,6;1;1;4;3;0;0;-18002,7897925661;0,0132201379165053;
255,65;255,65;1;1;4;3;0;0;-18002,7897925661;0,0132022146135569;
255,7;255,7;1;1;4;3;0;0;-18002,7897925661;0,0132014509290457;
255,75;255,75;1;1;4;3;0;0;-18002,7897925661;0,0131625169888139;
255,8;255,8;1;1;4;3;0;0;-18002,7897925661;0,0131138041615486;
255,85;255,85;1;1;4;3;0;0;-18002,7897925661;0,0131359091028571;
255,9;255,9;1;1;4;3;0;0;-18002,7897925661;0,0131462002173066;
255,95;255,95;1;1;4;3;0;0;-18002,7897925661;0,0131318625062704;
256;256;1;1;4;3;0;0;-18002,7897925661;0,0131101766601205;
256,05;256,05;1;1;4;3;0;0;-18002,7897925661;0,0131667777895927;
256,1;256,1;1;1;4;3;0;0;-18002,7897925661;0,0132034998387098;
256,15;256,15;1;1;4;3;0;0;-18002,7897925661;0,0131924031302333;
256,2;256,2;1;1;4;3;0;0;-18002,7897925661;0,0131148798391223;
256,25;256,25;1;1;4;3;0;0;-18002,7897925661;0,0131702795624733;
256,3;256,3;1;1;4;3;0;0;-18002,7897925661;0,0131661491468549;
256,35;256,35;1;1;4;3;0;0;-18002,7897925661;0,0131730269640684;
256,4;256,4;1;1;4;3;0;0;-18002,7897925661;0,0132318818941712;
256,45;256,45;1;1;4;3;0;0;-18002,7897925661;0,0131380558013916;
256,5;256,5;1;1;4;3;0;0;-18002,7897925661;0,0131595879793167;
256,55;256,55;1;1;4;3;0;0;-18002,7897925661;0,0131068518385291;
256,6;256,6;1;1;4;3;0;0;-18002,7897925661;0,0131150148808956;
256,65;256,65;1;1;4;3;0;0;-18002,7897925661;0,013158805668354;
256,7;256,7;1;1;4;3;0;0;-18002,7897925661;0,013176859356463;
256,75;256,75;1;1;4;3;0;0;-18002,7897925661;0,0131335761398077;
256,8;256,8;1;1;4;3;0;0;-18002,7897925661;0,0131376460194588;
256,85;256,85;1;1;4;3;0;0;-18002,7897925661;0,0130873639136553;
256,9;256,9;1;1;4;3;0;0;-18002,7897925661;0,0131000997498631;
256,95;256,95;1;1;4;3;0;0;-18002,7897925661;0,0131374131888151;
257;257;1;1;4;3;0;0;-18002,7897925661;0,0130589120090008;
257,05;257,05;1;1;4;3;0;0;-18002,7897925661;0,0130870053544641;
257,1;257,1;1;1;4;3;0;0;-18002,7897925661;0,0130374543368816;
257,15;257,15;1;1;4;3;0;0;-18002,7897925661;0,0130625488236547;
257,2;257,2;1;1;4;3;0;0;-18002,7897925661;0,0130799133330584;
257,25;257,25;1;1;4;3;0;0;-18002,7897925661;0,0130572495982051;
257,3;257,3;1;1;4;3;0;0;-18002,7897925661;0,0130632147192955;
257,35;257,35;1;1;4;3;0;0;-18002,7897925661;0,0130352796986699;
257,4;257,4;1;1;4;3;0;0;-18002,7897925661;0,013055563904345;
257,45;257,45;1;1;4;3;0;0;-18002,7897925661;0,0130207976326346;
257,5;257,5;1;1;4;3;0;0;-18002,7897925661;0,0130442203953862;
257,55;257,55;1;1;4;3;0;0;-18002,7897925661;0,0130326114594936;
257,6;257,6;1;1;4;3;0;0;-18002,7897925661;0,013074018061161;
257,65;257,65;1;1;4;3;0;0;-18002,7897925661;0,0130419200286269;
257,7;257,7;1;1;4;3;0;0;-18002,7897925661;0,0130676245316863;
257,75;257,75;1;1;4;3;0;0;-18002,7897925661;0,0130384368821979;
257,8;257,8;1;1;4;3;0;0;-18002,7897925661;0,0130708189681172;
257,85;257,85;1;1;4;3;0;0;-18002,7897925661;0,0130312656983733;
257,9;257,9;1;1;4;3;0;0;-18002,7897925661;0,0130122574046254;
257,95;257,95;1;1;4;3;0;0;-18002,7897925661;0,0130422040820122;
258;258;1;1;4;3;0;0;-18002,7897925661;0,0129619473591447;
258,05;258,05;1;1;4;3;0;0;-18002,7897925661;0,0130558013916016;
258,1;258,1;1;1;4;3;0;0;-18002,7897925661;0,013035349547863;
258,15;258,15;1;1;4;3;0;0;-18002,7897925661;0,013076146133244;
258,2;258,2;1;1;4;3;0;0;-18002,7897925661;0,0129425525665283;
258,25;258,25;1;1;4;3;0;0;-18002,7897925661;0,0129943154752254;
258,3;258,3;1;1;4;3;0;0;-18002,7897925661;0,0129974028095603;
258,35;258,35;1;1;4;3;0;0;-18002,7897925661;0,0129981618374586;
258,4;258,4;1;1;4;3;0;0;-18002,7897925661;0,0129819475114346;
258,45;258,45;1;1;4;3;0;0;-18002,7897925661;0,0129107665270567;
258,5;258,5;1;1;4;3;0;0;-18002,7897925661;0,0129824131727219;
258,55;258,55;1;1;4;3;0;0;-18002,7897925661;0,0130019802600145;
258,6;258,6;1;1;4;3;0;0;-18002,7897925661;0,013020234182477;
258,65;258,65;1;1;4;3;0;0;-18002,7897925661;0,012892666272819;
258,7;258,7;1;1;4;3;0;0;-18002,7897925661;0,0129547994583845;
258,75;258,75;1;1;4;3;0;0;-18002,7897925661;0,0129581801593304;
258,8;258,8;1;1;4;3;0;0;-18002,7897925661;0,0130143854767084;
258,85;258,85;1;1;4;3;0;0;-18002,7897925661;0,0129589950665832;
258,9;258,9;1;1;4;3;0;0;-18002,7897925661;0,0129654631018639;
258,95;258,95;1;1;4;3;0;0;-18002,7897925661;0,0129961920902133;
259;259;1;1;4;3;0;0;-18002,7897925661;0,0129395117983222;
259,05;259,05;1;1;4;3;0;0;-18002,7897925661;0,0129931513220072;
259,1;259,1;1;1;4;3;0;0;-18002,7897925661;0,0128835067152977;
259,15;259,15;1;1;4;3;0;0;-18002,7897925661;0,012978482991457;
259,2;259,2;1;1;4;3;0;0;-18002,7897925661;0,0129222078248858;
259,25;259,25;1;1;4;3;0;0;-18002,7897925661;0,0129502126947045;
259,3;259,3;1;1;4;3;0;0;-18002,7897925661;0,0129190273582935;
259,35;259,35;1;1;4;3;0;0;-18002,7897925661;0,0129783898591995;
259,4;259,4;1;1;4;3;0;0;-18002,7897925661;0,0129609974101186;
259,45;259,45;1;1;4;3;0;0;-18002,7897925661;0,0129070226103067;
259,5;259,5;1;1;4;3;0;0;-18002,7897925661;0,0129867671057582;
259,55;259,55;1;1;4;3;0;0;-18002,7897925661;0,0129702407866716;
259,6;259,6;1;1;4;3;0;0;-18002,7897925661;0,0129062449559569;
259,65;259,65;1;1;4;3;0;0;-18002,7897925661;0,0128940166905522;
259,7;259,7;1;1;4;3;0;0;-18002,7897925661;0,012874654494226;
259,75;259,75;1;1;4;3;0;0;-18002,7897925661;0,0129015184938908;
259,8;259,8;1;1;4;3;0;0;-18002,7897925661;0,0129162892699242;
259,85;259,85;1;1;4;3;0;0;-18002,7897925661;0,0128982774913311;
259,9;259,9;1;1;4;3;0;0;-18002,7897925661;0,0128825474530458;
259,95;259,95;1;1;4;3;0;0;-18002,7897925661;0,0129128945991397;
260;260;1;1;4;3;0;0;-18002,7897925661;0,0129030365496874;
260,05;260,05;1;1;4;3;0;0;-18002,7897925661;0,0129473954439163;
260,1;260,1;1;1;4;3;0;0;-18002,7897925661;0,0128761725500226;
260,15;260,15;1;1;4;3;0;0;-18002,7897925661;0,0129352509975433;
260,2;260,2;1;1;4;3;0;0;-18002,7897925661;0,0128691969439387;
260,25;260,25;1;1;4;3;0;0;-18002,7897925661;0,0129396095871925;
260,3;260,3;1;1;4;3;0;0;-18002,7897925661;0,0128734391182661;
260,35;260,35;1;1;4;3;0;0;-18002,7897925661;0,0129514839500189;
260,4;260,4;1;1;4;3;0;0;-18002,7897925661;0,012930822558701;
260,45;260,45;1;1;4;3;0;0;-18002,7897925661;0,0129328202456236;
260,5;260,5;1;1;4;3;0;0;-18002,7897925661;0,0128672504797578;
260,55;260,55;1;1;4;3;0;0;-18002,7897925661;0,0129029434174299;
260,6;260,6;1;1;4;3;0;0;-18002,7897925661;0,0129027664661407;
260,65;260,65;1;1;4;3;0;0;-18002,7897925661;0,0128870224580169;
260,7;260,7;1;1;4;3;0;0;-18002,7897925661;0,012899530120194;
260,75;260,75;1;1;4;3;0;0;-18002,7897925661;0,0128533784300089;
260,8;260,8;1;1;4;3;0;0;-18002,7897925661;0,0129174999892712;
260,85;260,85;1;1;4;3;0;0;-18002,7897925661;0,0128833716735244;
260,9;260,9;1;1;4;3;0;0;-18002,7897925661;0,0128856627270579;
260,95;260,95;1;1;4;3;0;0;-18002,7897925661;0,0128664216026664;
261;261;1;1;4;3;0;0;-18002,7897925661;0,0129016162827611;
261,05;261,05;1;1;4;3;0;0;-18002,7897925661;0,0128931412473321;
261,1;261,1;1;1;4;3;0;0;-18002,7897925661;0,0128920283168554;
261,15;261,15;1;1;4;3;0;0;-18002,7897925661;0,0128828780725598;
261,2;261,2;1;1;4;3;0;0;-18002,7897925661;0,0128590082749724;
261,25;261,25;1;1;4;3;0;0;-18002,7897925661;0,0129126245155931;
261,3;261,3;1;1;4;3;0;0;-18002,7897925661;0,0128339463844895;
261,35;261,35;1;1;4;3;0;0;-18002,7897925661;0,0128774764016271;
261,4;261,4;1;1;4;3;0;0;-18002,7897925661;0,0128695648163557;
261,45;261,45;1;1;4;3;0;0;-18002,7897925661;0,0128336902707815;
261,5;261,5;1;1;4;3;0;0;-18002,7897925661;0,0128430733457208;
261,55;261,55;1;1;4;3;0;0;-18002,7897925661;0,0128307798877358;
261,6;261,6;1;1;4;3;0;0;-18002,7897925661;0,0128847826272249;
261,65;261,65;1;1;4;3;0;0;-18002,7897925661;0,0128617789596319;
261,7;261,7;1;1;4;3;0;0;-18002,7897925661;0,0128465844318271;
261,75;261,75;1;1;4;3;0;0;-18002,7897925661;0,0128344027325511;
261,8;261,8;1;1;4;3;0;0;-18002,7897925661;0,012821895070374;
261,85;261,85;1;1;4;3;0;0;-18002,7897925661;0,0127688096836209;
261,9;261,9;1;1;4;3;0;0;-18002,7897925661;0,012843799777329;
261,95;261,95;1;1;4;3;0;0;-18002,7897925661;0,0128143653273582;
262;262;1;1;4;3;0;0;-18002,7897925661;0,0128647731617093;
262,05;262,05;1;1;4;3;0;0;-18002,7897925661;0,012826113961637;
262,1;262,1;1;1;4;3;0;0;-18002,7897925661;0,0128738908097148;
262,15;262,15;1;1;4;3;0;0;-18002,7897925661;0,0128755485638976;
262,2;262,2;1;1;4;3;0;0;-18002,7897925661;0,0128130661323667;
262,25;262,25;1;1;4;3;0;0;-18002,7897925661;0,0128478556871414;
262,3;262,3;1;1;4;3;0;0;-18002,7897925661;0,012813420034945;
262,35;262,35;1;1;4;3;0;0;-18002,7897925661;0,012782271951437;
262,4;262,4;1;1;4;3;0;0;-18002,7897925661;0,0128100020810962;
262,45;262,45;1;1;4;3;0;0;-18002,7897925661;0,0127960322424769;
262,5;262,5;1;1;4;3;0;0;-18002,7897925661;0,0127694336697459;
262,55;262,55;1;1;4;3;0;0;-18002,7897925661;0,0127918319776654;
262,6;262,6;1;1;4;3;0;0;-18002,7897925661;0,0127931172028184;
262,65;262,65;1;1;4;3;0;0;-18002,7897925661;0,0127740250900388;
262,7;262,7;1;1;4;3;0;0;-18002,7897925661;0,0127618247643113;
262,75;262,75;1;1;4;3;0;0;-18002,7897925661;0,0127686886116862;
262,8;262,8;1;1;4;3;0;0;-18002,7897925661;0,0127972103655338;
262,85;262,85;1;1;4;3;0;0;-18002,7897925661;0,012794635258615;
262,9;262,9;1;1;4;3;0;0;-18002,7897925661;0,0128384074196219;
262,95;262,95;1;1;4;3;0;0;-18002,7897925661;0,0127277756109834;
263;263;1;1;4;3;0;0;-18002,7897925661;0,0128010287880898;
263,05;263,05;1;1;4;3;0;0;-18002,7897925661;0,0127358827739954;
263,1;263,1;1;1;4;3;0;0;-18002,7897925661;0,0127648375928402;
263,15;263,15;1;1;4;3;0;0;-18002,7897925661;0,0127453170716763;
263,2;263,2;1;1;4;3;0;0;-18002,7897925661;0,0127396686002612;
263,25;263,25;1;1;4;3;0;0;-18002,7897925661;0,0127397337928414;
263,3;263,3;1;1;4;3;0;0;-18002,7897925661;0,0127740576863289;
263,35;263,35;1;1;4;3;0;0;-18002,7897925661;0,0127498991787434;
263,4;263,4;1;1;4;3;0;0;-18002,7897925661;0,0127248233184218;
263,45;263,45;1;1;4;3;0;0;-18002,7897925661;0,012691393494606;
263,5;263,5;1;1;4;3;0;0;-18002,7897925661;0,0126906624063849;
263,55;263,55;1;1;4;3;0;0;-18002,7897925661;0,0127536663785577;
263,6;263,6;1;1;4;3;0;0;-18002,7897925661;0,0127078499644995;
263,65;263,65;1;1;4;3;0;0;-18002,7897925661;0,0127722322940826;
263,7;263,7;1;1;4;3;0;0;-18002,7897925661;0,0127826165407896;
263,75;263,75;1;1;4;3;0;0;-18002,7897925661;0,0127623789012432;
263,8;263,8;1;1;4;3;0;0;-18002,7897925661;0,0127803301438689;
263,85;263,85;1;1;4;3;0;0;-18002,7897925661;0,0127502484247088;
263,9;263,9;1;1;4;3;0;0;-18002,7897925661;0,0127523811534047;
263,95;263,95;1;1;4;3;0;0;-18002,7897925661;0,0126796495169401;
264;264;1;1;4;3;0;0;-18002,7897925661;0,0127120921388268;
264,05;264,05;1;1;4;3;0;0;-18002,7897925661;0,0126698520034552;
264,1;264,1;1;1;4;3;0;0;-18002,7897925661;0,0127470446750522;
264,15;264,15;1;1;4;3;0;0;-18002,7897925661;0,0126877706497908;
264,2;264,2;1;1;4;3;0;0;-18002,7897925661;0,0127035332843661;
264,25;264,25;1;1;4;3;0;0;-18002,7897925661;0,0127549236640334;
264,3;264,3;1;1;4;3;0;0;-18002,7897925661;0,0127835897728801;
264,35;264,35;1;1;4;3;0;0;-18002,7897925661;0,01274180598557;
264,4;264,4;1;1;4;3;0;0;-18002,7897925661;0,0127448095008731;
264,45;264,45;1;1;4;3;0;0;-18002,7897925661;0,0128155993297696;
264,5;264,5;1;1;4;3;0;0;-18002,7897925661;0,0127220107242465;
264,55;264,55;1;1;4;3;0;0;-18002,7897925661;0,0127484044060111;
264,6;264,6;1;1;4;3;0;0;-18002,7897925661;0,0126778008416295;
264,65;264,65;1;1;4;3;0;0;-18002,7897925661;0,0127205392345786;
264,7;264,7;1;1;4;3;0;0;-18002,7897925661;0,0126742152497172;
264,75;264,75;1;1;4;3;0;0;-18002,7897925661;0,0127438083291054;
264,8;264,8;1;1;4;3;0;0;-18002,7897925661;0,0127294380217791;
264,85;264,85;1;1;4;3;0;0;-18002,7897925661;0,0127347093075514;
264,9;264,9;1;1;4;3;0;0;-18002,7897925661;0,0126912165433168;
264,95;264,95;1;1;4;3;0;0;-18002,7897925661;0,0126871326938272;
265;265;1;1;4;3;0;0;-18002,7897925661;0,0127307279035449;
265,05;265,05;1;1;4;3;0;0;-18002,7897925661;0,0127029232680798;
265,1;265,1;1;1;4;3;0;0;-18002,7897925661;0,0127313192933798;
265,15;265,15;1;1;4;3;0;0;-18002,7897925661;0,0127096194773912;
265,2;265,2;1;1;4;3;0;0;-18002,7897925661;0,0126988114789128;
265,25;265,25;1;1;4;3;0;0;-18002,7897925661;0,0126917194575071;
265,3;265,3;1;1;4;3;0;0;-18002,7897925661;0,0127134006470442;
265,35;265,35;1;1;4;3;0;0;-18002,7897925661;0,0126375444233418;
265,4;265,4;1;1;4;3;0;0;-18002,7897925661;0,0126953050494194;
265,45;265,45;1;1;4;3;0;0;-18002,7897925661;0,0127130886539817;
265,5;265,5;1;1;4;3;0;0;-18002,7897925661;0,0127348490059376;
265,55;265,55;1;1;4;3;0;0;-18002,7897925661;0,0127043016254902;
265,6;265,6;1;1;4;3;0;0;-18002,7897925661;0,0127564463764429;
265,65;265,65;1;1;4;3;0;0;-18002,7897925661;0,0127473054453731;
265,7;265,7;1;1;4;3;0;0;-18002,7897925661;0,0126739125698805;
265,75;265,75;1;1;4;3;0;0;-18002,7897925661;0,0127200456336141;
265,8;265,8;1;1;4;3;0;0;-18002,7897925661;0,0126655772328377;
265,85;265,85;1;1;4;3;0;0;-18002,7897925661;0,0126912957057357;
265,9;265,9;1;1;4;3;0;0;-18002,7897925661;0,0127019034698606;
265,95;265,95;1;1;4;3;0;0;-18002,7897925661;0,0127207022160292;
266;266;1;1;4;3;0;0;-18002,7897925661;0,0127184623852372;
266,05;266,05;1;1;4;3;0;0;-18002,7897925661;0,0126755610108376;
266,1;266,1;1;1;4;3;0;0;-18002,7897925661;0,0127046369016171;
266,15;266,15;1;1;4;3;0;0;-18002,7897925661;0,0126538332551718;
266,2;266,2;1;1;4;3;0;0;-18002,7897925661;0,0126830209046602;
266,25;266,25;1;1;4;3;0;0;-18002,7897925661;0,0126491067931056;
266,3;266,3;1;1;4;3;0;0;-18002,7897925661;0,0127226673066616;
266,35;266,35;1;1;4;3;0;0;-18002,7897925661;0,0126360636204481;
266,4;266,4;1;1;4;3;0;0;-18002,7897925661;0,0126884365454316;
266,45;266,45;1;1;4;3;0;0;-18002,7897925661;0,0126220099627972;
266,5;266,5;1;1;4;3;0;0;-18002,7897925661;0,0127096055075526;
266,55;266,55;1;1;4;3;0;0;-18002,7897925661;0,012624878436327;
266,6;266,6;1;1;4;3;0;0;-18002,7897925661;0,0126796588301659;
266,65;266,65;1;1;4;3;0;0;-18002,7897925661;0,0126099586486816;
266,7;266,7;1;1;4;3;0;0;-18002,7897925661;0,0126192392781377;
266,75;266,75;1;1;4;3;0;0;-18002,7897925661;0,0126720080152154;
266,8;266,8;1;1;4;3;0;0;-18002,7897925661;0,0125622842460871;
266,85;266,85;1;1;4;3;0;0;-18002,7897925661;0,0126309134066105;
266,9;266,9;1;1;4;3;0;0;-18002,7897925661;0,012636436149478;
266,95;266,95;1;1;4;3;0;0;-18002,7897925661;0,0126810139045119;
267;267;1;1;4;3;0;0;-18002,7897925661;0,0125989131629467;
267,05;267,05;1;1;4;3;0;0;-18002,7897925661;0,0126208225265145;
267,1;267,1;1;1;4;3;0;0;-18002,7897925661;0,012613101862371;
267,15;267,15;1;1;4;3;0;0;-18002,7897925661;0,012600040063262;
267,2;267,2;1;1;4;3;0;0;-18002,7897925661;0,0125691015273333;
267,25;267,25;1;1;4;3;0;0;-18002,7897925661;0,012637535110116;
267,3;267,3;1;1;4;3;0;0;-18002,7897925661;0,0126538751646876;
267,35;267,35;1;1;4;3;0;0;-18002,7897925661;0,0125675881281495;
267,4;267,4;1;1;4;3;0;0;-18002,7897925661;0,0126053392887115;
267,45;267,45;1;1;4;3;0;0;-18002,7897925661;0,0125588849186897;
267,5;267,5;1;1;4;3;0;0;-18002,7897925661;0,0126279890537262;
267,55;267,55;1;1;4;3;0;0;-18002,7897925661;0,0125588243827224;
267,6;267,6;1;1;4;3;0;0;-18002,7897925661;0,0126074440777302;
267,65;267,65;1;1;4;3;0;0;-18002,7897925661;0,0125852413475513;
267,7;267,7;1;1;4;3;0;0;-18002,7897925661;0,0126472301781178;
267,75;267,75;1;1;4;3;0;0;-18002,7897925661;0,0126179121434689;
267,8;267,8;1;1;4;3;0;0;-18002,7897925661;0,0125624518841505;
267,85;267,85;1;1;4;3;0;0;-18002,7897925661;0,0126125523820519;
267,9;267,9;1;1;4;3;0;0;-18002,7897925661;0,0125832203775644;
267,95;267,95;1;1;4;3;0;0;-18002,7897925661;0,0126247853040695;
268;268;1;1;4;3;0;0;-18002,7897925661;0,0125276669859886;
268,05;268,05;1;1;4;3;0;0;-18002,7897925661;0,0126003520563245;
268,1;268,1;1;1;4;3;0;0;-18002,7897925661;0,0125828059390187;
268,15;268,15;1;1;4;3;0;0;-18002,7897925661;0,0125719280913472;
268,2;268,2;1;1;4;3;0;0;-18002,7897925661;0,0125717418268323;
268,25;268,25;1;1;4;3;0;0;-18002,7897925661;0,0125775719061494;
268,3;268,3;1;1;4;3;0;0;-18002,7897925661;0,0126086734235287;
268,35;268,35;1;1;4;3;0;0;-18002,7897925661;0,0125758955255151;
268,4;268,4;1;1;4;3;0;0;-18002,7897925661;0,0125457672402263;
268,45;268,45;1;1;4;3;0;0;-18002,7897925661;0,0125792855396867;
268,5;268,5;1;1;4;3;0;0;-18002,7897925661;0,0125967618077993;
268,55;268,55;1;1;4;3;0;0;-18002,7897925661;0,0125638348981738;
268,6;268,6;1;1;4;3;0;0;-18002,7897925661;0,0125866802409291;
268,65;268,65;1;1;4;3;0;0;-18002,7897925661;0,0125775812193751;
268,7;268,7;1;1;4;3;0;0;-18002,7897925661;0,0126061402261257;
268,75;268,75;1;1;4;3;0;0;-18002,7897925661;0,0125224702060223;
268,8;268,8;1;1;4;3;0;0;-18002,7897925661;0,0125837838277221;
268,85;268,85;1;1;4;3;0;0;-18002,7897925661;0,0125493621453643;
268,9;268,9;1;1;4;3;0;0;-18002,7897925661;0,0125378416851163;
268,95;268,95;1;1;4;3;0;0;-18002,7897925661;0,0125849293544888;
269;269;1;1;4;3;0;0;-18002,7897925661;0,012515326961875;
269,05;269,05;1;1;4;3;0;0;-18002,7897925661;0,0126230251044035;
269,1;269,1;1;1;4;3;0;0;-18002,7897925661;0,0125687988474965;
269,15;269,15;1;1;4;3;0;0;-18002,7897925661;0,012567569501698;
269,2;269,2;1;1;4;3;0;0;-18002,7897925661;0,0125271361321211;
269,25;269,25;1;1;4;3;0;0;-18002,7897925661;0,01256356947124;
269,3;269,3;1;1;4;3;0;0;-18002,7897925661;0,012560598552227;
269,35;269,35;1;1;4;3;0;0;-18002,7897925661;0,0124868378043175;
269,4;269,4;1;1;4;3;0;0;-18002,7897925661;0,0125218369066715;
269,45;269,45;1;1;4;3;0;0;-18002,7897925661;0,0124980602413416;
269,5;269,5;1;1;4;3;0;0;-18002,7897925661;0,0124960113316774;
269,55;269,55;1;1;4;3;0;0;-18002,7897925661;0,0124394195154309;
269,6;269,6;1;1;4;3;0;0;-18002,7897925661;0,0125158531591296;
269,65;269,65;1;1;4;3;0;0;-18002,7897925661;0,0124816782772541;
269,7;269,7;1;1;4;3;0;0;-18002,7897925661;0,0125073688104749;
269,75;269,75;1;1;4;3;0;0;-18002,7897925661;0,0125309033319354;
269,8;269,8;1;1;4;3;0;0;-18002,7897925661;0,0124738877639174;
269,85;269,85;1;1;4;3;0;0;-18002,7897925661;0,0125008262693882;
269,9;269,9;1;1;4;3;0;0;-18002,7897925661;0,0125198997557163;
269,95;269,95;1;1;4;3;0;0;-18002,7897925661;0,0125380326062441;
270;270;1;1;4;3;0;0;-18002,7897925661;0,0124669680371881;
270,05;270,05;1;1;4;3;0;0;-18002,7897925661;0,0125053711235523;
270,1;270,1;1;1;4;3;0;0;-18002,7897925661;0,0124488305300474;
270,15;270,15;1;1;4;3;0;0;-18002,7897925661;0,0125005980953574;
270,2;270,2;1;1;4;3;0;0;-18002,7897925661;0,0124224228784442;
270,25;270,25;1;1;4;3;0;0;-18002,7897925661;0,0124900974333286;
270,3;270,3;1;1;4;3;0;0;-18002,7897925661;0,0125154945999384;
270,35;270,35;1;1;4;3;0;0;-18002,7897925661;0,0124849891290069;
270,4;270,4;1;1;4;3;0;0;-18002,7897925661;0,0124709727242589;
270,45;270,45;1;1;4;3;0;0;-18002,7897925661;0,0124166300520301;
270,5;270,5;1;1;4;3;0;0;-18002,7897925661;0,0124998018145561;
270,55;270,55;1;1;4;3;0;0;-18002,7897925661;0,0124243088066578;
270,6;270,6;1;1;4;3;0;0;-18002,7897925661;0,0124886306002736;
270,65;270,65;1;1;4;3;0;0;-18002,7897925661;0,0124142551794648;
270,7;270,7;1;1;4;3;0;0;-18002,7897925661;0,0124731194227934;
270,75;270,75;1;1;4;3;0;0;-18002,7897925661;0,0124359643086791;
270,8;270,8;1;1;4;3;0;0;-18002,7897925661;0,0124532217159867;
270,85;270,85;1;1;4;3;0;0;-18002,7897925661;0,0124381482601166;
270,9;270,9;1;1;4;3;0;0;-18002,7897925661;0,0124527234584093;
270,95;270,95;1;1;4;3;0;0;-18002,7897925661;0,0124881835654378;
271;271;1;1;4;3;0;0;-18002,7897925661;0,0124960299581289;
271,05;271,05;1;1;4;3;0;0;-18002,7897925661;0,0124877924099565;
271,1;271,1;1;1;4;3;0;0;-18002,7897925661;0,0124660646542907;
271,15;271,15;1;1;4;3;0;0;-18002,7897925661;0,0124662648886442;
271,2;271,2;1;1;4;3;0;0;-18002,7897925661;0,0123933609575033;
271,25;271,25;1;1;4;3;0;0;-18002,7897925661;0,0124438619241118;
271,3;271,3;1;1;4;3;0;0;-18002,7897925661;0,0123799592256546;
271,35;271,35;1;1;4;3;0;0;-18002,7897925661;0,0124233635142446;
271,4;271,4;1;1;4;3;0;0;-18002,7897925661;0,0123702827841043;
271,45;271,45;1;1;4;3;0;0;-18002,7897925661;0,0124235777184367;
271,5;271,5;1;1;4;3;0;0;-18002,7897925661;0,0124020641669631;
271,55;271,55;1;1;4;3;0;0;-18002,7897925661;0,0124074891209602;
271,6;271,6;1;1;4;3;0;0;-18002,7897925661;0,0124362390488386;
271,65;271,65;1;1;4;3;0;0;-18002,7897925661;0,0123739847913384;
271,7;271,7;1;1;4;3;0;0;-18002,7897925661;0,0124316895380616;
271,75;271,75;1;1;4;3;0;0;-18002,7897925661;0,0123684341087937;
271,8;271,8;1;1;4;3;0;0;-18002,7897925661;0,0124803045764565;
271,85;271,85;1;1;4;3;0;0;-18002,7897925661;0,0124733056873083;
271,9;271,9;1;1;4;3;0;0;-18002,7897925661;0,0124678434804082;
271,95;271,95;1;1;4;3;0;0;-18002,7897925661;0,0124094542115927;
272;272;1;1;4;3;0;0;-18002,7897925661;0,0124456966295838;
272,05;272,05;1;1;4;3;0;0;-18002,7897925661;0,0124372215941548;
272,1;272,1;1;1;4;3;0;0;-18002,7897925661;0,0124059431254864;
272,15;272,15;1;1;4;3;0;0;-18002,7897925661;0,012420704588294;
272,2;272,2;1;1;4;3;0;0;-18002,7897925661;0,0124023947864771;
272,25;272,25;1;1;4;3;0;0;-18002,7897925661;0,0124275404959917;
272,3;272,3;1;1;4;3;0;0;-18002,7897925661;0,0123811885714531;
272,35;272,35;1;1;4;3;0;0;-18002,7897925661;0,0124291563406587;
272,4;272,4;1;1;4;3;0;0;-18002,7897925661;0,0123589951545;
272,45;272,45;1;1;4;3;0;0;-18002,7897925661;0,0124177988618612;
272,5;272,5;1;1;4;3;0;0;-18002,7897925661;0,0123477121815085;
272,55;272,55;1;1;4;3;0;0;-18002,7897925661;0,0124171935021877;
272,6;272,6;1;1;4;3;0;0;-18002,7897925661;0,0124064087867737;
272,65;272,65;1;1;4;3;0;0;-18002,7897925661;0,0124090118333697;
272,7;272,7;1;1;4;3;0;0;-18002,7897925661;0,012460327707231;
272,75;272,75;1;1;4;3;0;0;-18002,7897925661;0,0124010816216469;
272,8;272,8;1;1;4;3;0;0;-18002,7897925661;0,0124260643497109;
272,85;272,85;1;1;4;3;0;0;-18002,7897925661;0,0124024460092187;
272,9;272,9;1;1;4;3;0;0;-18002,7897925661;0,0123747391626239;
272,95;272,95;1;1;4;3;0;0;-18002,7897925661;0,0124625349417329;
273;273;1;1;4;3;0;0;-18002,7897925661;0,0124157965183258;
273,05;273,05;1;1;4;3;0;0;-18002,7897925661;0,0123984599485993;
273,1;273,1;1;1;4;3;0;0;-18002,7897925661;0,0124019104987383;
273,15;273,15;1;1;4;3;0;0;-18002,7897925661;0,0124719412997365;
273,2;273,2;1;1;4;3;0;0;-18002,7897925661;0,0124027114361525;
273,25;273,25;1;1;4;3;0;0;-18002,7897925661;0,0124393869191408;
273,3;273,3;1;1;4;3;0;0;-18002,7897925661;0,0124354800209403;
273,35;273,35;1;1;1;4;0;0;-18002,7897925661;0,0124419666826725;
273,35;273,35;1;1;1;4;0;0;-18002,7897925661;0,0124419666826725;
273,4;273,4;1;1;1;4;0;0;-18002,7897925661;0,0123985856771469;
273,45;273,45;1;1;1;4;0;0;-18002,7897925661;0,0124195404350758;
273,5;273,5;1;1;1;4;0;0;-18002,7897925661;0,0123213278129697;
273,55;273,55;1;1;1;4;0;0;-18003,1617255408;0,0115238968282938;
273,6;273,6;1;1;1;4;0;0;-18009,6812814343;0,0122883543372154;
273,65;273,65;1;1;1;4;0;0;-18015,9451334075;0,0120925484225154;
273,7;273,7;1;1;1;4;0;0;-18017,6849929479;0,0119400070980191;
273,75;273,75;1;1;1;4;0;0;-18019,0243092848;0,0108915893360972;
273,8;273,8;1;1;1;4;0;0;-18023,4088268522;0,0100464140996337;
273,85;273,85;1;1;1;4;0;0;-18028,3172692349;0,0086261797696352;
273,9;273,9;1;1;1;4;0;0;-18032,2011077978;0,0073612853884697;
273,95;273,95;1;1;1;4;0;0;-18034,9780881331;0,00567791517823935;
274;274;1;1;1;4;0;0;-18037,6567208068;0,00423131976276636;
274,05;274,05;1;1;1;4;0;0;-18040,3353534805;0,00258638989180326;
274,1;274,1;1;1;1;4;0;0;-18042,650993876;0,00135001726448536;
274,15;274,15;1;1;1;4;0;0;-18043,9885220736;0,000241287052631378;
274,2;274,2;1;1;1;4;0;0;-18045,0864396047;-0,00235673040151596;
274,25;274,25;1;1;1;4;0;0;-18047,8169283182;-0,00536806415766478;
274,3;274,3;1;1;1;4;0;0;-18051,3878425033;-0,00783890020102263;
274,35;274,35;1;1;1;4;0;0;-18054,9569685492;-0,0107012642547488;
274,4;274,4;1;1;1;4;0;0;-18058,5278827344;-0,0132260238751769;
274,45;274,45;1;1;1;4;0;0;-18062,0612459942;-0,0160776078701019;
274,5;274,5;1;1;1;4;0;0;-18064,6969633247;-0,0186214409768581;
274,55;274,55;1;1;1;4;0;0;-18066,928561173;-0,0216938368976116;
274,6;274,6;1;1;1;4;0;0;-18069,1601590213;-0,0251492485404015;
274,65;274,65;1;1;1;4;0;0;-18071,3917568696;-0,0269338162615895;
274,7;274,7;1;1;1;4;0;0;-18072,8687599327;-0,0285165151581168;
274,75;274,75;1;1;1;4;0;0;-18074,2080762696;-0,0327795930206776;
274,8;274,8;1;1;1;4;0;0;-18076,5505387546;-0,0372568564489484;
274,85;274,85;1;1;1;4;0;0;-18080,1214529398;-0,0412865029647946;
274,9;274,9;1;1;1;4;0;0;-18083,6923671249;-0,0455415109172463;
274,95;274,95;1;1;1;4;0;0;-18087,2614931708;-0,049379481934011;
275;275;1;1;1;4;0;0;-18090,8109496844;-0,0534855481237173;
275,05;275,05;1;1;1;4;0;0;-18093,5003111939;-0,057672057300806;
275,1;275,1;1;1;1;4;0;0;-18095,7319090422;-0,0611662212759256;
275,15;275,15;1;1;1;4;0;0;-18097,7078029704;-0,0641443952918053;
275,2;275,2;1;1;1;4;0;0;-18099,0471193072;-0,0660045770928264;
275,25;275,25;1;1;1;4;0;0;-18100,3864356441;-0,0716946879401803;
275,3;275,3;1;1;1;4;0;0;-18103,2760687554;-0,0775679433718324;
275,35;275,35;1;1;1;4;0;0;-18107,739264452;-0,0827441550791264;
275,4;275,4;1;1;1;4;0;0;-18111,4371365276;-0,087481327354908;
275,45;275,45;1;1;1;4;0;0;-18113,9280145746;-0,0926816463470459;
275,5;275,5;1;1;1;4;0;0;-18116,1578242837;-0,0977386068552732;
275,55;275,55;1;1;1;4;0;0;-18118,389422132;-0,102198515087366;
275,6;275,6;1;1;1;4;0;0;-18120,6210199803;-0,106185842305422;
275,65;275,65;1;1;1;4;0;0;-18122,7042022666;-0,107703115791082;
275,7;275,7;1;1;1;4;0;0;-18123,1566015099;-0,113590862601995;
275,75;275,75;1;1;1;4;0;0;-18125,7029118753;-0,121052153408527;
275,8;275,8;1;1;1;4;0;0;-18129,2738260604;-0,127115426585078;
275,85;275,85;1;1;1;4;0;0;-18132,8447402456;-0,133125940337777;
275,9;275,9;1;1;1;4;0;0;-18136,4138662915;-0,138664431869984;
275,95;275,95;1;1;1;4;0;0;-18139,2444908058;-0,142051493749022;
276;276;1;1;1;4;0;0;-18141,0290538288;-0,146731063723564;
276,05;276,05;1;1;1;4;0;0;-18142,4381075984;-0,151013396680355;
276,1;276,1;1;1;1;4;0;0;-18143,8310681143;-0,159366577863693;
276,15;276,15;1;1;1;4;0;0;-18147,3107871951;-0,166570190340281;
276,2;276,2;1;1;1;4;0;0;-18150,8799132409;-0,173136349767447;
276,25;276,25;1;1;1;4;0;0;-18154,4508274261;-0,179934594780207;
276,3;276,3;1;1;1;4;0;0;-18158,0217416113;-0,186265371739864;
276,35;276,35;1;1;1;4;0;0;-18160,416060136;-0,192460939288139;
276,4;276,4;1;1;1;4;0;0;-18162,200623159;-0,199084524065256;
276,45;276,45;1;1;1;4;0;0;-18163,9869743212;-0,2052559889853;
276,5;276,5;1;1;1;4;0;0;-18165,9074359311;-0,209628865122795;
276,55;276,55;1;1;1;4;0;0;-18168,5842804655;-0,213277991861105;
276,6;276,6;1;1;1;4;0;0;-18171,2629131392;-0,219844467937946;
276,65;276,65;1;1;1;4;0;0;-18173,9415458129;-0,229328460991383;
276,7;276,7;1;1;1;4;0;0;-18176,6183903473;-0,237148329615593;
276,75;276,75;1;1;1;4;0;0;-18179,9550582839;-0,244320649653673;
276,8;276,8;1;1;1;4;0;0;-18183,5259724691;-0,251720380038023;
276,85;276,85;1;1;1;4;0;0;-18187,0968866543;-0,259090960025787;
276,9;276,9;1;1;1;4;0;0;-18189,8184346712;-0,266405176371336;
276,95;276,95;1;1;1;4;0;0;-18192,0768546091;-0,273882653564215;
277;277;1;1;1;4;0;0;-18194,3084524574;-0,281295757740736;
277,05;277,05;1;1;1;4;0;0;-18196,5400503057;-0,288485363125801;
277,1;277,1;1;1;1;4;0;0;-18198,771648154;-0,295674689114094;
277,15;277,15;1;1;1;4;0;0;-18201,2357041116;-0,302090663462877;
277,2;277,2;1;1;1;4;0;0;-18203,9143367853;-0,310951750725508;
277,25;277,25;1;1;1;4;0;0;-18206,5911813197;-0,316380858421326;
277,3;277,3;1;1;1;4;0;0;-18209,2698139934;-0,324403829872608;
277,35;277,35;1;1;1;4;0;0;-18211,7374462295;-0,331276506185532;
277,4;277,4;1;1;1;4;0;0;-18213,8170522372;-0,335056819021702;
277,45;277,45;1;1;1;4;0;0;-18215,6016152601;-0,343208536505699;
277,5;277,5;1;1;1;4;0;0;-18217,3969071189;-0,353758744895458;
277,55;277,55;1;1;1;4;0;0;-18220,8533803887;-0,362950265407562;
277,6;277,6;1;1;1;4;0;0;-18224,4242945739;-0,371388047933578;
277,65;277,65;1;1;1;4;0;0;-18227,9952087591;-0,380030013620853;
277,7;277,7;1;1;1;4;0;0;-18231,4212836608;-0,388583689928055;
277,75;277,75;1;1;1;4;0;0;-18234,0301789018;-0,397095009684563;
277,8;277,8;1;1;1;4;0;0;-18236,2617767501;-0,405656062066555;
277,85;277,85;1;1;1;4;0;0;-18238,4933745984;-0,413932763040066;
277,9;277,9;1;1;1;4;0;0;-18240,7249724467;-0,422704964876175;
277,95;277,95;1;1;1;4;0;0;-18242,9565702951;-0,430126637220383;
278;278;1;1;1;4;0;0;-18245,1881681434;-0,436056070029736;
278,05;278,05;1;1;1;4;0;0;-18247,4197659917;-0,440373718738556;
278,1;278,1;1;1;1;4;0;0;-18249,0469727561;-0,450559072196484;
278,15;278,15;1;1;1;4;0;0;-18251,1998924751;-0,462404452264309;
278,2;278,2;1;1;1;4;0;0;-18255,2178414857;-0,471987016499043;
278,25;278,25;1;1;1;4;0;0;-18259,234002357;-0,481800436973572;
278,3;278,3;1;1;1;4;0;0;-18262,5170261146;-0,49095269292593;
278,35;278,35;1;1;1;4;0;0;-18264,9900227686;-0,500476658344269;
278,4;278,4;1;1;1;4;0;0;-18267,2216206169;-0,509947799146175;
278,45;278,45;1;1;1;4;0;0;-18269,4532184653;-0,519350878894329;
278,5;278,5;1;1;1;4;0;0;-18271,6848163136;-0,528685450553894;
278,55;278,55;1;1;1;4;0;0;-18273,9360836942;-0,5379743501544;
278,6;278,6;1;1;1;4;0;0;-18276,6129282286;-0,54733794182539;
278,65;278,65;1;1;1;4;0;0;-18279,2915609023;-0,55667195469141;
278,7;278,7;1;1;1;4;0;0;-18281,970193576;-0,565491393208504;
278,75;278,75;1;1;1;4;0;0;-18284,6470381104;-0,57607177644968;
278,8;278,8;1;1;1;4;0;0;-18287,3256707841;-0,584919676184654;
278,85;278,85;1;1;1;4;0;0;-18290,0025153185;-0,594299621880054;
278,9;278,9;1;1;1;4;0;0;-18292,6811479922;-0,601183772087097;
278,95;278,95;1;1;1;4;0;0;-18295,0289748952;-0,611736476421356;
279;279;1;1;1;4;0;0;-18296,368291232;-0,61657328158617;
279,05;279,05;1;1;1;4;0;0;-18297,7058194296;-0,623582005500793;
279,1;279,1;1;1;1;4;0;0;-18300,0125191285;-0,636462718248367;
279,15;279,15;1;1;1;4;0;0;-18303,5834333137;-0,648758113384247;
279,2;279,2;1;1;1;4;0;0;-18307,1543474989;-0,659611448645592;
279,25;279,25;1;1;1;4;0;0;-18310,7252616841;-0,670226961374283;
279,3;279,3;1;1;1;4;0;0;-18314,2961758692;-0,680456161499023;
279,35;279,35;1;1;1;4;0;0;-18317,4397247613;-0,690968483686447;
279,4;279,4;1;1;1;4;0;0;-18319,8465602612;-0,701444372534752;
279,45;279,45;1;1;1;4;0;0;-18322,0781581095;-0,711724832653999;
279,5;279,5;1;1;1;4;0;0;-18324,3097559578;-0,722345486283302;
279,55;279,55;1;1;1;4;0;0;-18326,5413538062;-0,732477307319641;
279,6;279,6;1;1;1;4;0;0;-18328,8444772266;-0,742875188589096;
279,65;279,65;1;1;1;4;0;0;-18331,521321761;-0,753129869699478;
279,7;279,7;1;1;1;4;0;0;-18334,1999544347;-0,763109102845192;
279,75;279,75;1;1;1;4;0;0;-18336,8767989691;-0,773587748408318;
279,8;279,8;1;1;1;4;0;0;-18339,5554316428;-0,784888342022896;
279,85;279,85;1;1;1;4;0;0;-18342,2340643165;-0,794400498270988;
279,9;279,9;1;1;1;4;0;0;-18344,9109088509;-0,804104879498482;
279,95;279,95;1;1;1;4;0;0;-18347,5895415246;-0,814434736967087;
280;280;1;1;1;4;0;0;-18350,1036653825;-0,820341855287552;
280,05;280,05;1;1;1;4;0;0;-18351,6664991321;-0,826078429818153;
280,1;280,1;1;1;1;4;0;0;-18353,0058154689;-0,841828063130379;
280,15;280,15;1;1;1;4;0;0;-18356,1046608785;-0,855405703186989;
280,2;280,2;1;1;1;4;0;0;-18360,1208217498;-0,866821631789207;
280,25;280,25;1;1;1;4;0;0;-18364,1101605315;-0,879024490714073;
280,3;280,3;1;1;1;4;0;0;-18366,8191915733;-0,890424028038979;
280,35;280,35;1;1;1;4;0;0;-18369,0507894216;-0,901456475257874;
280,4;280,4;1;1;1;4;0;0;-18371,28238727;-0,913263112306595;
280,45;280,45;1;1;1;4;0;0;-18373,5139851183;-0,924298912286758;
280,5;280,5;1;1;1;4;0;0;-18375,7455829666;-0,9352046251297;
280,55;280,55;1;1;1;4;0;0;-18378,2293084564;-0,946808233857155;
280,6;280,6;1;1;1;4;0;0;-18380,9079411301;-0,958375558257103;
280,65;280,65;1;1;1;4;0;0;-18383,5847856645;-0,969372615218163;
280,7;280,7;1;1;1;4;0;0;-18386,2634183383;-0,981117561459541;
280,75;280,75;1;1;1;4;0;0;-18388,942051012;-0,99195808172226;
280,8;280,8;1;1;1;4;0;0;-18391,6188955464;-1,00336313247681;
280,85;280,85;1;1;1;4;0;0;-18394,2975282201;-1,01501278579235;
280,9;280,9;1;1;1;4;0;0;-18396,9743727545;-1,0262855887413;
280,95;280,95;1;1;1;4;0;0;-18399,6530054282;-1,03732421994209;
281;281;1;1;1;4;0;0;-18402,3316381019;-1,04797355830669;
281,05;281,05;1;1;1;4;0;0;-18405,0084826363;-1,05751775205135;
281,1;281,1;1;1;1;4;0;0;-18407,2597500169;-1,06574006378651;
281,15;281,15;1;1;1;4;0;0;-18409,0461011792;-1,07300914824009;
281,2;281,2;1;1;1;4;0;0;-18410,421180302;-1,08973413705826;
281,25;281,25;1;1;1;4;0;0;-18413,4234661893;-1,10398396849632;
281,3;281,3;1;1;1;4;0;0;-18417,4396270606;-1,11737877130508;
281,35;281,35;1;1;1;4;0;0;-18421,3395588772;-1,12954519689083;
281,4;281,4;1;1;1;4;0;0;-18423,9895813221;-1,14171572029591;
281,45;281,45;1;1;1;4;0;0;-18426,2211791704;-1,1550310254097;
281,5;281,5;1;1;1;4;0;0;-18428,4527770187;-1,16638958454132;
281,55;281,55;1;1;1;4;0;0;-18430,6843748671;-1,17875196039677;
281,6;281,6;1;1;1;4;0;0;-18432,9159727154;-1,19108095765114;
281,65;281,65;1;1;1;4;0;0;-18435,4354609913;-1,20300218462944;
281,7;281,7;1;1;1;4;0;0;-18438,1123055257;-1,21602050960064;
281,75;281,75;1;1;1;4;0;0;-18440,7909381994;-1,22772678732872;
281,8;281,8;1;1;1;4;0;0;-18443,4695708731;-1,24005056917667;
281,85;281,85;1;1;1;4;0;0;-18446,1464154075;-1,25142201781273;
281,9;281,9;1;1;1;4;0;0;-18448,8250480812;-1,26041501760483;
281,95;281,95;1;1;1;4;0;0;-18451,3910279789;-1,26985266804695;
282;282;1;1;1;4;0;0;-18453,1755910018;-1,27623721957207;
282,05;282,05;1;1;1;4;0;0;-18454,5327887317;-1,29271298646927;
282,1;282,1;1;1;1;4;0;0;-18457,2024807089;-1,30859538912773;
282,15;282,15;1;1;1;4;0;0;-18461,2204297194;-1,32234334945679;
282,2;282,2;1;1;1;4;0;0;-18465,2365905907;-1,33575916290283;
282,25;282,25;1;1;1;4;0;0;-18468,085096498;-1,34927526116371;
282,3;282,3;1;1;1;4;0;0;-18470,3774910826;-1,36184677481651;
282,35;282,35;1;1;1;4;0;0;-18472,6090889309;-1,37172594666481;
282,4;282,4;1;1;1;4;0;0;-18474,8406867793;-1,38143599033356;
282,45;282,45;1;1;1;4;0;0;-18476,8684367472;-1,38948157429695;
282,5;282,5;1;1;1;4;0;0;-18478,6529997701;-1,40458539128304;
282,55;282,55;1;1;1;4;0;0;-18480,4375627931;-1,42134502530098;
282,6;282,6;1;1;1;4;0;0;-18483,5775354066;-1,43680542707443;
282,65;282,65;1;1;1;4;0;0;-18487,1466614524;-1,45062699913979;
282,7;282,7;1;1;1;4;0;0;-18490,7175756376;-1,46336436271667;
282,75;282,75;1;1;1;4;0;0;-18493,6912512961;-1,47725820541382;
282,8;282,8;1;1;1;4;0;0;-18495,6850266173;-1,4897808432579;
282,85;282,85;1;1;1;4;0;0;-18497,4695896402;-1,50301977992058;
282,9;282,9;1;1;1;4;0;0;-18499,3310426531;-1,51671081781387;
282,95;282,95;1;1;1;4;0;0;-18502,4370406199;-1,52834385633469;
283;283;1;1;1;4;0;0;-18505,5609199797;-1,54034003615379;
283,05;283,05;1;1;1;4;0;0;-18508,6490365534;-1,54847398400307;
283,1;283,1;1;1;1;4;0;0;-18510,04020893;-1,55936107039452;
283,15;283,15;1;1;1;4;0;0;-18511,3795252669;-1,57283127307892;
283,2;283,2;1;1;1;4;0;0;-18514,4157858009;-1,5903939306736;
283,25;283,25;1;1;1;4;0;0;-18518,4319466722;-1,60493835806847;
283,3;283,3;1;1;1;4;0;0;-18522,4498956827;-1,61960139870644;
283,35;283,35;1;1;1;4;0;0;-18525,4253594805;-1,63354963064194;
283,4;283,4;1;1;1;4;0;0;-18527,7660338262;-1,64756879210472;
283,45;283,45;1;1;1;4;0;0;-18529,9976316745;-1,66147500276566;
283,5;283,5;1;1;1;4;0;0;-18532,2292295228;-1,67509406805038;
283,55;283,55;1;1;1;4;0;0;-18534,4608273712;-1,68862968683243;
283,6;283,6;1;1;1;4;0;0;-18536,8426289208;-1,70218765735626;
283,65;283,65;1;1;1;4;0;0;-18539,5194734552;-1,71533614397049;
283,7;283,7;1;1;1;4;0;0;-18542,1981061289;-1,72887399792671;
283,75;283,75;1;1;1;4;0;0;-18544,8767388026;-1,74256950616837;
283,8;283,8;1;1;1;4;0;0;-18547,553583337;-1,75535768270493;
283,85;283,85;1;1;1;4;0;0;-18550,2322160107;-1,76835864782333;
283,9;283,9;1;1;1;4;0;0;-18552,9090605451;-1,77788689732552;
283,95;283,95;1;1;1;4;0;0;-18555,5483541542;-1,78814113140106;
284;284;1;1;1;4;0;0;-18557,0754251177;-1,79629489779472;
284,05;284,05;1;1;1;4;0;0;-18558,4129533153;-1,81621447205544;
284,1;284,1;1;1;1;4;0;0;-18561,3115271231;-1,83245435357094;
284,15;284,15;1;1;1;4;0;0;-18564,8824413082;-1,84705346822739;
284,2;284,2;1;1;1;4;0;0;-18568,4515673541;-1,86237573623657;
284,25;284,25;1;1;1;4;0;0;-18572,0224815393;-1,8769446015358;
284,3;284,3;1;1;1;4;0;0;-18575,1016574165;-1,89104482531548;
284,35;284,35;1;1;1;4;0;0;-18577,5174336129;-1,90429195761681;
284,4;284,4;1;1;1;4;0;0;-18579,7490314612;-1,91825211048126;
284,45;284,45;1;1;1;4;0;0;-18581,9806293095;-1,9330307841301;
284,5;284,5;1;1;1;4;0;0;-18584,2122271579;-1,94481536746025;
284,55;284,55;1;1;1;4;0;0;-18586,4438250062;-1,9552193582058;
284,6;284,6;1;1;1;4;0;0;-18588,6754228545;-1,96282535791397;
284,65;284,65;1;1;1;4;0;0;-18590,7496644443;-1,97667255997658;
284,7;284,7;1;1;1;4;0;0;-18592,5360156065;-1,99635982513428;
284,75;284,75;1;1;1;4;0;0;-18596,31614209;-2,01170846819878;
284,8;284,8;1;1;1;4;0;0;-18600,7686089508;-2,02717676758766;
284,85;284,85;1;1;1;4;0;0;-18603,5348604503;-2,04221487045288;
284,9;284,9;1;1;1;4;0;0;-18605,8057973632;-2,05698266625404;
284,95;284,95;1;1;1;4;0;0;-18608,0373952116;-2,07088157534599;
285;285;1;1;1;4;0;0;-18610,2689930599;-2,08571955561638;
285,05;285,05;1;1;1;4;0;0;-18612,5005909082;-2,10043087601662;
285,1;285,1;1;1;1;4;0;0;-18614,948553612;-2,11351156234741;
285,15;285,15;1;1;1;4;0;0;-18617,6253981464;-2,12849512696266;
285,2;285,2;1;1;1;4;0;0;-18620,3040308201;-2,14301615953445;
285,25;285,25;1;1;1;4;0;0;-18622,9808753545;-2,15394407510757;
285,3;285,3;1;1;1;4;0;0;-18625,6595080282;-2,16625317931175;
285,35;285,35;1;1;1;4;0;0;-18628,3381407019;-2,17774167656899;
285,4;285,4;1;1;1;4;0;0;-18630,2997295157;-2,18592077493668;
285,45;285,45;1;1;1;4;0;0;-18631,6390458526;-2,20489695668221;
285,5;285,5;1;1;1;4;0;0;-18634,0673390241;-2,22304284572601;
285,55;285,55;1;1;1;4;0;0;-18637,6382532092;-2,2382952272892;
285,6;285,6;1;1;1;4;0;0;-18641,2091673944;-2,25418835878372;
285,65;285,65;1;1;1;4;0;0;-18644,7800815796;-2,26837292313576;
285,7;285,7;1;1;1;4;0;0;-18647,8699862926;-2,28350341320038;
285,75;285,75;1;1;1;4;0;0;-18650,3143727178;-2,29621484875679;
285,8;285,8;1;1;1;4;0;0;-18652,2348343277;-2,30592742562294;
285,85;285,85;1;1;1;4;0;0;-18653,6224304257;-2,31347069144249;
285,9;285,9;1;1;1;4;0;0;-18654,9617467625;-2,33062535524368;
285,95;285,95;1;1;1;4;0;0;-18657,0181069593;-2,35068827867508;
286;286;1;1;1;4;0;0;-18660,5890211445;-2,36742049455643;
286,05;286,05;1;1;1;4;0;0;-18664,1581471903;-2,38340109586716;
286,1;286,1;1;1;1;4;0;0;-18667,7290613755;-2,39815384149551;
286,15;286,15;1;1;1;4;0;0;-18671,2999755607;-2,41339206695557;
286,2;286,2;1;1;1;4;0;0;-18674,076955896;-2,4282893538475;
286,25;286,25;1;1;1;4;0;0;-18676,3139181622;-2,44264245033264;
286,3;286,3;1;1;1;4;0;0;-18678,5455160105;-2,45717853307724;
286,35;286,35;1;1;1;4;0;0;-18680,7771138588;-2,47231557965279;
286,4;286,4;1;1;1;4;0;0;-18683,0087117072;-2,48741745948792;
286,45;286,45;1;1;1;4;0;0;-18685,4817083612;-2,50187397003174;
286,5;286,5;1;1;1;4;0;0;-18688,1603410349;-2,51575946807861;
286,55;286,55;1;1;1;4;0;0;-18690,8389737086;-2,52960234880447;
286,6;286,6;1;1;1;4;0;0;-18693,515818243;-2,54126131534576;
286,65;286,65;1;1;1;4;0;0;-18696,1944509167;-2,55171298980713;
286,7;286,7;1;1;1;4;0;0;-18697,8949713925;-2,55915820598602;
286,75;286,75;1;1;1;4;0;0;-18699,2342877293;-2,57964789867401;
286,8;286,8;1;1;1;4;0;0;-18701,7001318261;-2,59863644838333;
286,85;286,85;1;1;1;4;0;0;-18705,2710460113;-2,6139360666275;
286,9;286,9;1;1;1;4;0;0;-18708,8401720572;-2,6295417547226;
286,95;286,95;1;1;1;4;0;0;-18712,3896285707;-2,64454185962677;
287;287;1;1;1;4;0;0;-18714,6569892051;-2,66024112701416;
287,05;287,05;1;1;1;4;0;0;-18716,536323611;-2,67518073320389;
287,1;287,1;1;1;1;4;0;0;-18718,3226747732;-2,68990606069565;
287,15;287,15;1;1;1;4;0;0;-18721,2498588099;-2,70506739616394;
287,2;287,2;1;1;1;4;0;0;-18724,3737381697;-2,71942526102066;
287,25;287,25;1;1;1;4;0;0;-18727,4994056687;-2,73461908102036;
287,3;287,3;1;1;1;4;0;0;-18730,6232850285;-2,74866193532944;
287,35;287,35;1;1;1;4;0;0;-18733,7471643883;-2,76374846696854;
287,4;287,4;1;1;1;4;0;0;-18735,9948554903;-2,77929306030273;
287,45;287,45;1;1;1;4;0;0;-18737,7794185133;-2,7920851111412;
287,5;287,5;1;1;1;4;0;0;-18739,5657696755;-2,8032597899437;
287,55;287,55;1;1;1;4;0;0;-18741,3503326985;-2,81368523836136;
287,6;287,6;1;1;1;4;0;0;-18743,1366838607;-2,82339364290237;
287,65;287,65;1;1;1;4;0;0;-18745,255628933;-2,84174203872681;
287,7;287,7;1;1;1;4;0;0;-18748,4367287505;-2,86092609167099;
287,75;287,75;1;1;1;4;0;0;-18752,0076429356;-2,87763327360153;
287,8;287,8;1;1;1;4;0;0;-18755,5767689815;-2,89240509271622;
287,85;287,85;1;1;1;4;0;0;-18759,1476831667;-2,90820449590683;
287,9;287,9;1;1;1;4;0;0;-18762,4003085562;-2,92293250560761;
287,95;287,95;1;1;1;4;0;0;-18764,9054917176;-2,93841063976288;
288;288;1;1;1;4;0;0;-18767,1370895659;-2,95260816812515;
288,05;288,05;1;1;1;4;0;0;-18769,3686874143;-2,96798825263977;
288,1;288,1;1;1;1;4;0;0;-18771,6002852626;-2,9825359582901;
288,15;288,15;1;1;1;4;0;0;-18773,8318831109;-2,99759954214096;
288,2;288,2;1;1;1;4;0;0;-18776,4962106702;-3,01276534795761;
288,25;288,25;1;1;1;4;0;0;-18779,1730552046;-3,02730232477188;
288,3;288,3;1;1;1;4;0;0;-18781,8516878783;-3,04164081811905;
288,35;288,35;1;1;1;4;0;0;-18784,5285324127;-3,05397421121597;
288,4;288,4;1;1;1;4;0;0;-18786,7154267785;-3,05707305669785;
288,45;288,45;1;1;1;4;0;0;-18787,1624616039;-3,05869311094284;
288,5;288,5;1;1;1;4;0;0;-18787,6094964293;-3,05976063013077;
288,55;288,55;1;1;1;4;0;0;-18787,8437426778;-3,06127965450287;
288,6;288,6;1;1;1;4;0;0;-18787,8437426778;-3,06159347295761;
288,65;288,65;1;1;2;4;0;0;-18787,8437426778;-3,06096374988556;
288,65;288,65;1;1;2;4;0;0;-18787,8437426778;-3,06096374988556;
288,7;288,7;1;1;2;4;0;0;-18787,8437426778;-3,06069850921631;
288,75;288,75;1;1;2;4;0;0;-18787,8437426778;-3,06036919355392;
288,8;288,8;1;1;2;4;0;0;-18787,8437426778;-3,05940240621567;
288,85;288,85;1;1;2;4;0;0;-18787,8437426778;-3,05895179510117;
288,9;288,9;1;1;2;4;0;0;-18787,8437426778;-3,05828243494034;
288,95;288,95;1;1;2;4;0;0;-18787,8437426778;-3,05761277675629;
289;289;1;1;2;4;0;0;-18787,8437426778;-3,05694341659546;
289,05;289,05;1;1;2;4;0;0;-18787,8437426778;-3,05628746747971;
289,1;289,1;1;1;2;4;0;0;-18787,8437426778;-3,05574744939804;
289,15;289,15;1;1;2;4;0;0;-18787,8437426778;-3,0553811788559;
289,2;289,2;1;1;2;4;0;0;-18787,8437426778;-3,05464267730713;
289,25;289,25;1;1;2;4;0;0;-18787,8437426778;-3,05420905351639;
289,3;289,3;1;1;2;4;0;0;-18787,8437426778;-3,05361390113831;
289,35;289,35;1;1;2;4;0;0;-18787,8437426778;-3,0533042550087;
289,4;289,4;1;1;2;4;0;0;-18787,8437426778;-3,05257946252823;
289,45;289,45;1;1;2;4;0;0;-18787,8437426778;-3,05238664150238;
289,5;289,5;1;1;2;4;0;0;-18787,8437426778;-3,05176675319672;
289,55;289,55;1;1;2;4;0;0;-18787,8437426778;-3,05156648159027;
289,6;289,6;1;1;2;4;0;0;-18787,8437426778;-3,05067807435989;
289,65;289,65;1;1;2;4;0;0;-18787,8437426778;-3,0504322052002;
289,7;289,7;1;1;2;4;0;0;-18787,8437426778;-3,05013805627823;
289,75;289,75;1;1;2;4;0;0;-18787,8437426778;-3,04962426424026;
289,8;289,8;1;1;2;4;0;0;-18787,8437426778;-3,04903835058212;
289,85;289,85;1;1;2;4;0;0;-18787,8437426778;-3,04845958948135;
289,9;289,9;1;1;2;4;0;0;-18787,8437426778;-3,04827928543091;
289,95;289,95;1;1;2;4;0;0;-18787,8437426778;-3,0479833483696;
290;290;1;1;2;4;0;0;-18787,8437426778;-3,04744571447372;
290,05;290,05;1;1;2;4;0;0;-18787,8437426778;-3,04660677909851;
290,1;290,1;1;1;2;4;0;0;-18787,8437426778;-3,04638355970383;
290,15;290,15;1;1;2;4;0;0;-18787,8437426778;-3,04601967334747;
290,2;290,2;1;1;2;4;0;0;-18787,8437426778;-3,04562509059906;
290,25;290,25;1;1;2;4;0;0;-18787,8437426778;-3,0448254942894;
290,3;290,3;1;1;2;4;0;0;-18787,8008273345;-3,04454535245895;
290,35;290,35;1;1;2;4;0;0;-18787,3555806484;-3,04388403892517;
290,4;290,4;1;1;2;4;0;0;-18786,9085458231;-3,04373472929001;
290,45;290,45;1;1;2;4;0;0;-18786,463299137;-3,04343730211258;
290,5;290,5;1;1;2;4;0;0;-18786,0162643116;-3,04253220558167;
290,55;290,55;1;1;2;4;0;0;-18785,5692294862;-3,04223984479904;
290,6;290,6;1;1;2;4;0;0;-18785,1239828001;-3,04188847541809;
290,65;290,65;1;1;2;4;0;0;-18784,6769479747;-3,04129332304001;
290,7;290,7;1;1;2;4;0;0;-18784,3121675572;-3,04097026586533;
290,75;290,75;1;1;2;4;0;0;-18784,3121675572;-3,04054856300354;
290,8;290,8;1;1;2;4;0;0;-18784,3121675572;-3,0393585562706;
290,85;290,85;1;1;2;4;0;0;-18784,3121675572;-3,03852617740631;
290,9;290,9;1;1;2;4;0;0;-18784,3121675572;-3,03808927536011;
290,95;290,95;1;1;2;4;0;0;-18784,3121675572;-3,0375063419342;
291;291;1;1;2;4;0;0;-18784,3121675572;-3,03722113370895;
291,05;291,05;1;1;2;4;0;0;-18784,3121675572;-3,03676187992096;
291,1;291,1;1;1;2;4;0;0;-18784,3121675572;-3,0351734161377;
291,15;291,15;1;1;2;4;0;0;-18784,3121675572;-3,03235977888107;
291,2;291,2;1;1;2;4;0;0;-18784,3121675572;-3,03010225296021;
291,25;291,25;1;1;2;4;0;0;-18784,3121675572;-3,02846550941467;
291,3;291,3;1;1;2;4;0;0;-18784,3121675572;-3,02644550800323;
291,35;291,35;1;1;2;4;0;0;-18784,3121675572;-3,02534103393555;
291,4;291,4;1;1;2;4;0;0;-18784,3121675572;-3,02481919527054;
291,45;291,45;1;1;2;4;0;0;-18784,079709448;-3,02425652742386;
291,5;291,5;1;1;2;4;0;0;-18783,6326746226;-3,02418082952499;
291,55;291,55;1;1;2;4;0;0;-18783,1874279366;-3,02380412817001;
291,6;291,6;1;1;2;4;0;0;-18782,7403931112;-3,02328318357468;
291,65;291,65;1;1;2;4;0;0;-18782,2933582858;-3,02318274974823;
291,7;291,7;1;1;2;4;0;0;-18781,9482474006;-3,0228379368782;
291,75;291,75;1;1;2;4;0;0;-18781,9482474006;-3,02246600389481;
291,8;291,8;1;1;2;4;0;0;-18781,9482474006;-3,02209407091141;
291,85;291,85;1;1;2;4;0;0;-18781,9482474006;-3,02173852920532;
291,9;291,9;1;1;2;4;0;0;-18781,9482474006;-3,02158951759338;
291,95;291,95;1;1;2;4;0;0;-18781,9482474006;-3,02123844623566;
292;292;1;1;2;4;0;0;-18781,9482474006;-3,02079230546951;
292,05;292,05;1;1;2;4;0;0;-18781,9482474006;-3,02041620016098;
292,1;292,1;1;1;2;4;0;0;-18781,9482474006;-3,02026748657227;
292,15;292,15;1;1;2;4;0;0;-18781,9482474006;-3,02003175020218;
292,2;292,2;1;1;2;4;0;0;-18781,9482474006;-3,0194029211998;
292,25;292,25;1;1;2;4;0;0;-18781,9482474006;-3,0192968249321;
292,3;292,3;1;1;2;4;0;0;-18781,9482474006;-3,01899909973145;
292,35;292,35;1;1;2;4;0;0;-18781,9482474006;-3,01870167255402;
292,4;292,4;1;1;2;4;0;0;-18781,9482474006;-3,01839828491211;
292,45;292,45;1;1;2;4;0;0;-18781,9482474006;-3,01784992218018;
292,5;292,5;1;1;2;4;0;0;-18781,9482474006;-3,01784992218018;
292,55;292,55;1;1;2;4;0;0;-18781,9482474006;-3,01763236522675;
292,6;292,6;1;1;2;4;0;0;-18781,9482474006;-3,01733464002609;
292,65;292,65;1;1;2;4;0;0;-18781,9482474006;-3,01703721284866;
292,7;292,7;1;1;2;4;0;0;-18781,9482474006;-3,0167955160141;
292,75;292,75;1;1;2;4;0;0;-18781,9482474006;-3,01664561033249;
292,8;292,8;1;1;2;4;0;0;-18781,9482474006;-3,01659941673279;
292,85;292,85;1;1;2;4;0;0;-18781,9482474006;-3,01628023386002;
292,9;292,9;1;1;2;4;0;0;-18781,9482474006;-3,01623612642288;
292,95;292,95;1;1;2;4;0;0;-18781,9482474006;-3,01586419343948;
293;293;1;1;2;4;0;0;-18781,9482474006;-3,01611006259918;
293,05;293,05;1;1;2;4;0;0;-18781,9482474006;-3,01578432321548;
293,1;293,1;1;1;2;4;0;0;-18781,9482474006;-3,01578044891357;
293,15;293,15;1;1;2;4;0;0;-18781,9482474006;-3,01553010940552;
293,2;293,2;1;1;2;4;0;0;-18781,9482474006;-3,01546692848206;
293,25;293,25;1;1;2;4;0;0;-18781,9482474006;-3,01533788442612;
293,3;293,3;1;1;2;4;0;0;-18781,9482474006;-3,01528424024582;
293,35;293,35;1;1;2;4;0;0;-18781,9482474006;-3,01506131887436;
293,4;293,4;1;1;2;4;0;0;-18781,9482474006;-3,01483809947968;
293,45;293,45;1;1;2;4;0;0;-18781,9482474006;-3,01487982273102;
293,5;293,5;1;1;2;4;0;0;-18781,9482474006;-3,01455646753311;
293,55;293,55;1;1;2;4;0;0;-18781,9482474006;-3,01445484161377;
293,6;293,6;1;1;2;4;0;0;-18781,9482474006;-3,01453620195389;
293,65;293,65;1;1;2;4;0;0;-18781,9482474006;-3,01416516304016;
293,7;293,7;1;1;2;4;0;0;-18781,9482474006;-3,01415115594864;
293,75;293,75;1;1;2;4;0;0;-18781,9482474006;-3,01409155130386;
293,8;293,8;1;1;2;4;0;0;-18781,9482474006;-3,01386833190918;
293,85;293,85;1;1;2;4;0;0;-18781,9482474006;-3,01369100809097;
293,9;293,9;1;1;2;4;0;0;-18781,9482474006;-3,013616502285;
293,95;293,95;1;1;2;4;0;0;-18781,9482474006;-3,01354229450226;
294;294;1;1;2;4;0;0;-18781,9482474006;-3,01346778869629;
294,05;294,05;1;1;2;4;0;0;-18781,9482474006;-3,01339358091354;
294,1;294,1;1;1;2;4;0;0;-18781,9482474006;-3,01331907510757;
294,15;294,15;1;1;2;4;0;0;-18781,9482474006;-3,01324456930161;
294,2;294,2;1;1;2;4;0;0;-18781,9482474006;-3,01330238580704;
294,25;294,25;1;1;2;4;0;0;-18781,9482474006;-3,01303535699844;
294,3;294,3;1;1;2;4;0;0;-18781,9482474006;-3,01303535699844;
294,35;294,35;1;1;2;4;0;0;-18781,9482474006;-3,01298379898071;
294,4;294,4;1;1;2;4;0;0;-18781,9482474006;-3,01279842853546;
294,45;294,45;1;1;2;4;0;0;-18781,9482474006;-3,01257520914078;
294,5;294,5;1;1;2;4;0;0;-18781,9482474006;-3,01263481378555;
294,55;294,55;1;1;2;4;0;0;-18781,9482474006;-3,01242977380753;
294,6;294,6;1;1;2;4;0;0;-18781,9482474006;-3,01234245300293;
294,65;294,65;1;1;2;4;0;0;-18781,9482474006;-3,01210582256317;
294,7;294,7;1;1;2;4;0;0;-18781,9482474006;-3,0121773481369;
294,75;294,75;1;1;2;4;0;0;-18781,9482474006;-3,01189005374908;
294,8;294,8;1;1;2;4;0;0;-18781,9482474006;-3,01203101873398;
294,85;294,85;1;1;2;4;0;0;-18781,9482474006;-3,01173359155655;
294,9;294,9;1;1;2;4;0;0;-18781,9482474006;-3,01171720027924;
294,95;294,95;1;1;2;4;0;0;-18781,9482474006;-3,01161080598831;
295;295;1;1;2;4;0;0;-18781,9482474006;-3,01145851612091;
295,05;295,05;1;1;2;4;0;0;-18781,9482474006;-3,01145851612091;
295,1;295,1;1;1;2;4;0;0;-18781,9482474006;-3,01114112138748;
295,15;295,15;1;1;2;4;0;0;-18781,9482474006;-3,01120966672897;
295,2;295,2;1;1;2;4;0;0;-18781,9482474006;-3,01123291254044;
295,25;295,25;1;1;2;4;0;0;-18781,9482474006;-3,01123291254044;
295,3;295,3;1;1;2;4;0;0;-18781,9482474006;-3,01115870475769;
295,35;295,35;1;1;2;4;0;0;-18781,9482474006;-3,01108419895172;
295,4;295,4;1;1;2;4;0;0;-18781,9482474006;-3,01081538200378;
295,45;295,45;1;1;2;4;0;0;-18781,9482474006;-3,01077216863632;
295,5;295,5;1;1;2;4;0;0;-18781,9482474006;-3,01080048084259;
295,55;295,55;1;1;2;4;0;0;-18781,9482474006;-3,01065146923065;
295,6;295,6;1;1;2;4;0;0;-18781,9482474006;-3,01050275564194;
295,65;295,65;1;1;2;4;0;0;-18781,9482474006;-3,01035404205322;
295,7;295,7;1;1;2;4;0;0;-18781,9482474006;-3,01034986972809;
295,75;295,75;1;1;2;4;0;0;-18781,9482474006;-3,01034986972809;
295,8;295,8;1;1;2;4;0;0;-18781,9482474006;-3,01022410392761;
295,85;295,85;1;1;2;4;0;0;-18781,9482474006;-3,01000088453293;
295,9;295,9;1;1;2;4;0;0;-18781,9482474006;-3,00997734069824;
295,95;295,95;1;1;2;4;0;0;-18781,9482474006;-3,0099081993103;
296;296;1;1;2;4;0;0;-18781,9482474006;-3,0097171664238;
296,05;296,05;1;1;2;4;0;0;-18781,9482474006;-3,00968080759048;
296,1;296,1;1;1;2;4;0;0;-18781,9482474006;-3,00945103168488;
296,15;296,15;1;1;2;4;0;0;-18781,9482474006;-3,0095100402832;
296,2;296,2;1;1;2;4;0;0;-18781,9482474006;-3,00950616598129;
296,25;296,25;1;1;2;4;0;0;-18781,9482474006;-3,00920844078064;
296,3;296,3;1;1;2;4;0;0;-18781,9482474006;-3,00926804542542;
296,35;296,35;1;1;2;4;0;0;-18781,9482474006;-3,00907969474792;
296,4;296,4;1;1;2;4;0;0;-18781,9482474006;-3,00903499126434;
296,45;296,45;1;1;2;4;0;0;-18781,9482474006;-3,00910949707031;
296,5;296,5;1;1;2;4;0;0;-18781,9482474006;-3,00907462835312;
296,55;296,55;1;1;2;4;0;0;-18781,9482474006;-3,00900012254715;
296,6;296,6;1;1;2;4;0;0;-18781,9482474006;-3,0089259147644;
296,65;296,65;1;1;2;4;0;0;-18781,9482474006;-3,00890892744064;
296,7;296,7;1;1;2;4;0;0;-18781,9482474006;-3,00905764102936;
296,75;296,75;1;1;2;4;0;0;-18781,9482474006;-3,00886034965515;
296,8;296,8;1;1;2;4;0;0;-18781,9482474006;-3,00868719816208;
296,85;296,85;1;1;2;4;0;0;-18781,9482474006;-3,00868719816208;
296,9;296,9;1;1;2;4;0;0;-18781,9482474006;-3,00868719816208;
296,95;296,95;1;1;2;4;0;0;-18781,9482474006;-3,00868719816208;
297;297;1;1;2;4;0;0;-18781,9482474006;-3,00835013389587;
297,05;297,05;1;1;2;4;0;0;-18781,9482474006;-3,00838261842728;
297,1;297,1;1;1;2;4;0;0;-18781,9482474006;-3,00840824842453;
297,15;297,15;1;1;2;4;0;0;-18781,9482474006;-3,00833404064178;
297,2;297,2;1;1;2;4;0;0;-18781,9482474006;-3,00825953483582;
297,25;297,25;1;1;2;4;0;0;-18781,9482474006;-3,00818532705307;
297,3;297,3;1;1;2;4;0;0;-18781,9482474006;-3,00795912742615;
297,35;297,35;1;1;2;4;0;0;-18781,9482474006;-3,00787180662155;
297,4;297,4;1;1;2;4;0;0;-18781,9482474006;-3,00787180662155;
297,45;297,45;1;1;2;4;0;0;-18781,9482474006;-3,00787180662155;
297,5;297,5;1;1;2;4;0;0;-18781,9482474006;-3,0078399181366;
297,55;297,55;1;1;2;4;0;0;-18781,9482474006;-3,00769090652466;
297,6;297,6;1;1;2;4;0;0;-18781,9482474006;-3,00754219293594;
297,65;297,65;1;1;2;4;0;0;-18781,9482474006;-3,00739347934723;
297,7;297,7;1;1;2;4;0;0;-18781,9482474006;-3,00744861364365;
297,75;297,75;1;1;2;4;0;0;-18781,9482474006;-3,00752282142639;
297,8;297,8;1;1;2;4;0;0;-18781,9482474006;-3,0074280500412;
297,85;297,85;1;1;2;4;0;0;-18781,9482474006;-3,00727933645248;
297,9;297,9;1;1;2;4;0;0;-18781,9482474006;-3,00713032484055;
297,95;297,95;1;1;2;4;0;0;-18781,9482474006;-3,00712674856186;
298;298;1;1;2;4;0;0;-18781,9482474006;-3,00720125436783;
298,05;298,05;1;1;2;4;0;0;-18781,9482474006;-3,0072757601738;
298,1;298,1;1;1;2;4;0;0;-18781,9482474006;-3,00722032785416;
298,15;298,15;1;1;2;4;0;0;-18781,9482474006;-3,00723731517792;
298,2;298,2;1;1;2;4;0;0;-18781,9482474006;-3,00713747739792;
298,25;298,25;1;1;2;4;0;0;-18781,9482474006;-3,00707429647446;
298,3;298,3;1;1;2;4;0;0;-18781,9482474006;-3,0071485042572;
298,35;298,35;1;1;2;4;0;0;-18781,9482474006;-3,00710141658783;
298,4;298,4;1;1;2;4;0;0;-18781,9482474006;-3,00702691078186;
298,45;298,45;1;1;2;4;0;0;-18781,9482474006;-3,00695240497589;
298,5;298,5;1;1;2;4;0;0;-18781,9482474006;-3,0069163441658;
298,55;298,55;1;1;2;4;0;0;-18781,9482474006;-3,00699055194855;
298,6;298,6;1;1;2;4;0;0;-18781,9482474006;-3,00695538520813;
298,65;298,65;1;1;2;4;0;0;-18781,9482474006;-3,00672143697739;
298,7;298,7;1;1;2;4;0;0;-18781,9482474006;-3,00686478614807;
298,75;298,75;1;1;2;4;0;0;-18781,9482474006;-3,00651043653488;
298,8;298,8;1;1;2;4;0;0;-18781,9482474006;-3,00663620233536;
298,85;298,85;1;1;2;4;0;0;-18781,9482474006;-3,00649791955948;
298,9;298,9;1;1;2;4;0;0;-18781,9482474006;-3,00657212734222;
298,95;298,95;1;1;2;4;0;0;-18781,9482474006;-3,00646960735321;
299;299;1;1;2;4;0;0;-18781,9482474006;-3,0063208937645;
299,05;299,05;1;1;2;4;0;0;-18781,9482474006;-3,00621390342712;
299,1;299,1;1;1;2;4;0;0;-18781,9482474006;-3,00628304481506;
299,15;299,15;1;1;2;4;0;0;-18781,9482474006;-3,00628662109375;
299,2;299,2;1;1;2;4;0;0;-18781,9482474006;-3,00616472959518;
299,25;299,25;1;1;2;4;0;0;-18781,9482474006;-3,00597280263901;
299,3;299,3;1;1;2;4;0;0;-18781,9482474006;-3,00603955984116;
299,35;299,35;1;1;2;4;0;0;-18781,9482474006;-3,00596714019775;
299,4;299,4;1;1;2;4;0;0;-18781,9482474006;-3,00581812858582;
299,45;299,45;1;1;2;4;0;0;-18781,9482474006;-3,0056694149971;
299,5;299,5;1;1;2;4;0;0;-18781,9482474006;-3,005690574646;
299,55;299,55;1;1;2;4;0;0;-18781,9482474006;-3,00580680370331;
299,6;299,6;1;1;2;4;0;0;-18781,9482474006;-3,00558358430862;
299,65;299,65;1;1;2;4;0;0;-18781,9482474006;-3,00550132989883;
299,7;299,7;1;1;2;4;0;0;-18781,9482474006;-3,00554990768433;
299,75;299,75;1;1;2;4;0;0;-18781,9482474006;-3,00547540187836;
299,8;299,8;1;1;2;4;0;0;-18781,9482474006;-3,00540119409561;
299,85;299,85;1;1;2;4;0;0;-18781,9482474006;-3,00532668828964;
299,9;299,9;1;1;2;4;0;0;-18781,9482474006;-3,0052524805069;
299,95;299,95;1;1;2;4;0;0;-18781,9482474006;-3,00517797470093;
300;300;1;1;2;4;0;0;-18781,9482474006;-3,00510346889496;
300,05;300,05;1;1;2;4;0;0;-18781,9482474006;-3,00502926111221;
300,1;300,1;1;1;2;4;0;0;-18781,9482474006;-3,00524353981018;
300,15;300,15;1;1;2;4;0;0;-18781,9482474006;-3,00502359867096;
300,2;300,2;1;1;2;4;0;0;-18781,9482474006;-3,00524443387985;
300,25;300,25;1;1;2;4;0;0;-18781,9482474006;-3,00510287284851;
300,3;300,3;1;1;2;4;0;0;-18781,9482474006;-3,00516277551651;
300,35;300,35;1;1;2;4;0;0;-18781,9482474006;-3,00524085760117;
300,4;300,4;1;1;2;4;0;0;-18781,9482474006;-3,0051663517952;
300,45;300,45;1;1;2;4;0;0;-18781,9482474006;-3,00509184598923;
300,5;300,5;1;1;2;4;0;0;-18781,9482474006;-3,00501763820648;
300,55;300,55;1;1;2;4;0;0;-18781,9482474006;-3,0050390958786;
300,6;300,6;1;1;2;4;0;0;-18781,9482474006;-3,00492376089096;
300,65;300,65;1;1;2;4;0;0;-18781,9482474006;-3,00496071577072;
300,7;300,7;1;1;2;4;0;0;-18781,9482474006;-3,00492256879807;
300,75;300,75;1;1;2;4;0;0;-18781,9482474006;-3,00477385520935;
300,8;300,8;1;1;2;4;0;0;-18781,9482474006;-3,00467520952225;
300,85;300,85;1;1;2;4;0;0;-18781,9482474006;-3,00467520952225;
300,9;300,9;1;1;2;4;0;0;-18781,9482474006;-3,00467520952225;
300,95;300,95;1;1;2;4;0;0;-18781,9482474006;-3,00467520952225;
301;301;1;1;2;4;0;0;-18781,9482474006;-3,00467520952225;
301,05;301,05;1;1;2;4;0;0;-18781,9482474006;-3,00464659929276;
301,1;301,1;1;1;2;4;0;0;-18781,9482474006;-3,00451308488846;
301,15;301,15;1;1;2;4;0;0;-18781,9482474006;-3,00440549850464;
301,2;301,2;1;1;2;4;0;0;-18781,9482474006;-3,00433099269867;
301,25;301,25;1;1;2;4;0;0;-18781,9482474006;-3,00425678491592;
301,3;301,3;1;1;2;4;0;0;-18781,9482474006;-3,00423800945282;
301,35;301,35;1;1;2;4;0;0;-18781,9482474006;-3,00423800945282;
301,4;301,4;1;1;2;4;0;0;-18781,9482474006;-3,00423800945282;
301,45;301,45;1;1;2;4;0;0;-18781,9482474006;-3,00419181585312;
301,5;301,5;1;1;2;4;0;0;-18781,9482474006;-3,00414830446243;
301,55;301,55;1;1;2;4;0;0;-18781,9482474006;-3,00397634506226;
301,6;301,6;1;1;2;4;0;0;-18781,9482474006;-3,00395041704178;
301,65;301,65;1;1;2;4;0;0;-18781,9482474006;-3,00408273935318;
301,7;301,7;1;1;2;4;0;0;-18781,9482474006;-3,0038595199585;
301,75;301,75;1;1;2;4;0;0;-18781,9482474006;-3,00392389297485;
301,8;301,8;1;1;2;4;0;0;-18781,9482474006;-3,00366163253784;
301,85;301,85;1;1;2;4;0;0;-18781,9482474006;-3,0036523938179;
301,9;301,9;1;1;2;4;0;0;-18781,9482474006;-3,00372689962387;
301,95;301,95;1;1;2;4;0;0;-18781,9482474006;-3,00359785556793;
302;302;1;1;2;4;0;0;-18781,9482474006;-3,00359487533569;
302,05;302,05;1;1;2;4;0;0;-18781,9482474006;-3,00364255905151;
302,1;302,1;1;1;2;4;0;0;-18781,9482474006;-3,0033665895462;
302,15;302,15;1;1;2;4;0;0;-18781,9482474006;-3,00347238779068;
302,2;302,2;1;1;2;4;0;0;-18781,9482474006;-3,00334632396698;
302,25;302,25;1;1;2;4;0;0;-18781,9482474006;-3,00332874059677;
302,3;302,3;1;1;2;4;0;0;-18781,9482474006;-3,00334572792053;
302,35;302,35;1;1;2;4;0;0;-18781,9482474006;-3,00321877002716;
302,4;302,4;1;1;2;4;0;0;-18781,9482474006;-3,00314456224442;
302,45;302,45;1;1;2;4;0;0;-18781,9482474006;-3,00307005643845;
302,5;302,5;1;1;2;4;0;0;-18781,9482474006;-3,00328254699707;
302,55;302,55;1;1;2;4;0;0;-18781,9482474006;-3,00301194190979;
302,6;302,6;1;1;2;4;0;0;-18781,9482474006;-3,00305038690567;
302,65;302,65;1;1;2;4;0;0;-18781,9482474006;-3,00290256738663;
302,7;302,7;1;1;2;4;0;0;-18781,9482474006;-3,00293445587158;
302,75;302,75;1;1;2;4;0;0;-18781,9482474006;-3,00287574529648;
302,8;302,8;1;1;2;4;0;0;-18781,9482474006;-3,00295025110245;
302,85;302,85;1;1;2;4;0;0;-18781,9482474006;-3,00276458263397;
302,9;302,9;1;1;2;4;0;0;-18781,9482474006;-3,00282329320908;
302,95;302,95;1;1;2;4;0;0;-18781,9482474006;-3,00263464450836;
303;303;1;1;2;4;0;0;-18781,9482474006;-3,00261855125427;
303,05;303,05;1;1;2;4;0;0;-18781,9482474006;-3,00253450870514;
303,1;303,1;1;1;2;4;0;0;-18781,9482474006;-3,00253450870514;
303,15;303,15;1;1;2;4;0;0;-18781,9482474006;-3,00253450870514;
303,2;303,2;1;1;2;4;0;0;-18781,9482474006;-3,00253450870514;
303,25;303,25;1;1;2;4;0;0;-18781,9482474006;-3,00253450870514;
303,3;303,3;1;1;2;4;0;0;-18781,9482474006;-3,00246834754944;
303,35;303,35;1;1;2;4;0;0;-18781,9482474006;-3,00224512815475;
303,4;303,4;1;1;2;4;0;0;-18781,9482474006;-3,00233840942383;
303,45;303,45;1;1;2;4;0;0;-18781,9482474006;-3,00221771001816;
303,5;303,5;1;1;2;4;0;0;-18781,9482474006;-3,00218909978867;
303,55;303,55;1;1;2;4;0;0;-18781,9482474006;-3,00226360559464;
303,6;303,6;1;1;2;4;0;0;-18781,9482474006;-3,00198644399643;
303,65;303,65;1;1;2;4;0;0;-18781,9482474006;-3,00210326910019;
303,7;303,7;1;1;2;4;0;0;-18781,9482474006;-3,00207167863846;
303,75;303,75;1;1;2;4;0;0;-18781,9482474006;-3,00187468528748;
303,8;303,8;1;1;2;4;0;0;-18781,9482474006;-3,00194889307022;
303,85;303,85;1;1;2;4;0;0;-18781,9482474006;-3,00196915864944;
303,9;303,9;1;1;2;4;0;0;-18781,9482474006;-3,00182044506073;
303,95;303,95;1;1;2;4;0;0;-18781,9482474006;-3,00194472074509;
304;304;1;1;2;4;0;0;-18781,9482474006;-3,00186812877655;
304,05;304,05;1;1;2;4;0;0;-18781,9482474006;-3,00202071666718;
304,1;304,1;1;1;2;4;0;0;-18781,9482474006;-3,00183087587357;
304,15;304,15;1;1;2;4;0;0;-18781,9482474006;-3,00205409526825;
304,2;304,2;1;1;2;4;0;0;-18781,9482474006;-3,00201743841171;
304,25;304,25;1;1;2;4;0;0;-18781,9482474006;-3,00190538167953;
304,3;304,3;1;1;2;4;0;0;-18781,9482474006;-3,00190538167953;
304,35;304,35;1;1;2;4;0;0;-18781,9482474006;-3,00190538167953;
304,4;304,4;1;1;2;4;0;0;-18781,9482474006;-3,00190538167953;
304,45;304,45;1;1;2;4;0;0;-18781,9482474006;-3,00190538167953;
304,5;304,5;1;1;2;4;0;0;-18781,9482474006;-3,00190538167953;
304,55;304,55;1;1;2;4;0;0;-18781,9482474006;-3,00165951251984;
304,6;304,6;1;1;2;4;0;0;-18781,9482474006;-3,00178170204163;
304,65;304,65;1;1;2;4;0;0;-18781,9482474006;-3,00156533718109;
304,7;304,7;1;1;2;4;0;0;-18781,9482474006;-3,00167351961136;
304,75;304,75;1;1;2;4;0;0;-18781,9482474006;-3,00169050693512;
304,8;304,8;1;1;2;4;0;0;-18781,9482474006;-3,00154149532318;
304,85;304,85;1;1;2;4;0;0;-18781,9482474006;-3,00153911113739;
304,9;304,9;1;1;2;4;0;0;-18781,9482474006;-3,00141304731369;
304,95;304,95;1;1;2;4;0;0;-18781,9482474006;-3,0014979839325;
305;305;1;1;2;4;0;0;-18781,9482474006;-3,00125062465668;
305,05;305,05;1;1;2;4;0;0;-18781,9482474006;-3,00142765045166;
305,1;305,1;1;1;2;4;0;0;-18781,9482474006;-3,00133407115936;
305,15;305,15;1;1;2;4;0;0;-18781,9482474006;-3,00116956233978;
305,2;305,2;1;1;2;4;0;0;-18781,9482474006;-3,00124406814575;
305,25;305,25;1;1;2;4;0;0;-18781,9482474006;-3,0013108253479;
305,3;305,3;1;1;2;4;0;0;-18781,9482474006;-3,00107717514038;
305,35;305,35;1;1;2;4;0;0;-18781,9482474006;-3,00117999315262;
305,4;305,4;1;1;2;4;0;0;-18781,9482474006;-3,00108790397644;
305,45;305,45;1;1;2;4;0;0;-18781,9482474006;-3,00100326538086;
305,5;305,5;1;1;2;4;0;0;-18781,9482474006;-3,00083726644516;
305,55;305,55;1;1;2;4;0;0;-18781,9482474006;-3,00091832876205;
305,6;305,6;1;1;2;4;0;0;-18781,9482474006;-3,00078928470612;
305,65;305,65;1;1;2;4;0;0;-18781,9482474006;-3,00080180168152;
305,7;305,7;1;1;2;4;0;0;-18781,9482474006;-3,00083100795746;
305,75;305,75;1;1;2;4;0;0;-18781,9482474006;-3,00075680017471;
305,8;305,8;1;1;2;4;0;0;-18781,9482474006;-3,00068229436874;
305,85;305,85;1;1;2;4;0;0;-18781,9482474006;-3,000608086586;
305,9;305,9;1;1;2;4;0;0;-18781,9482474006;-3,00053358078003;
305,95;305,95;1;1;2;4;0;0;-18781,9482474006;-3,00046980381012;
306;306;1;1;2;4;0;0;-18781,9482474006;-3,00054430961609;
306,05;306,05;1;1;2;4;0;0;-18781,9482474006;-3,00058245658875;
306,1;306,1;1;1;2;4;0;0;-18781,9482474006;-3,00050795078278;
306,15;306,15;1;1;2;4;0;0;-18781,9482474006;-3,00043344497681;
306,2;306,2;1;1;2;4;0;0;-18781,9482474006;-3,00035923719406;
306,25;306,25;1;1;2;4;0;0;-18781,9482474006;-3,00030022859573;
306,3;306,3;1;1;2;4;0;0;-18781,9482474006;-3,00030022859573;
306,35;306,35;1;1;2;4;0;0;-18781,9482474006;-3,00030022859573;
306,4;306,4;1;1;2;4;0;0;-18781,9482474006;-3,00026595592499;
306,45;306,45;1;1;2;4;0;0;-18781,9482474006;-3,00019174814224;
306,5;306,5;1;1;2;4;0;0;-18781,9482474006;-3,00011724233627;
306,55;306,55;1;1;2;4;0;0;-18781,9482474006;-3,00004303455353;
306,6;306,6;1;1;2;4;0;0;-18781,9482474006;-2,99996852874756;
306,65;306,65;1;1;2;4;0;0;-18781,9482474006;-2,99994915723801;
306,7;306,7;1;1;2;4;0;0;-18781,9482474006;-3,00009787082672;
306,75;306,75;1;1;2;4;0;0;-18781,9482474006;-2,99987852573395;
306,8;306,8;1;1;2;4;0;0;-18781,9482474006;-2,99987584352493;
306,85;306,85;1;1;2;4;0;0;-18781,9482474006;-2,9999503493309;
306,9;306,9;1;1;2;4;0;0;-18781,9482474006;-2,99990028142929;
306,95;306,95;1;1;2;4;0;0;-18781,9482474006;-2,99970537424088;
307;307;1;1;2;4;0;0;-18781,9482474006;-2,99974322319031;
307,05;307,05;1;1;2;4;0;0;-18781,9482474006;-2,99980133771896;
307,1;307,1;1;1;2;4;0;0;-18781,9482474006;-2,99974799156189;
307,15;307,15;1;1;2;4;0;0;-18781,9482474006;-2,99959927797318;
307,2;307,2;1;1;2;4;0;0;-18781,9482474006;-2,99957990646362;
307,25;307,25;1;1;2;4;0;0;-18781,9482474006;-2,9996132850647;
307,3;307,3;1;1;2;4;0;0;-18781,9482474006;-2,99941062927246;
307,35;307,35;1;1;2;4;0;0;-18781,9482474006;-2,99955934286118;
307,4;307,4;1;1;2;4;0;0;-18781,9482474006;-2,99942255020142;
307,45;307,45;1;1;2;4;0;0;-18781,9482474006;-2,99953430891037;
307,5;307,5;1;1;2;4;0;0;-18781,9482474006;-2,99943298101425;
307,55;307,55;1;1;2;4;0;0;-18781,9482474006;-2,99928426742554;
307,6;307,6;1;1;2;4;0;0;-18781,9482474006;-2,9993262887001;
307,65;307,65;1;1;2;4;0;0;-18781,9482474006;-2,99935907125473;
307,7;307,7;1;1;2;4;0;0;-18781,9482474006;-2,99921035766602;
307,75;307,75;1;1;2;4;0;0;-18781,9482474006;-2,99907714128494;
307,8;307,8;1;1;2;4;0;0;-18781,9482474006;-2,99907356500626;
307,85;307,85;1;1;2;4;0;0;-18781,9482474006;-2,99913465976715;
307,9;307,9;1;1;2;4;0;0;-18781,9482474006;-2,99912989139557;
307,95;307,95;1;1;2;4;0;0;-18781,9482474006;-2,99899846315384;
308;308;1;1;2;4;0;0;-18781,9482474006;-2,99914091825485;
308,05;308,05;1;1;2;4;0;0;-18781,9482474006;-2,99901038408279;
308,1;308,1;1;1;2;4;0;0;-18781,9482474006;-2,99887835979462;
308,15;308,15;1;1;2;4;0;0;-18781,9482474006;-2,99889832735062;
308,2;308,2;1;1;2;4;0;0;-18781,9482474006;-2,99897253513336;
308,25;308,25;1;1;2;4;0;0;-18781,9482474006;-2,99874871969223;
308,3;308,3;1;1;2;4;0;0;-18781,9482474006;-2,99882292747498;
308,35;308,35;1;1;2;4;0;0;-18781,9482474006;-2,99883186817169;
308,4;308,4;1;1;2;4;0;0;-18781,9482474006;-2,99868315458298;
308,45;308,45;1;1;2;4;0;0;-18781,9482474006;-2,99854576587677;
308,5;308,5;1;1;2;4;0;0;-18781,9482474006;-2,99868732690811;
308,55;308,55;1;1;2;4;0;0;-18781,9482474006;-2,99874693155289;
308,6;308,6;1;1;2;4;0;0;-18781,9482474006;-2,9985523223877;
308,65;308,65;1;1;2;4;0;0;-18781,9482474006;-2,99859493970871;
308,7;308,7;1;1;2;4;0;0;-18781,9482474006;-2,99858927726746;
308,75;308,75;1;1;2;4;0;0;-18781,9482474006;-2,99851506948471;
308,8;308,8;1;1;2;4;0;0;-18781,9482474006;-2,99844056367874;
308,85;308,85;1;1;2;4;0;0;-18781,9482474006;-2,998366355896;
308,9;308,9;1;1;2;4;0;0;-18781,9482474006;-2,99829185009003;
308,95;308,95;1;1;2;4;0;0;-18781,9482474006;-2,99827963113785;
309;309;1;1;2;4;0;0;-18781,9482474006;-2,99835413694382;
309,05;309,05;1;1;2;4;0;0;-18781,9482474006;-2,99815505743027;
309,1;309,1;1;1;2;4;0;0;-18781,9482474006;-2,99816161394119;
309,15;309,15;1;1;2;4;0;0;-18781,9482474006;-2,99823582172394;
309,2;309,2;1;1;2;4;0;0;-18781,9482474006;-2,99826085567474;
309,25;309,25;1;1;2;4;0;0;-18781,9482474006;-2,998186647892;
309,3;309,3;1;1;2;4;0;0;-18781,9482474006;-2,99811214208603;
309,35;309,35;1;1;2;4;0;0;-18781,9482474006;-2,99803763628006;
309,4;309,4;1;1;2;4;0;0;-18781,9482474006;-2,99796342849731;
309,45;309,45;1;1;2;4;0;0;-18781,9482474006;-2,99799233675003;
309,5;309,5;1;1;2;4;0;0;-18781,9482474006;-2,99810975790024;
309,55;309,55;1;1;2;4;0;0;-18781,9482474006;-2,99803048372269;
309,6;309,6;1;1;2;4;0;0;-18781,9482474006;-2,99781441688538;
309,65;309,65;1;1;2;4;0;0;-18781,9482474006;-2,9979282617569;
309,7;309,7;1;1;2;4;0;0;-18781,9482474006;-2,99779772758484;
309,75;309,75;1;1;2;4;0;0;-18781,9482474006;-2,9977411031723;
309,8;309,8;1;1;2;4;0;0;-18781,9482474006;-2,99782574176788;
309,85;309,85;1;1;2;4;0;0;-18781,9482474006;-2,99760669469833;
309,9;309,9;1;1;2;4;0;0;-18781,9482474006;-2,99777805805206;
309,95;309,95;1;1;2;4;0;0;-18781,9482474006;-2,99765676259995;
310;310;1;1;2;4;0;0;-18781,9482474006;-2,9976025223732;
310,05;310,05;1;1;2;4;0;0;-18781,9482474006;-2,99762755632401;
310,1;310,1;1;1;2;4;0;0;-18781,9482474006;-2,99761384725571;
310,15;310,15;1;1;2;4;0;0;-18781,9482474006;-2,99746483564377;
310,2;310,2;1;1;2;4;0;0;-18781,9482474006;-2,99746215343475;
310,25;310,25;1;1;2;4;0;0;-18781,9482474006;-2,99761116504669;
310,3;310,3;1;1;2;4;0;0;-18781,9482474006;-2,99734950065613;
310,35;310,35;1;1;2;4;0;0;-18781,9482474006;-2,99753576517105;
310,4;310,4;1;1;2;4;0;0;-18781,9482474006;-2,99729436635971;
310,45;310,45;1;1;2;4;0;0;-18781,9482474006;-2,99743741750717;
310,5;310,5;1;1;2;4;0;0;-18781,9482474006;-2,99735724925995;
310,55;310,55;1;1;2;4;0;0;-18781,9482474006;-2,99720466136932;
310,6;310,6;1;1;2;4;0;0;-18781,9482474006;-2,99738049507141;
310,65;310,65;1;1;2;4;0;0;-18781,9482474006;-2,9972317814827;
310,7;310,7;1;1;2;4;0;0;-18781,9482474006;-2,99726247787476;
310,75;310,75;1;1;2;4;0;0;-18781,9482474006;-2,99718618392944;
310,8;310,8;1;1;2;4;0;0;-18781,9482474006;-2,99708634614944;
310,85;310,85;1;1;2;4;0;0;-18781,9482474006;-2,99716085195541;
310,9;310,9;1;1;2;4;0;0;-18781,9482474006;-2,99715489149094;
310,95;310,95;1;1;2;4;0;0;-18781,9482474006;-2,99708068370819;
311;311;1;1;2;4;0;0;-18781,9482474006;-2,99700617790222;
311,05;311,05;1;1;2;4;0;0;-18781,9482474006;-2,99697697162628;
311,1;311,1;1;1;2;4;0;0;-18781,9482474006;-2,99705147743225;
311,15;311,15;1;1;2;4;0;0;-18781,9482474006;-2,99706697463989;
311,2;311,2;1;1;2;4;0;0;-18781,9482474006;-2,99698233604431;
311,25;311,25;1;1;2;4;0;0;-18781,9482474006;-2,99673676490784;
311,3;311,3;1;1;2;4;0;0;-18781,9482474006;-2,99695998430252;
311,35;311,35;1;1;2;4;0;0;-18781,9482474006;-2,99672186374664;
311,4;311,4;1;1;2;4;0;0;-18781,9482474006;-2,99681186676025;
311,45;311,45;1;1;2;4;0;0;-18781,9482474006;-2,99691736698151;
311,5;311,5;1;1;2;4;0;0;-18781,9482474006;-2,9967200756073;
311,55;311,55;1;1;2;4;0;0;-18781,9482474006;-2,99670368432999;
311,6;311,6;1;1;2;4;0;0;-18781,9482474006;-2,99672335386276;
311,65;311,65;1;1;2;4;0;0;-18781,9482474006;-2,99660235643387;
311,7;311,7;1;1;2;4;0;0;-18781,9482474006;-2,99672514200211;
311,75;311,75;1;1;2;4;0;0;-18781,9482474006;-2,99657642841339;
311,8;311,8;1;1;2;4;0;0;-18781,9482474006;-2,99649387598038;
311,85;311,85;1;1;2;4;0;0;-18781,9482474006;-2,99659609794617;
311,9;311,9;1;1;2;4;0;0;-18781,9482474006;-2,9966214299202;
311,95;311,95;1;1;2;4;0;0;-18781,9482474006;-2,99647271633148;
312;312;1;1;2;4;0;0;-18781,9482474006;-2,9966276884079;
312,05;312,05;1;1;2;4;0;0;-18781,9482474006;-2,99655616283417;
312,1;312,1;1;1;2;4;0;0;-18781,9482474006;-2,99641042947769;
312,15;312,15;1;1;2;4;0;0;-18781,9482474006;-2,99655079841614;
312,2;312,2;1;1;2;4;0;0;-18781,9482474006;-2,99643278121948;
312,25;312,25;1;1;2;4;0;0;-18781,9482474006;-2,99628406763077;
312,3;312,3;1;1;2;4;0;0;-18781,9482474006;-2,99642533063889;
312,35;312,35;1;1;2;4;0;0;-18781,9482474006;-2,99637526273727;
312,4;312,4;1;1;2;4;0;0;-18781,9482474006;-2,99619436264038;
312,45;312,45;1;1;2;4;0;0;-18781,9482474006;-2,9962632060051;
312,5;312,5;1;1;2;4;0;0;-18781,9482474006;-2,99632340669632;
312,55;312,55;1;1;2;4;0;0;-18781,9482474006;-2,99624890089035;
312,6;312,6;1;1;2;4;0;0;-18781,9482474006;-2,99617439508438;
312,65;312,65;1;1;2;4;0;0;-18781,9482474006;-2,99611985683441;
312,7;312,7;1;1;2;4;0;0;-18781,9482474006;-2,99619406461716;
312,75;312,75;1;1;2;4;0;0;-18781,9482474006;-2,99615144729614;
312,8;312,8;1;1;2;4;0;0;-18781,9482474006;-2,99608141183853;
312,85;312,85;1;1;2;4;0;0;-18781,9482474006;-2,99607962369919;
312,9;312,9;1;1;2;4;0;0;-18781,9482474006;-2,99598902463913;
312,95;312,95;1;1;2;4;0;0;-18781,9482474006;-2,99612045288086;
313;313;1;1;2;4;0;0;-18781,9482474006;-2,99593597650528;
313,05;313,05;1;1;2;4;0;0;-18781,9482474006;-2,99593687057495;
313,1;313,1;1;1;2;4;0;0;-18781,9482474006;-2,99601525068283;
313,15;313,15;1;1;2;4;0;0;-18781,9482474006;-2,99586892127991;
313,2;313,2;1;1;2;4;0;0;-18781,9482474006;-2,9957789182663;
313,25;313,25;1;1;2;4;0;0;-18781,9482474006;-2,99585998058319;
313,3;313,3;1;1;2;4;0;0;-18781,9482474006;-2,99571126699448;
313,35;313,35;1;1;2;4;0;0;-18781,9482474006;-2,99571096897125;
313,4;313,4;1;1;2;4;0;0;-18781,9482474006;-2,99578547477722;
313,45;313,45;1;1;2;4;0;0;-18781,9482474006;-2,99579560756683;
313,5;313,5;1;1;2;4;0;0;-18781,9482474006;-2,99565523862839;
313,55;313,55;1;1;2;4;0;0;-18781,9482474006;-2,99560219049454;
313,6;313,6;1;1;2;4;0;0;-18781,9482474006;-2,99560219049454;
313,65;313,65;1;1;2;4;0;0;-18781,9482474006;-2,99560219049454;
313,7;313,7;1;1;2;4;0;0;-18781,9482474006;-2,99560219049454;
313,75;313,75;1;1;2;4;0;0;-18781,9482474006;-2,99560219049454;
313,8;313,8;1;1;2;4;0;0;-18781,9482474006;-2,99558103084564;
313,85;313,85;1;1;2;4;0;0;-18781,9482474006;-2,9954320192337;
313,9;313,9;1;1;2;4;0;0;-18781,9482474006;-2,99555838108063;
313,95;313,95;1;1;2;4;0;0;-18781,9482474006;-2,99545615911484;
314;314;1;1;2;4;0;0;-18781,9482474006;-2,99531310796738;
314,05;314,05;1;1;2;4;0;0;-18781,9482474006;-2,99546092748642;
314,1;314,1;1;1;2;4;0;0;-18781,9482474006;-2,99525618553162;
314,15;314,15;1;1;2;4;0;0;-18781,9482474006;-2,99540609121323;
314,2;314,2;1;1;2;4;0;0;-18781,9482474006;-2,99517750740051;
314,25;314,25;1;1;2;4;0;0;-18781,9482474006;-2,99536734819412;
314,3;314,3;1;1;2;4;0;0;-18781,9482474006;-2,99529284238815;
314,35;314,35;1;1;2;4;0;0;-18781,9482474006;-2,99521863460541;
314,4;314,4;1;1;2;4;0;0;-18781,9482474006;-2,99514412879944;
314,45;314,45;1;1;2;4;0;0;-18781,9482474006;-2,99507796764374;
314,5;314,5;1;1;2;4;0;0;-18781,9482474006;-2,99515247344971;
314,55;314,55;1;1;2;4;0;0;-18781,9482474006;-2,99522697925568;
314,6;314,6;1;1;2;4;0;0;-18781,9482474006;-2,99509257078171;
314,65;314,65;1;1;2;4;0;0;-18781,9482474006;-2,99516707658768;
314,7;314,7;1;1;2;4;0;0;-18781,9482474006;-2,99504667520523;
314,75;314,75;1;1;2;4;0;0;-18781,9482474006;-2,99488306045532;
314,8;314,8;1;1;2;4;0;0;-18781,9482474006;-2,99507707357407;
314,85;314,85;1;1;2;4;0;0;-18781,9482474006;-2,99483239650726;
314,9;314,9;1;1;2;4;0;0;-18781,9482474006;-2,99489229917526;
314,95;314,95;1;1;2;4;0;0;-18781,9482474006;-2,99496680498123;
315;315;1;1;2;4;0;0;-18781,9482474006;-2,99497276544571;
315,05;315,05;1;1;2;4;0;0;-18781,9482474006;-2,99474954605103;
315,1;315,1;1;1;2;4;0;0;-18781,9482474006;-2,99484580755234;
315,15;315,15;1;1;2;4;0;0;-18781,9482474006;-2,99477308988571;
315,2;315,2;1;1;2;4;0;0;-18781,9482474006;-2,99484759569168;
315,25;315,25;1;1;2;4;0;0;-18781,9482474006;-2,99482256174088;
315,3;315,3;1;1;2;4;0;0;-18781,9482474006;-2,99485445022583;
315,35;315,35;1;1;2;4;0;0;-18781,9482474006;-2,99456864595413;
315,4;315,4;1;1;2;4;0;0;-18781,9482474006;-2,99472153186798;
315,45;315,45;1;1;2;4;0;0;-18781,9482474006;-2,99461185932159;
315,5;315,5;1;1;2;4;0;0;-18781,9482474006;-2,99464672803879;
315,55;315,55;1;1;2;4;0;0;-18781,9482474006;-2,99472093582153;
315,6;315,6;1;1;2;4;0;0;-18781,9482474006;-2,99460887908936;
315,65;315,65;1;1;2;4;0;0;-18781,9482474006;-2,99446135759354;
315,7;315,7;1;1;2;4;0;0;-18781,9482474006;-2,99461007118225;
315,75;315,75;1;1;2;4;0;0;-18781,9482474006;-2,99446731805801;
315,8;315,8;1;1;2;4;0;0;-18781,9482474006;-2,99463361501694;
315,85;315,85;1;1;2;4;0;0;-18781,9482474006;-2,99438029527664;
315,9;315,9;1;1;2;4;0;0;-18781,9482474006;-2,99452900886536;
315,95;315,95;1;1;2;4;0;0;-18781,9482474006;-2,99448609352112;
316;316;1;1;2;4;0;0;-18781,9482474006;-2,99441188573837;
316,05;316,05;1;1;2;4;0;0;-18781,9482474006;-2,9943373799324;
316,1;316,1;1;1;2;4;0;0;-18781,9482474006;-2,99426317214966;
316,15;316,15;1;1;2;4;0;0;-18781,9482474006;-2,99418866634369;
316,2;316,2;1;1;2;4;0;0;-18781,9482474006;-2,99440532922745;
316,25;316,25;1;1;2;4;0;0;-18781,9482474006;-2,99419671297073;
316,3;316,3;1;1;2;4;0;0;-18781,9482474006;-2,99439609050751;
316,35;316,35;1;1;2;4;0;0;-18781,9482474006;-2,99426287412643;
316,4;316,4;1;1;2;4;0;0;-18781,9482474006;-2,99420833587646;
316,45;316,45;1;1;2;4;0;0;-18781,9482474006;-2,99417406320572;
316,5;316,5;1;1;2;4;0;0;-18781,9482474006;-2,99429059028625;
316,55;316,55;1;1;2;4;0;0;-18781,9482474006;-2,99400806427002;
316,6;316,6;1;1;2;4;0;0;-18781,9482474006;-2,99408257007599;
316,65;316,65;1;1;2;4;0;0;-18781,9482474006;-2,99415677785873;
316,7;316,7;1;1;2;4;0;0;-18781,9482474006;-2,99407094717026;
316,75;316,75;1;1;2;4;0;0;-18781,9482474006;-2,99410849809647;
316,8;316,8;1;1;2;4;0;0;-18781,9482474006;-2,9940664768219;
316,85;316,85;1;1;2;4;0;0;-18781,9482474006;-2,99399197101593;
316,9;316,9;1;1;2;4;0;0;-18781,9482474006;-2,99391776323318;
316,95;316,95;1;1;2;4;0;0;-18781,9482474006;-2,99410581588745;
317;317;1;1;2;4;0;0;-18781,9482474006;-2,99396425485611;
317,05;317,05;1;1;2;4;0;0;-18781,9482474006;-2,99387454986572;
317,1;317,1;1;1;2;4;0;0;-18781,9482474006;-2,99402177333832;
317,15;317,15;1;1;2;4;0;0;-18781,9482474006;-2,9938730597496;
317,2;317,2;1;1;2;4;0;0;-18781,9482474006;-2,99374639987946;
317,25;317,25;1;1;2;4;0;0;-18781,9482474006;-2,99368649721146;
317,3;317,3;1;1;2;4;0;0;-18781,9482474006;-2,99389541149139;
317,35;317,35;1;1;2;4;0;0;-18781,9482474006;-2,99369394779205;
317,4;317,4;1;1;2;4;0;0;-18781,9482474006;-2,9938817024231;
317,45;317,45;1;1;2;4;0;0;-18781,9482474006;-2,99360632896423;
317,5;317,5;1;1;2;4;0;0;-18781,9482474006;-2,99372285604477;
317,55;317,55;1;1;2;4;0;0;-18781,9482474006;-2,99369722604752;
317,6;317,6;1;1;2;4;0;0;-18781,9482474006;-2,99373179674149;
317,65;317,65;1;1;2;4;0;0;-18781,9482474006;-2,99354910850525;
317,7;317,7;1;1;2;4;0;0;-18781,9482474006;-2,99366533756256;
317,75;317,75;1;1;2;4;0;0;-18781,9482474006;-2,99355000257492;
317,8;317,8;1;1;2;4;0;0;-18781,9482474006;-2,99344688653946;
317,85;317,85;1;1;2;4;0;0;-18781,9482474006;-2,99352139234543;
317,9;317,9;1;1;2;4;0;0;-18781,9482474006;-2,99359560012817;
317,95;317,95;1;1;2;4;0;0;-18781,9482474006;-2,99361109733582;
318;318;1;1;2;4;0;0;-18781,9482474006;-2,99352377653122;
318,05;318,05;1;1;2;4;0;0;-18781,9482474006;-2,99331158399582;
318,1;318,1;1;1;2;4;0;0;-18781,9482474006;-2,99352943897247;
318,15;318,15;1;1;2;4;0;0;-18781,9482474006;-2,99336463212967;
318,2;318,2;1;1;2;4;0;0;-18781,9482474006;-2,99340665340424;
318,25;318,25;1;1;2;4;0;0;-18781,9482474006;-2,99354255199432;
318,3;318,3;1;1;2;4;0;0;-18781,9482474006;-2,99326181411743;
318,35;318,35;1;1;2;4;0;0;-18781,9482474006;-2,99326181411743;
318,4;318,4;1;1;2;4;0;0;-18781,9482474006;-2,99326181411743;
318,45;318,45;1;1;2;4;0;0;-18781,9482474006;-2,99326181411743;
318,5;318,5;1;1;2;4;0;0;-18781,9482474006;-2,99326181411743;
318,55;318,55;1;1;2;4;0;0;-18781,9482474006;-2,99326181411743;
318,6;318,6;1;1;2;4;0;0;-18781,9482474006;-2,99326181411743;
318,65;318,65;1;1;2;4;0;0;-18781,9482474006;-2,99326181411743;
318,7;318,7;1;1;2;4;0;0;-18781,9482474006;-2,99326181411743;
318,75;318,75;1;1;2;4;0;0;-18781,9482474006;-2,99326181411743;
318,8;318,8;1;1;2;4;0;0;-18781,9482474006;-2,99321711063385;
318,85;318,85;1;1;2;4;0;0;-18781,9482474006;-2,9931429028511;
318,9;318,9;1;1;2;4;0;0;-18781,9482474006;-2,99306839704514;
318,95;318,95;1;1;2;4;0;0;-18781,9482474006;-2,99310147762299;
319;319;1;1;3;4;0;0;-18781,9482474006;-2,99316018819809;
319;319;1;1;3;4;0;0;-18781,9482474006;-2,99316018819809;
319,05;319,05;1;1;3;4;0;0;-18781,9482474006;-2,99287140369415;
319,1;319,1;1;1;3;4;0;0;-18781,9482474006;-2,99235194921494;
319,15;319,15;1;1;3;4;0;0;-18781,9482474006;-2,99222052097321;
319,2;319,2;1;1;3;4;0;0;-18781,9482474006;-2,99143552780151;
319,25;319,25;1;1;3;4;0;0;-18781,9482474006;-2,99029767513275;
319,3;319,3;1;1;3;4;0;0;-18781,9482474006;-2,9885071516037;
319,35;319,35;1;1;3;4;0;0;-18780,236998089;-2,96423345804214;
319,4;319,4;1;1;3;4;0;0;-18769,6476371453;-2,91372209787369;
319,45;319,45;1;1;3;4;0;0;-18763,9542016092;-2,88210958242416;
319,5;319,5;1;1;3;4;0;0;-18760,0006256135;-2,85790890455246;
319,55;319,55;1;1;3;4;0;0;-18756,4314995676;-2,8353077173233;
319,6;319,6;1;1;3;4;0;0;-18752,8605853825;-2,81512081623077;
319,65;319,65;1;1;3;4;0;0;-18751,1189377028;-2,80688375234604;
319,7;319,7;1;1;3;4;0;0;-18750,1587068978;-2,79349684715271;
319,75;319,75;1;1;3;4;0;0;-18747,7751172089;-2,76790142059326;
319,8;319,8;1;1;3;4;0;0;-18743,3119215122;-2,7477240562439;
319,85;319,85;1;1;3;4;0;0;-18738,8487258156;-2,73028284311295;
319,9;319,9;1;1;3;4;0;0;-18735,5460325257;-2,71239519119263;
319,95;319,95;1;1;3;4;0;0;-18733,1391970258;-2,69542157649994;
320;320;1;1;3;4;0;0;-18730,9075991775;-2,68250644207001;
320,05;320,05;1;1;3;4;0;0;-18728,6760013292;-2,67372161149979;
320,1;320,1;1;1;3;4;0;0;-18727,5137107832;-2,66319155693054;
320,15;320,15;1;1;3;4;0;0;-18726,0903518991;-2,64057517051697;
320,2;320,2;1;1;3;4;0;0;-18722,0777673065;-2,62131601572037;
320,25;320,25;1;1;3;4;0;0;-18718,0616064352;-2,60435730218887;
320,3;320,3;1;1;3;4;0;0;-18714,0472337033;-2,58809566497803;
320,35;320,35;1;1;3;4;0;0;-18711,4830419449;-2,5751793384552;
320,4;320,4;1;1;3;4;0;0;-18710,1991579264;-2,56752610206604;
320,45;320,45;1;1;3;4;0;0;-18709,3068764149;-2,55763500928879;
320,5;320,5;1;1;3;4;0;0;-18707,7172205758;-2,53491163253784;
320,55;320,55;1;1;3;4;0;0;-18703,7010597046;-2,51577347517014;
320,6;320,6;1;1;3;4;0;0;-18699,6848988333;-2,49884977936745;
320,65;320,65;1;1;3;4;0;0;-18695,7223821411;-2,48179882764816;
320,7;320,7;1;1;3;4;0;0;-18693,0330206316;-2,4667663872242;
320,75;320,75;1;1;3;4;0;0;-18690,8014227833;-2,45104193687439;
320,8;320,8;1;1;3;4;0;0;-18688,5698249349;-2,43603646755219;
320,85;320,85;1;1;3;4;0;0;-18686,3382270866;-2,42744505405426;
320,9;320,9;1;1;3;4;0;0;-18684,9863937747;-2,42246732115746;
320,95;320,95;1;1;3;4;0;0;-18684,0941122632;-2,40017399191856;
321;321;1;1;3;4;0;0;-18680,6304864361;-2,38041058182716;
321,05;321,05;1;1;3;4;0;0;-18676,6125374256;-2,36407458782196;
321,1;321,1;1;1;3;4;0;0;-18672,5963765543;-2,34760522842407;
321,15;321,15;1;1;3;4;0;0;-18669,4724971945;-2,3312184214592;
321,2;321,2;1;1;3;4;0;0;-18667,0638735553;-2,31623485684395;
321,25;321,25;1;1;3;4;0;0;-18664,832275707;-2,30485811829567;
321,3;321,3;1;1;3;4;0;0;-18663,2926877684;-2,29773536324501;
321,35;321,35;1;1;3;4;0;0;-18662,3717960281;-2,28287622332573;
321,4;321,4;1;1;3;4;0;0;-18660,1455625977;-2,26281121373177;
321,45;321,45;1;1;3;4;0;0;-18656,5746484125;-2,2454109787941;
321,5;321,5;1;1;3;4;0;0;-18653,0037342273;-2,22864300012589;
321,55;321,55;1;1;3;4;0;0;-18649,4346081815;-2,21334859728813;
321,6;321,6;1;1;3;4;0;0;-18646,0586011802;-2,19742134213448;
321,65;321,65;1;1;3;4;0;0;-18643,4783161681;-2,18138545751572;
321,7;321,7;1;1;3;4;0;0;-18641,2467183197;-2,16983407735825;
321,75;321,75;1;1;3;4;0;0;-18639,1921462623;-2,15965539216995;
321,8;321,8;1;1;3;4;0;0;-18637,8438892289;-2,15253278613091;
321,85;321,85;1;1;3;4;0;0;-18636,5045728921;-2,13165700435638;
321,9;321,9;1;1;3;4;0;0;-18633,5148039799;-2,11281478404999;
321,95;321,95;1;1;3;4;0;0;-18629,4986431086;-2,09542959928513;
322;322;1;1;3;4;0;0;-18625,4806940981;-2,08019495010376;
322,05;322,05;1;1;3;4;0;0;-18622,6321881907;-2,06403464078903;
322,1;322,1;1;1;3;4;0;0;-18620,350522442;-2,04882487654686;
322,15;322,15;1;1;3;4;0;0;-18618,1189245936;-2,03369751572609;
322,2;322,2;1;1;3;4;0;0;-18615,8873267453;-2,01924443244934;
322,25;322,25;1;1;3;4;0;0;-18613,655728897;-2,00915709137917;
322,3;322,3;1;1;3;4;0;0;-18611,4670463919;-2,00394913554192;
322,35;322,35;1;1;3;4;0;0;-18610,5443665123;-1,98700666427612;
322,4;322,4;1;1;3;4;0;0;-18608,1929633308;-1,96659684181213;
322,45;322,45;1;1;3;4;0;0;-18604,1750143202;-1,95020318031311;
322,5;322,5;1;1;3;4;0;0;-18600,158853449;-1,93383574485779;
322,55;322,55;1;1;3;4;0;0;-18596,8418550446;-1,91831067204475;
322,6;322,6;1;1;3;4;0;0;-18594,7854948479;-1,90417483448982;
322,65;322,65;1;1;3;4;0;0;-18592,9991436856;-1,89313143491745;
322,7;322,7;1;1;3;4;0;0;-18591,2145806627;-1,88716277480125;
322,75;322,75;1;1;3;4;0;0;-18589,4300176398;-1,87077984213829;
322,8;322,8;1;1;3;4;0;0;-18587,4165727862;-1,85095846652985;
322,85;322,85;1;1;3;4;0;0;-18583,4147170294;-1,83440446853638;
322,9;322,9;1;1;3;4;0;0;-18579,3985561581;-1,81923091411591;
322,95;322,95;1;1;3;4;0;0;-18575,9617524206;-1,80386260151863;
323;323;1;1;3;4;0;0;-18573,4512048412;-1,78849622607231;
323,05;323,05;1;1;3;4;0;0;-18571,2196069929;-1,77356332540512;
323,1;323,1;1;1;3;4;0;0;-18568,9880091446;-1,75866827368736;
323,15;323,15;1;1;3;4;0;0;-18566,7564112962;-1,7455592751503;
323,2;323,2;1;1;3;4;0;0;-18564,5248134479;-1,73199400305748;
323,25;323,25;1;1;3;4;0;0;-18561,874791003;-1,7188136279583;
323,3;323,3;1;1;3;4;0;0;-18559,1979464686;-1,70778572559357;
323,35;323,35;1;1;3;4;0;0;-18556,5193137949;-1,69861331582069;
323,4;323,4;1;1;3;4;0;0;-18554,960056324;-1,68741032481194;
323,45;323,45;1;1;3;4;0;0;-18553,4043751317;-1,66679605841637;
323,5;323,5;1;1;3;4;0;0;-18549,3882142604;-1,65117725729942;
323,55;323,55;1;1;3;4;0;0;-18545,3702652498;-1,63583591580391;
323,6;323,6;1;1;3;4;0;0;-18541,8655122188;-1,62095189094543;
323,65;323,65;1;1;3;4;0;0;-18539,3799985897;-1,60737797617912;
323,7;323,7;1;1;3;4;0;0;-18537,1501888807;-1,5925033390522;
323,75;323,75;1;1;3;4;0;0;-18534,9185910324;-1,57952412962914;
323,8;323,8;1;1;3;4;0;0;-18532,686993184;-1,56590461730957;
323,85;323,85;1;1;3;4;0;0;-18530,4500309178;-1,55340731143951;
323,9;323,9;1;1;3;4;0;0;-18527,7713982441;-1,54509857296944;
323,95;323,95;1;1;3;4;0;0;-18525,7633178085;-1,54034480452538;
324;324;1;1;3;4;0;0;-18524,871036297;-1,52166873216629;
324,05;324,05;1;1;3;4;0;0;-18521,7310636835;-1,50349318981171;
324,1;324,1;1;1;3;4;0;0;-18517,7149028123;-1,48689806461334;
324,15;324,15;1;1;3;4;0;0;-18513,698741941;-1,47288307547569;
324,2;324,2;1;1;3;4;0;0;-18511,2418385407;-1,45806580781937;
324,25;324,25;1;1;3;4;0;0;-18509,4143601745;-1,44489914178848;
324,3;324,3;1;1;3;4;0;0;-18507,6297971516;-1,43227562308311;
324,35;324,35;1;1;3;4;0;0;-18505,4715130146;-1,41781359910965;
324,4;324,4;1;1;3;4;0;0;-18502,3476336548;-1,40529781579971;
324,45;324,45;1;1;3;4;0;0;-18499,223754295;-1,39248728752136;
324,5;324,5;1;1;3;4;0;0;-18496,098086796;-1,37906104326248;
324,55;324,55;1;1;3;4;0;0;-18492,9742074362;-1,36738777160645;
324,6;324,6;1;1;3;4;0;0;-18490,1024557179;-1,35963141918182;
324,65;324,65;1;1;3;4;0;0;-18488,763139381;-1,35377332568169;
324,7;324,7;1;1;3;4;0;0;-18487,5311114023;-1,34082183241844;
324,75;324,75;1;1;3;4;0;0;-18485,8645655732;-1,32183760404587;
324,8;324,8;1;1;3;4;0;0;-18482,2936513881;-1,30712538957596;
324,85;324,85;1;1;3;4;0;0;-18478,7227372029;-1,29328370094299;
324,9;324,9;1;1;3;4;0;0;-18475,1518230177;-1,27906292676926;
324,95;324,95;1;1;3;4;0;0;-18471,5826969719;-1,26661702990532;
325;325;1;1;3;4;0;0;-18468,8879710444;-1,25334203243256;
325,05;325,05;1;1;3;4;0;0;-18466,6563731961;-1,23998112976551;
325,1;325,1;1;1;3;4;0;0;-18464,4247753478;-1,22723072767258;
325,15;325,15;1;1;3;4;0;0;-18462,1931774995;-1,21434330940247;
325,2;325,2;1;1;3;4;0;0;-18459,9615796512;-1,20239451527596;
325,25;325,25;1;1;3;4;0;0;-18457,458184629;-1,1899621784687;
325,3;325,3;1;1;3;4;0;0;-18454,7795519553;-1,18016384541988;
325,35;325,35;1;1;3;4;0;0;-18452,1027074209;-1,16459287703037;
325,4;325,4;1;1;3;4;0;0;-18449,4240747472;-1,15399837493896;
325,45;325,45;1;1;3;4;0;0;-18446,7472302128;-1,14683367311954;
325,5;325,5;1;1;3;4;0;0;-18444,5299374789;-1,13770596683025;
325,55;325,55;1;1;3;4;0;0;-18442,8633916498;-1,12529575824738;
325,6;325,6;1;1;3;4;0;0;-18441,3184392933;-1,1085768789053;
325,65;325,65;1;1;3;4;0;0;-18437,7707709191;-1,09467096626759;
325,7;325,7;1;1;3;4;0;0;-18434,1998567339;-1,08147650957108;
325,75;325,75;1;1;3;4;0;0;-18430,6289425487;-1,06780372560024;
325,8;325,8;1;1;3;4;0;0;-18427,2261134579;-1,05534173548222;
325,85;325,85;1;1;3;4;0;0;-18424,652981003;-1,04283899068832;
325,9;325,9;1;1;3;4;0;0;-18422,4213831547;-1,03079482913017;
325,95;325,95;1;1;3;4;0;0;-18420,1897853063;-1,01882092654705;
326;326;1;1;3;4;0;0;-18417,958187458;-1,00682437419891;
326,05;326,05;1;1;3;4;0;0;-18415,7265896097;-0,995489731431007;
326,1;326,1;1;1;3;4;0;0;-18413,1319994832;-0,983875095844269;
326,15;326,15;1;1;3;4;0;0;-18410,4533668095;-0,971838533878326;
326,2;326,2;1;1;3;4;0;0;-18407,7765222751;-0,960366725921631;
326,25;326,25;1;1;3;4;0;0;-18405,0978896014;-0,947725847363472;
326,3;326,3;1;1;3;4;0;0;-18402,4192569277;-0,936288088560104;
326,35;326,35;1;1;3;4;0;0;-18399,7424123932;-0,925514847040176;
326,4;326,4;1;1;3;4;0;0;-18397,0637797195;-0,915065333247185;
326,45;326,45;1;1;3;4;0;0;-18394,3869351851;-0,903369039297104;
326,5;326,5;1;1;3;4;0;0;-18391,7083025114;-0,892634093761444;
326,55;326,55;1;1;3;4;0;0;-18389,0296698377;-0,879362896084785;
326,6;326,6;1;1;3;4;0;0;-18387,0734454418;-0,872291848063469;
326,65;326,65;1;1;3;4;0;0;-18385,2888824189;-0,862850621342659;
326,7;326,7;1;1;3;4;0;0;-18383,5025312567;-0,858104303479195;
326,75;326,75;1;1;3;4;0;0;-18381,7143919551;-0,841980800032616;
326,8;326,8;1;1;3;4;0;0;-18378,8658860478;-0,828435570001602;
326,85;326,85;1;1;3;4;0;0;-18375,4827264893;-0,816187039017677;
326,9;326,9;1;1;3;4;0;0;-18371,9118123041;-0,804270654916763;
326,95;326,95;1;1;3;4;0;0;-18368,3408981189;-0,79332672059536;
327;327;1;1;3;4;0;0;-18364,7699839338;-0,782821699976921;
327,05;327,05;1;1;3;4;0;0;-18361,9447238373;-0,771426558494568;
327,1;327,1;1;1;3;4;0;0;-18359,6719987851;-0,760199949145317;
327,15;327,15;1;1;3;4;0;0;-18357,4404009368;-0,749138593673706;
327,2;327,2;1;1;3;4;0;0;-18355,2088030884;-0,738673135638237;
327,25;327,25;1;1;3;4;0;0;-18352,9772052401;-0,728624239563942;
327,3;327,3;1;1;3;4;0;0;-18350,527454397;-0,71778379380703;
327,35;327,35;1;1;3;4;0;0;-18347,8488217233;-0,706340670585632;
327,4;327,4;1;1;3;4;0;0;-18345,1719771889;-0,696178302168846;
327,45;327,45;1;1;3;4;0;0;-18342,4933445152;-0,685961619019508;
327,5;327,5;1;1;3;4;0;0;-18339,8164999808;-0,675722733139992;
327,55;327,55;1;1;3;4;0;0;-18337,1378673071;-0,664656385779381;
327,6;327,6;1;1;3;4;0;0;-18334,4592346334;-0,654942989349365;
327,65;327,65;1;1;3;4;0;0;-18331,782390099;-0,644496828317642;
327,7;327,7;1;1;3;4;0;0;-18329,1037574253;-0,63503697514534;
327,75;327,75;1;1;3;4;0;0;-18326,4984384629;-0,624418966472149;
327,8;327,8;1;1;3;4;0;0;-18324,2668406146;-0,615993924438953;
327,85;327,85;1;1;3;4;0;0;-18322,0352427663;-0,606213845312595;
327,9;327,9;1;1;3;4;0;0;-18319,803644918;-0,598358511924744;
327,95;327,95;1;1;3;4;0;0;-18317,5720470697;-0,593108087778091;
328;328;1;1;3;4;0;0;-18315,3404492213;-0,588006526231766;
328,05;328,05;1;1;3;4;0;0;-18313,108851373;-0,573504939675331;
328,1;328,1;1;1;3;4;0;0;-18310,6573123906;-0,561534836888313;
328,15;328,15;1;1;3;4;0;0;-18306,63936338;-0,549667999148369;
328,2;328,2;1;1;3;4;0;0;-18302,6232025088;-0,540516898036003;
328,25;328,25;1;1;3;4;0;0;-18299,7800610193;-0,531084463000298;
328,3;328,3;1;1;3;4;0;0;-18297,5234292208;-0,522009991109371;
328,35;328,35;1;1;3;4;0;0;-18295,2918313725;-0,512316636741161;
328,4;328,4;1;1;3;4;0;0;-18293,0602335242;-0,503574386239052;
328,45;328,45;1;1;3;4;0;0;-18290,8286356758;-0,493657998740673;
328,5;328,5;1;1;3;4;0;0;-18288,3663678576;-0,484856031835079;
328,55;328,55;1;1;3;4;0;0;-18285,6877351839;-0,475706309080124;
328,6;328,6;1;1;3;4;0;0;-18283,0108906495;-0,466500148177147;
328,65;328,65;1;1;3;4;0;0;-18280,3322579758;-0,456882566213608;
328,7;328,7;1;1;3;4;0;0;-18277,6536253021;-0,447414629161358;
328,75;328,75;1;1;3;4;0;0;-18274,9767807677;-0,439049564301968;
328,8;328,8;1;1;3;4;0;0;-18272,298148094;-0,429704263806343;
328,85;328,85;1;1;3;4;0;0;-18269,6213035596;-0,421190001070499;
328,9;328,9;1;1;3;4;0;0;-18266,9426708859;-0,413820594549179;
328,95;328,95;1;1;3;4;0;0;-18264,2658263515;-0,408421754837036;
329;329;1;1;3;4;0;0;-18261,9287282844;-0,401925221085548;
329,05;329,05;1;1;3;4;0;0;-18260,1495296793;-0,397147387266159;
329,1;329,1;1;1;3;4;0;0;-18258,8102133425;-0,384416542947292;
329,15;329,15;1;1;3;4;0;0;-18255,6076558534;-0,373775027692318;
329,2;329,2;1;1;3;4;0;0;-18251,5914949822;-0,365157797932625;
329,25;329,25;1;1;3;4;0;0;-18247,7684531555;-0,356104597449303;
329,3;329,3;1;1;3;4;0;0;-18245,1702867504;-0,347557887434959;
329,35;329,35;1;1;3;4;0;0;-18242,938688902;-0,339515991508961;
329,4;329,4;1;1;3;4;0;0;-18240,7070910537;-0,33121433109045;
329,45;329,45;1;1;3;4;0;0;-18238,4754932054;-0,323603898286819;
329,5;329,5;1;1;3;4;0;0;-18236,2438953571;-0,315734148025513;
329,55;329,55;1;1;3;4;0;0;-18233,6850680166;-0,307781882584095;
329,6;329,6;1;1;3;4;0;0;-18231,0064353429;-0,299617070704699;
329,65;329,65;1;1;3;4;0;0;-18228,3295908085;-0,291915200650692;
329,7;329,7;1;1;3;4;0;0;-18225,6509581348;-0,284296032041311;
329,75;329,75;1;1;3;4;0;0;-18222,9741136004;-0,276905801147223;
329,8;329,8;1;1;3;4;0;0;-18220,2954809267;-0,270933508872986;
329,85;329,85;1;1;3;4;0;0;-18217,616848253;-0,264116004109383;
329,9;329,9;1;1;3;4;0;0;-18215,2994197182;-0,25965042412281;
329,95;329,95;1;1;3;4;0;0;-18213,6221450533;-0,255754813551903;
330;330;1;1;3;4;0;0;-18212,2828287165;-0,24599727243185;
330,05;330,05;1;1;3;4;0;0;-18208,9121861331;-0,23482408374548;
330,1;330,1;1;1;3;4;0;0;-18204,4489904364;-0,226762238889933;
330,15;330,15;1;1;3;4;0;0;-18200,9853646093;-0,21906865760684;
330,2;330,2;1;1;3;4;0;0;-18198,569588413;-0,211585033684969;
330,25;330,25;1;1;3;4;0;0;-18196,3379905646;-0,205056257545948;
330,3;330,3;1;1;3;4;0;0;-18194,1063927163;-0,199193209409714;
330,35;330,35;1;1;3;4;0;0;-18191,874794868;-0,192977916449308;
330,4;330,4;1;1;3;4;0;0;-18189,5806121441;-0,186331178992987;
330,45;330,45;1;1;3;4;0;0;-18186,9019794704;-0,179535504430532;
330,5;330,5;1;1;3;4;0;0;-18184,2233467967;-0,17363490536809;
330,55;330,55;1;1;3;4;0;0;-18181,5465022623;-0,166741870343685;
330,6;330,6;1;1;3;4;0;0;-18178,8678695886;-0,160727817565203;
330,65;330,65;1;1;3;4;0;0;-18176,1910250542;-0,153998713940382;
330,7;330,7;1;1;3;4;0;0;-18173,5123923805;-0,149114979431033;
330,75;330,75;1;1;3;4;0;0;-18170,8337597068;-0,142649319022894;
330,8;330,8;1;1;3;4;0;0;-18168,1569151724;-0,137008940801024;
330,85;330,85;1;1;3;4;0;0;-18165,4782824987;-0,131585579365492;
330,9;330,9;1;1;3;4;0;0;-18162,8014379643;-0,126320477575064;
330,95;330,95;1;1;3;4;0;0;-18160,1228052906;-0,120249316096306;
331;331;1;1;3;4;0;0;-18157,6247746863;-0,119365742430091;
331,05;331,05;1;1;3;4;0;0;-18156,7324931749;-0,116589516401291;
331,1;331,1;1;1;3;4;0;0;-18155,4664905494;-0,108526162803173;
331,15;331,15;1;1;3;4;0;0;-18151,8991526428;-0,102357110008597;
331,2;331,2;1;1;3;4;0;0;-18148,3300265969;-0,0975415948778391;
331,25;331,25;1;1;3;4;0;0;-18144,7591124118;-0,0923481769859791;
331,3;331,3;1;1;3;4;0;0;-18141,1881982266;-0,0873182993382216;
331,35;331,35;1;1;3;4;0;0;-18138,2860481402;-0,0826176069676876;
331,4;331,4;1;1;3;4;0;0;-18136,1527979535;-0,076445322483778;
331,45;331,45;1;1;3;4;0;0;-18134,3664467912;-0,0715595111250877;
331,5;331,5;1;1;3;4;0;0;-18132,5818837683;-0,0672902585938573;
331,55;331,55;1;1;3;4;0;0;-18130,5112184571;-0,0619627349078655;
331,6;331,6;1;1;3;4;0;0;-18127,385550958;-0,0586342113092542;
331,65;331,65;1;1;3;4;0;0;-18124,2616715982;-0,0541840493679047;
331,7;331,7;1;1;3;4;0;0;-18121,1377922384;-0,0505457632243633;
331,75;331,75;1;1;3;4;0;0;-18118,0139128787;-0,0470826355740428;
331,8;331,8;1;1;3;4;0;0;-18115,9200017566;-0,0425772974267602;
331,85;331,85;1;1;3;4;0;0;-18114,2677610419;-0,0400129798799753;
331,9;331,9;1;1;3;4;0;0;-18112,9284447051;-0,0361633207648993;
331,95;331,95;1;1;3;4;0;0;-18110,8756607869;-0,0300354463979602;
332;332;1;1;3;4;0;0;-18106,8594999157;-0,0254116160795093;
332,05;332,05;1;1;3;4;0;0;-18102,8415509051;-0,021435278467834;
332,1;332,1;1;1;3;4;0;0;-18099,3367978741;-0,0185145298019052;
332,15;332,15;1;1;3;4;0;0;-18096,8137333196;-0,0150014134123921;
332,2;332,2;1;1;3;4;0;0;-18094,5821354713;-0,0113230384886265;
332,25;332,25;1;1;3;4;0;0;-18092,350537623;-0,00838255975395441;
332,3;332,3;1;1;3;4;0;0;-18090,1189397747;-0,00479903072118759;
332,35;332,35;1;1;3;4;0;0;-18087,8873419263;-0,00220904592424631;
332,4;332,4;1;1;3;4;0;0;-18085,2408957601;0,00160690862685442;
332,45;332,45;1;1;3;4;0;0;-18082,5640512257;0,0050513818860054;
332,5;332,5;1;1;3;4;0;0;-18079,885418552;0,0077435839921236;
332,55;332,55;1;1;3;4;0;0;-18077,2067858782;0,00987755600363016;
332,6;332,6;1;1;3;4;0;0;-18074,5299413438;0,0131407892331481;
332,65;332,65;1;1;3;4;0;0;-18071,8513086701;0,0142567977309227;
332,7;332,7;1;1;3;4;0;0;-18069,555337807;0,015425649471581;
332,75;332,75;1;1;3;4;0;0;-18068,2178096094;0,017244047485292;
332,8;332,8;1;1;3;4;0;0;-18066,8498830437;0,0207352917641401;
332,85;332,85;1;1;3;4;0;0;-18062,5726538345;0,0243034539744258;
332,9;332,9;1;1;3;4;0;0;-18058,157737899;0,026007448323071;
332,95;332,95;1;1;3;4;0;0;-18055,8456737821;0,0278359744697809;
333;333;1;1;3;4;0;0;-18054,0414412268;0,0299334339797497;
333,05;333,05;1;1;3;4;0;0;-18052,2568782039;0,0315522262826562;
333,1;333,1;1;1;3;4;0;0;-18050,0056108232;0,0326223531737924;
333,15;333,15;1;1;3;4;0;0;-18046,8817314635;0,0337948789820075;
333,2;333,2;1;1;3;4;0;0;-18043,7578521037;0,0347601994872093;
333,25;333,25;1;1;3;4;0;0;-18040,6321846046;0,0346816703677177;
333,3;333,3;1;1;3;4;0;0;-18037,5083052448;0,0345875043421984;
333,35;333,35;1;1;3;4;0;0;-18034,384425885;0,0336082233116031;
333,4;333,4;1;1;3;4;0;0;-18031,2605465252;0,0324606336653233;
333,45;333,45;1;1;3;4;0;0;-18028,6015833838;0,0322813354432583;
333,5;333,5;1;1;3;4;0;0;-18026,6918506098;0,0319994892925024;
333,55;333,55;1;1;3;4;0;0;-18025,0574912882;0,0313567090779543;
333,6;333,6;1;1;3;4;0;0;-18023,7199630906;0,0308206444606185;
333,65;333,65;1;1;3;4;0;0;-18022,3806467538;0,0307912472635508;
333,7;333,7;1;1;3;4;0;0;-18020,7945671933;0,0309231225401163;
333,75;333,75;1;1;3;4;0;0;-18016,914304909;0,0308042578399181;
333,8;333,8;1;1;3;4;0;0;-18012,8963558984;0,0302646309137344;
333,85;333,85;1;1;3;4;0;0;-18008,8801950272;0,0299724470824003;
333,9;333,9;1;1;3;4;0;0;-18006,1067909705;0,0271358620375395;
333,95;333,95;1;1;3;4;0;0;-18004,1505665746;0,0219400273635983;
334;334;1;1;3;4;0;0;-18002,3660035517;0,018575768917799;
334,05;334,05;1;1;3;4;0;0;-18000,5796523894;0,0185631634667516;
334,1;334,1;1;1;3;4;0;0;-17999,0704628189;0,0185626139864326;
334,15;334,15;1;1;3;4;0;0;-17998,7074705407;0,0184438331052661;
334,2;334,2;1;1;3;4;0;0;-17998,7074705407;0,0184043031185865;
334,25;334,25;1;1;4;4;0;0;-17998,7074705407;0,0183591013774276;
334,25;334,25;1;1;4;4;0;0;-17998,7074705407;0,0183591013774276;
334,3;334,3;1;1;4;4;0;0;-17998,7074705407;0,0183878187090158;
334,35;334,35;1;1;4;4;0;0;-17998,7074705407;0,0183288007974625;
334,4;334,4;1;1;4;4;0;0;-17998,7074705407;0,0182857923209667;
334,45;334,45;1;1;4;4;0;0;-17998,7074705407;0,0182306207716465;
334,5;334,5;1;1;4;4;0;0;-17998,7074705407;0,0181609764695168;
334,55;334,55;1;1;4;4;0;0;-17998,7074705407;0,018213614821434;
334,6;334,6;1;1;4;4;0;0;-17998,7074705407;0,0170822208747268;
334,65;334,65;1;1;4;4;0;0;-17998,7074705407;0,0172302918508649;
334,7;334,7;1;1;4;4;0;0;-17998,7074705407;0,0171747477725148;
334,75;334,75;1;1;4;4;0;0;-17998,7074705407;0,0171600002795458;
334,8;334,8;1;1;4;4;0;0;-17998,7074705407;0,017141099087894;
334,85;334,85;1;1;4;4;0;0;-17998,7074705407;0,0171391805633903;
334,9;334,9;1;1;4;4;0;0;-17998,7074705407;0,017127594910562;
334,95;334,95;1;1;4;4;0;0;-17998,7074705407;0,0171669712290168;
335;335;1;1;4;4;0;0;-17998,7074705407;0,0171671202406287;
335,05;335,05;1;1;4;4;0;0;-17998,7074705407;0,0170557200908661;
335,1;335,1;1;1;4;4;0;0;-17998,7074705407;0,017137574031949;
335,15;335,15;1;1;4;4;0;0;-17998,7074705407;0,0170609448105097;
335,2;335,2;1;1;4;4;0;0;-17998,7074705407;0,0170867703855038;
335,25;335,25;1;1;4;4;0;0;-17998,7074705407;0,0170641345903277;
335,3;335,3;1;1;4;4;0;0;-17998,7074705407;0,0170319993048906;
335,35;335,35;1;1;4;4;0;0;-17998,7074705407;0,0170623697340488;
335,4;335,4;1;1;4;4;0;0;-17998,7074705407;0,0170179968699813;
335,45;335,45;1;1;4;4;0;0;-17998,7074705407;0,0169923854991794;
335,5;335,5;1;1;4;4;0;0;-17998,7074705407;0,0170052284374833;
335,55;335,55;1;1;4;4;0;0;-17998,7074705407;0,0170282926410437;
335,6;335,6;1;1;4;4;0;0;-17998,7074705407;0,0169980153441429;
335,65;335,65;1;1;4;4;0;0;-17998,7074705407;0,017044972628355;
335,7;335,7;1;1;4;4;0;0;-17998,7074705407;0,0169884553179145;
335,75;335,75;1;1;4;4;0;0;-17998,7325044909;0,017037196084857;
335,8;335,8;1;1;4;4;0;0;-17999,1795393163;0,0170133868232369;
335,85;335,85;1;1;4;4;0;0;-17999,6247860024;0,0169681198894978;
335,9;335,9;1;1;4;4;0;0;-18000,0718208278;0,0170302297919989;
335,95;335,95;1;1;4;4;0;0;-18000,5170675139;0,0169940479099751;
336;336;1;1;4;4;0;0;-18000,9641023393;0,016958094201982;
336,05;336,05;1;1;4;4;0;0;-18001,4111371646;0,0169511279091239;
336,1;336,1;1;1;4;4;0;0;-18001,8563838507;0,0170006882399321;
336,15;336,15;1;1;4;4;0;0;-18002,1746726464;0,0169488601386547;
336,2;336,2;1;1;4;4;0;0;-18002,1746726464;0,0169985136017203;
336,25;336,25;1;1;4;4;0;0;-18002,1746726464;0,0169126549735665;
336,3;336,3;1;1;4;4;0;0;-18002,1746726464;0,0169266434386373;
336,35;336,35;1;1;4;4;0;0;-18002,1746726464;0,0169189041480422;
336,4;336,4;1;1;4;4;0;0;-18002,1746726464;0,016916710883379;
336,45;336,45;1;1;4;4;0;0;-18002,1746726464;0,0169126922264695;
336,5;336,5;1;1;4;4;0;0;-18002,1746726464;0,0168755277991295;
336,55;336,55;1;1;4;4;0;0;-18002,1746726464;0,0169119890779257;
336,6;336,6;1;1;4;4;0;0;-18002,1746726464;0,0168577302247286;
336,65;336,65;1;1;4;4;0;0;-18002,1746726464;0,0169150065630674;
336,7;336,7;1;1;4;4;0;0;-18002,1746726464;0,0168933207169175;
336,75;336,75;1;1;4;4;0;0;-18002,1746726464;0,0169415306299925;
336,8;336,8;1;1;4;4;0;0;-18002,1746726464;0,0169152626767755;
336,85;336,85;1;1;4;4;0;0;-18002,1746726464;0,0168666709214449;
336,9;336,9;1;1;4;4;0;0;-18002,1746726464;0,0169012509286404;
336,95;336,95;1;1;4;4;0;0;-18002,1746726464;0,0168530363589525;
337;337;1;1;4;4;0;0;-18002,1746726464;0,0168857770040631;
337,05;337,05;1;1;4;4;0;0;-18002,1800370643;0,0168081326410174;
337,1;337,1;1;1;4;4;0;0;-18002,6252837504;0,0168961938470602;
337,15;337,15;1;1;4;4;0;0;-18003,0723185758;0,0167462602257729;
337,2;337,2;1;1;4;4;0;0;-18003,5193534011;0,0168449338525534;
337,25;337,25;1;1;4;4;0;0;-18003,9646000872;0,0167335290461779;
337,3;337,3;1;1;4;4;0;0;-18004,2918295794;0,0168604217469692;
337,35;337,35;1;1;4;4;0;0;-18004,2918295794;0,0167874386534095;
337,4;337,4;1;1;4;4;0;0;-18004,2918295794;0,0167918810620904;
337,45;337,45;1;1;4;4;0;0;-18004,2918295794;0,0167366024106741;
337,5;337,5;1;1;4;4;0;0;-18004,2918295794;0,0167841138318181;
337,55;337,55;1;1;4;4;0;0;-18004,2918295794;0,0167351216077805;
337,6;337,6;1;1;4;4;0;0;-18004,2918295794;0,0167465815320611;
337,65;337,65;1;1;4;4;0;0;-18004,2918295794;0,0167708238586783;
337,7;337,7;1;1;4;4;0;0;-18004,2918295794;0,0167536502704024;
337,75;337,75;1;1;4;4;0;0;-18004,2918295794;0,0167924119159579;
337,8;337,8;1;1;4;4;0;0;-18004,2918295794;0,0166452722623944;
337,85;337,85;1;1;4;4;0;0;-18004,2918295794;0,0166961830109358;
337,9;337,9;1;1;4;4;0;0;-18004,2918295794;0,0167288305237889;
337,95;337,95;1;1;4;4;0;0;-18004,2918295794;0,0167060038074851;
338;338;1;1;4;4;0;0;-18004,2918295794;0,0166934262961149;
338,05;338,05;1;1;4;4;0;0;-18004,2918295794;0,016653360798955;
338,1;338,1;1;1;4;4;0;0;-18004,2918295794;0,0166855053976178;
338,15;338,15;1;1;4;4;0;0;-18004,2918295794;0,0166612025350332;
338,2;338,2;1;1;4;4;0;0;-18004,2918295794;0,0166977429762483;
338,25;338,25;1;1;4;4;0;0;-18004,2918295794;0,0166610535234213;
338,3;338,3;1;1;4;4;0;0;-18004,2918295794;0,0166807696223259;
338,35;338,35;1;1;4;4;0;0;-18004,2918295794;0,0166357913985848;
338,4;338,4;1;1;4;4;0;0;-18004,2918295794;0,0166960339993238;
338,45;338,45;1;1;4;4;0;0;-18004,2918295794;0,0166698731482029;
338,5;338,5;1;1;4;4;0;0;-18004,2918295794;0,0166526064276695;
338,55;338,55;1;1;4;4;0;0;-18004,2918295794;0,0166402803733945;
338,6;338,6;1;1;4;4;0;0;-18004,2918295794;0,0166457844898105;
338,65;338,65;1;1;4;4;0;0;-18004,2918295794;0,0166195910423994;
338,7;338,7;1;1;4;4;0;0;-18004,2918295794;0,0166489649564028;
338,75;338,75;1;1;4;4;0;0;-18004,2918295794;0,0166160194203258;
338,8;338,8;1;1;4;4;0;0;-18004,2918295794;0,0165972951799631;
338,85;338,85;1;1;4;4;0;0;-18004,2918295794;0,0167173938825727;
338,9;338,9;1;1;4;4;0;0;-18004,2918295794;0,0166868232190609;
338,95;338,95;1;1;4;4;0;0;-18004,2918295794;0,0166018633171916;
339;339;1;1;4;4;0;0;-18004,2918295794;0,0166227016597986;
339,05;339,05;1;1;4;4;0;0;-18004,2918295794;0,0166092161089182;
339,1;339,1;1;1;4;4;0;0;-18004,2918295794;0,0166130904108286;
339,15;339,15;1;1;4;4;0;0;-18004,2918295794;0,0166121823713183;
339,2;339,2;1;1;4;4;0;0;-18004,2918295794;0,0166394468396902;
339,25;339,25;1;1;4;4;0;0;-18004,2918295794;0,0166389485821128;
339,3;339,3;1;1;4;4;0;0;-18004,2918295794;0,016707549802959;
339,35;339,35;1;1;4;4;0;0;-18004,2918295794;0,0166063895449042;
339,4;339,4;1;1;4;4;0;0;-18004,2918295794;0,0166543014347553;
339,45;339,45;1;1;4;4;0;0;-18004,2918295794;0,0166060915216804;
339,5;339,5;1;1;4;4;0;0;-18004,2918295794;0,0166351534426212;
339,55;339,55;1;1;4;4;0;0;-18004,2918295794;0,0165505381301045;
339,6;339,6;1;1;4;4;0;0;-18004,2918295794;0,0165420537814498;
339,65;339,65;1;1;4;4;0;0;-18004,2918295794;0,0165326567366719;
339,7;339,7;1;1;4;4;0;0;-18004,2918295794;0,0165407825261354;
339,75;339,75;1;1;4;4;0;0;-18004,2918295794;0,0165577651932836;
339,8;339,8;1;1;4;4;0;0;-18004,2918295794;0,016569085419178;
339,85;339,85;1;1;4;4;0;0;-18004,2918295794;0,0165564985945821;
339,9;339,9;1;1;4;4;0;0;-18004,2918295794;0,0165406614542007;
339,95;339,95;1;1;4;4;0;0;-18004,2918295794;0,016503781080246;
340;340;1;1;4;4;0;0;-18004,2918295794;0,0164812011644244;
340,05;340,05;1;1;4;4;0;0;-18004,2918295794;0,0165641307830811;
340,1;340,1;1;1;4;4;0;0;-18004,2918295794;0,0165256718173623;
340,15;340,15;1;1;4;4;0;0;-18004,2918295794;0,0165610387921333;
340,2;340,2;1;1;4;4;0;0;-18004,2918295794;0,0165428221225739;
340,25;340,25;1;1;4;4;0;0;-18004,2918295794;0,0164979556575418;
340,3;340,3;1;1;4;4;0;0;-18004,2918295794;0,0165240140631795;
340,35;340,35;1;1;4;4;0;0;-18004,2918295794;0,0164901278913021;
340,4;340,4;1;1;4;4;0;0;-18004,2918295794;0,0164954969659448;
340,45;340,45;1;1;4;4;0;0;-18004,2918295794;0,0164242880418897;
340,5;340,5;1;1;4;4;0;0;-18004,2918295794;0,0164905283600092;
340,55;340,55;1;1;4;4;0;0;-18004,2918295794;0,0165149662643671;
340,6;340,6;1;1;4;4;0;0;-18004,2918295794;0,01651331782341;
340,65;340,65;1;1;4;4;0;0;-18004,2918295794;0,0165056856349111;
340,7;340,7;1;1;4;4;0;0;-18004,2918295794;0,0164969963952899;
340,75;340,75;1;1;4;4;0;0;-18004,2918295794;0,0164783000946045;
340,8;340,8;1;1;4;4;0;0;-18004,2918295794;0,0164536805823445;
340,85;340,85;1;1;4;4;0;0;-18004,2918295794;0,0165481213480234;
340,9;340,9;1;1;4;4;0;0;-18004,2918295794;0,0164818717166781;
340,95;340,95;1;1;4;4;0;0;-18004,2918295794;0,0164316780865192;
341;341;1;1;4;4;0;0;-18004,2918295794;0,0164499180391431;
341,05;341,05;1;1;4;4;0;0;-18004,2918295794;0,0165261933580041;
341,1;341,1;1;1;4;4;0;0;-18004,2918295794;0,0164325349032879;
341,15;341,15;1;1;4;4;0;0;-18004,2918295794;0,0165097555145621;
341,2;341,2;1;1;4;4;0;0;-18004,2918295794;0,016459715552628;
341,25;341,25;1;1;4;4;0;0;-18004,2918295794;0,0164376571774483;
341,3;341,3;1;1;4;4;0;0;-18004,2918295794;0,016459608450532;
341,35;341,35;1;1;4;4;0;0;-18004,2918295794;0,016459901817143;
341,4;341,4;1;1;4;4;0;0;-18004,2918295794;0,0164852384477854;
341,45;341,45;1;1;4;4;0;0;-18004,2918295794;0,0164503464475274;
341,5;341,5;1;1;4;4;0;0;-18004,2918295794;0,0164752453565598;
341,55;341,55;1;1;4;4;0;0;-18004,2918295794;0,0164700904861093;
341,6;341,6;1;1;4;4;0;0;-18004,2918295794;0,0164515804499388;
341,65;341,65;1;1;4;4;0;0;-18004,2918295794;0,0164470775052905;
341,7;341,7;1;1;4;4;0;0;-18004,2918295794;0,0164457317441702;
341,75;341,75;1;1;4;4;0;0;-18004,2918295794;0,0164354825392365;
341,8;341,8;1;1;4;4;0;0;-18004,2918295794;0,0164003344252706;
341,85;341,85;1;1;4;4;0;0;-18004,2918295794;0,0164676178246737;
341,9;341,9;1;1;4;4;0;0;-18004,2918295794;0,0164035055786371;
341,95;341,95;1;1;4;4;0;0;-18004,2918295794;0,0164485024288297;
342;342;1;1;4;4;0;0;-18004,2918295794;0,0164308492094278;
342,05;342,05;1;1;4;4;0;0;-18004,2918295794;0,0164456106722355;
342,1;342,1;1;1;4;4;0;0;-18004,2918295794;0,0164532708004117;
342,15;342,15;1;1;4;4;0;0;-18004,2918295794;0,0164272543042898;
342,2;342,2;1;1;4;4;0;0;-18004,2918295794;0,0163612375035882;
342,25;342,25;1;1;4;4;0;0;-18004,2918295794;0,0163599848747253;
342,3;342,3;1;1;4;4;0;0;-18004,2918295794;0,0164057593792677;
342,35;342,35;1;1;4;4;0;0;-18004,2918295794;0,0163692981004715;
342,4;342,4;1;1;4;4;0;0;-18004,2918295794;0,0164025276899338;
342,45;342,45;1;1;4;4;0;0;-18004,2918295794;0,0164061225950718;
342,5;342,5;1;1;4;4;0;0;-18004,2918295794;0,0164139829576015;
342,55;342,55;1;1;4;4;0;0;-18004,2918295794;0,0163836218416691;
342,6;342,6;1;1;4;4;0;0;-18004,2918295794;0,0164380157366395;
342,65;342,65;1;1;4;4;0;0;-18004,2918295794;0,0164299691095948;
342,7;342,7;1;1;4;4;0;0;-18004,2918295794;0,0164254475384951;
342,75;342,75;1;1;4;4;0;0;-18004,2918295794;0,0163802830502391;
342,8;342,8;1;1;4;4;0;0;-18004,2918295794;0,0163828302174807;
342,85;342,85;1;1;4;4;0;0;-18004,2918295794;0,016384394839406;
342,9;342,9;1;1;4;4;0;0;-18004,2918295794;0,0163893122226;
342,95;342,95;1;1;4;4;0;0;-18004,2918295794;0,0164005672559142;
343;343;1;1;4;4;0;0;-18004,2918295794;0,0163431512191892;
343,05;343,05;1;1;4;4;0;0;-18004,2918295794;0,0164116267114878;
343,1;343,1;1;1;4;4;0;0;-18004,2918295794;0,0162821495905519;
343,15;343,15;1;1;4;4;0;0;-18004,2918295794;0,0163099775090814;
343,2;343,2;1;1;4;4;0;0;-18004,2918295794;0,0163030810654163;
343,25;343,25;1;1;4;4;0;0;-18004,2918295794;0,0163175258785486;
343,3;343,3;1;1;4;4;0;0;-18004,2918295794;0,0162783777341247;
343,35;343,35;1;1;4;4;0;0;-18004,2918295794;0,0162976048886776;
343,4;343,4;1;1;4;4;0;0;-18004,2918295794;0,0163273466750979;
343,45;343,45;1;1;4;4;0;0;-18004,2918295794;0,0163092091679573;
343,5;343,5;1;1;4;4;0;0;-18004,2918295794;0,0163076631724834;
343,55;343,55;1;1;4;4;0;0;-18004,2918295794;0,0162587640807033;
343,6;343,6;1;1;4;4;0;0;-18004,2918295794;0,0162848131731153;
343,65;343,65;1;1;4;4;0;0;-18004,2918295794;0,0162503169849515;
343,7;343,7;1;1;4;4;0;0;-18004,2918295794;0,0162433506920934;
343,75;343,75;1;1;4;4;0;0;-18004,2918295794;0,0163024477660656;
343,8;343,8;1;1;4;4;0;0;-18004,2918295794;0,0163148064166307;
343,85;343,85;1;1;4;4;0;0;-18004,2918295794;0,0163615867495537;
343,9;343,9;1;1;4;4;0;0;-18004,2918295794;0,0163087993860245;
343,95;343,95;1;1;4;4;0;0;-18004,2918295794;0,0163775589317083;
344;344;1;1;4;4;0;0;-18004,2918295794;0,0163128040730953;
344,05;344,05;1;1;4;4;0;0;-18004,2918295794;0,0163480313494802;
344,1;344,1;1;1;4;4;0;0;-18004,2918295794;0,016225278377533;
344,15;344,15;1;1;4;4;0;0;-18004,2918295794;0,0163209298625588;
344,2;344,2;1;1;4;4;0;0;-18004,2918295794;0,0162946665659547;
344,25;344,25;1;1;4;4;0;0;-18004,2918295794;0,0162624381482601;
344,3;344,3;1;1;4;4;0;0;-18004,2918295794;0,0162956677377224;
344,35;344,35;1;1;4;4;0;0;-18004,2918295794;0,0162801798433065;
344,4;344,4;1;1;4;4;0;0;-18004,2918295794;0,0162985641509295;
344,45;344,45;1;1;4;4;0;0;-18004,2918295794;0,0162429083138704;
344,5;344,5;1;1;4;4;0;0;-18004,2918295794;0,0162294926121831;
344,55;344,55;1;1;4;4;0;0;-18004,2918295794;0,0162115134298801;
344,6;344,6;1;1;4;4;0;0;-18004,2918295794;0,0162942567840219;
344,65;344,65;1;1;4;4;0;0;-18004,2918295794;0,0162402307614684;
344,7;344,7;1;1;4;4;0;0;-18004,2918295794;0,0162575766444206;
344,75;344,75;1;1;4;4;0;0;-18004,2918295794;0,0162124261260033;
344,8;344,8;1;1;4;4;0;0;-18004,2918295794;0,0162855023518205;
344,85;344,85;1;1;4;4;0;0;-18004,2918295794;0,0162227544933558;
344,9;344,9;1;1;4;4;0;0;-18004,2918295794;0,0161887891590595;
344,95;344,95;1;1;4;4;0;0;-18004,2918295794;0,0162371108308434;
345;345;1;1;4;4;0;0;-18004,2918295794;0,0162217766046524;
345,05;345,05;1;1;4;4;0;0;-18004,2918295794;0,0162580236792564;
345,1;345,1;1;1;4;4;0;0;-18004,2918295794;0,0162148708477616;
345,15;345,15;1;1;4;4;0;0;-18004,2918295794;0,0162156065925956;
345,2;345,2;1;1;4;4;0;0;-18004,2918295794;0,016180370002985;
345,25;345,25;1;1;4;4;0;0;-18004,2918295794;0,0162467453628778;
345,3;345,3;1;1;4;4;0;0;-18004,2918295794;0,0161697482690215;
345,35;345,35;1;1;4;4;0;0;-18004,2918295794;0,0161919044330716;
345,4;345,4;1;1;4;4;0;0;-18004,2918295794;0,0161070516332984;
345,45;345,45;1;1;4;4;0;0;-18004,2918295794;0,0162128172814846;
345,5;345,5;1;1;4;4;0;0;-18004,2918295794;0,0161874666810036;
345,55;345,55;1;1;4;4;0;0;-18004,2918295794;0,0162059022113681;
345,6;345,6;1;1;4;4;0;0;-18004,2918295794;0,0162194622680545;
345,65;345,65;1;1;4;4;0;0;-18004,2918295794;0,016220030374825;
345,7;345,7;1;1;4;4;0;0;-18004,2918295794;0,0161644630134106;
345,75;345,75;1;1;4;4;0;0;-18004,2918295794;0,0161917740479112;
345,8;345,8;1;1;4;4;0;0;-18004,2918295794;0,0161847891286016;
345,85;345,85;1;1;4;4;0;0;-18004,2918295794;0,0161322299391031;
345,9;345,9;1;1;4;4;0;0;-18004,2918295794;0,0161547865718603;
345,95;345,95;1;1;4;4;0;0;-18004,2918295794;0,0161194521933794;
346;346;1;1;4;4;0;0;-18004,2918295794;0,0161752244457603;
346,05;346,05;1;1;4;4;0;0;-18004,2918295794;0,0161729380488396;
346,1;346,1;1;1;4;4;0;0;-18004,2918295794;0,0160970306023955;
346,15;346,15;1;1;4;4;0;0;-18004,2918295794;0,0161378085613251;
346,2;346,2;1;1;4;4;0;0;-18004,2918295794;0,0161114661023021;
346,25;346,25;1;1;4;4;0;0;-18004,2918295794;0,0161211146041751;
346,3;346,3;1;1;4;4;0;0;-18004,2918295794;0,0161413894966245;
346,35;346,35;1;1;4;4;0;0;-18004,2918295794;0,0161449611186981;
346,4;346,4;1;1;4;4;0;0;-18004,2918295794;0,0161358201876283;
346,45;346,45;1;1;4;4;0;0;-18004,2918295794;0,0161572033539414;
346,5;346,5;1;1;4;4;0;0;-18004,2918295794;0,0160652631893754;
346,55;346,55;1;1;4;4;0;0;-18004,2918295794;0,0161251937970519;
346,6;346,6;1;1;4;4;0;0;-18004,2918295794;0,0161185255274177;
346,65;346,65;1;1;4;4;0;0;-18004,2918295794;0,0160830514505506;
346,7;346,7;1;1;4;4;0;0;-18004,2918295794;0,01611044164747;
346,75;346,75;1;1;4;4;0;0;-18004,2918295794;0,016050199046731;
346,8;346,8;1;1;4;4;0;0;-18004,2918295794;0,0160903763025999;
346,85;346,85;1;1;4;4;0;0;-18004,2918295794;0,0160835776478052;
346,9;346,9;1;1;4;4;0;0;-18004,2918295794;0,0161560019478202;
346,95;346,95;1;1;4;4;0;0;-18004,2918295794;0,0161359366029501;
347;347;1;1;4;4;0;0;-18004,2918295794;0,0160973379388452;
347,05;347,05;1;1;4;4;0;0;-18004,2918295794;0,016063591465354;
347,1;347,1;1;1;4;4;0;0;-18004,2918295794;0,0161025440320373;
347,15;347,15;1;1;4;4;0;0;-18004,2918295794;0,0160584272816777;
347,2;347,2;1;1;4;4;0;0;-18004,2918295794;0,0160342967137694;
347,25;347,25;1;1;4;4;0;0;-18004,2918295794;0,0160682713612914;
347,3;347,3;1;1;4;4;0;0;-18004,2918295794;0,0160359125584364;
347,35;347,35;1;1;4;4;0;0;-18004,2918295794;0,0160880945622921;
347,4;347,4;1;1;4;4;0;0;-18004,2918295794;0,0160467531532049;
347,45;347,45;1;1;4;4;0;0;-18004,2918295794;0,0160718848928809;
347,5;347,5;1;1;4;4;0;0;-18004,2918295794;0,0160200567916036;
347,55;347,55;1;1;4;4;0;0;-18004,2918295794;0,0160244992002845;
347,6;347,6;1;1;4;4;0;0;-18004,2918295794;0,0160366157069802;
347,65;347,65;1;1;4;4;0;0;-18004,2918295794;0,0160544086247683;
347,7;347,7;1;1;4;4;0;0;-18004,2918295794;0,0160592840984464;
347,75;347,75;1;1;4;4;0;0;-18004,2918295794;0,0160139566287398;
347,8;347,8;1;1;4;4;0;0;-18004,2918295794;0,0160230696201324;
347,85;347,85;1;1;4;4;0;0;-18004,2918295794;0,016025141812861;
347,9;347,9;1;1;4;4;0;0;-18004,2918295794;0,0160298822447658;
347,95;347,95;1;1;4;4;0;0;-18004,2918295794;0,0160332908853889;
348;348;1;1;4;4;0;0;-18004,2918295794;0,0160384876653552;
348,05;348,05;1;1;4;4;0;0;-18004,2918295794;0,0160543853417039;
348,1;348,1;1;1;4;4;0;0;-18004,2918295794;0,0160778779536486;
348,15;348,15;1;1;4;4;0;0;-18004,2918295794;0,0160372583195567;
348,2;348,2;1;1;4;4;0;0;-18004,2918295794;0,0161021528765559;
348,25;348,25;1;1;4;4;0;0;-18004,2918295794;0,016067367978394;
348,3;348,3;1;1;4;4;0;0;-18004,2918295794;0,016034715808928;
348,35;348,35;1;1;4;4;0;0;-18004,2918295794;0,0160606345161796;
348,4;348,4;1;1;4;4;0;0;-18004,2918295794;0,0160402292385697;
348,45;348,45;1;1;4;4;0;0;-18004,2918295794;0,0160945439711213;
348,5;348,5;1;1;4;4;0;0;-18004,2918295794;0,0160552468150854;
348,55;348,55;1;1;4;4;0;0;-18004,2918295794;0,0160710792988539;
348,6;348,6;1;1;4;4;0;0;-18004,2918295794;0,0160379102453589;
348,65;348,65;1;1;4;4;0;0;-18004,2918295794;0,0160585762932897;
348,7;348,7;1;1;4;4;0;0;-18004,2918295794;0,0160609278827906;
348,75;348,75;1;1;4;4;0;0;-18004,2918295794;0,0160621106624603;
348,8;348,8;1;1;4;4;0;0;-18004,2918295794;0,0160213047638536;
348,85;348,85;1;1;4;4;0;0;-18004,2918295794;0,0160012906417251;
348,9;348,9;1;1;4;4;0;0;-18004,2918295794;0,0159753626212478;
348,95;348,95;1;1;4;4;0;0;-18004,2918295794;0,0159719400107861;
349;349;1;1;4;4;0;0;-18004,2918295794;0,0160386972129345;
349,05;349,05;1;1;4;4;0;0;-18004,2918295794;0,0159600516781211;
349,1;349,1;1;1;4;4;0;0;-18004,2918295794;0,016036038286984;
349,15;349,15;1;1;4;4;0;0;-18004,2918295794;0,015962366014719;
349,2;349,2;1;1;4;4;0;0;-18004,2918295794;0,0160459475591779;
349,25;349,25;1;1;4;4;0;0;-18004,2918295794;0,0159973604604602;
349,3;349,3;1;1;4;4;0;0;-18004,2918295794;0,0159784266725183;
349,35;349,35;1;1;4;4;0;0;-18004,2918295794;0,0160044943913817;
349,4;349,4;1;1;4;4;0;0;-18004,2918295794;0,0160185620188713;
349,45;349,45;1;1;4;4;0;0;-18004,2918295794;0,0160156283527613;
349,5;349,5;1;1;4;4;0;0;-18004,2918295794;0,0160232605412602;
349,55;349,55;1;1;4;4;0;0;-18004,2918295794;0,0160309066995978;
349,6;349,6;1;1;4;4;0;0;-18004,2918295794;0,0160151859745383;
349,65;349,65;1;1;4;4;0;0;-18004,2918295794;0,0160019705072045;
349,7;349,7;1;1;4;4;0;0;-18004,2918295794;0,0160094350576401;
349,75;349,75;1;1;4;4;0;0;-18004,2918295794;0,0160141242668033;
349,8;349,8;1;1;4;4;0;0;-18004,2918295794;0,0159880658611655;
349,85;349,85;1;1;4;4;0;0;-18004,2918295794;0,0159453041851521;
349,9;349,9;1;1;4;4;0;0;-18004,2918295794;0,0159706687554717;
349,95;349,95;1;1;4;4;0;0;-18004,2918295794;0,0159133831039071;
350;350;1;1;4;4;0;0;-18004,2918295794;0,0159366568550467;
350,05;350,05;1;1;4;4;0;0;-18004,2918295794;0,0158990221098065;
350,1;350,1;1;1;4;4;0;0;-18004,2918295794;0,0159760331735015;
350,15;350,15;1;1;4;4;0;0;-18004,2918295794;0,0159440794959664;
350,2;350,2;1;1;4;4;0;0;-18004,2918295794;0,0159785710275173;
350,25;350,25;1;1;4;4;0;0;-18004,2918295794;0,0159002747386694;
350,3;350,3;1;1;4;4;0;0;-18004,2918295794;0,0159691460430622;
350,35;350,35;1;1;4;4;0;0;-18004,2918295794;0,0159442517906427;
350,4;350,4;1;1;4;4;0;0;-18004,2918295794;0,0159654067829251;
350,45;350,45;1;1;4;4;0;0;-18004,2918295794;0,0159583380445838;
350,5;350,5;1;1;4;4;0;0;-18004,2918295794;0,0159444147720933;
350,55;350,55;1;1;4;4;0;0;-18004,2918295794;0,0159422028809786;
350,6;350,6;1;1;4;4;0;0;-18004,2918295794;0,0159877631813288;
350,65;350,65;1;1;4;4;0;0;-18004,2918295794;0,0159303843975067;
350,7;350,7;1;1;4;4;0;0;-18004,2918295794;0,0158863794058561;
350,75;350,75;1;1;4;4;0;0;-18004,2918295794;0,0159573322162032;
350,8;350,8;1;1;4;4;0;0;-18004,2918295794;0,0159473763778806;
350,85;350,85;1;1;4;4;0;0;-18004,2918295794;0,0159253226593137;
350,9;350,9;1;1;4;4;0;0;-18004,2918295794;0,0158486654981971;
350,95;350,95;1;1;4;4;0;0;-18004,2918295794;0,0158533407375216;
351;351;1;1;4;4;0;0;-18004,2918295794;0,0158459600061178;
351,05;351,05;1;1;4;4;0;0;-18004,2918295794;0,0158639159053564;
351,1;351,1;1;1;4;4;0;0;-18004,2918295794;0,0158544862642884;
351,15;351,15;1;1;4;4;0;0;-18004,2918295794;0,0158158363774419;
351,2;351,2;1;1;4;4;0;0;-18004,2918295794;0,015961192548275;
351,25;351,25;1;1;4;4;0;0;-18004,2918295794;0,0158781092613935;
351,3;351,3;1;1;4;4;0;0;-18004,2918295794;0,0158980302512646;
351,35;351,35;1;1;4;4;0;0;-18004,2918295794;0,0158726284280419;
351,4;351,4;1;1;4;4;0;0;-18004,2918295794;0,0159105192869902;
351,45;351,45;1;1;4;4;0;0;-18004,2918295794;0,015842798165977;
351,5;351,5;1;1;4;4;0;0;-18004,2918295794;0,0159267103299499;
351,55;351,55;1;1;4;4;0;0;-18004,2918295794;0,0158310867846012;
351,6;351,6;1;1;4;4;0;0;-18004,2918295794;0,0159072363749146;
351,65;351,65;1;1;4;4;0;0;-18004,2918295794;0,0158945331349969;
351,7;351,7;1;1;4;4;0;0;-18004,2918295794;0,0159098440781236;
351,75;351,75;1;1;4;4;0;0;-18004,2918295794;0,0159657979384065;
351,8;351,8;1;1;4;4;0;0;-18004,2918295794;0,0158679857850075;
351,85;351,85;1;1;4;4;0;0;-18004,2918295794;0,0159383239224553;
351,9;351,9;1;1;4;4;0;0;-18004,2918295794;0,015932316891849;
351,95;351,95;1;1;4;4;0;0;-18004,2918295794;0,0159094342961907;
352;352;1;1;4;4;0;0;-18004,2918295794;0,0158480554819107;
352,05;352,05;1;1;4;4;0;0;-18004,2918295794;0,0158787565305829;
352,1;352,1;1;1;4;4;0;0;-18004,2918295794;0,0158205302432179;
352,15;352,15;1;1;4;4;0;0;-18004,2918295794;0,0158005487173796;
352,2;352,2;1;1;4;4;0;0;-18004,2918295794;0,0158811965957284;
352,25;352,25;1;1;4;4;0;0;-18004,2918295794;0,0157742807641625;
352,3;352,3;1;1;4;4;0;0;-18004,2918295794;0,0158477388322353;
352,35;352,35;1;1;4;4;0;0;-18004,2918295794;0,0157687859609723;
352,4;352,4;1;1;4;4;0;0;-18004,2918295794;0,0158805307000875;
352,45;352,45;1;1;4;4;0;0;-18004,2918295794;0,0158702069893479;
352,5;352,5;1;1;4;4;0;0;-18004,2918295794;0,0159026682376862;
352,55;352,55;1;1;4;4;0;0;-18004,2918295794;0,0158375129103661;
352,6;352,6;1;1;4;4;0;0;-18004,2918295794;0,0158406561240554;
352,65;352,65;1;1;4;4;0;0;-18004,2918295794;0,0157730234786868;
352,7;352,7;1;1;4;4;0;0;-18004,2918295794;0,0157712446525693;
352,75;352,75;1;1;4;4;0;0;-18004,2918295794;0,0158298760652542;
352,8;352,8;1;1;4;4;0;0;-18004,2918295794;0,0158161018043756;
352,85;352,85;1;1;4;4;0;0;-18004,2918295794;0,01578439027071;
352,9;352,9;1;1;4;4;0;0;-18004,2918295794;0,0157483108341694;
352,95;352,95;1;1;4;4;0;0;-18004,2918295794;0,0158058665692806;
353;353;1;1;4;4;0;0;-18004,2918295794;0,0157520221546292;
353,05;353,05;1;1;4;4;0;0;-18004,2918295794;0,0157974334433675;
353,1;353,1;1;1;4;4;0;0;-18004,2918295794;0,0158213498070836;
353,15;353,15;1;1;4;4;0;0;-18004,2918295794;0,0157575076445937;
353,2;353,2;1;1;4;4;0;0;-18004,2918295794;0,0158231891691685;
353,25;353,25;1;1;4;4;0;0;-18004,2918295794;0,015782043337822;
353,3;353,3;1;1;4;4;0;0;-18004,2918295794;0,0158118410035968;
353,35;353,35;1;1;4;4;0;0;-18004,2918295794;0,0157815683633089;
353,4;353,4;1;1;4;4;0;0;-18004,2918295794;0,0158208003267646;
353,45;353,45;1;1;4;4;0;0;-18004,2918295794;0,0157575821503997;
353,5;353,5;1;1;4;4;0;0;-18004,2918295794;0,0158129911869764;
353,55;353,55;1;1;4;4;0;0;-18004,2918295794;0,0157683901488781;
353,6;353,6;1;1;4;4;0;0;-18004,2918295794;0,015807175077498;
353,65;353,65;1;1;4;4;0;0;-18004,2918295794;0,0157835055142641;
353,7;353,7;1;1;4;4;0;0;-18004,2918295794;0,015763808041811;
353,75;353,75;1;1;4;4;0;0;-18004,2918295794;0,0157781830057502;
353,8;353,8;1;1;4;4;0;0;-18004,2918295794;0,0157427135854959;
353,85;353,85;1;1;4;4;0;0;-18004,2918295794;0,0157761760056019;
353,9;353,9;1;1;4;4;0;0;-18004,2918295794;0,0157493306323886;
353,95;353,95;1;1;4;4;0;0;-18004,2918295794;0,0157845811918378;
354;354;1;1;4;4;0;0;-18004,2918295794;0,015740511007607;
354,05;354,05;1;1;4;4;0;0;-18004,2918295794;0,0158024532720447;
354,1;354,1;1;1;4;4;0;0;-18004,2918295794;0,0157706253230572;
354,15;354,15;1;1;4;4;0;0;-18004,2918295794;0,0157272489741445;
354,2;354,2;1;1;4;4;0;0;-18004,2918295794;0,0157298892736435;
354,25;354,25;1;1;4;4;0;0;-18004,2918295794;0,0157520128414035;
354,3;354,3;1;1;4;4;0;0;-18004,2918295794;0,0157841760665178;
354,35;354,35;1;1;4;4;0;0;-18004,2918295794;0,0157394073903561;
354,4;354,4;1;1;4;4;0;0;-18004,2918295794;0,0157702201977372;
354,45;354,45;1;1;4;4;0;0;-18004,2918295794;0,0157372746616602;
354,5;354,5;1;1;4;4;0;0;-18004,2918295794;0,0157857406884432;
354,55;354,55;1;1;4;4;0;0;-18004,2918295794;0,0156431505456567;
354,6;354,6;1;1;4;4;0;0;-18004,2918295794;0,0157349603250623;
354,65;354,65;1;1;4;4;0;0;-18004,2918295794;0,0157613074406981;
354,7;354,7;1;1;4;4;0;0;-18004,2918295794;0,015726862475276;
354,75;354,75;1;1;4;4;0;0;-18004,2918295794;0,0157253071665764;
354,8;354,8;1;1;4;4;0;0;-18004,2918295794;0,0157081708312035;
354,85;354,85;1;1;4;4;0;0;-18004,2918295794;0,0157296098768711;
354,9;354,9;1;1;4;4;0;0;-18004,2918295794;0,0157539453357458;
354,95;354,95;1;1;4;4;0;0;-18004,2918295794;0,0157621083781123;
355;355;1;1;4;4;0;0;-18004,2918295794;0,0157069880515337;
355,05;355,05;1;1;4;4;0;0;-18004,2918295794;0,0157576007768512;
355,1;355,1;1;1;4;4;0;0;-18004,2918295794;0,0156780425459147;
355,15;355,15;1;1;4;4;0;0;-18004,2918295794;0,0157407158985734;
355,2;355,2;1;1;4;4;0;0;-18004,2918295794;0,0157098891213536;
355,25;355,25;1;1;4;4;0;0;-18004,2918295794;0,015694834291935;
355,3;355,3;1;1;4;4;0;0;-18004,2918295794;0,015735225751996;
355,35;355,35;1;1;4;4;0;0;-18004,2918295794;0,0156982615590096;
355,4;355,4;1;1;4;4;0;0;-18004,2918295794;0,0156771671026945;
355,45;355,45;1;1;4;4;0;0;-18004,2918295794;0,0156856514513493;
355,5;355,5;1;1;4;4;0;0;-18004,2918295794;0,0156850181519985;
355,55;355,55;1;1;4;4;0;0;-18004,2918295794;0,0156583730131388;
355,6;355,6;1;1;4;4;0;0;-18004,2918295794;0,0157612795010209;
355,65;355,65;1;1;4;4;0;0;-18004,2918295794;0,0156699633225799;
355,7;355,7;1;1;4;4;0;0;-18004,2918295794;0,0157259963452816;
355,75;355,75;1;1;4;4;0;0;-18004,2918295794;0,0156517792493105;
355,8;355,8;1;1;4;4;0;0;-18004,2918295794;0,0156951695680618;
355,85;355,85;1;1;4;4;0;0;-18004,2918295794;0,0156424101442099;
355,9;355,9;1;1;4;4;0;0;-18004,2918295794;0,015727155841887;
355,95;355,95;1;1;4;4;0;0;-18004,2918295794;0,0156515371054411;
356;356;1;1;4;4;0;0;-18004,2918295794;0,0156704289838672;
356,05;356,05;1;1;4;4;0;0;-18004,2918295794;0,0156713277101517;
356,1;356,1;1;1;4;4;0;0;-18004,2918295794;0,0156378792598844;
356,15;356,15;1;1;4;4;0;0;-18004,2918295794;0,0156991882249713;
356,2;356,2;1;1;4;4;0;0;-18004,2918295794;0,0156849250197411;
356,25;356,25;1;1;4;4;0;0;-18004,2918295794;0,0156842125579715;
356,3;356,3;1;1;4;4;0;0;-18004,2918295794;0,0156407570466399;
356,35;356,35;1;1;4;4;0;0;-18004,2918295794;0,0156873883679509;
356,4;356,4;1;1;4;4;0;0;-18004,2918295794;0,0156761286780238;
356,45;356,45;1;1;4;4;0;0;-18004,2918295794;0,0157008413225412;
356,5;356,5;1;1;4;4;0;0;-18004,2918295794;0,0156383961439133;
356,55;356,55;1;1;4;4;0;0;-18004,2918295794;0,0156769109889865;
356,6;356,6;1;1;4;4;0;0;-18004,2918295794;0,0156440120190382;
356,65;356,65;1;1;4;4;0;0;-18004,2918295794;0,0156411854550242;
356,7;356,7;1;1;4;4;0;0;-18004,2918295794;0,0156773347407579;
356,75;356,75;1;1;4;4;0;0;-18004,2918295794;0,015638405457139;
356,8;356,8;1;1;4;4;0;0;-18004,2918295794;0,0156424008309841;
356,85;356,85;1;1;4;4;0;0;-18004,2918295794;0,0156127661466599;
356,9;356,9;1;1;4;4;0;0;-18004,2918295794;0,0156429968774319;
356,95;356,95;1;1;4;4;0;0;-18004,2918295794;0,015611769631505;
357;357;1;1;4;4;0;0;-18004,2918295794;0,0156488548964262;
357,05;357,05;1;1;4;4;0;0;-18004,2918295794;0,0156229082494974;
357,1;357,1;1;1;4;4;0;0;-18004,2918295794;0,0156270246952772;
357,15;357,15;1;1;4;4;0;0;-18004,2918295794;0,0156048405915499;
357,2;357,2;1;1;4;4;0;0;-18004,2918295794;0,0156352529302239;
357,25;357,25;1;1;4;4;0;0;-18004,2918295794;0,0156499398872256;
357,3;357,3;1;1;4;4;0;0;-18004,2918295794;0,0155693525448442;
357,35;357,35;1;1;4;4;0;0;-18004,2918295794;0,0155922025442123;
357,4;357,4;1;1;4;4;0;0;-18004,2918295794;0,0156097207218409;
357,45;357,45;1;1;4;4;0;0;-18004,2918295794;0,0156146893277764;
357,5;357,5;1;1;4;4;0;0;-18004,2918295794;0,0155944470316172;
357,55;357,55;1;1;4;4;0;0;-18004,2918295794;0,0156095484271646;
357,6;357,6;1;1;4;4;0;0;-18004,2918295794;0,0155756762251258;
357,65;357,65;1;1;4;4;0;0;-18004,2918295794;0,0156039884313941;
357,7;357,7;1;1;4;4;0;0;-18004,2918295794;0,0155801186338067;
357,75;357,75;1;1;4;4;0;0;-18004,2918295794;0,0155446212738752;
357,8;357,8;1;1;4;4;0;0;-18004,2918295794;0,0156128220260143;
357,85;357,85;1;1;4;4;0;0;-18004,2918295794;0,015491833910346;
357,9;357,9;1;1;4;4;0;0;-18004,2918295794;0,0156062375754118;
357,95;357,95;1;1;4;4;0;0;-18004,2918295794;0,0155307678505778;
358;358;1;1;4;4;0;0;-18004,2918295794;0,0155745632946491;
358,05;358,05;1;1;4;4;0;0;-18004,2918295794;0,0155713874846697;
358,1;358,1;1;1;4;4;0;0;-18004,2918295794;0,0155937019735575;
358,15;358,15;1;1;4;4;0;0;-18004,2918295794;0,0156613579019904;
358,2;358,2;1;1;4;4;0;0;-18004,2918295794;0,0155849056318402;
358,25;358,25;1;1;4;4;0;0;-18004,2918295794;0,015604947693646;
358,3;358,3;1;1;4;4;0;0;-18004,2918295794;0,0155498553067446;
358,35;358,35;1;1;4;4;0;0;-18004,2918295794;0,0155649241060019;
358,4;358,4;1;1;4;4;0;0;-18004,2918295794;0,0155709963291883;
358,45;358,45;1;1;4;4;0;0;-18004,2918295794;0,0155934318900108;
358,5;358,5;1;1;4;4;0;0;-18004,2918295794;0,0155517132952809;
358,55;358,55;1;1;4;4;0;0;-18004,2918295794;0,0156100932508707;
358,6;358,6;1;1;4;4;0;0;-18004,2918295794;0,0155156990513206;
358,65;358,65;1;1;4;4;0;0;-18004,2918295794;0,015577394515276;
358,7;358,7;1;1;4;4;0;0;-18004,2918295794;0,0156115088611841;
358,75;358,75;1;1;4;4;0;0;-18004,2918295794;0,0155615713447332;
358,8;358,8;1;1;4;4;0;0;-18004,2918295794;0,0155727239325643;
358,85;358,85;1;1;4;4;0;0;-18004,2918295794;0,0155548006296158;
358,9;358,9;1;1;4;4;0;0;-18004,2918295794;0,0155438669025898;
358,95;358,95;1;1;4;4;0;0;-18004,2918295794;0,0155342370271683;
359;359;1;1;4;4;0;0;-18004,2918295794;0,0155519600957632;
359,05;359,05;1;1;4;4;0;0;-18004,2918295794;0,0155114429071546;
359,1;359,1;1;1;4;4;0;0;-18004,2918295794;0,0155433965846896;
359,15;359,15;1;1;4;4;0;0;-18004,2918295794;0,0155044998973608;
359,2;359,2;1;1;4;4;0;0;-18004,2918295794;0,0155234150588512;
359,25;359,25;1;1;4;4;0;0;-18004,2918295794;0,0155972177162766;
359,3;359,3;1;1;4;4;0;0;-18004,2918295794;0,0155295012518764;
359,35;359,35;1;1;4;4;0;0;-18004,2918295794;0,0155736226588488;
359,4;359,4;1;1;4;4;0;0;-18004,2918295794;0,0155489286407828;
359,45;359,45;1;1;4;4;0;0;-18004,2918295794;0,0155552895739675;
359,5;359,5;1;1;4;4;0;0;-18004,2918295794;0,0155434058979154;
359,55;359,55;1;1;4;4;0;0;-18004,2918295794;0,0155526259914041;
359,6;359,6;1;1;4;4;0;0;-18004,2918295794;0,0155386980623007;
359,65;359,65;1;1;4;4;0;0;-18004,2918295794;0,0155840441584587;
359,7;359,7;1;1;4;4;0;0;-18004,2918295794;0,0155196664854884;
359,75;359,75;1;1;4;4;0;0;-18004,2918295794;0,0155468471348286;
359,8;359,8;1;1;4;4;0;0;-18004,2918295794;0,0155297247692943;
359,85;359,85;1;1;4;4;0;0;-18004,2918295794;0,0155099108815193;
359,9;359,9;1;1;4;4;0;0;-18004,2918295794;0,0155392428860068;
359,95;359,95;1;1;4;4;0;0;-18004,2918295794;0,0154965557157993;
360;360;1;1;4;4;0;0;-18004,2918295794;0,0155212404206395;
360,05;360,05;1;1;4;4;0;0;-18004,2918295794;0,0155315781012177;
360,1;360,1;1;1;4;4;0;0;-18004,2918295794;0,0155534641817212;
360,15;360,15;1;1;4;4;0;0;-18004,2918295794;0,0155072007328272;
360,2;360,2;1;1;4;4;0;0;-18004,2918295794;0,0155589450150728;
360,25;360,25;1;1;4;4;0;0;-18004,2918295794;0,0155387865379453;
360,3;360,3;1;1;4;4;0;0;-18004,2918295794;0,0155546003952622;
360,35;360,35;1;1;4;4;0;0;-18004,2918295794;0,0155672198161483;
360,4;360,4;1;1;4;4;0;0;-18004,2918295794;0,0154914055019617;
360,45;360,45;1;1;4;4;0;0;-18004,2918295794;0,0155789777636528;
360,5;360,5;1;1;4;4;0;0;-18004,2918295794;0,0154836615547538;
360,55;360,55;1;1;4;4;0;0;-18004,2918295794;0,0155357643961906;
360,6;360,6;1;1;4;4;0;0;-18004,2918295794;0,0154921133071184;
360,65;360,65;1;1;4;4;0;0;-18004,2918295794;0,015507242642343;
360,7;360,7;1;1;4;4;0;0;-18004,2918295794;0,0154997175559402;
360,75;360,75;1;1;4;4;0;0;-18004,2918295794;0,0155433779582381;
360,8;360,8;1;1;4;4;0;0;-18004,2918295794;0,0154542410746217;
360,85;360,85;1;1;4;4;0;0;-18004,2918295794;0,0155839417129755;
360,9;360,9;1;1;4;4;0;0;-18004,2918295794;0,0154652679339051;
360,95;360,95;1;1;4;4;0;0;-18004,2918295794;0,0154507858678699;
361;361;1;1;4;4;0;0;-18004,2918295794;0,0155020598322153;
361,05;361,05;1;1;4;4;0;0;-18004,2918295794;0,0154750142246485;
361,1;361,1;1;1;4;4;0;0;-18004,2918295794;0,0154895288869739;
361,15;361,15;1;1;4;4;0;0;-18004,2918295794;0,0154794799163938;
361,2;361,2;1;1;4;4;0;0;-18004,2918295794;0,0154836382716894;
361,25;361,25;1;1;4;4;0;0;-18004,2918295794;0,0154590886086226;
361,3;361,3;1;1;4;4;0;0;-18004,2918295794;0,0154589908197522;
361,35;361,35;1;1;4;4;0;0;-18004,2918295794;0,0155031448230147;
361,4;361,4;1;1;4;4;0;0;-18004,2918295794;0,0154990563169122;
361,45;361,45;1;1;4;4;0;0;-18004,2918295794;0,0155003508552909;
361,5;361,5;1;1;4;4;0;0;-18004,2918295794;0,0154967280104756;
361,55;361,55;1;1;4;4;0;0;-18004,2918295794;0,015495945699513;
361,6;361,6;1;1;4;4;0;0;-18004,2918295794;0,015446562319994;
361,65;361,65;1;1;4;4;0;0;-18004,2918295794;0,0154863437637687;
361,7;361,7;1;1;4;4;0;0;-18004,2918295794;0,0154555542394519;
361,75;361,75;1;1;4;4;0;0;-18004,2918295794;0,0154479220509529;
361,8;361,8;1;1;4;4;0;0;-18004,2918295794;0,0154399685561657;
361,85;361,85;1;1;4;4;0;0;-18004,2918295794;0,0154829118400812;
361,9;361,9;1;1;4;4;0;0;-18004,2918295794;0,0154650583863258;
361,95;361,95;1;1;4;4;0;0;-18004,2918295794;0,0154626462608576;
362;362;1;1;4;4;0;0;-18004,2918295794;0,01542579382658;
362,05;362,05;1;1;4;4;0;0;-18004,2918295794;0,0154293980449438;
362,1;362,1;1;1;4;4;0;0;-18004,2918295794;0,0154596101492643;
362,15;362,15;1;1;4;4;0;0;-18004,2918295794;0,0154378265142441;
362,2;362,2;1;1;4;4;0;0;-18004,2918295794;0,0154440477490425;
362,25;362,25;1;1;4;4;0;0;-18004,2918295794;0,0154593074694276;
362,3;362,3;1;1;4;4;0;0;-18004,2918295794;0,0154531886801124;
362,35;362,35;1;1;4;4;0;0;-18004,2918295794;0,0153665849938989;
362,4;362,4;1;1;4;4;0;0;-18004,2918295794;0,0154792610555887;
362,45;362,45;1;1;4;4;0;0;-18004,2918295794;0,0154376216232777;
362,5;362,5;1;1;4;4;0;0;-18004,2918295794;0,0153759447857738;
362,55;362,55;1;1;4;4;0;0;-18004,2918295794;0,0154285784810781;
362,6;362,6;1;1;4;4;0;0;-18004,2918295794;0,0154030788689852;
362,65;362,65;1;1;4;4;0;0;-18004,2918295794;0,0154777383431792;
362,7;362,7;1;1;4;4;0;0;-18004,2918295794;0,0154684903100133;
362,75;362,75;1;1;4;4;0;0;-18004,2918295794;0,0154783017933369;
362,8;362,8;1;1;4;4;0;0;-18004,2918295794;0,0154529651626945;
362,85;362,85;1;1;4;4;0;0;-18004,2918295794;0,0154337519779801;
362,9;362,9;1;1;4;4;0;0;-18004,2918295794;0,0154409371316433;
362,95;362,95;1;1;4;4;0;0;-18004,2918295794;0,015479102730751;
363;363;1;1;4;4;0;0;-18004,2918295794;0,0153774814680219;
363,05;363,05;1;1;4;4;0;0;-18004,2918295794;0,0153898214921355;
363,1;363,1;1;1;4;4;0;0;-18004,2918295794;0,0153924338519573;
363,15;363,15;1;1;4;4;0;0;-18004,2918295794;0,0154414679855108;
363,2;363,2;1;1;4;4;0;0;-18004,2918295794;0,0154369790107012;
363,25;363,25;1;1;4;4;0;0;-18004,2918295794;0,015408843755722;
363,3;363,3;1;1;4;4;0;0;-18004,2918295794;0,0153959821909666;
363,35;363,35;1;1;4;4;0;0;-18004,2918295794;0,0153586873784661;
363,4;363,4;1;1;4;4;0;0;-18004,2918295794;0,0154918758198619;
363,45;363,45;1;1;4;4;0;0;-18004,2918295794;0,0154070416465402;
363,5;363,5;1;1;4;4;0;0;-18004,2918295794;0,0154127832502127;
363,55;363,55;1;1;4;4;0;0;-18004,2918295794;0,0154172303155065;
363,6;363,6;1;1;4;4;0;0;-18004,2918295794;0,015406608581543;
363,65;363,65;1;1;4;4;0;0;-18004,2918295794;0,0154745439067483;
363,7;363,7;1;1;4;4;0;0;-18004,2918295794;0,0154149113222957;
363,75;363,75;1;1;4;4;0;0;-18004,2918295794;0,0153882009908557;
363,8;363,8;1;1;4;4;0;0;-18004,2918295794;0,0154618127271533;
363,85;363,85;1;1;4;4;0;0;-18004,2918295794;0,0154004199430346;
363,9;363,9;1;1;4;4;0;0;-18004,2918295794;0,0153826922178268;
363,95;363,95;1;1;4;4;0;0;-18004,2918295794;0,0153843825682998;
364;364;1;1;4;4;0;0;-18004,2918295794;0,0153995724394917;
364,05;364,05;1;1;4;4;0;0;-18004,2918295794;0,0153958331793547;
364,1;364,1;1;1;4;4;0;0;-18004,2918295794;0,015434161759913;
364,15;364,15;1;1;4;4;0;0;-18004,2918295794;0,0154124153777957;
364,2;364,2;1;1;4;4;0;0;-18004,2918295794;0,015399344265461;
364,25;364,25;1;1;4;4;0;0;-18004,2918295794;0,0153491878882051;
364,3;364,3;1;1;4;4;0;0;-18004,2918295794;0,0154049415141344;
364,35;364,35;1;1;4;4;0;0;-18004,2918295794;0,0154061894863844;
364,4;364,4;1;1;4;4;0;0;-18004,2918295794;0,0154075305908918;
364,45;364,45;1;1;4;4;0;0;-18004,2918295794;0,0154090113937855;
364,5;364,5;1;1;0;0;0;0;-18004,2918295794;0,0154221523553133;
